date;instance_id;segment_id;interval;uptime;heavy;car;bike;pedestrian;heavy_lft;heavy_rgt;car_lft;car_rgt;bike_lft;bike_rgt;pedestrian_lft;pedestrian_rgt;direction;car_speed_hist_0to70plus;car_speed_hist_0to120plus;timezone;v85
2022-07-01T00:00:00Z;-1;9000003703;hourly;0,0000000000;0,0000000000;0,0000000000;0,0000000000;0,0000000000;0,0000000000;0,0000000000;0,0000000000;0,0000000000;0,0000000000;0,0000000000;0,0000000000;0,0000000000;1;0, 0, 0, 0, 0, 0, 0, 0;0, 0, 0, 0, 0, 0, 0, 0, 0, 0, 0, 0, 0, 0, 0, 0, 0, 0, 0, 0, 0, 0, 0, 0, 0;Europe/Paris;NA
2022-07-01T01:00:00Z;-1;9000003703;hourly;0,0000000000;0,0000000000;0,0000000000;0,0000000000;0,0000000000;0,0000000000;0,0000000000;0,0000000000;0,0000000000;0,0000000000;0,0000000000;0,0000000000;0,0000000000;1;0, 0, 0, 0, 0, 0, 0, 0;0, 0, 0, 0, 0, 0, 0, 0, 0, 0, 0, 0, 0, 0, 0, 0, 0, 0, 0, 0, 0, 0, 0, 0, 0;Europe/Paris;NA
2022-07-01T02:00:00Z;-1;9000003703;hourly;0,0000000000;0,0000000000;0,0000000000;0,0000000000;0,0000000000;0,0000000000;0,0000000000;0,0000000000;0,0000000000;0,0000000000;0,0000000000;0,0000000000;0,0000000000;1;0, 0, 0, 0, 0, 0, 0, 0;0, 0, 0, 0, 0, 0, 0, 0, 0, 0, 0, 0, 0, 0, 0, 0, 0, 0, 0, 0, 0, 0, 0, 0, 0;Europe/Paris;NA
2022-07-01T03:00:00Z;-1;9000003703;hourly;0,0000000000;0,0000000000;0,0000000000;0,0000000000;0,0000000000;0,0000000000;0,0000000000;0,0000000000;0,0000000000;0,0000000000;0,0000000000;0,0000000000;0,0000000000;1;0, 0, 0, 0, 0, 0, 0, 0;0, 0, 0, 0, 0, 0, 0, 0, 0, 0, 0, 0, 0, 0, 0, 0, 0, 0, 0, 0, 0, 0, 0, 0, 0;Europe/Paris;NA
2022-07-01T04:00:00Z;-1;9000003703;hourly;0,4913888889;4,0700960995;8,1401921990;0,0000000000;6,1051441492;4,0700960995;0,0000000000;6,1051441492;2,0350480497;0,0000000000;0,0000000000;4,0700960995;2,0350480497;1;0, 25, 0, 50, 25, 0, 0, 0;0, 0, 25, 0, 0, 0, 25, 25, 25, 0, 0, 0, 0, 0, 0, 0, 0, 0, 0, 0, 0, 0, 0, 0, 0;Europe/Paris;39,5
2022-07-01T05:00:00Z;-1;9000003703;hourly;0,8088888889;8,6538461538;45,7417582418;3,7087912088;6,1813186813;2,4725274725;6,1813186813;28,4340659341;17,3076923077;3,7087912088;0,0000000000;1,2362637363;4,9450549451;1;2.7027027027, 0, 35.1351351351, 48.6486486486, 13.5135135135, 0, 0, 0;2.7027027027, 0, 0, 0, 8.1081081081, 27.027027027, 27.027027027, 21.6216216216, 10.8108108108, 2.7027027027, 0, 0, 0, 0, 0, 0, 0, 0, 0, 0, 0, 0, 0, 0, 0;Europe/Paris;37,0
2022-07-01T06:00:00Z;-1;9000003703;hourly;0,7225000000;11,0726643599;19,3771626298;95,5017301038;35,9861591696;9,6885813149;1,3840830450;13,8408304498;5,5363321799;47,0588235294;48,4429065744;27,6816608997;8,3044982699;1;57.1428571429, 7.1428571429, 14.2857142857, 14.2857142857, 7.1428571429, 0, 0, 0;35.7142857143, 21.4285714286, 7.1428571429, 0, 7.1428571429, 7.1428571429, 14.2857142857, 0, 0, 7.1428571429, 0, 0, 0, 0, 0, 0, 0, 0, 0, 0, 0, 0, 0, 0, 0;Europe/Paris;29,5
2022-07-01T07:00:00Z;-1;9000003703;hourly;0,7713888889;19,4454447245;20,7418077062;9,0745408714;6,4818149082;15,5563557796;3,8890889449;3,8890889449;16,8527187613;3,8890889449;5,1854519265;0,0000000000;6,4818149082;1;6.25, 6.25, 25, 62.5, 0, 0, 0, 0;6.25, 0, 6.25, 0, 6.25, 18.75, 37.5, 25, 0, 0, 0, 0, 0, 0, 0, 0, 0, 0, 0, 0, 0, 0, 0, 0, 0;Europe/Paris;34,5
2022-07-01T08:00:00Z;-1;9000003703;hourly;0,7697222222;22,0858895706;44,1717791411;10,3933597979;10,3933597979;7,7950198484;14,2908697221;10,3933597979;33,7784193432;3,8975099242;6,4958498737;6,4958498737;3,8975099242;1;0, 0, 26.4705882353, 52.9411764706, 11.7647058824, 8.8235294118, 0, 0;0, 0, 0, 0, 11.7647058824, 14.7058823529, 35.2941176471, 17.6470588235, 8.8235294118, 2.9411764706, 5.8823529412, 2.9411764706, 0, 0, 0, 0, 0, 0, 0, 0, 0, 0, 0, 0, 0;Europe/Paris;40,5
2022-07-01T09:00:00Z;-1;9000003703;hourly;0,7316666667;25,9681093394;51,9362186788;16,4009111617;21,8678815490;9,5671981777;16,4009111617;24,6013667426;27,3348519362;6,8337129841;9,5671981777;13,6674259681;8,2004555809;1;18.4210526316, 0, 23.6842105263, 36.8421052632, 15.7894736842, 5.2631578947, 0, 0;18.4210526316, 0, 0, 0, 7.8947368421, 15.7894736842, 15.7894736842, 21.0526315789, 13.1578947368, 2.6315789474, 2.6315789474, 2.6315789474, 0, 0, 0, 0, 0, 0, 0, 0, 0, 0, 0, 0, 0;Europe/Paris;40,0
2022-07-01T10:00:00Z;-1;9000003703;hourly;0,7536111111;23,8849981570;62,3663840767;21,2311094729;1,3269443421;11,9424990785;11,9424990785;22,5580538150;39,8083302617;10,6155547365;10,6155547365;0,0000000000;1,3269443421;1;2.1276595745, 0, 21.2765957447, 57.4468085106, 19.1489361702, 0, 0, 0;0, 2.1276595745, 0, 0, 8.5106382979, 12.7659574468, 25.5319148936, 31.914893617, 14.8936170213, 4.2553191489, 0, 0, 0, 0, 0, 0, 0, 0, 0, 0, 0, 0, 0, 0, 0;Europe/Paris;39,0
2022-07-01T11:00:00Z;-1;9000003703;hourly;0,7758333333;18,0451127820;73,4693877551;11,6004296455;7,7336197637;9,0225563910;9,0225563910;34,8012889366;38,6680988185;11,6004296455;0,0000000000;5,1557465091;2,5778732546;1;14.0350877193, 1.7543859649, 29.8245614035, 35.0877192982, 19.298245614, 0, 0, 0;12.2807017544, 1.7543859649, 0, 1.7543859649, 8.7719298246, 21.0526315789, 17.5438596491, 17.5438596491, 15.7894736842, 3.5087719298, 0, 0, 0, 0, 0, 0, 0, 0, 0, 0, 0, 0, 0, 0, 0;Europe/Paris;39,0
2022-07-01T12:00:00Z;-1;9000003703;hourly;0,7838888889;16,5839829908;59,9574769667;19,1353649894;10,2055279943;8,9298369950;7,6541459957;22,9624379872;36,9950389794;6,3784549965;12,7569099929;2,5513819986;7,6541459957;1;10.6382978723, 0, 29.7872340426, 51.0638297872, 8.5106382979, 0, 0, 0;10.6382978723, 0, 0, 0, 6.3829787234, 23.4042553191, 36.170212766, 14.8936170213, 6.3829787234, 2.1276595745, 0, 0, 0, 0, 0, 0, 0, 0, 0, 0, 0, 0, 0, 0, 0;Europe/Paris;35,5
2022-07-01T13:00:00Z;-1;9000003703;hourly;0,7700000000;6,4935064935;49,3506493506;15,5844155844;10,3896103896;1,2987012987;5,1948051948;18,1818181818;31,1688311688;12,9870129870;2,5974025974;6,4935064935;3,8961038961;1;0, 5.2631578947, 42.1052631579, 39.4736842105, 13.1578947368, 0, 0, 0;0, 0, 0, 5.2631578947, 10.5263157895, 31.5789473684, 13.1578947368, 26.3157894737, 7.8947368421, 5.2631578947, 0, 0, 0, 0, 0, 0, 0, 0, 0, 0, 0, 0, 0, 0, 0;Europe/Paris;37,0
2022-07-01T14:00:00Z;-1;9000003703;hourly;0,7925000000;17,6656151420;93,3753943218;25,2365930599;32,8075709779;11,3564668770;6,3091482650;32,8075709779;60,5678233438;8,8328075710;16,4037854890;12,6182965300;20,1892744479;1;0, 4.0540540541, 36.4864864865, 43.2432432432, 16.2162162162, 0, 0, 0;0, 0, 1.3513513514, 2.7027027027, 14.8648648649, 21.6216216216, 21.6216216216, 21.6216216216, 13.5135135135, 2.7027027027, 0, 0, 0, 0, 0, 0, 0, 0, 0, 0, 0, 0, 0, 0, 0;Europe/Paris;38,0
2022-07-01T15:00:00Z;-1;9000003703;hourly;0,7730555556;20,6970894718;104,7790154510;15,5228171038;10,3485447359;11,6421128279;9,0549766439;34,9263384837;69,8526769673;3,8807042760;11,6421128279;5,1742723679;5,1742723679;1;6.1728395062, 9.8765432099, 32.0987654321, 41.975308642, 8.6419753086, 1.2345679012, 0, 0;3.7037037037, 2.4691358025, 4.9382716049, 4.9382716049, 11.1111111111, 20.987654321, 32.0987654321, 9.8765432099, 7.4074074074, 1.2345679012, 1.2345679012, 0, 0, 0, 0, 0, 0, 0, 0, 0, 0, 0, 0, 0, 0;Europe/Paris;35,0
2022-07-01T16:00:00Z;-1;9000003703;hourly;0,7575000000;14,5214521452;54,1254125413;21,1221122112;6,6006600660;1,3201320132;13,2013201320;22,4422442244;31,6831683168;10,5610561056;10,5610561056;2,6402640264;3,9603960396;1;9.756097561, 17.0731707317, 29.2682926829, 29.2682926829, 14.6341463415, 0, 0, 0;4.8780487805, 4.8780487805, 2.4390243902, 14.6341463415, 17.0731707317, 12.1951219512, 21.9512195122, 7.3170731707, 9.756097561, 4.8780487805, 0, 0, 0, 0, 0, 0, 0, 0, 0, 0, 0, 0, 0, 0, 0;Europe/Paris;37,5
2022-07-01T17:00:00Z;-1;9000003703;hourly;0,7586111111;3,9545953863;25,0457707799;26,3639692420;3,9545953863;0,0000000000;3,9545953863;7,9091907726;17,1365800073;6,5909923105;19,7729769315;1,3181984621;2,6363969242;1;5.2631578947, 5.2631578947, 21.0526315789, 57.8947368421, 5.2631578947, 5.2631578947, 0, 0;5.2631578947, 0, 0, 5.2631578947, 0, 21.0526315789, 47.3684210526, 10.5263157895, 5.2631578947, 0, 5.2631578947, 0, 0, 0, 0, 0, 0, 0, 0, 0, 0, 0, 0, 0, 0;Europe/Paris;35,5
2022-07-01T18:00:00Z;-1;9000003703;hourly;0,7411111111;1,3493253373;13,4932533733;8,0959520240;2,6986506747;0,0000000000;1,3493253373;4,0479760120;9,4452773613;2,6986506747;5,3973013493;0,0000000000;2,6986506747;1;20, 20, 20, 30, 10, 0, 0, 0;20, 0, 0, 20, 20, 0, 0, 30, 10, 0, 0, 0, 0, 0, 0, 0, 0, 0, 0, 0, 0, 0, 0, 0, 0;Europe/Paris;36,5
2022-07-01T19:00:00Z;-1;9000003703;hourly;0,7800000000;2,5641025641;16,6666666667;8,9743589744;1,2820512821;2,5641025641;0,0000000000;7,6923076923;8,9743589744;5,1282051282;3,8461538462;1,2820512821;0,0000000000;1;0, 7.6923076923, 23.0769230769, 69.2307692308, 0, 0, 0, 0;0, 0, 0, 7.6923076923, 7.6923076923, 15.3846153846, 30.7692307692, 38.4615384615, 0, 0, 0, 0, 0, 0, 0, 0, 0, 0, 0, 0, 0, 0, 0, 0, 0;Europe/Paris;35,5
2022-07-01T20:00:00Z;-1;9000003703;hourly;0,2577777778;0,0000000000;23,2758620690;7,7586206897;0,0000000000;0,0000000000;0,0000000000;0,0000000000;23,2758620690;0,0000000000;7,7586206897;0,0000000000;0,0000000000;1;0, 0, 33.3333333333, 50, 16.6666666667, 0, 0, 0;0, 0, 0, 0, 0, 33.3333333333, 33.3333333333, 16.6666666667, 0, 16.6666666667, 0, 0, 0, 0, 0, 0, 0, 0, 0, 0, 0, 0, 0, 0, 0;Europe/Paris;43,0
2022-07-01T21:00:00Z;-1;9000003703;hourly;0,0000000000;0,0000000000;0,0000000000;0,0000000000;0,0000000000;0,0000000000;0,0000000000;0,0000000000;0,0000000000;0,0000000000;0,0000000000;0,0000000000;0,0000000000;1;0, 0, 0, 0, 0, 0, 0, 0;0, 0, 0, 0, 0, 0, 0, 0, 0, 0, 0, 0, 0, 0, 0, 0, 0, 0, 0, 0, 0, 0, 0, 0, 0;Europe/Paris;NA
NA;-1;9000003703;hourly;0,0000000000;0,0000000000;0,0000000000;0,0000000000;0,0000000000;0,0000000000;0,0000000000;0,0000000000;0,0000000000;0,0000000000;0,0000000000;0,0000000000;0,0000000000;1;0, 0, 0, 0, 0, 0, 0, 0;0, 0, 0, 0, 0, 0, 0, 0, 0, 0, 0, 0, 0, 0, 0, 0, 0, 0, 0, 0, 0, 0, 0, 0, 0;Europe/Paris;NA
2022-07-01T23:00:00Z;-1;9000003703;hourly;0,0000000000;0,0000000000;0,0000000000;0,0000000000;0,0000000000;0,0000000000;0,0000000000;0,0000000000;0,0000000000;0,0000000000;0,0000000000;0,0000000000;0,0000000000;1;0, 0, 0, 0, 0, 0, 0, 0;0, 0, 0, 0, 0, 0, 0, 0, 0, 0, 0, 0, 0, 0, 0, 0, 0, 0, 0, 0, 0, 0, 0, 0, 0;Europe/Paris;NA
2022-07-02T00:00:00Z;-1;9000003703;hourly;0,0000000000;0,0000000000;0,0000000000;0,0000000000;0,0000000000;0,0000000000;0,0000000000;0,0000000000;0,0000000000;0,0000000000;0,0000000000;0,0000000000;0,0000000000;1;0, 0, 0, 0, 0, 0, 0, 0;0, 0, 0, 0, 0, 0, 0, 0, 0, 0, 0, 0, 0, 0, 0, 0, 0, 0, 0, 0, 0, 0, 0, 0, 0;Europe/Paris;NA
2022-07-02T01:00:00Z;-1;9000003703;hourly;0,0000000000;0,0000000000;0,0000000000;0,0000000000;0,0000000000;0,0000000000;0,0000000000;0,0000000000;0,0000000000;0,0000000000;0,0000000000;0,0000000000;0,0000000000;1;0, 0, 0, 0, 0, 0, 0, 0;0, 0, 0, 0, 0, 0, 0, 0, 0, 0, 0, 0, 0, 0, 0, 0, 0, 0, 0, 0, 0, 0, 0, 0, 0;Europe/Paris;NA
2022-07-02T02:00:00Z;-1;9000003703;hourly;0,0000000000;0,0000000000;0,0000000000;0,0000000000;0,0000000000;0,0000000000;0,0000000000;0,0000000000;0,0000000000;0,0000000000;0,0000000000;0,0000000000;0,0000000000;1;0, 0, 0, 0, 0, 0, 0, 0;0, 0, 0, 0, 0, 0, 0, 0, 0, 0, 0, 0, 0, 0, 0, 0, 0, 0, 0, 0, 0, 0, 0, 0, 0;Europe/Paris;NA
2022-07-02T03:00:00Z;-1;9000003703;hourly;0,0000000000;0,0000000000;0,0000000000;0,0000000000;0,0000000000;0,0000000000;0,0000000000;0,0000000000;0,0000000000;0,0000000000;0,0000000000;0,0000000000;0,0000000000;1;0, 0, 0, 0, 0, 0, 0, 0;0, 0, 0, 0, 0, 0, 0, 0, 0, 0, 0, 0, 0, 0, 0, 0, 0, 0, 0, 0, 0, 0, 0, 0, 0;Europe/Paris;NA
2022-07-02T04:00:00Z;-1;9000003703;hourly;0,6927777778;0,0000000000;0,0000000000;0,0000000000;0,0000000000;0,0000000000;0,0000000000;0,0000000000;0,0000000000;0,0000000000;0,0000000000;0,0000000000;0,0000000000;1;0, 0, 0, 0, 0, 0, 0, 0;0, 0, 0, 0, 0, 0, 0, 0, 0, 0, 0, 0, 0, 0, 0, 0, 0, 0, 0, 0, 0, 0, 0, 0, 0;Europe/Paris;NA
2022-07-02T05:00:00Z;-1;9000003703;hourly;0,8125000000;0,0000000000;3,6923076923;2,4615384615;2,4615384615;0,0000000000;0,0000000000;3,6923076923;0,0000000000;1,2307692308;1,2307692308;0,0000000000;2,4615384615;1;0, 33.3333333333, 0, 66.6666666667, 0, 0, 0, 0;0, 0, 0, 33.3333333333, 0, 0, 66.6666666667, 0, 0, 0, 0, 0, 0, 0, 0, 0, 0, 0, 0, 0, 0, 0, 0, 0, 0;Europe/Paris;31,5
2022-07-02T06:00:00Z;-1;9000003703;hourly;0,7172222222;0,0000000000;6,9713400465;9,7598760651;8,3656080558;0,0000000000;0,0000000000;4,1828040279;2,7885360186;2,7885360186;6,9713400465;5,5770720372;2,7885360186;1;20, 0, 80, 0, 0, 0, 0, 0;20, 0, 0, 0, 40, 40, 0, 0, 0, 0, 0, 0, 0, 0, 0, 0, 0, 0, 0, 0, 0, 0, 0, 0, 0;Europe/Paris;25,5
2022-07-02T07:00:00Z;-1;9000003703;hourly;0,7733333333;7,7586206897;25,8620689655;10,3448275862;6,4655172414;1,2931034483;6,4655172414;15,5172413793;10,3448275862;6,4655172414;3,8793103448;3,8793103448;2,5862068966;1;0, 0, 40, 55, 5, 0, 0, 0;0, 0, 0, 0, 10, 30, 25, 30, 0, 5, 0, 0, 0, 0, 0, 0, 0, 0, 0, 0, 0, 0, 0, 0, 0;Europe/Paris;36,0
2022-07-02T08:00:00Z;-1;9000003703;hourly;0,8066666667;6,1983471074;95,4545454545;11,1570247934;12,3966942149;0,0000000000;6,1983471074;52,0661157025;43,3884297521;6,1983471074;4,9586776860;3,7190082645;8,6776859504;1;0, 2.5974025974, 40.2597402597, 41.5584415584, 15.5844155844, 0, 0, 0;0, 0, 0, 2.5974025974, 9.0909090909, 31.1688311688, 20.7792207792, 20.7792207792, 10.3896103896, 5.1948051948, 0, 0, 0, 0, 0, 0, 0, 0, 0, 0, 0, 0, 0, 0, 0;Europe/Paris;38,0
2022-07-02T09:00:00Z;-1;9000003703;hourly;0,7905555556;15,1791988756;77,1609276177;11,3843991567;11,3843991567;6,3246661982;8,8545326774;40,4778636683;36,6830639494;5,0597329585;6,3246661982;10,1194659171;1,2649332396;1;3.2786885246, 4.9180327869, 37.7049180328, 42.6229508197, 9.8360655738, 1.6393442623, 0, 0;1.6393442623, 1.6393442623, 1.6393442623, 3.2786885246, 9.8360655738, 27.868852459, 22.9508196721, 19.6721311475, 8.1967213115, 1.6393442623, 0, 1.6393442623, 0, 0, 0, 0, 0, 0, 0, 0, 0, 0, 0, 0, 0;Europe/Paris;36,5
2022-07-02T10:00:00Z;-1;9000003703;hourly;0,7936111111;8,8204410221;74,3437171859;11,3405670284;11,3405670284;5,0402520126;3,7801890095;23,9411970599;50,4025201260;2,5201260063;8,8204410221;3,7801890095;7,5603780189;1;0, 0, 28.813559322, 54.2372881356, 15.2542372881, 1.6949152542, 0, 0;0, 0, 0, 0, 6.7796610169, 22.0338983051, 35.593220339, 18.6440677966, 10.1694915254, 5.0847457627, 1.6949152542, 0, 0, 0, 0, 0, 0, 0, 0, 0, 0, 0, 0, 0, 0;Europe/Paris;38,5
2022-07-02T11:00:00Z;-1;9000003703;hourly;0,7863888889;5,0865418580;62,3101377605;1,2716354645;2,5432709290;2,5432709290;2,5432709290;27,9759802190;34,3341575415;0,0000000000;1,2716354645;1,2716354645;1,2716354645;1;2.0408163265, 2.0408163265, 32.6530612245, 46.9387755102, 14.2857142857, 2.0408163265, 0, 0;2.0408163265, 0, 0, 2.0408163265, 10.2040816327, 22.4489795918, 22.4489795918, 24.4897959184, 8.1632653061, 6.1224489796, 2.0408163265, 0, 0, 0, 0, 0, 0, 0, 0, 0, 0, 0, 0, 0, 0;Europe/Paris;38,5
2022-07-02T12:00:00Z;-1;9000003703;hourly;0,7441666667;20,1567749160;34,9384098544;14,7816349384;4,0313549832;1,3437849944;18,8129899216;12,0940649496;22,8443449048;0,0000000000;14,7816349384;0,0000000000;4,0313549832;1;11.5384615385, 0, 15.3846153846, 53.8461538462, 19.2307692308, 0, 0, 0;7.6923076923, 3.8461538462, 0, 0, 7.6923076923, 7.6923076923, 26.9230769231, 26.9230769231, 15.3846153846, 3.8461538462, 0, 0, 0, 0, 0, 0, 0, 0, 0, 0, 0, 0, 0, 0, 0;Europe/Paris;39,0
2022-07-02T13:00:00Z;-1;9000003703;hourly;0,7550000000;5,2980132450;50,3311258278;22,5165562914;2,6490066225;0,0000000000;5,2980132450;18,5430463576;31,7880794702;9,2715231788;13,2450331126;2,6490066225;0,0000000000;1;18.4210526316, 2.6315789474, 31.5789473684, 39.4736842105, 5.2631578947, 2.6315789474, 0, 0;10.5263157895, 7.8947368421, 2.6315789474, 0, 18.4210526316, 13.1578947368, 28.9473684211, 10.5263157895, 5.2631578947, 0, 0, 2.6315789474, 0, 0, 0, 0, 0, 0, 0, 0, 0, 0, 0, 0, 0;Europe/Paris;34,0
2022-07-02T14:00:00Z;-1;9000003703;hourly;0,7422222222;5,3892215569;25,5988023952;39,0718562874;2,6946107784;2,6946107784;2,6946107784;6,7365269461;18,8622754491;8,0838323353;30,9880239521;1,3473053892;1,3473053892;1;5.2631578947, 0, 21.0526315789, 73.6842105263, 0, 0, 0, 0;5.2631578947, 0, 0, 0, 10.5263157895, 10.5263157895, 21.0526315789, 52.6315789474, 0, 0, 0, 0, 0, 0, 0, 0, 0, 0, 0, 0, 0, 0, 0, 0, 0;Europe/Paris;36,0
2022-07-02T15:00:00Z;-1;9000003703;hourly;0,7450000000;4,0268456376;71,1409395973;17,4496644295;5,3691275168;0,0000000000;4,0268456376;32,2147651007;38,9261744966;6,7114093960;10,7382550336;1,3422818792;4,0268456376;1;1.8867924528, 11.320754717, 32.0754716981, 47.1698113208, 7.5471698113, 0, 0, 0;1.8867924528, 0, 5.6603773585, 5.6603773585, 9.4339622642, 22.641509434, 26.4150943396, 20.7547169811, 3.7735849057, 3.7735849057, 0, 0, 0, 0, 0, 0, 0, 0, 0, 0, 0, 0, 0, 0, 0;Europe/Paris;35,5
2022-07-02T16:00:00Z;-1;9000003703;hourly;0,7247222222;0,0000000000;51,0540436949;19,3177462629;5,5193560751;0,0000000000;0,0000000000;17,9379072442;33,1161364507;8,2790341127;11,0387121502;4,1395170563;1,3798390188;1;2.7027027027, 5.4054054054, 43.2432432432, 37.8378378378, 5.4054054054, 5.4054054054, 0, 0;0, 2.7027027027, 2.7027027027, 2.7027027027, 10.8108108108, 32.4324324324, 21.6216216216, 16.2162162162, 5.4054054054, 0, 5.4054054054, 0, 0, 0, 0, 0, 0, 0, 0, 0, 0, 0, 0, 0, 0;Europe/Paris;36,0
2022-07-02T17:00:00Z;-1;9000003703;hourly;0,7444444444;4,0298507463;14,7761194030;16,1194029851;5,3731343284;0,0000000000;4,0298507463;9,4029850746;5,3731343284;6,7164179104;9,4029850746;4,0298507463;1,3432835821;1;9.0909090909, 9.0909090909, 36.3636363636, 36.3636363636, 0, 9.0909090909, 0, 0;9.0909090909, 0, 0, 9.0909090909, 36.3636363636, 0, 36.3636363636, 0, 0, 0, 0, 9.0909090909, 0, 0, 0, 0, 0, 0, 0, 0, 0, 0, 0, 0, 0;Europe/Paris;31,5
2022-07-02T18:00:00Z;-1;9000003703;hourly;0,7152777778;0,0000000000;8,3883495146;12,5825242718;1,3980582524;0,0000000000;0,0000000000;0,0000000000;8,3883495146;9,7864077670;2,7961165049;1,3980582524;0,0000000000;1;0, 16.6666666667, 50, 16.6666666667, 16.6666666667, 0, 0, 0;0, 0, 0, 16.6666666667, 16.6666666667, 33.3333333333, 0, 16.6666666667, 16.6666666667, 0, 0, 0, 0, 0, 0, 0, 0, 0, 0, 0, 0, 0, 0, 0, 0;Europe/Paris;38,0
2022-07-02T19:00:00Z;-1;9000003703;hourly;0,7891666667;2,5343189018;15,2059134108;7,6029567054;1,2671594509;1,2671594509;1,2671594509;5,0686378036;10,1372756072;3,8014783527;3,8014783527;0,0000000000;1,2671594509;1;0, 16.6666666667, 25, 50, 0, 8.3333333333, 0, 0;0, 0, 0, 16.6666666667, 0, 25, 33.3333333333, 16.6666666667, 0, 0, 8.3333333333, 0, 0, 0, 0, 0, 0, 0, 0, 0, 0, 0, 0, 0, 0;Europe/Paris;35,5
2022-07-02T20:00:00Z;-1;9000003703;hourly;0,1927777778;0,0000000000;10,3746397695;10,3746397695;0,0000000000;0,0000000000;0,0000000000;5,1873198847;5,1873198847;5,1873198847;5,1873198847;0,0000000000;0,0000000000;1;0, 0, 0, 100, 0, 0, 0, 0;0, 0, 0, 0, 0, 0, 50, 50, 0, 0, 0, 0, 0, 0, 0, 0, 0, 0, 0, 0, 0, 0, 0, 0, 0;Europe/Paris;36,0
2022-07-02T21:00:00Z;-1;9000003703;hourly;0,0000000000;0,0000000000;0,0000000000;0,0000000000;0,0000000000;0,0000000000;0,0000000000;0,0000000000;0,0000000000;0,0000000000;0,0000000000;0,0000000000;0,0000000000;1;0, 0, 0, 0, 0, 0, 0, 0;0, 0, 0, 0, 0, 0, 0, 0, 0, 0, 0, 0, 0, 0, 0, 0, 0, 0, 0, 0, 0, 0, 0, 0, 0;Europe/Paris;NA
2022-07-02T23:00:00Z;-1;9000003703;hourly;0,0000000000;0,0000000000;0,0000000000;0,0000000000;0,0000000000;0,0000000000;0,0000000000;0,0000000000;0,0000000000;0,0000000000;0,0000000000;0,0000000000;0,0000000000;1;0, 0, 0, 0, 0, 0, 0, 0;0, 0, 0, 0, 0, 0, 0, 0, 0, 0, 0, 0, 0, 0, 0, 0, 0, 0, 0, 0, 0, 0, 0, 0, 0;Europe/Paris;NA
2022-07-03T00:00:00Z;-1;9000003703;hourly;0,0000000000;0,0000000000;0,0000000000;0,0000000000;0,0000000000;0,0000000000;0,0000000000;0,0000000000;0,0000000000;0,0000000000;0,0000000000;0,0000000000;0,0000000000;1;0, 0, 0, 0, 0, 0, 0, 0;0, 0, 0, 0, 0, 0, 0, 0, 0, 0, 0, 0, 0, 0, 0, 0, 0, 0, 0, 0, 0, 0, 0, 0, 0;Europe/Paris;NA
2022-07-03T01:00:00Z;-1;9000003703;hourly;0,0000000000;0,0000000000;0,0000000000;0,0000000000;0,0000000000;0,0000000000;0,0000000000;0,0000000000;0,0000000000;0,0000000000;0,0000000000;0,0000000000;0,0000000000;1;0, 0, 0, 0, 0, 0, 0, 0;0, 0, 0, 0, 0, 0, 0, 0, 0, 0, 0, 0, 0, 0, 0, 0, 0, 0, 0, 0, 0, 0, 0, 0, 0;Europe/Paris;NA
2022-07-03T02:00:00Z;-1;9000003703;hourly;0,0000000000;0,0000000000;0,0000000000;0,0000000000;0,0000000000;0,0000000000;0,0000000000;0,0000000000;0,0000000000;0,0000000000;0,0000000000;0,0000000000;0,0000000000;1;0, 0, 0, 0, 0, 0, 0, 0;0, 0, 0, 0, 0, 0, 0, 0, 0, 0, 0, 0, 0, 0, 0, 0, 0, 0, 0, 0, 0, 0, 0, 0, 0;Europe/Paris;NA
2022-07-03T03:00:00Z;-1;9000003703;hourly;0,0000000000;0,0000000000;0,0000000000;0,0000000000;0,0000000000;0,0000000000;0,0000000000;0,0000000000;0,0000000000;0,0000000000;0,0000000000;0,0000000000;0,0000000000;1;0, 0, 0, 0, 0, 0, 0, 0;0, 0, 0, 0, 0, 0, 0, 0, 0, 0, 0, 0, 0, 0, 0, 0, 0, 0, 0, 0, 0, 0, 0, 0, 0;Europe/Paris;NA
2022-07-03T04:00:00Z;-1;9000003703;hourly;0,7091666667;0,0000000000;0,0000000000;0,0000000000;0,0000000000;0,0000000000;0,0000000000;0,0000000000;0,0000000000;0,0000000000;0,0000000000;0,0000000000;0,0000000000;1;0, 0, 0, 0, 0, 0, 0, 0;0, 0, 0, 0, 0, 0, 0, 0, 0, 0, 0, 0, 0, 0, 0, 0, 0, 0, 0, 0, 0, 0, 0, 0, 0;Europe/Paris;NA
2022-07-03T05:00:00Z;-1;9000003703;hourly;0,8152777778;0,0000000000;4,9063032368;0,0000000000;0,0000000000;0,0000000000;0,0000000000;3,6797274276;1,2265758092;0,0000000000;0,0000000000;0,0000000000;0,0000000000;1;0, 0, 25, 75, 0, 0, 0, 0;0, 0, 0, 0, 0, 25, 25, 50, 0, 0, 0, 0, 0, 0, 0, 0, 0, 0, 0, 0, 0, 0, 0, 0, 0;Europe/Paris;36,0
2022-07-03T06:00:00Z;-1;9000003703;hourly;0,7236111111;2,7639155470;4,1458733205;2,7639155470;6,9097888676;1,3819577735;1,3819577735;2,7639155470;1,3819577735;0,0000000000;2,7639155470;4,1458733205;2,7639155470;1;33.3333333333, 33.3333333333, 0, 33.3333333333, 0, 0, 0, 0;33.3333333333, 0, 0, 33.3333333333, 0, 0, 33.3333333333, 0, 0, 0, 0, 0, 0, 0, 0, 0, 0, 0, 0, 0, 0, 0, 0, 0, 0;Europe/Paris;30,5
2022-07-03T07:00:00Z;-1;9000003703;hourly;0,7591666667;9,2206366630;9,2206366630;14,4895718990;2,6344676180;1,3172338090;7,9034028540;6,5861690450;2,6344676180;6,5861690450;7,9034028540;0,0000000000;2,6344676180;1;0, 0, 28.5714285714, 71.4285714286, 0, 0, 0, 0;0, 0, 0, 0, 0, 28.5714285714, 57.1428571429, 14.2857142857, 0, 0, 0, 0, 0, 0, 0, 0, 0, 0, 0, 0, 0, 0, 0, 0, 0;Europe/Paris;32,5
2022-07-03T08:00:00Z;-1;9000003703;hourly;0,7619444444;10,4994531535;56,4345607000;23,6237695953;17,0616113744;3,9372949326;6,5621582209;26,2486328837;30,1859278163;20,9989063070;2,6248632884;3,9372949326;13,1243164419;1;6.976744186, 0, 51.1627906977, 32.5581395349, 9.3023255814, 0, 0, 0;6.976744186, 0, 0, 0, 18.6046511628, 32.5581395349, 20.9302325581, 11.6279069767, 9.3023255814, 0, 0, 0, 0, 0, 0, 0, 0, 0, 0, 0, 0, 0, 0, 0, 0;Europe/Paris;35,0
2022-07-03T09:00:00Z;-1;9000003703;hourly;0,7513888889;9,3160813309;51,9038817006;11,9778188540;17,3012939002;6,6543438078;2,6617375231;29,2791127542;22,6247689464;6,6543438078;5,3234750462;10,6469500924;6,6543438078;1;2.5641025641, 2.5641025641, 48.7179487179, 41.0256410256, 5.1282051282, 0, 0, 0;2.5641025641, 0, 0, 2.5641025641, 12.8205128205, 35.8974358974, 17.9487179487, 23.0769230769, 2.5641025641, 2.5641025641, 0, 0, 0, 0, 0, 0, 0, 0, 0, 0, 0, 0, 0, 0, 0;Europe/Paris;35,5
2022-07-03T10:00:00Z;-1;9000003703;hourly;0,7419444444;5,3912392362;41,7821040809;44,4777236990;6,7390490453;4,0434294272;1,3478098091;13,4780980906;28,3040059903;36,3908648446;8,0868588544;4,0434294272;2,6956196181;1;12.9032258065, 6.4516129032, 48.3870967742, 22.5806451613, 9.6774193548, 0, 0, 0;12.9032258065, 0, 3.2258064516, 3.2258064516, 29.0322580645, 19.3548387097, 16.1290322581, 6.4516129032, 9.6774193548, 0, 0, 0, 0, 0, 0, 0, 0, 0, 0, 0, 0, 0, 0, 0, 0;Europe/Paris;33,5
2022-07-03T11:00:00Z;-1;9000003703;hourly;0,7761111111;1,2884753042;33,5003579098;18,0386542591;1,2884753042;1,2884753042;0,0000000000;10,3078024338;23,1925554760;14,1732283465;3,8654259127;1,2884753042;0,0000000000;1;3.8461538462, 3.8461538462, 42.3076923077, 38.4615384615, 7.6923076923, 3.8461538462, 0, 0;0, 3.8461538462, 0, 3.8461538462, 3.8461538462, 38.4615384615, 11.5384615385, 26.9230769231, 7.6923076923, 0, 3.8461538462, 0, 0, 0, 0, 0, 0, 0, 0, 0, 0, 0, 0, 0, 0;Europe/Paris;37,0
2022-07-03T12:00:00Z;-1;9000003703;hourly;0,7672222222;6,5170166546;36,4952932657;22,1578566256;1,3034033309;6,5170166546;0,0000000000;11,7306299783;24,7646632875;14,3374366401;7,8204199855;1,3034033309;0,0000000000;1;10.7142857143, 0, 28.5714285714, 50, 10.7142857143, 0, 0, 0;10.7142857143, 0, 0, 0, 3.5714285714, 25, 28.5714285714, 21.4285714286, 7.1428571429, 3.5714285714, 0, 0, 0, 0, 0, 0, 0, 0, 0, 0, 0, 0, 0, 0, 0;Europe/Paris;36,5
2022-07-03T13:00:00Z;-1;9000003703;hourly;0,7602777778;2,6306174644;40,7745706978;34,1980270369;0,0000000000;1,3153087322;1,3153087322;18,4143222506;22,3602484472;27,6214833760;6,5765436609;0,0000000000;0,0000000000;1;3.2258064516, 3.2258064516, 45.1612903226, 41.935483871, 6.4516129032, 0, 0, 0;3.2258064516, 0, 0, 3.2258064516, 16.1290322581, 29.0322580645, 12.9032258065, 29.0322580645, 3.2258064516, 3.2258064516, 0, 0, 0, 0, 0, 0, 0, 0, 0, 0, 0, 0, 0, 0, 0;Europe/Paris;36,0
2022-07-03T14:00:00Z;-1;9000003703;hourly;0,7916666667;2,5263157895;41,6842105263;11,3684210526;3,7894736842;0,0000000000;2,5263157895;18,9473684211;22,7368421053;6,3157894737;5,0526315789;1,2631578947;2,5263157895;1;3.0303030303, 6.0606060606, 57.5757575758, 27.2727272727, 6.0606060606, 0, 0, 0;3.0303030303, 0, 0, 6.0606060606, 27.2727272727, 30.303030303, 15.1515151515, 12.1212121212, 3.0303030303, 3.0303030303, 0, 0, 0, 0, 0, 0, 0, 0, 0, 0, 0, 0, 0, 0, 0;Europe/Paris;34,0
2022-07-03T15:00:00Z;-1;9000003703;hourly;0,7525000000;1,3289036545;66,4451827243;11,9601328904;1,3289036545;1,3289036545;0,0000000000;35,8803986711;30,5647840532;7,9734219269;3,9867109635;1,3289036545;0,0000000000;1;0, 4, 48, 36, 12, 0, 0, 0;0, 0, 0, 4, 10, 38, 20, 16, 12, 0, 0, 0, 0, 0, 0, 0, 0, 0, 0, 0, 0, 0, 0, 0, 0;Europe/Paris;36,5
2022-07-03T16:00:00Z;-1;9000003703;hourly;0,7263888889;2,7533460803;49,5602294455;13,7667304015;5,5066921606;1,3766730402;1,3766730402;12,3900573614;37,1701720841;12,3900573614;1,3766730402;0,0000000000;5,5066921606;1;5.5555555556, 16.6666666667, 16.6666666667, 41.6666666667, 5.5555555556, 11.1111111111, 0, 2.7777777778;5.5555555556, 0, 5.5555555556, 11.1111111111, 11.1111111111, 5.5555555556, 33.3333333333, 8.3333333333, 5.5555555556, 0, 8.3333333333, 2.7777777778, 0, 0, 2.7777777778, 0, 0, 0, 0, 0, 0, 0, 0, 0, 0;Europe/Paris;41,5
2022-07-03T17:00:00Z;-1;9000003703;hourly;0,7319444444;0,0000000000;17,7609108159;20,4933586338;5,4648956357;0,0000000000;0,0000000000;1,3662239089;16,3946869070;8,1973434535;12,2960151803;4,0986717268;1,3662239089;1;30.7692307692, 7.6923076923, 30.7692307692, 23.0769230769, 0, 0, 7.6923076923, 0;30.7692307692, 0, 7.6923076923, 0, 7.6923076923, 23.0769230769, 15.3846153846, 7.6923076923, 0, 0, 0, 0, 7.6923076923, 0, 0, 0, 0, 0, 0, 0, 0, 0, 0, 0, 0;Europe/Paris;33,0
2022-07-03T18:00:00Z;-1;9000003703;hourly;0,7116666667;0,0000000000;5,6206088993;15,4566744731;7,0257611241;0,0000000000;0,0000000000;2,8103044496;2,8103044496;4,2154566745;11,2412177986;4,2154566745;2,8103044496;1;75, 0, 25, 0, 0, 0, 0, 0;75, 0, 0, 0, 0, 25, 0, 0, 0, 0, 0, 0, 0, 0, 0, 0, 0, 0, 0, 0, 0, 0, 0, 0, 0;Europe/Paris;24,5
2022-07-03T19:00:00Z;-1;9000003703;hourly;0,7852777778;0,0000000000;10,1874778918;7,6406084188;0,0000000000;0,0000000000;0,0000000000;2,5468694729;7,6406084188;0,0000000000;7,6406084188;0,0000000000;0,0000000000;1;0, 0, 25, 75, 0, 0, 0, 0;0, 0, 0, 0, 12.5, 12.5, 37.5, 37.5, 0, 0, 0, 0, 0, 0, 0, 0, 0, 0, 0, 0, 0, 0, 0, 0, 0;Europe/Paris;35,5
2022-07-03T20:00:00Z;-1;9000003703;hourly;0,2077777778;0,0000000000;14,4385026738;0,0000000000;9,6256684492;0,0000000000;0,0000000000;0,0000000000;14,4385026738;0,0000000000;0,0000000000;0,0000000000;9,6256684492;1;0, 0, 33.3333333333, 66.6666666667, 0, 0, 0, 0;0, 0, 0, 0, 0, 33.3333333333, 33.3333333333, 33.3333333333, 0, 0, 0, 0, 0, 0, 0, 0, 0, 0, 0, 0, 0, 0, 0, 0, 0;Europe/Paris;35,5
2022-07-03T21:00:00Z;-1;9000003703;hourly;0,0000000000;0,0000000000;0,0000000000;0,0000000000;0,0000000000;0,0000000000;0,0000000000;0,0000000000;0,0000000000;0,0000000000;0,0000000000;0,0000000000;0,0000000000;1;0, 0, 0, 0, 0, 0, 0, 0;0, 0, 0, 0, 0, 0, 0, 0, 0, 0, 0, 0, 0, 0, 0, 0, 0, 0, 0, 0, 0, 0, 0, 0, 0;Europe/Paris;NA
2022-07-03T23:00:00Z;-1;9000003703;hourly;0,0000000000;0,0000000000;0,0000000000;0,0000000000;0,0000000000;0,0000000000;0,0000000000;0,0000000000;0,0000000000;0,0000000000;0,0000000000;0,0000000000;0,0000000000;1;0, 0, 0, 0, 0, 0, 0, 0;0, 0, 0, 0, 0, 0, 0, 0, 0, 0, 0, 0, 0, 0, 0, 0, 0, 0, 0, 0, 0, 0, 0, 0, 0;Europe/Paris;NA
2022-07-04T00:00:00Z;-1;9000003703;hourly;0,0000000000;0,0000000000;0,0000000000;0,0000000000;0,0000000000;0,0000000000;0,0000000000;0,0000000000;0,0000000000;0,0000000000;0,0000000000;0,0000000000;0,0000000000;1;0, 0, 0, 0, 0, 0, 0, 0;0, 0, 0, 0, 0, 0, 0, 0, 0, 0, 0, 0, 0, 0, 0, 0, 0, 0, 0, 0, 0, 0, 0, 0, 0;Europe/Paris;NA
2022-07-04T01:00:00Z;-1;9000003703;hourly;0,0000000000;0,0000000000;0,0000000000;0,0000000000;0,0000000000;0,0000000000;0,0000000000;0,0000000000;0,0000000000;0,0000000000;0,0000000000;0,0000000000;0,0000000000;1;0, 0, 0, 0, 0, 0, 0, 0;0, 0, 0, 0, 0, 0, 0, 0, 0, 0, 0, 0, 0, 0, 0, 0, 0, 0, 0, 0, 0, 0, 0, 0, 0;Europe/Paris;NA
2022-07-04T02:00:00Z;-1;9000003703;hourly;0,0000000000;0,0000000000;0,0000000000;0,0000000000;0,0000000000;0,0000000000;0,0000000000;0,0000000000;0,0000000000;0,0000000000;0,0000000000;0,0000000000;0,0000000000;1;0, 0, 0, 0, 0, 0, 0, 0;0, 0, 0, 0, 0, 0, 0, 0, 0, 0, 0, 0, 0, 0, 0, 0, 0, 0, 0, 0, 0, 0, 0, 0, 0;Europe/Paris;NA
2022-07-04T03:00:00Z;-1;9000003703;hourly;0,0000000000;0,0000000000;0,0000000000;0,0000000000;0,0000000000;0,0000000000;0,0000000000;0,0000000000;0,0000000000;0,0000000000;0,0000000000;0,0000000000;0,0000000000;1;0, 0, 0, 0, 0, 0, 0, 0;0, 0, 0, 0, 0, 0, 0, 0, 0, 0, 0, 0, 0, 0, 0, 0, 0, 0, 0, 0, 0, 0, 0, 0, 0;Europe/Paris;NA
2022-07-04T04:00:00Z;-1;9000003703;hourly;0,6897222222;2,8997180830;4,3495771244;0,0000000000;2,8997180830;1,4498590415;1,4498590415;2,8997180830;1,4498590415;0,0000000000;0,0000000000;1,4498590415;1,4498590415;1;0, 0, 33.3333333333, 66.6666666667, 0, 0, 0, 0;0, 0, 0, 0, 0, 33.3333333333, 33.3333333333, 33.3333333333, 0, 0, 0, 0, 0, 0, 0, 0, 0, 0, 0, 0, 0, 0, 0, 0, 0;Europe/Paris;35,5
2022-07-04T05:00:00Z;-1;9000003703;hourly;0,8061111111;3,7215713301;34,7346657478;3,7215713301;4,9620951068;3,7215713301;0,0000000000;23,5699517574;11,1647139904;3,7215713301;0,0000000000;4,9620951068;0,0000000000;1;0, 0, 25, 67.8571428571, 7.1428571429, 0, 0, 0;0, 0, 0, 0, 7.1428571429, 17.8571428571, 42.8571428571, 25, 3.5714285714, 3.5714285714, 0, 0, 0, 0, 0, 0, 0, 0, 0, 0, 0, 0, 0, 0, 0;Europe/Paris;36,0
2022-07-04T06:00:00Z;-1;9000003703;hourly;0,7383333333;13,5440180587;36,5688487585;59,5936794582;23,0248306998;5,4176072235;8,1264108352;18,9616252822;17,6072234763;37,9232505643;21,6704288939;17,6072234763;5,4176072235;1;11.1111111111, 7.4074074074, 51.8518518519, 29.6296296296, 0, 0, 0, 0;7.4074074074, 3.7037037037, 7.4074074074, 0, 25.9259259259, 25.9259259259, 25.9259259259, 3.7037037037, 0, 0, 0, 0, 0, 0, 0, 0, 0, 0, 0, 0, 0, 0, 0, 0, 0;Europe/Paris;30,5
2022-07-04T07:00:00Z;-1;9000003703;hourly;0,7644444444;10,4651162791;24,8546511628;9,1569767442;1,3081395349;2,6162790698;7,8488372093;9,1569767442;15,6976744186;7,8488372093;1,3081395349;1,3081395349;0,0000000000;1;0, 5.2631578947, 52.6315789474, 26.3157894737, 15.7894736842, 0, 0, 0;0, 0, 5.2631578947, 0, 15.7894736842, 36.8421052632, 10.5263157895, 15.7894736842, 10.5263157895, 5.2631578947, 0, 0, 0, 0, 0, 0, 0, 0, 0, 0, 0, 0, 0, 0, 0;Europe/Paris;38,0
2022-07-04T08:00:00Z;-1;9000003703;hourly;0,8033333333;12,4481327801;33,6099585062;2,4896265560;2,4896265560;6,2240663900;6,2240663900;16,1825726141;17,4273858921;2,4896265560;0,0000000000;1,2448132780;1,2448132780;1;0, 3.7037037037, 22.2222222222, 66.6666666667, 7.4074074074, 0, 0, 0;0, 0, 0, 3.7037037037, 7.4074074074, 14.8148148148, 40.7407407407, 25.9259259259, 7.4074074074, 0, 0, 0, 0, 0, 0, 0, 0, 0, 0, 0, 0, 0, 0, 0, 0;Europe/Paris;36,0
2022-07-04T09:00:00Z;-1;9000003703;hourly;0,7827777778;10,2200141945;48,5450674237;14,0525195174;3,8325053229;7,6650106458;2,5550035486;30,6600425834;17,8850248403;11,4975159688;2,5550035486;1,2775017743;2,5550035486;1;13.1578947368, 5.2631578947, 31.5789473684, 36.8421052632, 10.5263157895, 2.6315789474, 0, 0;10.5263157895, 2.6315789474, 2.6315789474, 2.6315789474, 5.2631578947, 26.3157894737, 15.7894736842, 21.0526315789, 7.8947368421, 2.6315789474, 2.6315789474, 0, 0, 0, 0, 0, 0, 0, 0, 0, 0, 0, 0, 0, 0;Europe/Paris;37,0
2022-07-04T10:00:00Z;-1;9000003703;hourly;0,7897222222;8,8638761871;48,1181850158;10,1301442139;5,0650721069;6,3313401337;2,5325360535;7,5976081604;40,5205768554;6,3313401337;3,7988040802;2,5325360535;2,5325360535;1;0, 2.6315789474, 15.7894736842, 63.1578947368, 18.4210526316, 0, 0, 0;0, 0, 0, 2.6315789474, 7.8947368421, 7.8947368421, 28.9473684211, 34.2105263158, 7.8947368421, 10.5263157895, 0, 0, 0, 0, 0, 0, 0, 0, 0, 0, 0, 0, 0, 0, 0;Europe/Paris;39,5
2022-07-04T11:00:00Z;-1;9000003703;hourly;0,7566666667;3,9647577093;54,1850220264;19,8237885463;6,6079295154;2,6431718062;1,3215859031;33,0396475771;21,1453744493;14,5374449339;5,2863436123;5,2863436123;1,3215859031;1;17.0731707317, 12.1951219512, 41.4634146341, 24.3902439024, 4.8780487805, 0, 0, 0;17.0731707317, 0, 9.756097561, 2.4390243902, 7.3170731707, 34.1463414634, 21.9512195122, 2.4390243902, 2.4390243902, 2.4390243902, 0, 0, 0, 0, 0, 0, 0, 0, 0, 0, 0, 0, 0, 0, 0;Europe/Paris;30,5
2022-07-04T12:00:00Z;-1;9000003703;hourly;0,7391666667;18,9402480271;21,6459977452;14,8816234498;2,7057497182;14,8816234498;4,0586245772;12,1758737317;9,4701240135;12,1758737317;2,7057497182;2,7057497182;0,0000000000;1;6.25, 12.5, 31.25, 37.5, 12.5, 0, 0, 0;6.25, 0, 6.25, 6.25, 18.75, 12.5, 25, 12.5, 6.25, 6.25, 0, 0, 0, 0, 0, 0, 0, 0, 0, 0, 0, 0, 0, 0, 0;Europe/Paris;36,5
2022-07-04T13:00:00Z;-1;9000003703;hourly;0,7794444444;7,6977904490;39,7719173200;7,6977904490;1,2829650748;2,5659301497;5,1318602994;17,9615110478;21,8104062723;3,8488952245;3,8488952245;0,0000000000;1,2829650748;1;3.2258064516, 6.4516129032, 32.2580645161, 45.1612903226, 9.6774193548, 3.2258064516, 0, 0;3.2258064516, 0, 0, 6.4516129032, 9.6774193548, 22.5806451613, 29.0322580645, 16.1290322581, 6.4516129032, 3.2258064516, 0, 3.2258064516, 0, 0, 0, 0, 0, 0, 0, 0, 0, 0, 0, 0, 0;Europe/Paris;37,0
2022-07-04T14:00:00Z;-1;9000003703;hourly;0,7730555556;2,5871361840;90,5497664391;27,1649299317;18,1099532878;1,2935680920;1,2935680920;41,3941789436;49,1555874955;7,7614085519;19,4035213798;7,7614085519;10,3485447359;1;2.8571428571, 8.5714285714, 41.4285714286, 31.4285714286, 15.7142857143, 0, 0, 0;1.4285714286, 1.4285714286, 0, 8.5714285714, 12.8571428571, 28.5714285714, 21.4285714286, 10, 10, 5.7142857143, 0, 0, 0, 0, 0, 0, 0, 0, 0, 0, 0, 0, 0, 0, 0;Europe/Paris;38,0
2022-07-04T15:00:00Z;-1;9000003703;hourly;0,7572222222;13,2061628760;122,8173147469;19,8092443140;3,9618488628;6,6030814380;6,6030814380;46,2215700660;76,5957446809;6,6030814380;13,2061628760;0,0000000000;3,9618488628;1;3.2258064516, 3.2258064516, 36.5591397849, 49.4623655914, 7.5268817204, 0, 0, 0;1.0752688172, 2.1505376344, 0, 3.2258064516, 11.8279569892, 24.7311827957, 30.1075268817, 19.3548387097, 6.4516129032, 1.0752688172, 0, 0, 0, 0, 0, 0, 0, 0, 0, 0, 0, 0, 0, 0, 0;Europe/Paris;35,5
2022-07-04T16:00:00Z;-1;9000003703;hourly;0,7283333333;1,3729977117;116,7048054920;26,0869565217;13,7299771167;1,3729977117;0,0000000000;35,6979405034;81,0068649886;13,7299771167;12,3569794050;6,8649885584;6,8649885584;1;5.8823529412, 4.7058823529, 32.9411764706, 35.2941176471, 17.6470588235, 2.3529411765, 1.1764705882, 0;4.7058823529, 1.1764705882, 3.5294117647, 1.1764705882, 9.4117647059, 23.5294117647, 21.1764705882, 14.1176470588, 10.5882352941, 7.0588235294, 2.3529411765, 0, 1.1764705882, 0, 0, 0, 0, 0, 0, 0, 0, 0, 0, 0, 0;Europe/Paris;40,5
2022-07-04T17:00:00Z;-1;9000003703;hourly;0,7491666667;1,3348164627;14,6829810901;26,6963292547;9,3437152392;0,0000000000;1,3348164627;6,6740823137;8,0088987764;14,6829810901;12,0133481646;5,3392658509;4,0044493882;1;18.1818181818, 27.2727272727, 27.2727272727, 18.1818181818, 0, 9.0909090909, 0, 0;18.1818181818, 0, 18.1818181818, 9.0909090909, 18.1818181818, 9.0909090909, 18.1818181818, 0, 0, 0, 9.0909090909, 0, 0, 0, 0, 0, 0, 0, 0, 0, 0, 0, 0, 0, 0;Europe/Paris;31,0
2022-07-04T18:00:00Z;-1;9000003703;hourly;0,7000000000;2,8571428571;5,7142857143;14,2857142857;7,1428571429;0,0000000000;2,8571428571;0,0000000000;5,7142857143;11,4285714286;2,8571428571;1,4285714286;5,7142857143;1;0, 0, 50, 25, 25, 0, 0, 0;0, 0, 0, 0, 0, 50, 25, 0, 25, 0, 0, 0, 0, 0, 0, 0, 0, 0, 0, 0, 0, 0, 0, 0, 0;Europe/Paris;39,5
2022-07-04T19:00:00Z;-1;9000003703;hourly;0,7844444444;0,0000000000;7,6487252125;7,6487252125;1,2747875354;0,0000000000;0,0000000000;5,0991501416;2,5495750708;3,8243626062;3,8243626062;0,0000000000;1,2747875354;1;0, 0, 33.3333333333, 50, 16.6666666667, 0, 0, 0;0, 0, 0, 0, 0, 33.3333333333, 16.6666666667, 33.3333333333, 0, 16.6666666667, 0, 0, 0, 0, 0, 0, 0, 0, 0, 0, 0, 0, 0, 0, 0;Europe/Paris;43,0
2022-07-04T20:00:00Z;-1;9000003703;hourly;0,2711111111;0,0000000000;33,1967213115;0,0000000000;0,0000000000;0,0000000000;0,0000000000;18,4426229508;14,7540983607;0,0000000000;0,0000000000;0,0000000000;0,0000000000;1;0, 0, 55.5555555556, 44.4444444444, 0, 0, 0, 0;0, 0, 0, 0, 22.2222222222, 33.3333333333, 33.3333333333, 11.1111111111, 0, 0, 0, 0, 0, 0, 0, 0, 0, 0, 0, 0, 0, 0, 0, 0, 0;Europe/Paris;32,0
2022-07-04T21:00:00Z;-1;9000003703;hourly;0,0000000000;0,0000000000;0,0000000000;0,0000000000;0,0000000000;0,0000000000;0,0000000000;0,0000000000;0,0000000000;0,0000000000;0,0000000000;0,0000000000;0,0000000000;1;0, 0, 0, 0, 0, 0, 0, 0;0, 0, 0, 0, 0, 0, 0, 0, 0, 0, 0, 0, 0, 0, 0, 0, 0, 0, 0, 0, 0, 0, 0, 0, 0;Europe/Paris;NA
2022-07-04T23:00:00Z;-1;9000003703;hourly;0,0000000000;0,0000000000;0,0000000000;0,0000000000;0,0000000000;0,0000000000;0,0000000000;0,0000000000;0,0000000000;0,0000000000;0,0000000000;0,0000000000;0,0000000000;1;0, 0, 0, 0, 0, 0, 0, 0;0, 0, 0, 0, 0, 0, 0, 0, 0, 0, 0, 0, 0, 0, 0, 0, 0, 0, 0, 0, 0, 0, 0, 0, 0;Europe/Paris;NA
2022-07-05T00:00:00Z;-1;9000003703;hourly;0,0000000000;0,0000000000;0,0000000000;0,0000000000;0,0000000000;0,0000000000;0,0000000000;0,0000000000;0,0000000000;0,0000000000;0,0000000000;0,0000000000;0,0000000000;1;0, 0, 0, 0, 0, 0, 0, 0;0, 0, 0, 0, 0, 0, 0, 0, 0, 0, 0, 0, 0, 0, 0, 0, 0, 0, 0, 0, 0, 0, 0, 0, 0;Europe/Paris;NA
2022-07-05T01:00:00Z;-1;9000003703;hourly;0,0000000000;0,0000000000;0,0000000000;0,0000000000;0,0000000000;0,0000000000;0,0000000000;0,0000000000;0,0000000000;0,0000000000;0,0000000000;0,0000000000;0,0000000000;1;0, 0, 0, 0, 0, 0, 0, 0;0, 0, 0, 0, 0, 0, 0, 0, 0, 0, 0, 0, 0, 0, 0, 0, 0, 0, 0, 0, 0, 0, 0, 0, 0;Europe/Paris;NA
2022-07-05T02:00:00Z;-1;9000003703;hourly;0,0000000000;0,0000000000;0,0000000000;0,0000000000;0,0000000000;0,0000000000;0,0000000000;0,0000000000;0,0000000000;0,0000000000;0,0000000000;0,0000000000;0,0000000000;1;0, 0, 0, 0, 0, 0, 0, 0;0, 0, 0, 0, 0, 0, 0, 0, 0, 0, 0, 0, 0, 0, 0, 0, 0, 0, 0, 0, 0, 0, 0, 0, 0;Europe/Paris;NA
2022-07-05T03:00:00Z;-1;9000003703;hourly;0,0000000000;0,0000000000;0,0000000000;0,0000000000;0,0000000000;0,0000000000;0,0000000000;0,0000000000;0,0000000000;0,0000000000;0,0000000000;0,0000000000;0,0000000000;1;0, 0, 0, 0, 0, 0, 0, 0;0, 0, 0, 0, 0, 0, 0, 0, 0, 0, 0, 0, 0, 0, 0, 0, 0, 0, 0, 0, 0, 0, 0, 0, 0;Europe/Paris;NA
2022-07-05T04:00:00Z;-1;9000003703;hourly;0,4975000000;6,0301507538;14,0703517588;2,0100502513;4,0201005025;6,0301507538;0,0000000000;8,0402010050;6,0301507538;2,0100502513;0,0000000000;4,0201005025;0,0000000000;1;0, 14.2857142857, 28.5714285714, 28.5714285714, 28.5714285714, 0, 0, 0;0, 0, 0, 14.2857142857, 0, 28.5714285714, 28.5714285714, 0, 28.5714285714, 0, 0, 0, 0, 0, 0, 0, 0, 0, 0, 0, 0, 0, 0, 0, 0;Europe/Paris;40,0
2022-07-05T05:00:00Z;-1;9000003703;hourly;0,8022222222;4,9861495845;38,6426592798;2,4930747922;3,7396121884;3,7396121884;1,2465373961;29,9168975069;8,7257617729;1,2465373961;1,2465373961;3,7396121884;0,0000000000;1;0, 3.2258064516, 19.3548387097, 67.7419354839, 6.4516129032, 3.2258064516, 0, 0;0, 0, 0, 3.2258064516, 6.4516129032, 12.9032258065, 22.5806451613, 45.1612903226, 6.4516129032, 0, 0, 3.2258064516, 0, 0, 0, 0, 0, 0, 0, 0, 0, 0, 0, 0, 0;Europe/Paris;37,0
2022-07-05T06:00:00Z;-1;9000003703;hourly;0,7627777778;18,3539694101;70,7938820102;28,8419519301;24,9089584851;7,8659868900;10,4879825200;41,9519300801;28,8419519301;15,7319737800;13,1099781500;17,0429715950;7,8659868900;1;3.7037037037, 3.7037037037, 40.7407407407, 40.7407407407, 11.1111111111, 0, 0, 0;1.8518518519, 1.8518518519, 1.8518518519, 1.8518518519, 11.1111111111, 29.6296296296, 29.6296296296, 11.1111111111, 9.2592592593, 1.8518518519, 0, 0, 0, 0, 0, 0, 0, 0, 0, 0, 0, 0, 0, 0, 0;Europe/Paris;35,5
2022-07-05T07:00:00Z;-1;9000003703;hourly;0,7425000000;17,5084175084;43,0976430976;6,7340067340;5,3872053872;13,4680134680;4,0404040404;25,5892255892;17,5084175084;5,3872053872;1,3468013468;5,3872053872;0,0000000000;1;15.625, 9.375, 28.125, 34.375, 9.375, 3.125, 0, 0;12.5, 3.125, 6.25, 3.125, 9.375, 18.75, 31.25, 3.125, 9.375, 0, 0, 3.125, 0, 0, 0, 0, 0, 0, 0, 0, 0, 0, 0, 0, 0;Europe/Paris;33,5
2022-07-05T08:00:00Z;-1;9000003703;hourly;0,7638888889;24,8727272727;34,0363636364;1,3090909091;2,6181818182;18,3272727273;6,5454545455;15,7090909091;18,3272727273;1,3090909091;0,0000000000;2,6181818182;0,0000000000;1;19.2307692308, 7.6923076923, 15.3846153846, 42.3076923077, 11.5384615385, 3.8461538462, 0, 0;11.5384615385, 7.6923076923, 7.6923076923, 0, 3.8461538462, 11.5384615385, 19.2307692308, 23.0769230769, 7.6923076923, 3.8461538462, 3.8461538462, 0, 0, 0, 0, 0, 0, 0, 0, 0, 0, 0, 0, 0, 0;Europe/Paris;37,5
2022-07-05T09:00:00Z;-1;9000003703;hourly;0,7530555556;25,2305422353;35,8539284397;30,5422353375;3,9837698266;19,9188491332;5,3116931022;19,9188491332;15,9350793065;18,5909258576;11,9513094799;1,3279232755;2,6558465511;1;14.8148148148, 3.7037037037, 14.8148148148, 33.3333333333, 29.6296296296, 0, 0, 3.7037037037;7.4074074074, 7.4074074074, 3.7037037037, 0, 3.7037037037, 11.1111111111, 14.8148148148, 18.5185185185, 14.8148148148, 14.8148148148, 0, 0, 0, 0, 0, 0, 0, 0, 0, 0, 0, 0, 0, 0, 3.7037037037;Europe/Paris;43,5
2022-07-05T10:00:00Z;-1;9000003703;hourly;0,7536111111;34,5005528935;69,0011057870;31,8466642094;6,6347217103;33,1736085514;1,3269443421;27,8658311832;41,1352746038;21,2311094729;10,6155547365;2,6538886841;3,9808330262;1;32.6923076923, 0, 17.3076923077, 40.3846153846, 5.7692307692, 1.9230769231, 0, 1.9230769231;26.9230769231, 5.7692307692, 0, 0, 7.6923076923, 9.6153846154, 19.2307692308, 21.1538461538, 1.9230769231, 3.8461538462, 1.9230769231, 0, 0, 0, 0, 0, 0, 0, 0, 0, 0, 0, 0, 0, 1.9230769231;Europe/Paris;36,0
2022-07-05T11:00:00Z;-1;9000003703;hourly;0,7902777778;13,9191564148;46,8189806678;7,5922671353;0,0000000000;8,8576449912;5,0615114236;27,8383128295;18,9806678383;7,5922671353;0,0000000000;0,0000000000;0,0000000000;1;0, 0, 40.5405405405, 51.3513513514, 8.1081081081, 0, 0, 0;0, 0, 0, 0, 24.3243243243, 16.2162162162, 29.7297297297, 21.6216216216, 2.7027027027, 5.4054054054, 0, 0, 0, 0, 0, 0, 0, 0, 0, 0, 0, 0, 0, 0, 0;Europe/Paris;36,0
2022-07-05T12:00:00Z;-1;9000003703;hourly;0,7980555556;11,2774103724;28,8200487296;3,7591367908;8,7713191786;7,5182735816;3,7591367908;12,5304559694;16,2895927602;3,7591367908;0,0000000000;6,2652279847;2,5060911939;1;0, 0, 34.7826086957, 52.1739130435, 13.0434782609, 0, 0, 0;0, 0, 0, 0, 8.6956521739, 26.0869565217, 26.0869565217, 26.0869565217, 13.0434782609, 0, 0, 0, 0, 0, 0, 0, 0, 0, 0, 0, 0, 0, 0, 0, 0;Europe/Paris;37,0
2022-07-05T13:00:00Z;-1;9000003703;hourly;0,7855555556;8,9108910891;38,1895332390;12,7298444130;7,6379066478;3,8189533239;5,0919377652;21,6407355021;16,5487977369;11,4568599717;1,2729844413;2,5459688826;5,0919377652;1;0, 10, 43.3333333333, 40, 6.6666666667, 0, 0, 0;0, 0, 6.6666666667, 3.3333333333, 26.6666666667, 16.6666666667, 26.6666666667, 13.3333333333, 6.6666666667, 0, 0, 0, 0, 0, 0, 0, 0, 0, 0, 0, 0, 0, 0, 0, 0;Europe/Paris;34,5
2022-07-05T14:00:00Z;-1;9000003703;hourly;0,7702777778;14,2805625676;70,1045798774;15,5787955283;14,2805625676;3,8946988821;10,3858636855;28,5611251352;41,5434547422;5,1929318428;10,3858636855;3,8946988821;10,3858636855;1;1.8518518519, 3.7037037037, 33.3333333333, 53.7037037037, 5.5555555556, 1.8518518519, 0, 0;1.8518518519, 0, 0, 3.7037037037, 12.962962963, 20.3703703704, 40.7407407407, 12.962962963, 0, 5.5555555556, 0, 1.8518518519, 0, 0, 0, 0, 0, 0, 0, 0, 0, 0, 0, 0, 0;Europe/Paris;34,5
2022-07-05T15:00:00Z;-1;9000003703;hourly;0,7383333333;14,8984198646;144,9209932280;25,7336343115;1,3544018059;8,1264108352;6,7720090293;50,1128668172;94,8081264108;12,1896162528;13,5440180587;0,0000000000;1,3544018059;1;2.8037383178, 4.6728971963, 37.3831775701, 42.0560747664, 12.1495327103, 0.9345794393, 0, 0;2.8037383178, 0, 0.9345794393, 3.738317757, 15.8878504673, 21.4953271028, 24.2990654206, 17.7570093458, 8.4112149533, 3.738317757, 0.9345794393, 0, 0, 0, 0, 0, 0, 0, 0, 0, 0, 0, 0, 0, 0;Europe/Paris;37,0
2022-07-05T16:00:00Z;-1;9000003703;hourly;0,7441666667;0,0000000000;91,3773796193;24,1881298992;17,4692049272;0,0000000000;0,0000000000;17,4692049272;73,9081746920;13,4378499440;10,7502799552;5,3751399776;12,0940649496;1;4.4117647059, 4.4117647059, 17.6470588235, 45.5882352941, 20.5882352941, 5.8823529412, 1.4705882353, 0;2.9411764706, 1.4705882353, 4.4117647059, 0, 5.8823529412, 11.7647058824, 32.3529411765, 13.2352941176, 10.2941176471, 10.2941176471, 2.9411764706, 2.9411764706, 0, 1.4705882353, 0, 0, 0, 0, 0, 0, 0, 0, 0, 0, 0;Europe/Paris;44,0
2022-07-05T17:00:00Z;-1;9000003703;hourly;0,7322222222;0,0000000000;20,4855842185;38,2397572079;13,6570561457;0,0000000000;0,0000000000;8,1942336874;12,2913505311;20,4855842185;17,7541729894;4,0971168437;9,5599393020;1;26.6666666667, 0, 13.3333333333, 40, 13.3333333333, 6.6666666667, 0, 0;20, 6.6666666667, 0, 0, 6.6666666667, 6.6666666667, 40, 0, 0, 13.3333333333, 0, 6.6666666667, 0, 0, 0, 0, 0, 0, 0, 0, 0, 0, 0, 0, 0;Europe/Paris;44,5
2022-07-05T18:00:00Z;-1;9000003703;hourly;0,7036111111;4,2637189104;5,6849585472;15,6336360047;8,5274378208;0,0000000000;4,2637189104;2,8424792736;2,8424792736;5,6849585472;9,9486774576;2,8424792736;5,6849585472;1;75, 0, 25, 0, 0, 0, 0, 0;50, 25, 0, 0, 0, 25, 0, 0, 0, 0, 0, 0, 0, 0, 0, 0, 0, 0, 0, 0, 0, 0, 0, 0, 0;Europe/Paris;24,5
2022-07-05T19:00:00Z;-1;9000003703;hourly;0,7844444444;1,2747875354;16,5722379603;6,3739376771;0,0000000000;1,2747875354;0,0000000000;6,3739376771;10,1983002833;1,2747875354;5,0991501416;0,0000000000;0,0000000000;1;0, 0, 46.1538461538, 46.1538461538, 7.6923076923, 0, 0, 0;0, 0, 0, 0, 0, 46.1538461538, 38.4615384615, 7.6923076923, 7.6923076923, 0, 0, 0, 0, 0, 0, 0, 0, 0, 0, 0, 0, 0, 0, 0, 0;Europe/Paris;32,5
2022-07-05T20:00:00Z;-1;9000003703;hourly;0,2663888889;0,0000000000;30,0312825860;0,0000000000;3,7539103233;0,0000000000;0,0000000000;15,0156412930;15,0156412930;0,0000000000;0,0000000000;3,7539103233;0,0000000000;1;0, 0, 12.5, 87.5, 0, 0, 0, 0;0, 0, 0, 0, 0, 12.5, 50, 37.5, 0, 0, 0, 0, 0, 0, 0, 0, 0, 0, 0, 0, 0, 0, 0, 0, 0;Europe/Paris;35,5
2022-07-05T21:00:00Z;-1;9000003703;hourly;0,0000000000;0,0000000000;0,0000000000;0,0000000000;0,0000000000;0,0000000000;0,0000000000;0,0000000000;0,0000000000;0,0000000000;0,0000000000;0,0000000000;0,0000000000;1;0, 0, 0, 0, 0, 0, 0, 0;0, 0, 0, 0, 0, 0, 0, 0, 0, 0, 0, 0, 0, 0, 0, 0, 0, 0, 0, 0, 0, 0, 0, 0, 0;Europe/Paris;NA
2022-07-05T23:00:00Z;-1;9000003703;hourly;0,0000000000;0,0000000000;0,0000000000;0,0000000000;0,0000000000;0,0000000000;0,0000000000;0,0000000000;0,0000000000;0,0000000000;0,0000000000;0,0000000000;0,0000000000;1;0, 0, 0, 0, 0, 0, 0, 0;0, 0, 0, 0, 0, 0, 0, 0, 0, 0, 0, 0, 0, 0, 0, 0, 0, 0, 0, 0, 0, 0, 0, 0, 0;Europe/Paris;NA
2022-07-06T00:00:00Z;-1;9000003703;hourly;0,0000000000;0,0000000000;0,0000000000;0,0000000000;0,0000000000;0,0000000000;0,0000000000;0,0000000000;0,0000000000;0,0000000000;0,0000000000;0,0000000000;0,0000000000;1;0, 0, 0, 0, 0, 0, 0, 0;0, 0, 0, 0, 0, 0, 0, 0, 0, 0, 0, 0, 0, 0, 0, 0, 0, 0, 0, 0, 0, 0, 0, 0, 0;Europe/Paris;NA
2022-07-06T01:00:00Z;-1;9000003703;hourly;0,0000000000;0,0000000000;0,0000000000;0,0000000000;0,0000000000;0,0000000000;0,0000000000;0,0000000000;0,0000000000;0,0000000000;0,0000000000;0,0000000000;0,0000000000;1;0, 0, 0, 0, 0, 0, 0, 0;0, 0, 0, 0, 0, 0, 0, 0, 0, 0, 0, 0, 0, 0, 0, 0, 0, 0, 0, 0, 0, 0, 0, 0, 0;Europe/Paris;NA
2022-07-06T02:00:00Z;-1;9000003703;hourly;0,0000000000;0,0000000000;0,0000000000;0,0000000000;0,0000000000;0,0000000000;0,0000000000;0,0000000000;0,0000000000;0,0000000000;0,0000000000;0,0000000000;0,0000000000;1;0, 0, 0, 0, 0, 0, 0, 0;0, 0, 0, 0, 0, 0, 0, 0, 0, 0, 0, 0, 0, 0, 0, 0, 0, 0, 0, 0, 0, 0, 0, 0, 0;Europe/Paris;NA
2022-07-06T03:00:00Z;-1;9000003703;hourly;0,0000000000;0,0000000000;0,0000000000;0,0000000000;0,0000000000;0,0000000000;0,0000000000;0,0000000000;0,0000000000;0,0000000000;0,0000000000;0,0000000000;0,0000000000;1;0, 0, 0, 0, 0, 0, 0, 0;0, 0, 0, 0, 0, 0, 0, 0, 0, 0, 0, 0, 0, 0, 0, 0, 0, 0, 0, 0, 0, 0, 0, 0, 0;Europe/Paris;NA
2022-07-06T04:00:00Z;-1;9000003703;hourly;0,5708333333;3,5036496350;5,2554744526;0,0000000000;1,7518248175;1,7518248175;1,7518248175;0,0000000000;5,2554744526;0,0000000000;0,0000000000;1,7518248175;0,0000000000;1;0, 0, 0, 33.3333333333, 66.6666666667, 0, 0, 0;0, 0, 0, 0, 0, 0, 0, 33.3333333333, 66.6666666667, 0, 0, 0, 0, 0, 0, 0, 0, 0, 0, 0, 0, 0, 0, 0, 0;Europe/Paris;41,5
2022-07-06T05:00:00Z;-1;9000003703;hourly;0,8047222222;3,7279944770;41,0079392475;1,2426648257;4,9706593027;3,7279944770;0,0000000000;24,8532965136;16,1546427339;1,2426648257;0,0000000000;2,4853296514;2,4853296514;1;6.0606060606, 6.0606060606, 24.2424242424, 60.6060606061, 3.0303030303, 0, 0, 0;0, 6.0606060606, 3.0303030303, 3.0303030303, 0, 24.2424242424, 36.3636363636, 24.2424242424, 0, 3.0303030303, 0, 0, 0, 0, 0, 0, 0, 0, 0, 0, 0, 0, 0, 0, 0;Europe/Paris;35,0
2022-07-06T06:00:00Z;-1;9000003703;hourly;0,7327777778;6,8233510235;8,1880212282;39,5754359363;4,0940106141;6,8233510235;0,0000000000;6,8233510235;1,3646702047;21,8347232752;17,7407126611;2,7293404094;1,3646702047;1;50, 0, 16.6666666667, 33.3333333333, 0, 0, 0, 0;33.3333333333, 16.6666666667, 0, 0, 0, 16.6666666667, 33.3333333333, 0, 0, 0, 0, 0, 0, 0, 0, 0, 0, 0, 0, 0, 0, 0, 0, 0, 0;Europe/Paris;30,5
2022-07-06T07:00:00Z;-1;9000003703;hourly;0,7627777778;26,2199563001;14,4209759650;19,6649672251;5,2439912600;15,7319737800;10,4879825200;3,9329934450;10,4879825200;15,7319737800;3,9329934450;5,2439912600;0,0000000000;1;0, 27.2727272727, 54.5454545455, 18.1818181818, 0, 0, 0, 0;0, 0, 0, 27.2727272727, 36.3636363636, 18.1818181818, 18.1818181818, 0, 0, 0, 0, 0, 0, 0, 0, 0, 0, 0, 0, 0, 0, 0, 0, 0, 0;Europe/Paris;28,5
2022-07-06T08:00:00Z;-1;9000003703;hourly;0,8050000000;24,8447204969;31,0559006211;4,9689440994;14,9068322981;8,6956521739;16,1490683230;18,6335403727;12,4223602484;2,4844720497;2,4844720497;8,6956521739;6,2111801242;1;4, 12, 44, 28, 12, 0, 0, 0;0, 4, 4, 8, 16, 28, 16, 12, 12, 0, 0, 0, 0, 0, 0, 0, 0, 0, 0, 0, 0, 0, 0, 0, 0;Europe/Paris;36,0
2022-07-06T09:00:00Z;-1;9000003703;hourly;0,7375000000;31,1864406780;36,6101694915;14,9152542373;1,3559322034;24,4067796610;6,7796610169;20,3389830508;16,2711864407;8,1355932203;6,7796610169;1,3559322034;0,0000000000;1;18.5185185185, 14.8148148148, 18.5185185185, 40.7407407407, 7.4074074074, 0, 0, 0;14.8148148148, 3.7037037037, 3.7037037037, 11.1111111111, 3.7037037037, 14.8148148148, 18.5185185185, 22.2222222222, 7.4074074074, 0, 0, 0, 0, 0, 0, 0, 0, 0, 0, 0, 0, 0, 0, 0, 0;Europe/Paris;36,0
2022-07-06T10:00:00Z;-1;9000003703;hourly;0,7755555556;14,1833810888;34,8137535817;16,7621776504;9,0257879656;9,0257879656;5,1575931232;7,7363896848;27,0773638968;9,0257879656;7,7363896848;6,4469914040;2,5787965616;1;11.1111111111, 0, 7.4074074074, 40.7407407407, 37.037037037, 0, 3.7037037037, 0;11.1111111111, 0, 0, 0, 0, 7.4074074074, 11.1111111111, 29.6296296296, 29.6296296296, 7.4074074074, 0, 0, 3.7037037037, 0, 0, 0, 0, 0, 0, 0, 0, 0, 0, 0, 0;Europe/Paris;42,0
2022-07-06T11:00:00Z;-1;9000003703;hourly;0,7811111111;19,2034139403;39,6870554765;8,9615931721;7,6813655761;15,3627311522;3,8406827881;21,7638691323;17,9231863442;2,5604551920;6,4011379801;6,4011379801;1,2802275960;1;3.2258064516, 0, 16.1290322581, 70.9677419355, 6.4516129032, 3.2258064516, 0, 0;3.2258064516, 0, 0, 0, 3.2258064516, 12.9032258065, 51.6129032258, 19.3548387097, 6.4516129032, 0, 3.2258064516, 0, 0, 0, 0, 0, 0, 0, 0, 0, 0, 0, 0, 0, 0;Europe/Paris;36,0
2022-07-06T12:00:00Z;-1;9000003703;hourly;0,7616666667;26,2582056893;38,0743982495;21,0065645514;6,5645514223;19,6936542670;6,5645514223;18,3807439825;19,6936542670;14,4420131291;6,5645514223;2,6258205689;3,9387308534;1;20.6896551724, 3.4482758621, 27.5862068966, 41.3793103448, 3.4482758621, 3.4482758621, 0, 0;13.7931034483, 6.8965517241, 0, 3.4482758621, 3.4482758621, 24.1379310345, 31.0344827586, 10.3448275862, 0, 3.4482758621, 3.4482758621, 0, 0, 0, 0, 0, 0, 0, 0, 0, 0, 0, 0, 0, 0;Europe/Paris;33,5
2022-07-06T13:00:00Z;-1;9000003703;hourly;0,7616666667;21,0065645514;40,7002188184;15,7549234136;3,9387308534;18,3807439825;2,6258205689;18,3807439825;22,3194748359;5,2516411379;10,5032822757;3,9387308534;0,0000000000;1;25.8064516129, 0, 29.0322580645, 35.4838709677, 9.6774193548, 0, 0, 0;25.8064516129, 0, 0, 0, 9.6774193548, 19.3548387097, 25.8064516129, 9.6774193548, 6.4516129032, 3.2258064516, 0, 0, 0, 0, 0, 0, 0, 0, 0, 0, 0, 0, 0, 0, 0;Europe/Paris;34,5
2022-07-06T14:00:00Z;-1;9000003703;hourly;0,7744444444;14,2037302726;52,9411764706;15,4949784792;2,5824964132;10,3299856528;3,8737446198;32,2812051650;20,6599713056;14,2037302726;1,2912482066;0,0000000000;2,5824964132;1;12.1951219512, 4.8780487805, 36.5853658537, 43.9024390244, 2.4390243902, 0, 0, 0;12.1951219512, 0, 2.4390243902, 2.4390243902, 17.0731707317, 19.512195122, 34.1463414634, 9.756097561, 0, 2.4390243902, 0, 0, 0, 0, 0, 0, 0, 0, 0, 0, 0, 0, 0, 0, 0;Europe/Paris;32,0
2022-07-06T15:00:00Z;-1;9000003703;hourly;0,7425000000;18,8552188552;80,8080808081;14,8148148148;5,3872053872;12,1212121212;6,7340067340;22,8956228956;57,9124579125;9,4276094276;5,3872053872;4,0404040404;1,3468013468;1;3.3333333333, 5, 31.6666666667, 48.3333333333, 11.6666666667, 0, 0, 0;1.6666666667, 1.6666666667, 0, 5, 16.6666666667, 15, 30, 18.3333333333, 6.6666666667, 5, 0, 0, 0, 0, 0, 0, 0, 0, 0, 0, 0, 0, 0, 0, 0;Europe/Paris;36,5
2022-07-06T16:00:00Z;-1;9000003703;hourly;0,7391666667;5,4114994363;73,0552423901;47,3506200676;10,8229988726;2,7057497182;2,7057497182;13,5287485908;59,5264937993;20,2931228861;27,0574971815;1,3528748591;9,4701240135;1;7.4074074074, 3.7037037037, 25.9259259259, 42.5925925926, 16.6666666667, 3.7037037037, 0, 0;7.4074074074, 0, 1.8518518519, 1.8518518519, 5.5555555556, 20.3703703704, 22.2222222222, 20.3703703704, 9.2592592593, 7.4074074074, 1.8518518519, 1.8518518519, 0, 0, 0, 0, 0, 0, 0, 0, 0, 0, 0, 0, 0;Europe/Paris;40,5
2022-07-06T17:00:00Z;-1;9000003703;hourly;0,7400000000;0,0000000000;24,3243243243;41,8918918919;10,8108108108;0,0000000000;0,0000000000;9,4594594595;14,8648648649;10,8108108108;31,0810810811;5,4054054054;5,4054054054;1;33.3333333333, 0, 16.6666666667, 44.4444444444, 0, 5.5555555556, 0, 0;33.3333333333, 0, 0, 0, 11.1111111111, 5.5555555556, 27.7777777778, 16.6666666667, 0, 0, 5.5555555556, 0, 0, 0, 0, 0, 0, 0, 0, 0, 0, 0, 0, 0, 0;Europe/Paris;34,5
2022-07-06T18:00:00Z;-1;9000003703;hourly;0,7008333333;0,0000000000;9,9881093936;25,6837098692;7,1343638526;0,0000000000;0,0000000000;2,8537455410;7,1343638526;9,9881093936;15,6956004756;1,4268727705;5,7074910820;1;71.4285714286, 0, 14.2857142857, 0, 14.2857142857, 0, 0, 0;71.4285714286, 0, 0, 0, 0, 14.2857142857, 0, 0, 14.2857142857, 0, 0, 0, 0, 0, 0, 0, 0, 0, 0, 0, 0, 0, 0, 0, 0;Europe/Paris;27,5
2022-07-06T19:00:00Z;-1;9000003703;hourly;0,7858333333;0,0000000000;21,6330858961;8,9077412513;0,0000000000;0,0000000000;0,0000000000;12,7253446448;8,9077412513;1,2725344645;7,6352067869;0,0000000000;0,0000000000;1;0, 0, 35.2941176471, 47.0588235294, 17.6470588235, 0, 0, 0;0, 0, 0, 0, 5.8823529412, 29.4117647059, 29.4117647059, 17.6470588235, 17.6470588235, 0, 0, 0, 0, 0, 0, 0, 0, 0, 0, 0, 0, 0, 0, 0, 0;Europe/Paris;38,5
2022-07-06T20:00:00Z;-1;9000003703;hourly;0,2030555556;0,0000000000;14,7742818057;0,0000000000;0,0000000000;0,0000000000;0,0000000000;4,9247606019;9,8495212038;0,0000000000;0,0000000000;0,0000000000;0,0000000000;1;0, 33.3333333333, 33.3333333333, 33.3333333333, 0, 0, 0, 0;0, 0, 0, 33.3333333333, 0, 33.3333333333, 33.3333333333, 0, 0, 0, 0, 0, 0, 0, 0, 0, 0, 0, 0, 0, 0, 0, 0, 0, 0;Europe/Paris;30,5
2022-07-06T21:00:00Z;-1;9000003703;hourly;0,0000000000;0,0000000000;0,0000000000;0,0000000000;0,0000000000;0,0000000000;0,0000000000;0,0000000000;0,0000000000;0,0000000000;0,0000000000;0,0000000000;0,0000000000;1;0, 0, 0, 0, 0, 0, 0, 0;0, 0, 0, 0, 0, 0, 0, 0, 0, 0, 0, 0, 0, 0, 0, 0, 0, 0, 0, 0, 0, 0, 0, 0, 0;Europe/Paris;NA
2022-07-06T23:00:00Z;-1;9000003703;hourly;0,0000000000;0,0000000000;0,0000000000;0,0000000000;0,0000000000;0,0000000000;0,0000000000;0,0000000000;0,0000000000;0,0000000000;0,0000000000;0,0000000000;0,0000000000;1;0, 0, 0, 0, 0, 0, 0, 0;0, 0, 0, 0, 0, 0, 0, 0, 0, 0, 0, 0, 0, 0, 0, 0, 0, 0, 0, 0, 0, 0, 0, 0, 0;Europe/Paris;NA
2022-07-07T00:00:00Z;-1;9000003703;hourly;0,0000000000;0,0000000000;0,0000000000;0,0000000000;0,0000000000;0,0000000000;0,0000000000;0,0000000000;0,0000000000;0,0000000000;0,0000000000;0,0000000000;0,0000000000;1;0, 0, 0, 0, 0, 0, 0, 0;0, 0, 0, 0, 0, 0, 0, 0, 0, 0, 0, 0, 0, 0, 0, 0, 0, 0, 0, 0, 0, 0, 0, 0, 0;Europe/Paris;NA
2022-07-07T01:00:00Z;-1;9000003703;hourly;0,0000000000;0,0000000000;0,0000000000;0,0000000000;0,0000000000;0,0000000000;0,0000000000;0,0000000000;0,0000000000;0,0000000000;0,0000000000;0,0000000000;0,0000000000;1;0, 0, 0, 0, 0, 0, 0, 0;0, 0, 0, 0, 0, 0, 0, 0, 0, 0, 0, 0, 0, 0, 0, 0, 0, 0, 0, 0, 0, 0, 0, 0, 0;Europe/Paris;NA
2022-07-07T02:00:00Z;-1;9000003703;hourly;0,0000000000;0,0000000000;0,0000000000;0,0000000000;0,0000000000;0,0000000000;0,0000000000;0,0000000000;0,0000000000;0,0000000000;0,0000000000;0,0000000000;0,0000000000;1;0, 0, 0, 0, 0, 0, 0, 0;0, 0, 0, 0, 0, 0, 0, 0, 0, 0, 0, 0, 0, 0, 0, 0, 0, 0, 0, 0, 0, 0, 0, 0, 0;Europe/Paris;NA
2022-07-07T03:00:00Z;-1;9000003703;hourly;0,0000000000;0,0000000000;0,0000000000;0,0000000000;0,0000000000;0,0000000000;0,0000000000;0,0000000000;0,0000000000;0,0000000000;0,0000000000;0,0000000000;0,0000000000;1;0, 0, 0, 0, 0, 0, 0, 0;0, 0, 0, 0, 0, 0, 0, 0, 0, 0, 0, 0, 0, 0, 0, 0, 0, 0, 0, 0, 0, 0, 0, 0, 0;Europe/Paris;NA
2022-07-07T04:00:00Z;-1;9000003703;hourly;0,5738888889;3,4849951597;12,1974830591;0,0000000000;6,9699903195;3,4849951597;0,0000000000;6,9699903195;5,2274927396;0,0000000000;0,0000000000;6,9699903195;0,0000000000;1;0, 0, 14.2857142857, 57.1428571429, 28.5714285714, 0, 0, 0;0, 0, 0, 0, 0, 14.2857142857, 14.2857142857, 42.8571428571, 28.5714285714, 0, 0, 0, 0, 0, 0, 0, 0, 0, 0, 0, 0, 0, 0, 0, 0;Europe/Paris;40,0
2022-07-07T05:00:00Z;-1;9000003703;hourly;0,7980555556;10,0243647755;28,8200487296;3,7591367908;3,7591367908;5,0121823877;5,0121823877;21,3017751479;7,5182735816;3,7591367908;0,0000000000;1,2530455969;2,5060911939;1;0, 0, 4.347826087, 78.2608695652, 13.0434782609, 4.347826087, 0, 0;0, 0, 0, 0, 0, 4.347826087, 43.4782608696, 34.7826086957, 8.6956521739, 4.347826087, 4.347826087, 0, 0, 0, 0, 0, 0, 0, 0, 0, 0, 0, 0, 0, 0;Europe/Paris;39,0
2022-07-07T06:00:00Z;-1;9000003703;hourly;0,7780555556;11,5672973938;34,7018921814;12,8525526598;7,7115315959;8,9967868618;2,5705105320;23,1345947876;11,5672973938;10,2820421278;2,5705105320;5,1410210639;2,5705105320;1;3.7037037037, 7.4074074074, 40.7407407407, 37.037037037, 7.4074074074, 3.7037037037, 0, 0;3.7037037037, 0, 0, 7.4074074074, 18.5185185185, 22.2222222222, 22.2222222222, 14.8148148148, 3.7037037037, 3.7037037037, 3.7037037037, 0, 0, 0, 0, 0, 0, 0, 0, 0, 0, 0, 0, 0, 0;Europe/Paris;36,0
2022-07-07T07:00:00Z;-1;9000003703;hourly;0,7391666667;14,8816234498;27,0574971815;5,4114994363;5,4114994363;10,8229988726;4,0586245772;12,1758737317;14,8816234498;5,4114994363;0,0000000000;2,7057497182;2,7057497182;1;25, 15, 30, 30, 0, 0, 0, 0;25, 0, 5, 10, 20, 10, 15, 15, 0, 0, 0, 0, 0, 0, 0, 0, 0, 0, 0, 0, 0, 0, 0, 0, 0;Europe/Paris;32,5
2022-07-07T08:00:00Z;-1;9000003703;hourly;0,7725000000;3,8834951456;28,4789644013;14,2394822006;14,2394822006;1,2944983819;2,5889967638;15,5339805825;12,9449838188;10,3559870550;3,8834951456;6,4724919094;7,7669902913;1;13.6363636364, 9.0909090909, 50, 22.7272727273, 4.5454545455, 0, 0, 0;13.6363636364, 0, 4.5454545455, 4.5454545455, 13.6363636364, 36.3636363636, 22.7272727273, 0, 4.5454545455, 0, 0, 0, 0, 0, 0, 0, 0, 0, 0, 0, 0, 0, 0, 0, 0;Europe/Paris;30,0
2022-07-07T09:00:00Z;-1;9000003703;hourly;0,7730555556;5,1742723679;47,8620194035;12,9356809199;6,4678404599;3,8807042760;1,2935680920;19,4035213798;28,4584980237;3,8807042760;9,0549766439;2,5871361840;3,8807042760;1;18.9189189189, 8.1081081081, 43.2432432432, 29.7297297297, 0, 0, 0, 0;16.2162162162, 2.7027027027, 0, 8.1081081081, 16.2162162162, 27.027027027, 10.8108108108, 18.9189189189, 0, 0, 0, 0, 0, 0, 0, 0, 0, 0, 0, 0, 0, 0, 0, 0, 0;Europe/Paris;33,5
2022-07-07T10:00:00Z;-1;9000003703;hourly;0,7944444444;13,8461538462;61,6783216783;7,5524475524;3,7762237762;7,5524475524;6,2937062937;11,3286713287;50,3496503497;1,2587412587;6,2937062937;1,2587412587;2,5174825175;1;2.0408163265, 4.0816326531, 32.6530612245, 53.0612244898, 8.1632653061, 0, 0, 0;2.0408163265, 0, 0, 4.0816326531, 8.1632653061, 24.4897959184, 30.612244898, 22.4489795918, 6.1224489796, 2.0408163265, 0, 0, 0, 0, 0, 0, 0, 0, 0, 0, 0, 0, 0, 0, 0;Europe/Paris;36,0
2022-07-07T11:00:00Z;-1;9000003703;hourly;0,7816666667;11,5138592751;48,6140724947;7,6759061834;7,6759061834;7,6759061834;3,8379530917;25,5863539446;23,0277185501;6,3965884861;1,2793176972;1,2793176972;6,3965884861;1;23.6842105263, 2.6315789474, 26.3157894737, 39.4736842105, 7.8947368421, 0, 0, 0;21.0526315789, 2.6315789474, 0, 2.6315789474, 7.8947368421, 18.4210526316, 26.3157894737, 13.1578947368, 5.2631578947, 2.6315789474, 0, 0, 0, 0, 0, 0, 0, 0, 0, 0, 0, 0, 0, 0, 0;Europe/Paris;35,0
2022-07-07T12:00:00Z;-1;9000003703;hourly;0,7808333333;21,7716115261;28,1750266809;12,8068303095;0,0000000000;17,9295624333;3,8420490928;11,5261472785;16,6488794023;5,1227321238;7,6840981857;0,0000000000;0,0000000000;1;9.0909090909, 0, 40.9090909091, 40.9090909091, 9.0909090909, 0, 0, 0;4.5454545455, 4.5454545455, 0, 0, 9.0909090909, 31.8181818182, 18.1818181818, 22.7272727273, 4.5454545455, 4.5454545455, 0, 0, 0, 0, 0, 0, 0, 0, 0, 0, 0, 0, 0, 0, 0;Europe/Paris;36,0
2022-07-07T13:00:00Z;-1;9000003703;hourly;0,7877777778;11,4245416079;40,6205923836;12,6939351199;6,3469675599;8,8857545839;2,5387870240;13,9633286319;26,6572637518;8,8857545839;3,8081805360;3,8081805360;2,5387870240;1;3.125, 3.125, 40.625, 40.625, 12.5, 0, 0, 0;3.125, 0, 0, 3.125, 18.75, 21.875, 25, 15.625, 6.25, 6.25, 0, 0, 0, 0, 0, 0, 0, 0, 0, 0, 0, 0, 0, 0, 0;Europe/Paris;36,5
2022-07-07T14:00:00Z;-1;9000003703;hourly;0,7688888889;14,3063583815;46,8208092486;27,3121387283;14,3063583815;10,4046242775;3,9017341040;19,5086705202;27,3121387283;18,2080924855;9,1040462428;2,6011560694;11,7052023121;1;5.5555555556, 11.1111111111, 47.2222222222, 33.3333333333, 2.7777777778, 0, 0, 0;2.7777777778, 2.7777777778, 0, 11.1111111111, 8.3333333333, 38.8888888889, 25, 8.3333333333, 0, 2.7777777778, 0, 0, 0, 0, 0, 0, 0, 0, 0, 0, 0, 0, 0, 0, 0;Europe/Paris;31,5
2022-07-07T15:00:00Z;-1;9000003703;hourly;0,7733333333;12,9310344828;68,5344827586;23,2758620690;11,6379310345;7,7586206897;5,1724137931;27,1551724138;41,3793103448;19,3965517241;3,8793103448;1,2931034483;10,3448275862;1;3.7735849057, 7.5471698113, 37.7358490566, 39.6226415094, 9.4339622642, 1.8867924528, 0, 0;3.7735849057, 0, 0, 7.5471698113, 18.8679245283, 18.8679245283, 26.4150943396, 13.2075471698, 5.6603773585, 3.7735849057, 1.8867924528, 0, 0, 0, 0, 0, 0, 0, 0, 0, 0, 0, 0, 0, 0;Europe/Paris;36,0
2022-07-07T16:00:00Z;-1;9000003703;hourly;0,7780555556;10,2820421278;53,9807211710;5,1410210639;5,1410210639;8,9967868618;1,2852552660;16,7083184577;37,2724027133;2,5705105320;2,5705105320;1,2852552660;3,8557657979;1;4.7619047619, 7.1428571429, 30.9523809524, 38.0952380952, 14.2857142857, 4.7619047619, 0, 0;4.7619047619, 0, 2.380952381, 4.7619047619, 14.2857142857, 16.6666666667, 19.0476190476, 19.0476190476, 4.7619047619, 9.5238095238, 4.7619047619, 0, 0, 0, 0, 0, 0, 0, 0, 0, 0, 0, 0, 0, 0;Europe/Paris;41,5
2022-07-07T17:00:00Z;-1;9000003703;hourly;0,7727777778;5,1761322789;56,9374550683;5,1761322789;3,8820992092;3,8820992092;1,2940330697;23,2925952552;33,6448598131;3,8820992092;1,2940330697;2,5880661395;1,2940330697;1;6.8181818182, 2.2727272727, 20.4545454545, 45.4545454545, 25, 0, 0, 0;6.8181818182, 0, 0, 2.2727272727, 6.8181818182, 13.6363636364, 29.5454545455, 15.9090909091, 13.6363636364, 11.3636363636, 0, 0, 0, 0, 0, 0, 0, 0, 0, 0, 0, 0, 0, 0, 0;Europe/Paris;41,0
2022-07-07T18:00:00Z;-1;9000003703;hourly;0,7991666667;3,7539103233;20,0208550574;6,2565172054;3,7539103233;1,2513034411;2,5026068822;8,7591240876;11,2617309698;5,0052137643;1,2513034411;3,7539103233;0,0000000000;1;6.25, 0, 31.25, 56.25, 6.25, 0, 0, 0;6.25, 0, 0, 0, 6.25, 25, 12.5, 43.75, 6.25, 0, 0, 0, 0, 0, 0, 0, 0, 0, 0, 0, 0, 0, 0, 0, 0;Europe/Paris;36,5
2022-07-07T19:00:00Z;-1;9000003703;hourly;0,8077777778;0,0000000000;27,2352132050;7,4277854195;2,4759284732;0,0000000000;0,0000000000;11,1416781293;16,0935350757;6,1898211829;1,2379642366;1,2379642366;1,2379642366;1;4.5454545455, 0, 36.3636363636, 50, 9.0909090909, 0, 0, 0;0, 4.5454545455, 0, 0, 9.0909090909, 27.2727272727, 31.8181818182, 18.1818181818, 9.0909090909, 0, 0, 0, 0, 0, 0, 0, 0, 0, 0, 0, 0, 0, 0, 0, 0;Europe/Paris;36,0
2022-07-07T20:00:00Z;-1;9000003703;hourly;0,2447222222;4,0862656073;20,4313280363;0,0000000000;0,0000000000;4,0862656073;0,0000000000;0,0000000000;20,4313280363;0,0000000000;0,0000000000;0,0000000000;0,0000000000;1;0, 0, 20, 20, 60, 0, 0, 0;0, 0, 0, 0, 0, 20, 20, 0, 40, 20, 0, 0, 0, 0, 0, 0, 0, 0, 0, 0, 0, 0, 0, 0, 0;Europe/Paris;43,5
2022-07-07T21:00:00Z;-1;9000003703;hourly;0,0000000000;0,0000000000;0,0000000000;0,0000000000;0,0000000000;0,0000000000;0,0000000000;0,0000000000;0,0000000000;0,0000000000;0,0000000000;0,0000000000;0,0000000000;1;0, 0, 0, 0, 0, 0, 0, 0;0, 0, 0, 0, 0, 0, 0, 0, 0, 0, 0, 0, 0, 0, 0, 0, 0, 0, 0, 0, 0, 0, 0, 0, 0;Europe/Paris;NA
2022-07-07T23:00:00Z;-1;9000003703;hourly;0,0000000000;0,0000000000;0,0000000000;0,0000000000;0,0000000000;0,0000000000;0,0000000000;0,0000000000;0,0000000000;0,0000000000;0,0000000000;0,0000000000;0,0000000000;1;0, 0, 0, 0, 0, 0, 0, 0;0, 0, 0, 0, 0, 0, 0, 0, 0, 0, 0, 0, 0, 0, 0, 0, 0, 0, 0, 0, 0, 0, 0, 0, 0;Europe/Paris;NA
2022-07-08T00:00:00Z;-1;9000003703;hourly;0,0000000000;0,0000000000;0,0000000000;0,0000000000;0,0000000000;0,0000000000;0,0000000000;0,0000000000;0,0000000000;0,0000000000;0,0000000000;0,0000000000;0,0000000000;1;0, 0, 0, 0, 0, 0, 0, 0;0, 0, 0, 0, 0, 0, 0, 0, 0, 0, 0, 0, 0, 0, 0, 0, 0, 0, 0, 0, 0, 0, 0, 0, 0;Europe/Paris;NA
2022-07-08T01:00:00Z;-1;9000003703;hourly;0,0000000000;0,0000000000;0,0000000000;0,0000000000;0,0000000000;0,0000000000;0,0000000000;0,0000000000;0,0000000000;0,0000000000;0,0000000000;0,0000000000;0,0000000000;1;0, 0, 0, 0, 0, 0, 0, 0;0, 0, 0, 0, 0, 0, 0, 0, 0, 0, 0, 0, 0, 0, 0, 0, 0, 0, 0, 0, 0, 0, 0, 0, 0;Europe/Paris;NA
2022-07-08T02:00:00Z;-1;9000003703;hourly;0,0000000000;0,0000000000;0,0000000000;0,0000000000;0,0000000000;0,0000000000;0,0000000000;0,0000000000;0,0000000000;0,0000000000;0,0000000000;0,0000000000;0,0000000000;1;0, 0, 0, 0, 0, 0, 0, 0;0, 0, 0, 0, 0, 0, 0, 0, 0, 0, 0, 0, 0, 0, 0, 0, 0, 0, 0, 0, 0, 0, 0, 0, 0;Europe/Paris;NA
2022-07-08T03:00:00Z;-1;9000003703;hourly;0,0000000000;0,0000000000;0,0000000000;0,0000000000;0,0000000000;0,0000000000;0,0000000000;0,0000000000;0,0000000000;0,0000000000;0,0000000000;0,0000000000;0,0000000000;1;0, 0, 0, 0, 0, 0, 0, 0;0, 0, 0, 0, 0, 0, 0, 0, 0, 0, 0, 0, 0, 0, 0, 0, 0, 0, 0, 0, 0, 0, 0, 0, 0;Europe/Paris;NA
2022-07-08T04:00:00Z;-1;9000003703;hourly;0,6597222222;1,5157894737;7,5789473684;0,0000000000;3,0315789474;1,5157894737;0,0000000000;6,0631578947;1,5157894737;0,0000000000;0,0000000000;3,0315789474;0,0000000000;1;0, 20, 40, 40, 0, 0, 0, 0;0, 0, 20, 0, 20, 20, 0, 40, 0, 0, 0, 0, 0, 0, 0, 0, 0, 0, 0, 0, 0, 0, 0, 0, 0;Europe/Paris;35,5
2022-07-08T05:00:00Z;-1;9000003703;hourly;0,8041666667;2,4870466321;21,1398963731;0,0000000000;7,4611398964;1,2435233161;1,2435233161;13,6787564767;7,4611398964;0,0000000000;0,0000000000;4,9740932642;2,4870466321;1;0, 0, 11.7647058824, 58.8235294118, 23.5294117647, 5.8823529412, 0, 0;0, 0, 0, 0, 0, 11.7647058824, 29.4117647059, 29.4117647059, 17.6470588235, 5.8823529412, 5.8823529412, 0, 0, 0, 0, 0, 0, 0, 0, 0, 0, 0, 0, 0, 0;Europe/Paris;41,5
2022-07-08T06:00:00Z;-1;9000003703;hourly;0,7180555556;8,3558994197;11,1411992263;37,6015473888;8,3558994197;6,9632495164;1,3926499033;5,5705996132;5,5705996132;20,8897485493;16,7117988395;6,9632495164;1,3926499033;1;25, 25, 25, 25, 0, 0, 0, 0;25, 0, 0, 25, 0, 25, 12.5, 12.5, 0, 0, 0, 0, 0, 0, 0, 0, 0, 0, 0, 0, 0, 0, 0, 0, 0;Europe/Paris;31,5
2022-07-08T07:00:00Z;-1;9000003703;hourly;0,7547222222;22,5248435775;30,4747883695;6,6249539934;3,9749723960;13,2499079868;9,2749355907;6,6249539934;23,8498343762;2,6499815974;3,9749723960;3,9749723960;0,0000000000;1;8.6956521739, 8.6956521739, 43.4782608696, 34.7826086957, 4.347826087, 0, 0, 0;4.347826087, 4.347826087, 0, 8.6956521739, 21.7391304348, 21.7391304348, 21.7391304348, 13.0434782609, 4.347826087, 0, 0, 0, 0, 0, 0, 0, 0, 0, 0, 0, 0, 0, 0, 0, 0;Europe/Paris;33,5
2022-07-08T08:00:00Z;-1;9000003703;hourly;0,8050000000;11,1801242236;34,7826086957;3,7267080745;3,7267080745;3,7267080745;7,4534161491;18,6335403727;16,1490683230;2,4844720497;1,2422360248;1,2422360248;2,4844720497;1;3.5714285714, 3.5714285714, 39.2857142857, 53.5714285714, 0, 0, 0, 0;0, 3.5714285714, 0, 3.5714285714, 10.7142857143, 28.5714285714, 28.5714285714, 25, 0, 0, 0, 0, 0, 0, 0, 0, 0, 0, 0, 0, 0, 0, 0, 0, 0;Europe/Paris;34,5
2022-07-08T09:00:00Z;-1;9000003703;hourly;0,8091666667;7,4150360453;66,7353244078;11,1225540680;2,4716786818;4,9433573635;2,4716786818;21,0092687951;45,7260556128;6,1791967044;4,9433573635;1,2358393409;1,2358393409;1;0, 1.8518518519, 55.5555555556, 35.1851851852, 5.5555555556, 1.8518518519, 0, 0;0, 0, 0, 1.8518518519, 12.962962963, 42.5925925926, 22.2222222222, 12.962962963, 5.5555555556, 0, 0, 1.8518518519, 0, 0, 0, 0, 0, 0, 0, 0, 0, 0, 0, 0, 0;Europe/Paris;34,5
2022-07-08T10:00:00Z;-1;9000003703;hourly;0,7891666667;13,9387539599;78,5638859556;2,5343189018;1,2671594509;7,6029567054;6,3357972545;16,4730728617;62,0908130940;1,2671594509;1,2671594509;0,0000000000;1,2671594509;1;0, 1.6129032258, 9.6774193548, 56.4516129032, 30.6451612903, 1.6129032258, 0, 0;0, 0, 0, 1.6129032258, 3.2258064516, 6.4516129032, 19.3548387097, 37.0967741935, 17.7419354839, 12.9032258065, 1.6129032258, 0, 0, 0, 0, 0, 0, 0, 0, 0, 0, 0, 0, 0, 0;Europe/Paris;42,5
2022-07-08T11:00:00Z;-1;9000003703;hourly;0,8016666667;7,4844074844;52,3908523909;2,4948024948;7,4844074844;3,7422037422;3,7422037422;26,1954261954;26,1954261954;2,4948024948;0,0000000000;3,7422037422;3,7422037422;1;0, 2.380952381, 14.2857142857, 64.2857142857, 16.6666666667, 2.380952381, 0, 0;0, 0, 0, 2.380952381, 2.380952381, 11.9047619048, 30.9523809524, 33.3333333333, 14.2857142857, 2.380952381, 2.380952381, 0, 0, 0, 0, 0, 0, 0, 0, 0, 0, 0, 0, 0, 0;Europe/Paris;39,0
2022-07-08T12:00:00Z;-1;9000003703;hourly;0,7972222222;6,2717770035;43,9024390244;2,5087108014;5,0174216028;2,5087108014;3,7630662021;16,3066202091;27,5958188153;2,5087108014;0,0000000000;2,5087108014;2,5087108014;1;0, 0, 22.8571428571, 60, 14.2857142857, 2.8571428571, 0, 0;0, 0, 0, 0, 2.8571428571, 20, 31.4285714286, 28.5714285714, 8.5714285714, 5.7142857143, 2.8571428571, 0, 0, 0, 0, 0, 0, 0, 0, 0, 0, 0, 0, 0, 0;Europe/Paris;39,0
2022-07-08T13:00:00Z;-1;9000003703;hourly;0,7877777778;5,0775740480;41,8899858956;15,2327221439;0,0000000000;0,0000000000;5,0775740480;22,8490832158;19,0409026798;8,8857545839;6,3469675599;0,0000000000;0,0000000000;1;9.0909090909, 0, 21.2121212121, 51.5151515152, 18.1818181818, 0, 0, 0;6.0606060606, 3.0303030303, 0, 0, 6.0606060606, 15.1515151515, 42.4242424242, 9.0909090909, 15.1515151515, 3.0303030303, 0, 0, 0, 0, 0, 0, 0, 0, 0, 0, 0, 0, 0, 0, 0;Europe/Paris;38,5
2022-07-08T14:00:00Z;-1;9000003703;hourly;0,7658333333;10,4461371055;82,2633297062;7,8346028292;2,6115342764;5,2230685528;5,2230685528;31,3384113166;50,9249183896;2,6115342764;5,2230685528;1,3057671382;1,3057671382;1;3.1746031746, 6.3492063492, 30.1587301587, 47.619047619, 11.1111111111, 0, 1.5873015873, 0;1.5873015873, 1.5873015873, 3.1746031746, 3.1746031746, 17.4603174603, 12.6984126984, 33.3333333333, 14.2857142857, 9.5238095238, 1.5873015873, 0, 0, 1.5873015873, 0, 0, 0, 0, 0, 0, 0, 0, 0, 0, 0, 0;Europe/Paris;36,5
2022-07-08T15:00:00Z;-1;9000003703;hourly;0,7622222222;5,2478134111;94,4606413994;10,4956268222;1,3119533528;2,6239067055;2,6239067055;45,9183673469;48,5422740525;5,2478134111;5,2478134111;0,0000000000;1,3119533528;1;1.3888888889, 4.1666666667, 34.7222222222, 45.8333333333, 11.1111111111, 2.7777777778, 0, 0;1.3888888889, 0, 4.1666666667, 0, 6.9444444444, 27.7777777778, 22.2222222222, 23.6111111111, 8.3333333333, 2.7777777778, 1.3888888889, 1.3888888889, 0, 0, 0, 0, 0, 0, 0, 0, 0, 0, 0, 0, 0;Europe/Paris;37,5
2022-07-08T16:00:00Z;-1;9000003703;hourly;0,7377777778;5,4216867470;96,2349397590;18,9759036145;9,4879518072;1,3554216867;4,0662650602;29,8192771084;66,4156626506;13,5542168675;5,4216867470;2,7108433735;6,7771084337;1;11.2676056338, 5.6338028169, 33.8028169014, 33.8028169014, 14.0845070423, 1.4084507042, 0, 0;9.8591549296, 1.4084507042, 2.8169014085, 2.8169014085, 14.0845070423, 19.7183098592, 16.9014084507, 16.9014084507, 4.2253521127, 9.8591549296, 1.4084507042, 0, 0, 0, 0, 0, 0, 0, 0, 0, 0, 0, 0, 0, 0;Europe/Paris;38,0
2022-07-08T17:00:00Z;-1;9000003703;hourly;0,7497222222;2,6676546869;29,3442015561;28,0103742127;2,6676546869;0,0000000000;2,6676546869;10,6706187477;18,6735828084;9,3367914042;18,6735828084;0,0000000000;2,6676546869;1;18.1818181818, 4.5454545455, 22.7272727273, 22.7272727273, 18.1818181818, 9.0909090909, 4.5454545455, 0;18.1818181818, 0, 4.5454545455, 0, 0, 22.7272727273, 18.1818181818, 4.5454545455, 18.1818181818, 0, 4.5454545455, 4.5454545455, 4.5454545455, 0, 0, 0, 0, 0, 0, 0, 0, 0, 0, 0, 0;Europe/Paris;42,0
2022-07-08T18:00:00Z;-1;9000003703;hourly;0,7000000000;2,8571428571;8,5714285714;15,7142857143;11,4285714286;0,0000000000;2,8571428571;1,4285714286;7,1428571429;7,1428571429;8,5714285714;5,7142857143;5,7142857143;1;66.6666666667, 0, 33.3333333333, 0, 0, 0, 0, 0;66.6666666667, 0, 0, 0, 16.6666666667, 16.6666666667, 0, 0, 0, 0, 0, 0, 0, 0, 0, 0, 0, 0, 0, 0, 0, 0, 0, 0, 0;Europe/Paris;23,0
2022-07-08T19:00:00Z;-1;9000003703;hourly;0,7861111111;2,5441696113;8,9045936396;3,8162544170;2,5441696113;0,0000000000;2,5441696113;3,8162544170;5,0883392226;2,5441696113;1,2720848057;1,2720848057;1,2720848057;1;0, 0, 0, 85.7142857143, 14.2857142857, 0, 0, 0;0, 0, 0, 0, 0, 0, 42.8571428571, 42.8571428571, 14.2857142857, 0, 0, 0, 0, 0, 0, 0, 0, 0, 0, 0, 0, 0, 0, 0, 0;Europe/Paris;37,5
2022-07-08T20:00:00Z;-1;9000003703;hourly;0,2016666667;0,0000000000;19,8347107438;0,0000000000;4,9586776860;0,0000000000;0,0000000000;9,9173553719;9,9173553719;0,0000000000;0,0000000000;0,0000000000;4,9586776860;1;0, 0, 100, 0, 0, 0, 0, 0;0, 0, 0, 0, 50, 50, 0, 0, 0, 0, 0, 0, 0, 0, 0, 0, 0, 0, 0, 0, 0, 0, 0, 0, 0;Europe/Paris;26,0
2022-07-08T21:00:00Z;-1;9000003703;hourly;0,0000000000;0,0000000000;0,0000000000;0,0000000000;0,0000000000;0,0000000000;0,0000000000;0,0000000000;0,0000000000;0,0000000000;0,0000000000;0,0000000000;0,0000000000;1;0, 0, 0, 0, 0, 0, 0, 0;0, 0, 0, 0, 0, 0, 0, 0, 0, 0, 0, 0, 0, 0, 0, 0, 0, 0, 0, 0, 0, 0, 0, 0, 0;Europe/Paris;NA
2022-07-08T23:00:00Z;-1;9000003703;hourly;0,0000000000;0,0000000000;0,0000000000;0,0000000000;0,0000000000;0,0000000000;0,0000000000;0,0000000000;0,0000000000;0,0000000000;0,0000000000;0,0000000000;0,0000000000;1;0, 0, 0, 0, 0, 0, 0, 0;0, 0, 0, 0, 0, 0, 0, 0, 0, 0, 0, 0, 0, 0, 0, 0, 0, 0, 0, 0, 0, 0, 0, 0, 0;Europe/Paris;NA
2022-07-09T00:00:00Z;-1;9000003703;hourly;0,0000000000;0,0000000000;0,0000000000;0,0000000000;0,0000000000;0,0000000000;0,0000000000;0,0000000000;0,0000000000;0,0000000000;0,0000000000;0,0000000000;0,0000000000;1;0, 0, 0, 0, 0, 0, 0, 0;0, 0, 0, 0, 0, 0, 0, 0, 0, 0, 0, 0, 0, 0, 0, 0, 0, 0, 0, 0, 0, 0, 0, 0, 0;Europe/Paris;NA
2022-07-09T01:00:00Z;-1;9000003703;hourly;0,0000000000;0,0000000000;0,0000000000;0,0000000000;0,0000000000;0,0000000000;0,0000000000;0,0000000000;0,0000000000;0,0000000000;0,0000000000;0,0000000000;0,0000000000;1;0, 0, 0, 0, 0, 0, 0, 0;0, 0, 0, 0, 0, 0, 0, 0, 0, 0, 0, 0, 0, 0, 0, 0, 0, 0, 0, 0, 0, 0, 0, 0, 0;Europe/Paris;NA
2022-07-09T02:00:00Z;-1;9000003703;hourly;0,0000000000;0,0000000000;0,0000000000;0,0000000000;0,0000000000;0,0000000000;0,0000000000;0,0000000000;0,0000000000;0,0000000000;0,0000000000;0,0000000000;0,0000000000;1;0, 0, 0, 0, 0, 0, 0, 0;0, 0, 0, 0, 0, 0, 0, 0, 0, 0, 0, 0, 0, 0, 0, 0, 0, 0, 0, 0, 0, 0, 0, 0, 0;Europe/Paris;NA
2022-07-09T03:00:00Z;-1;9000003703;hourly;0,0000000000;0,0000000000;0,0000000000;0,0000000000;0,0000000000;0,0000000000;0,0000000000;0,0000000000;0,0000000000;0,0000000000;0,0000000000;0,0000000000;0,0000000000;1;0, 0, 0, 0, 0, 0, 0, 0;0, 0, 0, 0, 0, 0, 0, 0, 0, 0, 0, 0, 0, 0, 0, 0, 0, 0, 0, 0, 0, 0, 0, 0, 0;Europe/Paris;NA
2022-07-09T04:00:00Z;-1;9000003703;hourly;0,5700000000;0,0000000000;1,7543859649;0,0000000000;0,0000000000;0,0000000000;0,0000000000;0,0000000000;1,7543859649;0,0000000000;0,0000000000;0,0000000000;0,0000000000;1;0, 0, 0, 100, 0, 0, 0, 0;0, 0, 0, 0, 0, 0, 100, 0, 0, 0, 0, 0, 0, 0, 0, 0, 0, 0, 0, 0, 0, 0, 0, 0, 0;Europe/Paris;31,5
2022-07-09T05:00:00Z;-1;9000003703;hourly;0,8091666667;1,2358393409;4,9433573635;0,0000000000;2,4716786818;0,0000000000;1,2358393409;4,9433573635;0,0000000000;0,0000000000;0,0000000000;1,2358393409;1,2358393409;1;0, 0, 25, 75, 0, 0, 0, 0;0, 0, 0, 0, 0, 25, 50, 25, 0, 0, 0, 0, 0, 0, 0, 0, 0, 0, 0, 0, 0, 0, 0, 0, 0;Europe/Paris;34,5
2022-07-09T06:00:00Z;-1;9000003703;hourly;0,7161111111;4,1892940264;6,9821567106;11,1714507370;1,3964313421;1,3964313421;2,7928626843;5,5857253685;1,3964313421;5,5857253685;5,5857253685;1,3964313421;0,0000000000;1;40, 0, 40, 20, 0, 0, 0, 0;20, 20, 0, 0, 0, 40, 20, 0, 0, 0, 0, 0, 0, 0, 0, 0, 0, 0, 0, 0, 0, 0, 0, 0, 0;Europe/Paris;28,5
2022-07-09T07:00:00Z;-1;9000003703;hourly;0,7736111111;9,0484739677;23,2675044883;6,4631956912;1,2926391382;3,8779174147;5,1705565530;12,9263913824;10,3411131059;5,1705565530;1,2926391382;1,2926391382;0,0000000000;1;0, 0, 33.3333333333, 61.1111111111, 5.5555555556, 0, 0, 0;0, 0, 0, 0, 16.6666666667, 16.6666666667, 50, 11.1111111111, 0, 5.5555555556, 0, 0, 0, 0, 0, 0, 0, 0, 0, 0, 0, 0, 0, 0, 0;Europe/Paris;33,0
2022-07-09T08:00:00Z;-1;9000003703;hourly;0,8008333333;21,2278876171;48,6992715921;8,7408949011;12,4869927159;13,7356919875;7,4921956296;14,9843912591;33,7148803330;6,2434963580;2,4973985432;7,4921956296;4,9947970864;1;2.5641025641, 0, 20.5128205128, 58.9743589744, 17.9487179487, 0, 0, 0;2.5641025641, 0, 0, 0, 10.2564102564, 10.2564102564, 38.4615384615, 20.5128205128, 10.2564102564, 7.6923076923, 0, 0, 0, 0, 0, 0, 0, 0, 0, 0, 0, 0, 0, 0, 0;Europe/Paris;39,0
2022-07-09T09:00:00Z;-1;9000003703;hourly;0,8050000000;19,8757763975;65,8385093168;6,2111801242;2,4844720497;17,3913043478;2,4844720497;22,3602484472;43,4782608696;3,7267080745;2,4844720497;2,4844720497;0,0000000000;1;0, 1.8867924528, 15.0943396226, 66.0377358491, 13.2075471698, 3.7735849057, 0, 0;0, 0, 1.8867924528, 0, 5.6603773585, 9.4339622642, 24.5283018868, 41.5094339623, 9.4339622642, 3.7735849057, 1.8867924528, 1.8867924528, 0, 0, 0, 0, 0, 0, 0, 0, 0, 0, 0, 0, 0;Europe/Paris;38,5
2022-07-09T10:00:00Z;-1;9000003703;hourly;0,8019444444;13,7166608937;53,6196744025;3,7409075165;4,9878766886;7,4818150329;6,2348458608;14,9636300658;38,6560443367;1,2469691722;2,4939383443;1,2469691722;3,7409075165;1;0, 0, 16.2790697674, 55.8139534884, 18.6046511628, 9.3023255814, 0, 0;0, 0, 0, 0, 0, 16.2790697674, 32.5581395349, 23.2558139535, 13.9534883721, 4.6511627907, 9.3023255814, 0, 0, 0, 0, 0, 0, 0, 0, 0, 0, 0, 0, 0, 0;Europe/Paris;42,0
2022-07-09T11:00:00Z;-1;9000003703;hourly;0,8066666667;8,6776859504;37,1900826446;2,4793388430;2,4793388430;7,4380165289;1,2396694215;13,6363636364;23,5537190083;2,4793388430;0,0000000000;0,0000000000;2,4793388430;1;0, 6.6666666667, 16.6666666667, 46.6666666667, 23.3333333333, 3.3333333333, 3.3333333333, 0;0, 0, 0, 6.6666666667, 6.6666666667, 10, 16.6666666667, 30, 20, 3.3333333333, 3.3333333333, 0, 3.3333333333, 0, 0, 0, 0, 0, 0, 0, 0, 0, 0, 0, 0;Europe/Paris;41,0
2022-07-09T12:00:00Z;-1;9000003703;hourly;0,7969444444;5,0191704427;47,6821192053;2,5095852213;2,5095852213;3,7643778320;1,2547926107;22,5862669920;25,0958522133;0,0000000000;2,5095852213;2,5095852213;0,0000000000;1;0, 2.6315789474, 28.9473684211, 39.4736842105, 28.9473684211, 0, 0, 0;0, 0, 0, 2.6315789474, 10.5263157895, 18.4210526316, 23.6842105263, 15.7894736842, 21.0526315789, 7.8947368421, 0, 0, 0, 0, 0, 0, 0, 0, 0, 0, 0, 0, 0, 0, 0;Europe/Paris;41,0
2022-07-09T13:00:00Z;-1;9000003703;hourly;0,7886111111;5,0722085241;36,7735117999;3,8041563931;1,2680521310;3,8041563931;1,2680521310;16,4846777034;20,2888340965;2,5361042621;1,2680521310;1,2680521310;0,0000000000;1;0, 6.8965517241, 31.0344827586, 44.8275862069, 13.7931034483, 0, 3.4482758621, 0;0, 0, 3.4482758621, 3.4482758621, 17.2413793103, 13.7931034483, 37.9310344828, 6.8965517241, 6.8965517241, 6.8965517241, 0, 0, 3.4482758621, 0, 0, 0, 0, 0, 0, 0, 0, 0, 0, 0, 0;Europe/Paris;39,0
2022-07-09T14:00:00Z;-1;9000003703;hourly;0,7786111111;2,5686764181;55,2265429897;16,6963967178;2,5686764181;1,2843382091;1,2843382091;25,6867641812;29,5397788084;10,2747056725;6,4216910453;2,5686764181;0,0000000000;1;4.6511627907, 0, 37.2093023256, 39.5348837209, 16.2790697674, 2.3255813953, 0, 0;4.6511627907, 0, 0, 0, 6.976744186, 30.2325581395, 25.5813953488, 13.9534883721, 11.6279069767, 4.6511627907, 2.3255813953, 0, 0, 0, 0, 0, 0, 0, 0, 0, 0, 0, 0, 0, 0;Europe/Paris;39,0
2022-07-09T15:00:00Z;-1;9000003703;hourly;0,7511111111;1,3313609467;65,2366863905;10,6508875740;2,6627218935;1,3313609467;0,0000000000;29,2899408284;35,9467455621;2,6627218935;7,9881656805;0,0000000000;2,6627218935;1;0, 4.0816326531, 26.5306122449, 55.1020408163, 12.2448979592, 2.0408163265, 0, 0;0, 0, 2.0408163265, 2.0408163265, 16.3265306122, 10.2040816327, 36.7346938776, 18.3673469388, 10.2040816327, 2.0408163265, 2.0408163265, 0, 0, 0, 0, 0, 0, 0, 0, 0, 0, 0, 0, 0, 0;Europe/Paris;37,5
2022-07-09T16:00:00Z;-1;9000003703;hourly;0,7500000000;1,3333333333;42,6666666667;9,3333333333;6,6666666667;1,3333333333;0,0000000000;17,3333333333;25,3333333333;8,0000000000;1,3333333333;2,6666666667;4,0000000000;1;6.25, 0, 31.25, 37.5, 12.5, 3.125, 0, 9.375;6.25, 0, 0, 0, 12.5, 18.75, 28.125, 9.375, 9.375, 3.125, 3.125, 0, 0, 0, 0, 3.125, 0, 0, 0, 0, 0, 0, 0, 0, 6.25;Europe/Paris;43,5
2022-07-09T17:00:00Z;-1;9000003703;hourly;0,7430555556;0,0000000000;13,4579439252;26,9158878505;1,3457943925;0,0000000000;0,0000000000;8,0747663551;5,3831775701;9,4205607477;17,4953271028;1,3457943925;0,0000000000;1;20, 10, 20, 30, 20, 0, 0, 0;20, 0, 10, 0, 20, 0, 20, 10, 10, 10, 0, 0, 0, 0, 0, 0, 0, 0, 0, 0, 0, 0, 0, 0, 0;Europe/Paris;40,0
2022-07-09T18:00:00Z;-1;9000003703;hourly;0,7041666667;0,0000000000;4,2603550296;5,6804733728;4,2603550296;0,0000000000;0,0000000000;2,8402366864;1,4201183432;1,4201183432;4,2603550296;4,2603550296;0,0000000000;1;33.3333333333, 33.3333333333, 33.3333333333, 0, 0, 0, 0, 0;33.3333333333, 0, 33.3333333333, 0, 0, 33.3333333333, 0, 0, 0, 0, 0, 0, 0, 0, 0, 0, 0, 0, 0, 0, 0, 0, 0, 0, 0;Europe/Paris;25,5
2022-07-09T19:00:00Z;-1;9000003703;hourly;0,7922222222;0,0000000000;3,7868162693;6,3113604488;0,0000000000;0,0000000000;0,0000000000;2,5245441795;1,2622720898;2,5245441795;3,7868162693;0,0000000000;0,0000000000;1;33.3333333333, 0, 33.3333333333, 33.3333333333, 0, 0, 0, 0;0, 33.3333333333, 0, 0, 0, 33.3333333333, 0, 33.3333333333, 0, 0, 0, 0, 0, 0, 0, 0, 0, 0, 0, 0, 0, 0, 0, 0, 0;Europe/Paris;35,5
2022-07-09T20:00:00Z;-1;9000003703;hourly;0,2408333333;0,0000000000;16,6089965398;4,1522491349;0,0000000000;0,0000000000;0,0000000000;8,3044982699;8,3044982699;4,1522491349;0,0000000000;0,0000000000;0,0000000000;1;0, 0, 25, 75, 0, 0, 0, 0;0, 0, 0, 0, 0, 25, 75, 0, 0, 0, 0, 0, 0, 0, 0, 0, 0, 0, 0, 0, 0, 0, 0, 0, 0;Europe/Paris;31,5
2022-07-09T21:00:00Z;-1;9000003703;hourly;0,0000000000;0,0000000000;0,0000000000;0,0000000000;0,0000000000;0,0000000000;0,0000000000;0,0000000000;0,0000000000;0,0000000000;0,0000000000;0,0000000000;0,0000000000;1;0, 0, 0, 0, 0, 0, 0, 0;0, 0, 0, 0, 0, 0, 0, 0, 0, 0, 0, 0, 0, 0, 0, 0, 0, 0, 0, 0, 0, 0, 0, 0, 0;Europe/Paris;NA
2022-07-09T23:00:00Z;-1;9000003703;hourly;0,0000000000;0,0000000000;0,0000000000;0,0000000000;0,0000000000;0,0000000000;0,0000000000;0,0000000000;0,0000000000;0,0000000000;0,0000000000;0,0000000000;0,0000000000;1;0, 0, 0, 0, 0, 0, 0, 0;0, 0, 0, 0, 0, 0, 0, 0, 0, 0, 0, 0, 0, 0, 0, 0, 0, 0, 0, 0, 0, 0, 0, 0, 0;Europe/Paris;NA
2022-07-10T00:00:00Z;-1;9000003703;hourly;0,0000000000;0,0000000000;0,0000000000;0,0000000000;0,0000000000;0,0000000000;0,0000000000;0,0000000000;0,0000000000;0,0000000000;0,0000000000;0,0000000000;0,0000000000;1;0, 0, 0, 0, 0, 0, 0, 0;0, 0, 0, 0, 0, 0, 0, 0, 0, 0, 0, 0, 0, 0, 0, 0, 0, 0, 0, 0, 0, 0, 0, 0, 0;Europe/Paris;NA
2022-07-10T01:00:00Z;-1;9000003703;hourly;0,0000000000;0,0000000000;0,0000000000;0,0000000000;0,0000000000;0,0000000000;0,0000000000;0,0000000000;0,0000000000;0,0000000000;0,0000000000;0,0000000000;0,0000000000;1;0, 0, 0, 0, 0, 0, 0, 0;0, 0, 0, 0, 0, 0, 0, 0, 0, 0, 0, 0, 0, 0, 0, 0, 0, 0, 0, 0, 0, 0, 0, 0, 0;Europe/Paris;NA
2022-07-10T02:00:00Z;-1;9000003703;hourly;0,0000000000;0,0000000000;0,0000000000;0,0000000000;0,0000000000;0,0000000000;0,0000000000;0,0000000000;0,0000000000;0,0000000000;0,0000000000;0,0000000000;0,0000000000;1;0, 0, 0, 0, 0, 0, 0, 0;0, 0, 0, 0, 0, 0, 0, 0, 0, 0, 0, 0, 0, 0, 0, 0, 0, 0, 0, 0, 0, 0, 0, 0, 0;Europe/Paris;NA
2022-07-10T03:00:00Z;-1;9000003703;hourly;0,0000000000;0,0000000000;0,0000000000;0,0000000000;0,0000000000;0,0000000000;0,0000000000;0,0000000000;0,0000000000;0,0000000000;0,0000000000;0,0000000000;0,0000000000;1;0, 0, 0, 0, 0, 0, 0, 0;0, 0, 0, 0, 0, 0, 0, 0, 0, 0, 0, 0, 0, 0, 0, 0, 0, 0, 0, 0, 0, 0, 0, 0, 0;Europe/Paris;NA
2022-07-10T04:00:00Z;-1;9000003703;hourly;0,5300000000;0,0000000000;1,8867924528;0,0000000000;0,0000000000;0,0000000000;0,0000000000;1,8867924528;0,0000000000;0,0000000000;0,0000000000;0,0000000000;0,0000000000;1;0, 0, 0, 0, 100, 0, 0, 0;0, 0, 0, 0, 0, 0, 0, 0, 100, 0, 0, 0, 0, 0, 0, 0, 0, 0, 0, 0, 0, 0, 0, 0, 0;Europe/Paris;41,5
2022-07-10T05:00:00Z;-1;9000003703;hourly;0,8041666667;0,0000000000;6,2176165803;1,2435233161;2,4870466321;0,0000000000;0,0000000000;3,7305699482;2,4870466321;1,2435233161;0,0000000000;1,2435233161;1,2435233161;1;0, 0, 60, 40, 0, 0, 0, 0;0, 0, 0, 0, 20, 40, 20, 20, 0, 0, 0, 0, 0, 0, 0, 0, 0, 0, 0, 0, 0, 0, 0, 0, 0;Europe/Paris;34,0
2022-07-10T06:00:00Z;-1;9000003703;hourly;0,7025000000;1,4234875445;1,4234875445;8,5409252669;4,2704626335;0,0000000000;1,4234875445;0,0000000000;1,4234875445;5,6939501779;2,8469750890;1,4234875445;2,8469750890;1;0, 0, 0, 100, 0, 0, 0, 0;0, 0, 0, 0, 0, 0, 100, 0, 0, 0, 0, 0, 0, 0, 0, 0, 0, 0, 0, 0, 0, 0, 0, 0, 0;Europe/Paris;31,5
2022-07-10T07:00:00Z;-1;9000003703;hourly;0,7691666667;6,5005417118;18,2015167931;29,9024918743;3,9003250271;2,6002166847;3,9003250271;10,4008667389;7,8006500542;19,5016251354;10,4008667389;2,6002166847;1,3001083424;1;7.1428571429, 7.1428571429, 42.8571428571, 35.7142857143, 7.1428571429, 0, 0, 0;7.1428571429, 0, 0, 7.1428571429, 14.2857142857, 28.5714285714, 28.5714285714, 7.1428571429, 7.1428571429, 0, 0, 0, 0, 0, 0, 0, 0, 0, 0, 0, 0, 0, 0, 0, 0;Europe/Paris;32,5
2022-07-10T08:00:00Z;-1;9000003703;hourly;0,8005555556;6,2456627342;29,9791811242;13,7404580153;14,9895905621;2,4982650937;3,7473976405;14,9895905621;14,9895905621;7,4947952811;6,2456627342;11,2421929216;3,7473976405;1;0, 4.1666666667, 41.6666666667, 50, 4.1666666667, 0, 0, 0;0, 0, 0, 4.1666666667, 8.3333333333, 33.3333333333, 29.1666666667, 20.8333333333, 4.1666666667, 0, 0, 0, 0, 0, 0, 0, 0, 0, 0, 0, 0, 0, 0, 0, 0;Europe/Paris;35,0
2022-07-10T09:00:00Z;-1;9000003703;hourly;0,7944444444;2,5174825175;45,3146853147;11,3286713287;10,0699300699;1,2587412587;1,2587412587;25,1748251748;20,1398601399;8,8111888112;2,5174825175;0,0000000000;10,0699300699;1;0, 5.5555555556, 38.8888888889, 44.4444444444, 11.1111111111, 0, 0, 0;0, 0, 2.7777777778, 2.7777777778, 2.7777777778, 36.1111111111, 27.7777777778, 16.6666666667, 11.1111111111, 0, 0, 0, 0, 0, 0, 0, 0, 0, 0, 0, 0, 0, 0, 0, 0;Europe/Paris;36,5
2022-07-10T10:00:00Z;-1;9000003703;hourly;0,7977777778;1,2534818942;35,0974930362;3,7604456825;2,5069637883;1,2534818942;0,0000000000;8,7743732591;26,3231197772;2,5069637883;1,2534818942;2,5069637883;0,0000000000;1;0, 0, 28.5714285714, 46.4285714286, 14.2857142857, 7.1428571429, 3.5714285714, 0;0, 0, 0, 0, 10.7142857143, 17.8571428571, 21.4285714286, 25, 7.1428571429, 7.1428571429, 7.1428571429, 0, 3.5714285714, 0, 0, 0, 0, 0, 0, 0, 0, 0, 0, 0, 0;Europe/Paris;44,5
2022-07-10T11:00:00Z;-1;9000003703;hourly;0,8041666667;1,2435233161;13,6787564767;3,7305699482;1,2435233161;1,2435233161;0,0000000000;4,9740932642;8,7046632124;2,4870466321;1,2435233161;0,0000000000;1,2435233161;1;0, 0, 0, 72.7272727273, 27.2727272727, 0, 0, 0;0, 0, 0, 0, 0, 0, 45.4545454545, 27.2727272727, 27.2727272727, 0, 0, 0, 0, 0, 0, 0, 0, 0, 0, 0, 0, 0, 0, 0, 0;Europe/Paris;40,0
2022-07-10T12:00:00Z;-1;9000003703;hourly;0,7977777778;1,2534818942;20,0557103064;1,2534818942;1,2534818942;1,2534818942;0,0000000000;7,5208913649;12,5348189415;1,2534818942;0,0000000000;0,0000000000;1,2534818942;1;0, 0, 25, 56.25, 18.75, 0, 0, 0;0, 0, 0, 0, 12.5, 12.5, 31.25, 25, 12.5, 6.25, 0, 0, 0, 0, 0, 0, 0, 0, 0, 0, 0, 0, 0, 0, 0;Europe/Paris;39,0
2022-07-10T13:00:00Z;-1;9000003703;hourly;0,7811111111;2,5604551920;20,4836415363;1,2802275960;1,2802275960;2,5604551920;0,0000000000;10,2418207681;10,2418207681;0,0000000000;1,2802275960;0,0000000000;1,2802275960;1;0, 6.25, 25, 62.5, 0, 6.25, 0, 0;0, 0, 0, 6.25, 12.5, 12.5, 37.5, 25, 0, 0, 6.25, 0, 0, 0, 0, 0, 0, 0, 0, 0, 0, 0, 0, 0, 0;Europe/Paris;35,5
2022-07-10T14:00:00Z;-1;9000003703;hourly;0,7800000000;0,0000000000;17,9487179487;2,5641025641;1,2820512821;0,0000000000;0,0000000000;5,1282051282;12,8205128205;1,2820512821;1,2820512821;0,0000000000;1,2820512821;1;0, 0, 35.7142857143, 50, 7.1428571429, 7.1428571429, 0, 0;0, 0, 0, 0, 21.4285714286, 14.2857142857, 14.2857142857, 35.7142857143, 7.1428571429, 0, 7.1428571429, 0, 0, 0, 0, 0, 0, 0, 0, 0, 0, 0, 0, 0, 0;Europe/Paris;37,5
2022-07-10T15:00:00Z;-1;9000003703;hourly;0,7638888889;0,0000000000;35,3454545455;1,3090909091;1,3090909091;0,0000000000;0,0000000000;15,7090909091;19,6363636364;1,3090909091;0,0000000000;0,0000000000;1,3090909091;1;0, 0, 29.6296296296, 48.1481481481, 18.5185185185, 3.7037037037, 0, 0;0, 0, 0, 0, 7.4074074074, 22.2222222222, 40.7407407407, 7.4074074074, 11.1111111111, 7.4074074074, 0, 3.7037037037, 0, 0, 0, 0, 0, 0, 0, 0, 0, 0, 0, 0, 0;Europe/Paris;41,0
2022-07-10T16:00:00Z;-1;9000003703;hourly;0,7561111111;1,3225569434;33,0639235856;5,2902277737;2,6451138868;0,0000000000;1,3225569434;9,2578986040;23,8060249816;3,9676708303;1,3225569434;1,3225569434;1,3225569434;1;16, 4, 32, 32, 12, 4, 0, 0;12, 4, 0, 4, 8, 24, 28, 4, 8, 4, 4, 0, 0, 0, 0, 0, 0, 0, 0, 0, 0, 0, 0, 0, 0;Europe/Paris;38,0
2022-07-10T17:00:00Z;-1;9000003703;hourly;0,7625000000;2,6229508197;10,4918032787;14,4262295082;10,4918032787;1,3114754098;1,3114754098;2,6229508197;7,8688524590;3,9344262295;10,4918032787;1,3114754098;9,1803278689;1;25, 0, 12.5, 50, 12.5, 0, 0, 0;25, 0, 0, 0, 12.5, 0, 25, 25, 12.5, 0, 0, 0, 0, 0, 0, 0, 0, 0, 0, 0, 0, 0, 0, 0, 0;Europe/Paris;37,0
2022-07-10T18:00:00Z;-1;9000003703;hourly;0,7075000000;1,4134275618;12,7208480565;11,3074204947;5,6537102473;0,0000000000;1,4134275618;7,0671378092;5,6537102473;8,4805653710;2,8268551237;1,4134275618;4,2402826855;1;55.5555555556, 0, 33.3333333333, 11.1111111111, 0, 0, 0, 0;55.5555555556, 0, 0, 0, 11.1111111111, 22.2222222222, 11.1111111111, 0, 0, 0, 0, 0, 0, 0, 0, 0, 0, 0, 0, 0, 0, 0, 0, 0, 0;Europe/Paris;26,5
2022-07-10T19:00:00Z;-1;9000003703;hourly;0,7983333333;1,2526096033;17,5365344468;1,2526096033;2,5052192067;0,0000000000;1,2526096033;5,0104384134;12,5260960334;0,0000000000;1,2526096033;2,5052192067;0,0000000000;1;0, 7.1428571429, 21.4285714286, 50, 21.4285714286, 0, 0, 0;0, 0, 0, 7.1428571429, 7.1428571429, 14.2857142857, 35.7142857143, 14.2857142857, 14.2857142857, 7.1428571429, 0, 0, 0, 0, 0, 0, 0, 0, 0, 0, 0, 0, 0, 0, 0;Europe/Paris;39,5
2022-07-10T20:00:00Z;-1;9000003703;hourly;0,2155555556;0,0000000000;32,4742268041;0,0000000000;4,6391752577;0,0000000000;0,0000000000;0,0000000000;32,4742268041;0,0000000000;0,0000000000;4,6391752577;0,0000000000;1;0, 0, 42.8571428571, 42.8571428571, 14.2857142857, 0, 0, 0;0, 0, 0, 0, 0, 42.8571428571, 0, 42.8571428571, 0, 14.2857142857, 0, 0, 0, 0, 0, 0, 0, 0, 0, 0, 0, 0, 0, 0, 0;Europe/Paris;37,5
2022-07-10T21:00:00Z;-1;9000003703;hourly;0,0000000000;0,0000000000;0,0000000000;0,0000000000;0,0000000000;0,0000000000;0,0000000000;0,0000000000;0,0000000000;0,0000000000;0,0000000000;0,0000000000;0,0000000000;1;0, 0, 0, 0, 0, 0, 0, 0;0, 0, 0, 0, 0, 0, 0, 0, 0, 0, 0, 0, 0, 0, 0, 0, 0, 0, 0, 0, 0, 0, 0, 0, 0;Europe/Paris;NA
2022-07-10T23:00:00Z;-1;9000003703;hourly;0,0000000000;0,0000000000;0,0000000000;0,0000000000;0,0000000000;0,0000000000;0,0000000000;0,0000000000;0,0000000000;0,0000000000;0,0000000000;0,0000000000;0,0000000000;1;0, 0, 0, 0, 0, 0, 0, 0;0, 0, 0, 0, 0, 0, 0, 0, 0, 0, 0, 0, 0, 0, 0, 0, 0, 0, 0, 0, 0, 0, 0, 0, 0;Europe/Paris;NA
2022-07-11T00:00:00Z;-1;9000003703;hourly;0,0000000000;0,0000000000;0,0000000000;0,0000000000;0,0000000000;0,0000000000;0,0000000000;0,0000000000;0,0000000000;0,0000000000;0,0000000000;0,0000000000;0,0000000000;1;0, 0, 0, 0, 0, 0, 0, 0;0, 0, 0, 0, 0, 0, 0, 0, 0, 0, 0, 0, 0, 0, 0, 0, 0, 0, 0, 0, 0, 0, 0, 0, 0;Europe/Paris;NA
2022-07-11T01:00:00Z;-1;9000003703;hourly;0,0000000000;0,0000000000;0,0000000000;0,0000000000;0,0000000000;0,0000000000;0,0000000000;0,0000000000;0,0000000000;0,0000000000;0,0000000000;0,0000000000;0,0000000000;1;0, 0, 0, 0, 0, 0, 0, 0;0, 0, 0, 0, 0, 0, 0, 0, 0, 0, 0, 0, 0, 0, 0, 0, 0, 0, 0, 0, 0, 0, 0, 0, 0;Europe/Paris;NA
2022-07-11T02:00:00Z;-1;9000003703;hourly;0,0000000000;0,0000000000;0,0000000000;0,0000000000;0,0000000000;0,0000000000;0,0000000000;0,0000000000;0,0000000000;0,0000000000;0,0000000000;0,0000000000;0,0000000000;1;0, 0, 0, 0, 0, 0, 0, 0;0, 0, 0, 0, 0, 0, 0, 0, 0, 0, 0, 0, 0, 0, 0, 0, 0, 0, 0, 0, 0, 0, 0, 0, 0;Europe/Paris;NA
2022-07-11T03:00:00Z;-1;9000003703;hourly;0,0000000000;0,0000000000;0,0000000000;0,0000000000;0,0000000000;0,0000000000;0,0000000000;0,0000000000;0,0000000000;0,0000000000;0,0000000000;0,0000000000;0,0000000000;1;0, 0, 0, 0, 0, 0, 0, 0;0, 0, 0, 0, 0, 0, 0, 0, 0, 0, 0, 0, 0, 0, 0, 0, 0, 0, 0, 0, 0, 0, 0, 0, 0;Europe/Paris;NA
2022-07-11T04:00:00Z;-1;9000003703;hourly;0,6136111111;3,2593933907;8,1484834767;0,0000000000;1,6296966953;1,6296966953;1,6296966953;4,8890900860;3,2593933907;0,0000000000;0,0000000000;1,6296966953;0,0000000000;1;0, 0, 40, 20, 40, 0, 0, 0;0, 0, 0, 0, 0, 40, 0, 20, 20, 20, 0, 0, 0, 0, 0, 0, 0, 0, 0, 0, 0, 0, 0, 0, 0;Europe/Paris;44,0
2022-07-11T05:00:00Z;-1;9000003703;hourly;0,8041666667;3,7305699482;27,3575129534;4,9740932642;11,1917098446;1,2435233161;2,4870466321;17,4093264249;9,9481865285;4,9740932642;0,0000000000;6,2176165803;4,9740932642;1;0, 0, 31.8181818182, 45.4545454545, 22.7272727273, 0, 0, 0;0, 0, 0, 0, 13.6363636364, 18.1818181818, 36.3636363636, 9.0909090909, 13.6363636364, 9.0909090909, 0, 0, 0, 0, 0, 0, 0, 0, 0, 0, 0, 0, 0, 0, 0;Europe/Paris;40,5
2022-07-11T06:00:00Z;-1;9000003703;hourly;0,7061111111;11,3296616837;7,0810385523;38,2376081825;8,4972462628;5,6648308419;5,6648308419;4,2486231314;2,8324154209;16,9944925256;21,2431156570;5,6648308419;2,8324154209;1;20, 0, 20, 60, 0, 0, 0, 0;0, 20, 0, 0, 0, 20, 60, 0, 0, 0, 0, 0, 0, 0, 0, 0, 0, 0, 0, 0, 0, 0, 0, 0, 0;Europe/Paris;31,0
2022-07-11T07:00:00Z;-1;9000003703;hourly;0,7613888889;22,3276176578;17,0740605618;5,2535570960;6,5669463699;10,5071141919;11,8205034659;7,8803356439;9,1937249179;3,9401678220;1,3133892740;1,3133892740;5,2535570960;1;7.6923076923, 15.3846153846, 30.7692307692, 30.7692307692, 15.3846153846, 0, 0, 0;7.6923076923, 0, 7.6923076923, 7.6923076923, 7.6923076923, 23.0769230769, 23.0769230769, 7.6923076923, 7.6923076923, 7.6923076923, 0, 0, 0, 0, 0, 0, 0, 0, 0, 0, 0, 0, 0, 0, 0;Europe/Paris;37,5
2022-07-11T08:00:00Z;-1;9000003703;hourly;0,7902777778;8,8576449912;35,4305799649;10,1230228471;13,9191564148;3,7961335677;5,0615114236;18,9806678383;16,4499121265;1,2653778559;8,8576449912;10,1230228471;3,7961335677;1;0, 7.1428571429, 28.5714285714, 57.1428571429, 7.1428571429, 0, 0, 0;0, 0, 3.5714285714, 3.5714285714, 10.7142857143, 17.8571428571, 42.8571428571, 14.2857142857, 7.1428571429, 0, 0, 0, 0, 0, 0, 0, 0, 0, 0, 0, 0, 0, 0, 0, 0;Europe/Paris;34,5
2022-07-11T09:00:00Z;-1;9000003703;hourly;0,7844444444;6,3739376771;39,5184135977;2,5495750708;8,9235127479;2,5495750708;3,8243626062;17,8470254958;21,6713881020;1,2747875354;1,2747875354;3,8243626062;5,0991501416;1;0, 3.2258064516, 32.2580645161, 54.8387096774, 6.4516129032, 3.2258064516, 0, 0;0, 0, 0, 3.2258064516, 6.4516129032, 25.8064516129, 32.2580645161, 22.5806451613, 6.4516129032, 0, 3.2258064516, 0, 0, 0, 0, 0, 0, 0, 0, 0, 0, 0, 0, 0, 0;Europe/Paris;36,5
2022-07-11T10:00:00Z;-1;9000003703;hourly;0,7952777778;15,0890674118;71,6730702061;2,5148445686;1,2574222843;6,2871114216;8,8019559902;28,9207125393;42,7523576668;0,0000000000;2,5148445686;0,0000000000;1,2574222843;1;0, 0, 31.5789473684, 47.3684210526, 19.298245614, 1.7543859649, 0, 0;0, 0, 0, 0, 10.5263157895, 21.0526315789, 17.5438596491, 29.8245614035, 14.0350877193, 5.2631578947, 1.7543859649, 0, 0, 0, 0, 0, 0, 0, 0, 0, 0, 0, 0, 0, 0;Europe/Paris;39,5
2022-07-11T11:00:00Z;-1;9000003703;hourly;0,8011111111;7,4895977809;43,6893203883;2,4965325936;2,4965325936;3,7447988904;3,7447988904;26,2135922330;17,4757281553;1,2482662968;1,2482662968;2,4965325936;0,0000000000;1;0, 5.7142857143, 34.2857142857, 51.4285714286, 8.5714285714, 0, 0, 0;0, 0, 0, 5.7142857143, 8.5714285714, 25.7142857143, 31.4285714286, 20, 8.5714285714, 0, 0, 0, 0, 0, 0, 0, 0, 0, 0, 0, 0, 0, 0, 0, 0;Europe/Paris;36,0
2022-07-11T12:00:00Z;-1;9000003703;hourly;0,7897222222;7,5976081604;54,4495251495;1,2662680267;5,0650721069;3,7988040802;3,7988040802;30,3904326416;24,0590925079;0,0000000000;1,2662680267;2,5325360535;2,5325360535;1;0, 0, 30.2325581395, 60.4651162791, 9.3023255814, 0, 0, 0;0, 0, 0, 0, 4.6511627907, 25.5813953488, 32.5581395349, 27.9069767442, 4.6511627907, 4.6511627907, 0, 0, 0, 0, 0, 0, 0, 0, 0, 0, 0, 0, 0, 0, 0;Europe/Paris;36,5
2022-07-11T13:00:00Z;-1;9000003703;hourly;0,7975000000;2,5078369906;35,1097178683;7,5235109718;0,0000000000;1,2539184953;1,2539184953;23,8244514107;11,2852664577;2,5078369906;5,0156739812;0,0000000000;0,0000000000;1;0, 7.1428571429, 53.5714285714, 28.5714285714, 7.1428571429, 3.5714285714, 0, 0;0, 0, 0, 7.1428571429, 25, 28.5714285714, 14.2857142857, 14.2857142857, 7.1428571429, 0, 3.5714285714, 0, 0, 0, 0, 0, 0, 0, 0, 0, 0, 0, 0, 0, 0;Europe/Paris;36,0
2022-07-11T14:00:00Z;-1;9000003703;hourly;0,7869444444;8,8951641370;43,2050829509;1,2707377339;1,2707377339;3,8122132016;5,0829509354;16,5195905401;26,6854924109;0,0000000000;1,2707377339;1,2707377339;0,0000000000;1;2.9411764706, 2.9411764706, 35.2941176471, 44.1176470588, 8.8235294118, 5.8823529412, 0, 0;0, 2.9411764706, 0, 2.9411764706, 5.8823529412, 29.4117647059, 20.5882352941, 23.5294117647, 8.8235294118, 0, 2.9411764706, 2.9411764706, 0, 0, 0, 0, 0, 0, 0, 0, 0, 0, 0, 0, 0;Europe/Paris;37,5
2022-07-11T15:00:00Z;-1;9000003703;hourly;0,7677777778;1,3024602026;105,4992764110;13,0246020260;5,2098408104;0,0000000000;1,3024602026;28,6541244573;76,8451519537;3,9073806078;9,1172214182;5,2098408104;0,0000000000;1;1.2345679012, 4.9382716049, 24.6913580247, 43.2098765432, 25.9259259259, 0, 0, 0;1.2345679012, 0, 0, 4.9382716049, 7.4074074074, 17.2839506173, 20.987654321, 22.2222222222, 19.7530864198, 6.1728395062, 0, 0, 0, 0, 0, 0, 0, 0, 0, 0, 0, 0, 0, 0, 0;Europe/Paris;40,5
2022-07-11T16:00:00Z;-1;9000003703;hourly;0,7680555556;1,3019891501;72,9113924051;15,6238698011;13,0198915009;0,0000000000;1,3019891501;16,9258589512;55,9855334539;7,8119349005;7,8119349005;1,3019891501;11,7179023508;1;5.3571428571, 7.1428571429, 21.4285714286, 35.7142857143, 16.0714285714, 10.7142857143, 3.5714285714, 0;3.5714285714, 1.7857142857, 1.7857142857, 5.3571428571, 10.7142857143, 10.7142857143, 25, 10.7142857143, 7.1428571429, 8.9285714286, 7.1428571429, 3.5714285714, 0, 3.5714285714, 0, 0, 0, 0, 0, 0, 0, 0, 0, 0, 0;Europe/Paris;47,0
2022-07-11T17:00:00Z;-1;9000003703;hourly;0,7508333333;1,3318534961;17,3140954495;18,6459489456;2,6637069922;0,0000000000;1,3318534961;6,6592674806;10,6548279689;6,6592674806;11,9866814650;0,0000000000;2,6637069922;1;69.2307692308, 0, 7.6923076923, 15.3846153846, 7.6923076923, 0, 0, 0;53.8461538462, 15.3846153846, 0, 0, 0, 7.6923076923, 0, 15.3846153846, 7.6923076923, 0, 0, 0, 0, 0, 0, 0, 0, 0, 0, 0, 0, 0, 0, 0, 0;Europe/Paris;35,0
2022-07-11T18:00:00Z;-1;9000003703;hourly;0,7280555556;0,0000000000;6,8676077833;6,8676077833;6,8676077833;0,0000000000;0,0000000000;2,7470431133;4,1205646700;4,1205646700;2,7470431133;1,3735215567;5,4940862266;1;60, 0, 0, 20, 20, 0, 0, 0;60, 0, 0, 0, 0, 0, 20, 0, 0, 20, 0, 0, 0, 0, 0, 0, 0, 0, 0, 0, 0, 0, 0, 0, 0;Europe/Paris;43,5
2022-07-11T19:00:00Z;-1;9000003703;hourly;0,7936111111;0,0000000000;13,8606930347;3,7801890095;3,7801890095;0,0000000000;0,0000000000;8,8204410221;5,0402520126;1,2600630032;2,5201260063;2,5201260063;1,2600630032;1;0, 0, 36.3636363636, 54.5454545455, 9.0909090909, 0, 0, 0;0, 0, 0, 0, 0, 36.3636363636, 36.3636363636, 18.1818181818, 9.0909090909, 0, 0, 0, 0, 0, 0, 0, 0, 0, 0, 0, 0, 0, 0, 0, 0;Europe/Paris;36,0
2022-07-11T20:00:00Z;-1;9000003703;hourly;0,0900000000;0,0000000000;0,0000000000;0,0000000000;0,0000000000;0,0000000000;0,0000000000;0,0000000000;0,0000000000;0,0000000000;0,0000000000;0,0000000000;0,0000000000;1;0, 0, 0, 0, 0, 0, 0, 0;0, 0, 0, 0, 0, 0, 0, 0, 0, 0, 0, 0, 0, 0, 0, 0, 0, 0, 0, 0, 0, 0, 0, 0, 0;Europe/Paris;NA
2022-07-11T21:00:00Z;-1;9000003703;hourly;0,0000000000;0,0000000000;0,0000000000;0,0000000000;0,0000000000;0,0000000000;0,0000000000;0,0000000000;0,0000000000;0,0000000000;0,0000000000;0,0000000000;0,0000000000;1;0, 0, 0, 0, 0, 0, 0, 0;0, 0, 0, 0, 0, 0, 0, 0, 0, 0, 0, 0, 0, 0, 0, 0, 0, 0, 0, 0, 0, 0, 0, 0, 0;Europe/Paris;NA
2022-07-11T23:00:00Z;-1;9000003703;hourly;0,0000000000;0,0000000000;0,0000000000;0,0000000000;0,0000000000;0,0000000000;0,0000000000;0,0000000000;0,0000000000;0,0000000000;0,0000000000;0,0000000000;0,0000000000;1;0, 0, 0, 0, 0, 0, 0, 0;0, 0, 0, 0, 0, 0, 0, 0, 0, 0, 0, 0, 0, 0, 0, 0, 0, 0, 0, 0, 0, 0, 0, 0, 0;Europe/Paris;NA
2022-07-12T00:00:00Z;-1;9000003703;hourly;0,0000000000;0,0000000000;0,0000000000;0,0000000000;0,0000000000;0,0000000000;0,0000000000;0,0000000000;0,0000000000;0,0000000000;0,0000000000;0,0000000000;0,0000000000;1;0, 0, 0, 0, 0, 0, 0, 0;0, 0, 0, 0, 0, 0, 0, 0, 0, 0, 0, 0, 0, 0, 0, 0, 0, 0, 0, 0, 0, 0, 0, 0, 0;Europe/Paris;NA
2022-07-12T01:00:00Z;-1;9000003703;hourly;0,0000000000;0,0000000000;0,0000000000;0,0000000000;0,0000000000;0,0000000000;0,0000000000;0,0000000000;0,0000000000;0,0000000000;0,0000000000;0,0000000000;0,0000000000;1;0, 0, 0, 0, 0, 0, 0, 0;0, 0, 0, 0, 0, 0, 0, 0, 0, 0, 0, 0, 0, 0, 0, 0, 0, 0, 0, 0, 0, 0, 0, 0, 0;Europe/Paris;NA
2022-07-12T02:00:00Z;-1;9000003703;hourly;0,0000000000;0,0000000000;0,0000000000;0,0000000000;0,0000000000;0,0000000000;0,0000000000;0,0000000000;0,0000000000;0,0000000000;0,0000000000;0,0000000000;0,0000000000;1;0, 0, 0, 0, 0, 0, 0, 0;0, 0, 0, 0, 0, 0, 0, 0, 0, 0, 0, 0, 0, 0, 0, 0, 0, 0, 0, 0, 0, 0, 0, 0, 0;Europe/Paris;NA
2022-07-12T03:00:00Z;-1;9000003703;hourly;0,0000000000;0,0000000000;0,0000000000;0,0000000000;0,0000000000;0,0000000000;0,0000000000;0,0000000000;0,0000000000;0,0000000000;0,0000000000;0,0000000000;0,0000000000;1;0, 0, 0, 0, 0, 0, 0, 0;0, 0, 0, 0, 0, 0, 0, 0, 0, 0, 0, 0, 0, 0, 0, 0, 0, 0, 0, 0, 0, 0, 0, 0, 0;Europe/Paris;NA
2022-07-12T04:00:00Z;-1;9000003703;hourly;0,6086111111;1,6430853492;11,5015974441;0,0000000000;1,6430853492;1,6430853492;0,0000000000;9,8585120949;1,6430853492;0,0000000000;0,0000000000;1,6430853492;0,0000000000;1;0, 0, 28.5714285714, 71.4285714286, 0, 0, 0, 0;0, 0, 0, 0, 0, 28.5714285714, 42.8571428571, 28.5714285714, 0, 0, 0, 0, 0, 0, 0, 0, 0, 0, 0, 0, 0, 0, 0, 0, 0;Europe/Paris;35,0
2022-07-12T05:00:00Z;-1;9000003703;hourly;0,7988888889;6,2586926287;28,7899860918;1,2517385257;10,0139082058;3,7552155772;2,5034770515;18,7760778860;10,0139082058;1,2517385257;0,0000000000;10,0139082058;0,0000000000;1;0, 8.6956521739, 39.1304347826, 47.8260869565, 4.347826087, 0, 0, 0;0, 0, 0, 8.6956521739, 4.347826087, 34.7826086957, 21.7391304348, 26.0869565217, 4.347826087, 0, 0, 0, 0, 0, 0, 0, 0, 0, 0, 0, 0, 0, 0, 0, 0;Europe/Paris;35,5
2022-07-12T06:00:00Z;-1;9000003703;hourly;0,7175000000;0,0000000000;13,9372822300;29,2682926829;11,1498257840;0,0000000000;0,0000000000;11,1498257840;2,7874564460;16,7247386760;12,5435540070;6,9686411150;4,1811846690;1;30, 0, 20, 50, 0, 0, 0, 0;30, 0, 0, 0, 10, 10, 40, 10, 0, 0, 0, 0, 0, 0, 0, 0, 0, 0, 0, 0, 0, 0, 0, 0, 0;Europe/Paris;32,0
2022-07-12T07:00:00Z;-1;9000003703;hourly;0,7616666667;15,7549234136;13,1291028446;6,5645514223;1,3129102845;10,5032822757;5,2516411379;7,8774617068;5,2516411379;6,5645514223;0,0000000000;1,3129102845;0,0000000000;1;0, 10, 20, 60, 10, 0, 0, 0;0, 0, 10, 0, 0, 20, 40, 20, 10, 0, 0, 0, 0, 0, 0, 0, 0, 0, 0, 0, 0, 0, 0, 0, 0;Europe/Paris;36,0
2022-07-12T08:00:00Z;-1;9000003703;hourly;0,8047222222;14,9119779082;36,0372799448;6,2133241284;7,4559889541;9,9413186055;4,9706593027;17,3973075595;18,6399723852;3,7279944770;2,4853296514;4,9706593027;2,4853296514;1;0, 0, 41.3793103448, 48.275862069, 10.3448275862, 0, 0, 0;0, 0, 0, 0, 13.7931034483, 27.5862068966, 24.1379310345, 24.1379310345, 10.3448275862, 0, 0, 0, 0, 0, 0, 0, 0, 0, 0, 0, 0, 0, 0, 0, 0;Europe/Paris;36,5
2022-07-12T09:00:00Z;-1;9000003703;hourly;0,7986111111;11,2695652174;36,3130434783;2,5043478261;7,5130434783;5,0086956522;6,2608695652;21,2869565217;15,0260869565;2,5043478261;0,0000000000;1,2521739130;6,2608695652;1;3.4482758621, 10.3448275862, 31.0344827586, 34.4827586207, 17.2413793103, 3.4482758621, 0, 0;0, 3.4482758621, 0, 10.3448275862, 13.7931034483, 17.2413793103, 13.7931034483, 20.6896551724, 3.4482758621, 13.7931034483, 3.4482758621, 0, 0, 0, 0, 0, 0, 0, 0, 0, 0, 0, 0, 0, 0;Europe/Paris;43,5
2022-07-12T10:00:00Z;-1;9000003703;hourly;0,8030555556;9,9619508820;57,2812175718;4,9809754410;7,4714631615;4,9809754410;4,9809754410;19,9239017641;37,3573158077;1,2452438603;3,7357315808;4,9809754410;2,4904877205;1;0, 4.347826087, 19.5652173913, 45.652173913, 23.9130434783, 6.5217391304, 0, 0;0, 0, 2.1739130435, 2.1739130435, 2.1739130435, 17.3913043478, 32.6086956522, 13.0434782609, 19.5652173913, 4.347826087, 6.5217391304, 0, 0, 0, 0, 0, 0, 0, 0, 0, 0, 0, 0, 0, 0;Europe/Paris;41,5
2022-07-12T11:00:00Z;-1;9000003703;hourly;0,8055555556;2,4827586207;22,3448275862;4,9655172414;4,9655172414;1,2413793103;1,2413793103;12,4137931034;9,9310344828;3,7241379310;1,2413793103;3,7241379310;1,2413793103;1;0, 0, 50, 33.3333333333, 16.6666666667, 0, 0, 0;0, 0, 0, 0, 5.5555555556, 44.4444444444, 22.2222222222, 11.1111111111, 16.6666666667, 0, 0, 0, 0, 0, 0, 0, 0, 0, 0, 0, 0, 0, 0, 0, 0;Europe/Paris;38,0
2022-07-12T12:00:00Z;-1;9000003703;hourly;0,7994444444;7,5052119527;22,5156358582;2,5017373176;8,7560806115;1,2508686588;6,2543432940;12,5086865879;10,0069492703;2,5017373176;0,0000000000;5,0034746352;3,7526059764;1;0, 5.5555555556, 33.3333333333, 55.5555555556, 5.5555555556, 0, 0, 0;0, 0, 0, 5.5555555556, 5.5555555556, 27.7777777778, 38.8888888889, 16.6666666667, 0, 5.5555555556, 0, 0, 0, 0, 0, 0, 0, 0, 0, 0, 0, 0, 0, 0, 0;Europe/Paris;34,5
2022-07-12T13:00:00Z;-1;9000003703;hourly;0,8036111111;11,1994469409;46,0421707570;1,2443829934;2,4887659869;7,4662979606;3,7331489803;18,6657449015;27,3764258555;0,0000000000;1,2443829934;2,4887659869;0,0000000000;1;0, 2.7027027027, 24.3243243243, 43.2432432432, 27.027027027, 2.7027027027, 0, 0;0, 0, 0, 2.7027027027, 5.4054054054, 18.9189189189, 29.7297297297, 13.5135135135, 13.5135135135, 13.5135135135, 0, 2.7027027027, 0, 0, 0, 0, 0, 0, 0, 0, 0, 0, 0, 0, 0;Europe/Paris;43,0
2022-07-12T14:00:00Z;-1;9000003703;hourly;0,7994444444;3,7526059764;31,2717164698;8,7560806115;1,2508686588;1,2508686588;2,5017373176;15,0104239055;16,2612925643;3,7526059764;5,0034746352;1,2508686588;0,0000000000;1;0, 4, 16, 44, 28, 8, 0, 0;0, 0, 0, 4, 4, 12, 24, 20, 28, 0, 4, 4, 0, 0, 0, 0, 0, 0, 0, 0, 0, 0, 0, 0, 0;Europe/Paris;41,5
2022-07-12T15:00:00Z;-1;9000003703;hourly;0,7761111111;9,0193271296;70,8661417323;16,7501789549;1,2884753042;3,8654259127;5,1539012169;30,9234073014;39,9427344309;3,8654259127;12,8847530422;0,0000000000;1,2884753042;1;1.8181818182, 0, 20, 67.2727272727, 9.0909090909, 1.8181818182, 0, 0;1.8181818182, 0, 0, 0, 3.6363636364, 16.3636363636, 30.9090909091, 36.3636363636, 9.0909090909, 0, 1.8181818182, 0, 0, 0, 0, 0, 0, 0, 0, 0, 0, 0, 0, 0, 0;Europe/Paris;37,0
2022-07-12T16:00:00Z;-1;9000003703;hourly;0,7580555556;1,3191645291;79,1498717479;14,5108098204;6,5958226457;0,0000000000;1,3191645291;18,4683034078;60,6815683401;5,2766581165;9,2341517039;1,3191645291;5,2766581165;1;1.6666666667, 8.3333333333, 21.6666666667, 38.3333333333, 23.3333333333, 5, 0, 1.6666666667;1.6666666667, 0, 3.3333333333, 5, 6.6666666667, 15, 30, 8.3333333333, 13.3333333333, 10, 3.3333333333, 1.6666666667, 0, 0, 1.6666666667, 0, 0, 0, 0, 0, 0, 0, 0, 0, 0;Europe/Paris;43,5
2022-07-12T17:00:00Z;-1;9000003703;hourly;0,7552777778;0,0000000000;23,8322912836;35,7484369253;2,6480323648;0,0000000000;0,0000000000;6,6200809121;17,2122103715;13,2401618242;22,5082751011;1,3240161824;1,3240161824;1;33.3333333333, 5.5555555556, 16.6666666667, 16.6666666667, 16.6666666667, 5.5555555556, 0, 5.5555555556;22.2222222222, 11.1111111111, 0, 5.5555555556, 0, 16.6666666667, 5.5555555556, 11.1111111111, 11.1111111111, 5.5555555556, 5.5555555556, 0, 0, 0, 0, 0, 0, 0, 0, 0, 0, 0, 0, 5.5555555556, 0;Europe/Paris;44,0
2022-07-12T18:00:00Z;-1;9000003703;hourly;0,7044444444;2,8391167192;5,6782334385;12,7760252366;5,6782334385;0,0000000000;2,8391167192;1,4195583596;4,2586750789;9,9369085174;2,8391167192;1,4195583596;4,2586750789;1;75, 0, 0, 25, 0, 0, 0, 0;75, 0, 0, 0, 0, 0, 0, 25, 0, 0, 0, 0, 0, 0, 0, 0, 0, 0, 0, 0, 0, 0, 0, 0, 0;Europe/Paris;34,5
2022-07-12T19:00:00Z;-1;9000003703;hourly;0,7933333333;1,2605042017;7,5630252101;8,8235294118;1,2605042017;0,0000000000;1,2605042017;0,0000000000;7,5630252101;3,7815126050;5,0420168067;1,2605042017;0,0000000000;1;0, 16.6666666667, 16.6666666667, 66.6666666667, 0, 0, 0, 0;0, 0, 0, 16.6666666667, 0, 16.6666666667, 50, 16.6666666667, 0, 0, 0, 0, 0, 0, 0, 0, 0, 0, 0, 0, 0, 0, 0, 0, 0;Europe/Paris;33,0
2022-07-12T20:00:00Z;-1;9000003703;hourly;0,1863888889;0,0000000000;10,7302533532;0,0000000000;5,3651266766;0,0000000000;0,0000000000;0,0000000000;10,7302533532;0,0000000000;0,0000000000;0,0000000000;5,3651266766;1;0, 0, 0, 50, 50, 0, 0, 0;0, 0, 0, 0, 0, 0, 0, 50, 50, 0, 0, 0, 0, 0, 0, 0, 0, 0, 0, 0, 0, 0, 0, 0, 0;Europe/Paris;41,0
2022-07-12T21:00:00Z;-1;9000003703;hourly;0,0000000000;0,0000000000;0,0000000000;0,0000000000;0,0000000000;0,0000000000;0,0000000000;0,0000000000;0,0000000000;0,0000000000;0,0000000000;0,0000000000;0,0000000000;1;0, 0, 0, 0, 0, 0, 0, 0;0, 0, 0, 0, 0, 0, 0, 0, 0, 0, 0, 0, 0, 0, 0, 0, 0, 0, 0, 0, 0, 0, 0, 0, 0;Europe/Paris;NA
2022-07-12T23:00:00Z;-1;9000003703;hourly;0,0000000000;0,0000000000;0,0000000000;0,0000000000;0,0000000000;0,0000000000;0,0000000000;0,0000000000;0,0000000000;0,0000000000;0,0000000000;0,0000000000;0,0000000000;1;0, 0, 0, 0, 0, 0, 0, 0;0, 0, 0, 0, 0, 0, 0, 0, 0, 0, 0, 0, 0, 0, 0, 0, 0, 0, 0, 0, 0, 0, 0, 0, 0;Europe/Paris;NA
2022-07-13T00:00:00Z;-1;9000003703;hourly;0,0000000000;0,0000000000;0,0000000000;0,0000000000;0,0000000000;0,0000000000;0,0000000000;0,0000000000;0,0000000000;0,0000000000;0,0000000000;0,0000000000;0,0000000000;1;0, 0, 0, 0, 0, 0, 0, 0;0, 0, 0, 0, 0, 0, 0, 0, 0, 0, 0, 0, 0, 0, 0, 0, 0, 0, 0, 0, 0, 0, 0, 0, 0;Europe/Paris;NA
2022-07-13T01:00:00Z;-1;9000003703;hourly;0,0000000000;0,0000000000;0,0000000000;0,0000000000;0,0000000000;0,0000000000;0,0000000000;0,0000000000;0,0000000000;0,0000000000;0,0000000000;0,0000000000;0,0000000000;1;0, 0, 0, 0, 0, 0, 0, 0;0, 0, 0, 0, 0, 0, 0, 0, 0, 0, 0, 0, 0, 0, 0, 0, 0, 0, 0, 0, 0, 0, 0, 0, 0;Europe/Paris;NA
2022-07-13T02:00:00Z;-1;9000003703;hourly;0,0000000000;0,0000000000;0,0000000000;0,0000000000;0,0000000000;0,0000000000;0,0000000000;0,0000000000;0,0000000000;0,0000000000;0,0000000000;0,0000000000;0,0000000000;1;0, 0, 0, 0, 0, 0, 0, 0;0, 0, 0, 0, 0, 0, 0, 0, 0, 0, 0, 0, 0, 0, 0, 0, 0, 0, 0, 0, 0, 0, 0, 0, 0;Europe/Paris;NA
2022-07-13T03:00:00Z;-1;9000003703;hourly;0,0000000000;0,0000000000;0,0000000000;0,0000000000;0,0000000000;0,0000000000;0,0000000000;0,0000000000;0,0000000000;0,0000000000;0,0000000000;0,0000000000;0,0000000000;1;0, 0, 0, 0, 0, 0, 0, 0;0, 0, 0, 0, 0, 0, 0, 0, 0, 0, 0, 0, 0, 0, 0, 0, 0, 0, 0, 0, 0, 0, 0, 0, 0;Europe/Paris;NA
2022-07-13T04:00:00Z;-1;9000003703;hourly;0,5113888889;1,9554589897;9,7772949484;0,0000000000;5,8663769690;0,0000000000;1,9554589897;9,7772949484;0,0000000000;0,0000000000;0,0000000000;3,9109179794;1,9554589897;1;0, 20, 20, 20, 40, 0, 0, 0;0, 0, 20, 0, 20, 0, 20, 0, 20, 20, 0, 0, 0, 0, 0, 0, 0, 0, 0, 0, 0, 0, 0, 0, 0;Europe/Paris;43,5
2022-07-13T05:00:00Z;-1;9000003703;hourly;0,8011111111;3,7447988904;22,4687933426;2,4965325936;4,9930651872;1,2482662968;2,4965325936;12,4826629681;9,9861303745;2,4965325936;0,0000000000;4,9930651872;0,0000000000;1;0, 11.1111111111, 55.5555555556, 16.6666666667, 11.1111111111, 5.5555555556, 0, 0;0, 0, 0, 11.1111111111, 5.5555555556, 50, 11.1111111111, 5.5555555556, 11.1111111111, 0, 5.5555555556, 0, 0, 0, 0, 0, 0, 0, 0, 0, 0, 0, 0, 0, 0;Europe/Paris;38,0
2022-07-13T06:00:00Z;-1;9000003703;hourly;0,7269444444;8,2537256400;9,6293465801;19,2586931601;11,0049675201;8,2537256400;0,0000000000;6,8781047000;2,7512418800;12,3805884601;6,8781047000;5,5024837600;5,5024837600;1;14.2857142857, 0, 0, 71.4285714286, 14.2857142857, 0, 0, 0;14.2857142857, 0, 0, 0, 0, 0, 42.8571428571, 28.5714285714, 14.2857142857, 0, 0, 0, 0, 0, 0, 0, 0, 0, 0, 0, 0, 0, 0, 0, 0;Europe/Paris;37,5
2022-07-13T07:00:00Z;-1;9000003703;hourly;0,7755555556;30,9455587393;18,0515759312;9,0257879656;3,8681948424;11,6045845272;19,3409742120;3,8681948424;14,1833810888;7,7363896848;1,2893982808;2,5787965616;1,2893982808;1;0, 0, 28.5714285714, 57.1428571429, 14.2857142857, 0, 0, 0;0, 0, 0, 0, 14.2857142857, 14.2857142857, 14.2857142857, 42.8571428571, 14.2857142857, 0, 0, 0, 0, 0, 0, 0, 0, 0, 0, 0, 0, 0, 0, 0, 0;Europe/Paris;37,5
2022-07-13T08:00:00Z;-1;9000003703;hourly;0,8061111111;21,0889042040;31,0130944176;8,6836664369;12,4052377671;14,8862853205;6,2026188835;9,9241902136;21,0889042040;4,9620951068;3,7215713301;7,4431426602;4,9620951068;1;0, 8, 16, 56, 20, 0, 0, 0;0, 0, 0, 8, 4, 12, 24, 32, 12, 8, 0, 0, 0, 0, 0, 0, 0, 0, 0, 0, 0, 0, 0, 0, 0;Europe/Paris;39,5
2022-07-13T09:00:00Z;-1;9000003703;hourly;0,8002777778;11,2460951059;53,7313432836;6,2478306144;2,4991322457;6,2478306144;4,9982644915;16,2443595974;37,4869836862;4,9982644915;1,2495661229;0,0000000000;2,4991322457;1;0, 0, 23.2558139535, 58.1395348837, 18.6046511628, 0, 0, 0;0, 0, 0, 0, 6.976744186, 16.2790697674, 30.2325581395, 27.9069767442, 11.6279069767, 6.976744186, 0, 0, 0, 0, 0, 0, 0, 0, 0, 0, 0, 0, 0, 0, 0;Europe/Paris;39,0
2022-07-13T10:00:00Z;-1;9000003703;hourly;0,8055555556;21,1034482759;52,1379310345;2,4827586207;1,2413793103;13,6551724138;7,4482758621;17,3793103448;34,7586206897;1,2413793103;1,2413793103;0,0000000000;1,2413793103;1;0, 0, 19.0476190476, 42.8571428571, 38.0952380952, 0, 0, 0;0, 0, 0, 0, 2.380952381, 16.6666666667, 16.6666666667, 26.1904761905, 19.0476190476, 19.0476190476, 0, 0, 0, 0, 0, 0, 0, 0, 0, 0, 0, 0, 0, 0, 0;Europe/Paris;43,5
2022-07-13T11:00:00Z;-1;9000003703;hourly;0,8008333333;2,4973985432;38,7096774194;2,4973985432;6,2434963580;1,2486992716;1,2486992716;18,7304890739;19,9791883455;1,2486992716;1,2486992716;3,7460978148;2,4973985432;1;0, 3.2258064516, 25.8064516129, 51.6129032258, 19.3548387097, 0, 0, 0;0, 0, 0, 3.2258064516, 9.6774193548, 16.1290322581, 35.4838709677, 16.1290322581, 12.9032258065, 6.4516129032, 0, 0, 0, 0, 0, 0, 0, 0, 0, 0, 0, 0, 0, 0, 0;Europe/Paris;39,0
2022-07-13T12:00:00Z;-1;9000003703;hourly;0,8036111111;4,9775319737;39,8202557898;1,2443829934;4,9775319737;3,7331489803;1,2443829934;12,4438299343;27,3764258555;1,2443829934;0,0000000000;2,4887659869;2,4887659869;1;0, 3.125, 25, 56.25, 15.625, 0, 0, 0;0, 0, 0, 3.125, 6.25, 18.75, 25, 31.25, 12.5, 3.125, 0, 0, 0, 0, 0, 0, 0, 0, 0, 0, 0, 0, 0, 0, 0;Europe/Paris;37,5
2022-07-13T13:00:00Z;-1;9000003703;hourly;0,7994444444;3,7526059764;43,7804030577;2,5017373176;3,7526059764;2,5017373176;1,2508686588;18,7630298819;25,0173731758;0,0000000000;2,5017373176;1,2508686588;2,5017373176;1;0, 2.8571428571, 28.5714285714, 51.4285714286, 14.2857142857, 2.8571428571, 0, 0;0, 0, 0, 2.8571428571, 11.4285714286, 17.1428571429, 34.2857142857, 17.1428571429, 11.4285714286, 2.8571428571, 2.8571428571, 0, 0, 0, 0, 0, 0, 0, 0, 0, 0, 0, 0, 0, 0;Europe/Paris;38,5
2022-07-13T14:00:00Z;-1;9000003703;hourly;0,7961111111;5,0244242847;43,9637124913;2,5122121424;2,5122121424;2,5122121424;2,5122121424;22,6099092812;21,3538032100;2,5122121424;0,0000000000;2,5122121424;0,0000000000;1;0, 0, 28.5714285714, 51.4285714286, 20, 0, 0, 0;0, 0, 0, 0, 8.5714285714, 20, 28.5714285714, 22.8571428571, 14.2857142857, 5.7142857143, 0, 0, 0, 0, 0, 0, 0, 0, 0, 0, 0, 0, 0, 0, 0;Europe/Paris;39,5
2022-07-13T15:00:00Z;-1;9000003703;hourly;0,7611111111;3,9416058394;82,7737226277;2,6277372263;2,6277372263;1,3138686131;2,6277372263;30,2189781022;52,5547445255;0,0000000000;2,6277372263;1,3138686131;1,3138686131;1;1.5873015873, 1.5873015873, 22.2222222222, 47.619047619, 22.2222222222, 4.7619047619, 0, 0;1.5873015873, 0, 0, 1.5873015873, 1.5873015873, 20.6349206349, 23.8095238095, 23.8095238095, 19.0476190476, 3.1746031746, 4.7619047619, 0, 0, 0, 0, 0, 0, 0, 0, 0, 0, 0, 0, 0, 0;Europe/Paris;40,5
2022-07-13T16:00:00Z;-1;9000003703;hourly;0,7144444444;2,7993779160;104,9766718507;20,9953343701;9,7978227061;1,3996889580;1,3996889580;30,7931570762;74,1835147745;5,5987558320;15,3965785381;1,3996889580;8,3981337481;1;12, 5.3333333333, 21.3333333333, 38.6666666667, 14.6666666667, 6.6666666667, 0, 1.3333333333;9.3333333333, 2.6666666667, 1.3333333333, 4, 5.3333333333, 16, 26.6666666667, 12, 8, 6.6666666667, 5.3333333333, 1.3333333333, 0, 0, 0, 1.3333333333, 0, 0, 0, 0, 0, 0, 0, 0, 0;Europe/Paris;42,5
2022-07-13T17:00:00Z;-1;9000003703;hourly;0,7558333333;1,3230429989;29,1069459757;38,3682469680;9,2613009923;1,3230429989;0,0000000000;11,9073869901;17,1995589857;13,2304299890;25,1378169791;6,6152149945;2,6460859978;1;31.8181818182, 0, 22.7272727273, 27.2727272727, 13.6363636364, 4.5454545455, 0, 0;22.7272727273, 9.0909090909, 0, 0, 9.0909090909, 13.6363636364, 13.6363636364, 13.6363636364, 9.0909090909, 4.5454545455, 4.5454545455, 0, 0, 0, 0, 0, 0, 0, 0, 0, 0, 0, 0, 0, 0;Europe/Paris;39,0
2022-07-13T18:00:00Z;-1;9000003703;hourly;0,7186111111;1,3915732509;11,1325860070;11,1325860070;9,7410127561;0,0000000000;1,3915732509;5,5662930035;5,5662930035;4,1747197526;6,9578662543;8,3494395052;1,3915732509;1;50, 12.5, 0, 37.5, 0, 0, 0, 0;50, 0, 12.5, 0, 0, 0, 12.5, 25, 0, 0, 0, 0, 0, 0, 0, 0, 0, 0, 0, 0, 0, 0, 0, 0, 0;Europe/Paris;34,5
2022-07-13T19:00:00Z;-1;9000003703;hourly;0,7986111111;2,5043478261;33,8086956522;12,5217391304;13,7739130435;0,0000000000;2,5043478261;16,2782608696;17,5304347826;10,0173913043;2,5043478261;11,2695652174;2,5043478261;1;3.7037037037, 3.7037037037, 48.1481481481, 37.037037037, 3.7037037037, 0, 0, 3.7037037037;0, 3.7037037037, 3.7037037037, 0, 14.8148148148, 33.3333333333, 33.3333333333, 3.7037037037, 3.7037037037, 0, 0, 0, 0, 0, 3.7037037037, 0, 0, 0, 0, 0, 0, 0, 0, 0, 0;Europe/Paris;32,0
2022-07-13T20:00:00Z;-1;9000003703;hourly;0,1302777778;0,0000000000;38,3795309168;0,0000000000;0,0000000000;0,0000000000;0,0000000000;30,7036247335;7,6759061834;0,0000000000;0,0000000000;0,0000000000;0,0000000000;1;0, 0, 0, 60, 40, 0, 0, 0;0, 0, 0, 0, 0, 0, 40, 20, 40, 0, 0, 0, 0, 0, 0, 0, 0, 0, 0, 0, 0, 0, 0, 0, 0;Europe/Paris;40,5
2022-07-13T21:00:00Z;-1;9000003703;hourly;0,0000000000;0,0000000000;0,0000000000;0,0000000000;0,0000000000;0,0000000000;0,0000000000;0,0000000000;0,0000000000;0,0000000000;0,0000000000;0,0000000000;0,0000000000;1;0, 0, 0, 0, 0, 0, 0, 0;0, 0, 0, 0, 0, 0, 0, 0, 0, 0, 0, 0, 0, 0, 0, 0, 0, 0, 0, 0, 0, 0, 0, 0, 0;Europe/Paris;NA
2022-07-13T23:00:00Z;-1;9000003703;hourly;0,0000000000;0,0000000000;0,0000000000;0,0000000000;0,0000000000;0,0000000000;0,0000000000;0,0000000000;0,0000000000;0,0000000000;0,0000000000;0,0000000000;0,0000000000;1;0, 0, 0, 0, 0, 0, 0, 0;0, 0, 0, 0, 0, 0, 0, 0, 0, 0, 0, 0, 0, 0, 0, 0, 0, 0, 0, 0, 0, 0, 0, 0, 0;Europe/Paris;NA
2022-07-14T00:00:00Z;-1;9000003703;hourly;0,0000000000;0,0000000000;0,0000000000;0,0000000000;0,0000000000;0,0000000000;0,0000000000;0,0000000000;0,0000000000;0,0000000000;0,0000000000;0,0000000000;0,0000000000;1;0, 0, 0, 0, 0, 0, 0, 0;0, 0, 0, 0, 0, 0, 0, 0, 0, 0, 0, 0, 0, 0, 0, 0, 0, 0, 0, 0, 0, 0, 0, 0, 0;Europe/Paris;NA
2022-07-14T01:00:00Z;-1;9000003703;hourly;0,0000000000;0,0000000000;0,0000000000;0,0000000000;0,0000000000;0,0000000000;0,0000000000;0,0000000000;0,0000000000;0,0000000000;0,0000000000;0,0000000000;0,0000000000;1;0, 0, 0, 0, 0, 0, 0, 0;0, 0, 0, 0, 0, 0, 0, 0, 0, 0, 0, 0, 0, 0, 0, 0, 0, 0, 0, 0, 0, 0, 0, 0, 0;Europe/Paris;NA
2022-07-14T02:00:00Z;-1;9000003703;hourly;0,0000000000;0,0000000000;0,0000000000;0,0000000000;0,0000000000;0,0000000000;0,0000000000;0,0000000000;0,0000000000;0,0000000000;0,0000000000;0,0000000000;0,0000000000;1;0, 0, 0, 0, 0, 0, 0, 0;0, 0, 0, 0, 0, 0, 0, 0, 0, 0, 0, 0, 0, 0, 0, 0, 0, 0, 0, 0, 0, 0, 0, 0, 0;Europe/Paris;NA
2022-07-14T03:00:00Z;-1;9000003703;hourly;0,0000000000;0,0000000000;0,0000000000;0,0000000000;0,0000000000;0,0000000000;0,0000000000;0,0000000000;0,0000000000;0,0000000000;0,0000000000;0,0000000000;0,0000000000;1;0, 0, 0, 0, 0, 0, 0, 0;0, 0, 0, 0, 0, 0, 0, 0, 0, 0, 0, 0, 0, 0, 0, 0, 0, 0, 0, 0, 0, 0, 0, 0, 0;Europe/Paris;NA
2022-07-14T04:00:00Z;-1;9000003703;hourly;0,2991666667;0,0000000000;3,3426183844;0,0000000000;0,0000000000;0,0000000000;0,0000000000;3,3426183844;0,0000000000;0,0000000000;0,0000000000;0,0000000000;0,0000000000;1;0, 0, 0, 100, 0, 0, 0, 0;0, 0, 0, 0, 0, 0, 100, 0, 0, 0, 0, 0, 0, 0, 0, 0, 0, 0, 0, 0, 0, 0, 0, 0, 0;Europe/Paris;31,5
2022-07-14T05:00:00Z;-1;9000003703;hourly;0,8083333333;0,0000000000;9,8969072165;0,0000000000;1,2371134021;0,0000000000;0,0000000000;6,1855670103;3,7113402062;0,0000000000;0,0000000000;0,0000000000;1,2371134021;1;0, 0, 12.5, 62.5, 25, 0, 0, 0;0, 0, 0, 0, 12.5, 0, 37.5, 25, 25, 0, 0, 0, 0, 0, 0, 0, 0, 0, 0, 0, 0, 0, 0, 0, 0;Europe/Paris;39,5
2022-07-14T06:00:00Z;-1;9000003703;hourly;0,7783333333;3,8543897216;2,5695931478;5,1391862955;0,0000000000;1,2847965739;2,5695931478;2,5695931478;0,0000000000;2,5695931478;2,5695931478;0,0000000000;0,0000000000;1;0, 50, 0, 50, 0, 0, 0, 0;0, 0, 0, 50, 0, 0, 50, 0, 0, 0, 0, 0, 0, 0, 0, 0, 0, 0, 0, 0, 0, 0, 0, 0, 0;Europe/Paris;31,0
2022-07-14T07:00:00Z;-1;9000003703;hourly;0,7661111111;5,2211747643;20,8846990573;10,4423495286;5,2211747643;2,6105873822;2,6105873822;5,2211747643;15,6635242930;5,2211747643;5,2211747643;1,3052936911;3,9158810732;1;0, 12.5, 31.25, 18.75, 31.25, 0, 0, 6.25;0, 0, 0, 12.5, 12.5, 18.75, 6.25, 12.5, 25, 6.25, 0, 0, 0, 0, 0, 6.25, 0, 0, 0, 0, 0, 0, 0, 0, 0;Europe/Paris;42,0
2022-07-14T08:00:00Z;-1;9000003703;hourly;0,7966666667;8,7866108787;35,1464435146;11,2970711297;7,5313807531;3,7656903766;5,0209205021;17,5732217573;17,5732217573;7,5313807531;3,7656903766;3,7656903766;3,7656903766;1;0, 0, 42.8571428571, 35.7142857143, 17.8571428571, 3.5714285714, 0, 0;0, 0, 0, 0, 17.8571428571, 25, 21.4285714286, 14.2857142857, 10.7142857143, 7.1428571429, 0, 3.5714285714, 0, 0, 0, 0, 0, 0, 0, 0, 0, 0, 0, 0, 0;Europe/Paris;40,5
2022-07-14T09:00:00Z;-1;9000003703;hourly;0,7891666667;5,0686378036;48,1520591341;15,2059134108;5,0686378036;1,2671594509;3,8014783527;21,5417106653;26,6103484688;6,3357972545;8,8701161563;2,5343189018;2,5343189018;1;7.8947368421, 10.5263157895, 26.3157894737, 42.1052631579, 13.1578947368, 0, 0, 0;7.8947368421, 0, 0, 10.5263157895, 2.6315789474, 23.6842105263, 26.3157894737, 15.7894736842, 7.8947368421, 5.2631578947, 0, 0, 0, 0, 0, 0, 0, 0, 0, 0, 0, 0, 0, 0, 0;Europe/Paris;37,0
2022-07-14T10:00:00Z;-1;9000003703;hourly;0,7980555556;2,5060911939;35,0852767142;5,0121823877;1,2530455969;1,2530455969;1,2530455969;11,2774103724;23,8078663418;1,2530455969;3,7591367908;1,2530455969;0,0000000000;1;7.1428571429, 3.5714285714, 25, 42.8571428571, 17.8571428571, 3.5714285714, 0, 0;7.1428571429, 0, 0, 3.5714285714, 14.2857142857, 10.7142857143, 28.5714285714, 14.2857142857, 14.2857142857, 3.5714285714, 3.5714285714, 0, 0, 0, 0, 0, 0, 0, 0, 0, 0, 0, 0, 0, 0;Europe/Paris;40,0
2022-07-14T11:00:00Z;-1;9000003703;hourly;0,7786111111;1,2843382091;12,8433820906;1,2843382091;2,5686764181;0,0000000000;1,2843382091;7,7060292544;5,1373528362;0,0000000000;1,2843382091;0,0000000000;2,5686764181;1;0, 0, 40, 40, 20, 0, 0, 0;0, 0, 0, 0, 40, 0, 0, 40, 10, 10, 0, 0, 0, 0, 0, 0, 0, 0, 0, 0, 0, 0, 0, 0, 0;Europe/Paris;40,0
2022-07-14T12:00:00Z;-1;9000003703;hourly;0,8063888889;0,0000000000;13,6410609714;0,0000000000;0,0000000000;0,0000000000;0,0000000000;8,6806751636;4,9603858078;0,0000000000;0,0000000000;0,0000000000;0,0000000000;1;0, 9.0909090909, 0, 81.8181818182, 0, 9.0909090909, 0, 0;0, 0, 9.0909090909, 0, 0, 0, 72.7272727273, 9.0909090909, 0, 0, 9.0909090909, 0, 0, 0, 0, 0, 0, 0, 0, 0, 0, 0, 0, 0, 0;Europe/Paris;34,0
2022-07-14T13:00:00Z;-1;9000003703;hourly;0,7830555556;3,8311457964;28,0950691735;2,5540971976;2,5540971976;3,8311457964;0,0000000000;14,0475345867;14,0475345867;0,0000000000;2,5540971976;0,0000000000;2,5540971976;1;4.5454545455, 4.5454545455, 27.2727272727, 54.5454545455, 9.0909090909, 0, 0, 0;4.5454545455, 0, 0, 4.5454545455, 13.6363636364, 13.6363636364, 27.2727272727, 27.2727272727, 9.0909090909, 0, 0, 0, 0, 0, 0, 0, 0, 0, 0, 0, 0, 0, 0, 0, 0;Europe/Paris;36,5
2022-07-14T14:00:00Z;-1;9000003703;hourly;0,7750000000;0,0000000000;25,8064516129;3,8709677419;0,0000000000;0,0000000000;0,0000000000;12,9032258065;12,9032258065;3,8709677419;0,0000000000;0,0000000000;0,0000000000;1;5, 5, 30, 45, 15, 0, 0, 0;5, 0, 0, 5, 10, 20, 30, 15, 10, 5, 0, 0, 0, 0, 0, 0, 0, 0, 0, 0, 0, 0, 0, 0, 0;Europe/Paris;37,5
2022-07-14T15:00:00Z;-1;9000003703;hourly;0,7422222222;1,3473053892;30,9880239521;1,3473053892;1,3473053892;1,3473053892;0,0000000000;16,1676646707;14,8203592814;0,0000000000;1,3473053892;1,3473053892;0,0000000000;1;0, 13.0434782609, 34.7826086957, 34.7826086957, 17.3913043478, 0, 0, 0;0, 0, 8.6956521739, 4.347826087, 13.0434782609, 21.7391304348, 13.0434782609, 21.7391304348, 17.3913043478, 0, 0, 0, 0, 0, 0, 0, 0, 0, 0, 0, 0, 0, 0, 0, 0;Europe/Paris;38,0
2022-07-14T16:00:00Z;-1;9000003703;hourly;0,7363888889;1,3579781215;25,8015843078;4,0739343644;0,0000000000;0,0000000000;1,3579781215;12,2218030932;13,5797812146;2,7159562429;1,3579781215;0,0000000000;0,0000000000;1;5.2631578947, 21.0526315789, 31.5789473684, 36.8421052632, 5.2631578947, 0, 0, 0;0, 5.2631578947, 5.2631578947, 15.7894736842, 15.7894736842, 15.7894736842, 10.5263157895, 26.3157894737, 5.2631578947, 0, 0, 0, 0, 0, 0, 0, 0, 0, 0, 0, 0, 0, 0, 0, 0;Europe/Paris;35,5
2022-07-14T17:00:00Z;-1;9000003703;hourly;0,7441666667;0,0000000000;8,0627099664;14,7816349384;12,0940649496;0,0000000000;0,0000000000;2,6875699888;5,3751399776;1,3437849944;13,4378499440;5,3751399776;6,7189249720;1;16.6666666667, 0, 16.6666666667, 66.6666666667, 0, 0, 0, 0;16.6666666667, 0, 0, 0, 16.6666666667, 0, 50, 16.6666666667, 0, 0, 0, 0, 0, 0, 0, 0, 0, 0, 0, 0, 0, 0, 0, 0, 0;Europe/Paris;33,0
2022-07-14T18:00:00Z;-1;9000003703;hourly;0,6941666667;1,4405762305;2,8811524610;8,6434573830;7,2028811525;0,0000000000;1,4405762305;0,0000000000;2,8811524610;2,8811524610;5,7623049220;1,4405762305;5,7623049220;1;0, 50, 50, 0, 0, 0, 0, 0;0, 0, 0, 50, 50, 0, 0, 0, 0, 0, 0, 0, 0, 0, 0, 0, 0, 0, 0, 0, 0, 0, 0, 0, 0;Europe/Paris;21,0
2022-07-14T19:00:00Z;-1;9000003703;hourly;0,7894444444;1,2667135820;12,6671358198;2,5334271640;1,2667135820;1,2667135820;0,0000000000;5,0668543279;7,6002814919;1,2667135820;1,2667135820;0,0000000000;1,2667135820;1;0, 0, 20, 70, 10, 0, 0, 0;0, 0, 0, 0, 10, 10, 30, 40, 10, 0, 0, 0, 0, 0, 0, 0, 0, 0, 0, 0, 0, 0, 0, 0, 0;Europe/Paris;37,0
2022-07-14T20:00:00Z;-1;9000003703;hourly;0,1147222222;0,0000000000;0,0000000000;0,0000000000;0,0000000000;0,0000000000;0,0000000000;0,0000000000;0,0000000000;0,0000000000;0,0000000000;0,0000000000;0,0000000000;1;0, 0, 0, 0, 0, 0, 0, 0;0, 0, 0, 0, 0, 0, 0, 0, 0, 0, 0, 0, 0, 0, 0, 0, 0, 0, 0, 0, 0, 0, 0, 0, 0;Europe/Paris;NA
2022-07-14T21:00:00Z;-1;9000003703;hourly;0,0000000000;0,0000000000;0,0000000000;0,0000000000;0,0000000000;0,0000000000;0,0000000000;0,0000000000;0,0000000000;0,0000000000;0,0000000000;0,0000000000;0,0000000000;1;0, 0, 0, 0, 0, 0, 0, 0;0, 0, 0, 0, 0, 0, 0, 0, 0, 0, 0, 0, 0, 0, 0, 0, 0, 0, 0, 0, 0, 0, 0, 0, 0;Europe/Paris;NA
2022-07-14T23:00:00Z;-1;9000003703;hourly;0,0000000000;0,0000000000;0,0000000000;0,0000000000;0,0000000000;0,0000000000;0,0000000000;0,0000000000;0,0000000000;0,0000000000;0,0000000000;0,0000000000;0,0000000000;1;0, 0, 0, 0, 0, 0, 0, 0;0, 0, 0, 0, 0, 0, 0, 0, 0, 0, 0, 0, 0, 0, 0, 0, 0, 0, 0, 0, 0, 0, 0, 0, 0;Europe/Paris;NA
2022-07-15T00:00:00Z;-1;9000003703;hourly;0,0000000000;0,0000000000;0,0000000000;0,0000000000;0,0000000000;0,0000000000;0,0000000000;0,0000000000;0,0000000000;0,0000000000;0,0000000000;0,0000000000;0,0000000000;1;0, 0, 0, 0, 0, 0, 0, 0;0, 0, 0, 0, 0, 0, 0, 0, 0, 0, 0, 0, 0, 0, 0, 0, 0, 0, 0, 0, 0, 0, 0, 0, 0;Europe/Paris;NA
2022-07-15T01:00:00Z;-1;9000003703;hourly;0,0000000000;0,0000000000;0,0000000000;0,0000000000;0,0000000000;0,0000000000;0,0000000000;0,0000000000;0,0000000000;0,0000000000;0,0000000000;0,0000000000;0,0000000000;1;0, 0, 0, 0, 0, 0, 0, 0;0, 0, 0, 0, 0, 0, 0, 0, 0, 0, 0, 0, 0, 0, 0, 0, 0, 0, 0, 0, 0, 0, 0, 0, 0;Europe/Paris;NA
2022-07-15T02:00:00Z;-1;9000003703;hourly;0,0000000000;0,0000000000;0,0000000000;0,0000000000;0,0000000000;0,0000000000;0,0000000000;0,0000000000;0,0000000000;0,0000000000;0,0000000000;0,0000000000;0,0000000000;1;0, 0, 0, 0, 0, 0, 0, 0;0, 0, 0, 0, 0, 0, 0, 0, 0, 0, 0, 0, 0, 0, 0, 0, 0, 0, 0, 0, 0, 0, 0, 0, 0;Europe/Paris;NA
2022-07-15T03:00:00Z;-1;9000003703;hourly;0,0000000000;0,0000000000;0,0000000000;0,0000000000;0,0000000000;0,0000000000;0,0000000000;0,0000000000;0,0000000000;0,0000000000;0,0000000000;0,0000000000;0,0000000000;1;0, 0, 0, 0, 0, 0, 0, 0;0, 0, 0, 0, 0, 0, 0, 0, 0, 0, 0, 0, 0, 0, 0, 0, 0, 0, 0, 0, 0, 0, 0, 0, 0;Europe/Paris;NA
2022-07-15T04:00:00Z;-1;9000003703;hourly;0,4475000000;8,9385474860;4,4692737430;0,0000000000;0,0000000000;8,9385474860;0,0000000000;0,0000000000;4,4692737430;0,0000000000;0,0000000000;0,0000000000;0,0000000000;1;0, 0, 50, 0, 50, 0, 0, 0;0, 0, 0, 0, 0, 50, 0, 0, 50, 0, 0, 0, 0, 0, 0, 0, 0, 0, 0, 0, 0, 0, 0, 0, 0;Europe/Paris;41,0
2022-07-15T05:00:00Z;-1;9000003703;hourly;0,8125000000;8,6153846154;3,6923076923;2,4615384615;2,4615384615;4,9230769231;3,6923076923;1,2307692308;2,4615384615;2,4615384615;0,0000000000;1,2307692308;1,2307692308;1;0, 0, 0, 100, 0, 0, 0, 0;0, 0, 0, 0, 0, 0, 66.6666666667, 33.3333333333, 0, 0, 0, 0, 0, 0, 0, 0, 0, 0, 0, 0, 0, 0, 0, 0, 0;Europe/Paris;35,5
2022-07-15T06:00:00Z;-1;9000003703;hourly;0,7352777778;2,7200604458;9,5202115603;17,6803928976;4,0800906687;2,7200604458;0,0000000000;2,7200604458;6,8001511145;9,5202115603;8,1601813374;2,7200604458;1,3600302229;1;14.2857142857, 28.5714285714, 42.8571428571, 0, 14.2857142857, 0, 0, 0;14.2857142857, 0, 14.2857142857, 14.2857142857, 0, 42.8571428571, 0, 0, 14.2857142857, 0, 0, 0, 0, 0, 0, 0, 0, 0, 0, 0, 0, 0, 0, 0, 0;Europe/Paris;27,5
2022-07-15T07:00:00Z;-1;9000003703;hourly;0,7850000000;21,6560509554;15,2866242038;3,8216560510;1,2738853503;15,2866242038;6,3694267516;1,2738853503;14,0127388535;1,2738853503;2,5477707006;1,2738853503;0,0000000000;1;0, 8.3333333333, 25, 50, 8.3333333333, 8.3333333333, 0, 0;0, 0, 8.3333333333, 0, 16.6666666667, 8.3333333333, 33.3333333333, 16.6666666667, 0, 8.3333333333, 0, 8.3333333333, 0, 0, 0, 0, 0, 0, 0, 0, 0, 0, 0, 0, 0;Europe/Paris;43,5
2022-07-15T08:00:00Z;-1;9000003703;hourly;0,7961111111;27,6343335659;20,0976971389;11,3049546406;6,2805303559;20,0976971389;7,5366364271;3,7683182135;16,3293789253;5,0244242847;6,2805303559;3,7683182135;2,5122121424;1;0, 0, 25, 68.75, 6.25, 0, 0, 0;0, 0, 0, 0, 0, 25, 25, 43.75, 6.25, 0, 0, 0, 0, 0, 0, 0, 0, 0, 0, 0, 0, 0, 0, 0, 0;Europe/Paris;36,5
2022-07-15T09:00:00Z;-1;9000003703;hourly;0,8038888889;26,1230131306;34,8306841742;3,7318590187;7,4637180373;18,6592950933;7,4637180373;12,4395300622;22,3911541120;1,2439530062;2,4879060124;4,9758120249;2,4879060124;1;0, 3.5714285714, 25, 57.1428571429, 14.2857142857, 0, 0, 0;0, 0, 0, 3.5714285714, 7.1428571429, 17.8571428571, 32.1428571429, 25, 14.2857142857, 0, 0, 0, 0, 0, 0, 0, 0, 0, 0, 0, 0, 0, 0, 0, 0;Europe/Paris;37,5
2022-07-15T10:00:00Z;-1;9000003703;hourly;0,7975000000;18,8087774295;46,3949843260;5,0156739812;7,5235109718;10,0313479624;8,7774294671;8,7774294671;37,6175548589;0,0000000000;5,0156739812;1,2539184953;6,2695924765;1;0, 0, 10.8108108108, 62.1621621622, 21.6216216216, 5.4054054054, 0, 0;0, 0, 0, 0, 2.7027027027, 8.1081081081, 24.3243243243, 37.8378378378, 10.8108108108, 10.8108108108, 5.4054054054, 0, 0, 0, 0, 0, 0, 0, 0, 0, 0, 0, 0, 0, 0;Europe/Paris;43,0
2022-07-15T11:00:00Z;-1;9000003703;hourly;0,2738888889;7,3022312373;25,5578093306;0,0000000000;0,0000000000;0,0000000000;7,3022312373;18,2555780933;7,3022312373;0,0000000000;0,0000000000;0,0000000000;0,0000000000;1;0, 0, 14.2857142857, 71.4285714286, 14.2857142857, 0, 0, 0;0, 0, 0, 0, 0, 14.2857142857, 71.4285714286, 0, 14.2857142857, 0, 0, 0, 0, 0, 0, 0, 0, 0, 0, 0, 0, 0, 0, 0, 0;Europe/Paris;32,5
2022-07-15T12:00:00Z;-1;9000003703;hourly;0,0000000000;0,0000000000;0,0000000000;0,0000000000;0,0000000000;0,0000000000;0,0000000000;0,0000000000;0,0000000000;0,0000000000;0,0000000000;0,0000000000;0,0000000000;1;0, 0, 0, 0, 0, 0, 0, 0;0, 0, 0, 0, 0, 0, 0, 0, 0, 0, 0, 0, 0, 0, 0, 0, 0, 0, 0, 0, 0, 0, 0, 0, 0;Europe/Paris;NA
2022-07-15T13:00:00Z;-1;9000003703;hourly;0,0000000000;0,0000000000;0,0000000000;0,0000000000;0,0000000000;0,0000000000;0,0000000000;0,0000000000;0,0000000000;0,0000000000;0,0000000000;0,0000000000;0,0000000000;1;0, 0, 0, 0, 0, 0, 0, 0;0, 0, 0, 0, 0, 0, 0, 0, 0, 0, 0, 0, 0, 0, 0, 0, 0, 0, 0, 0, 0, 0, 0, 0, 0;Europe/Paris;NA
2022-07-15T14:00:00Z;-1;9000003703;hourly;0,0000000000;0,0000000000;0,0000000000;0,0000000000;0,0000000000;0,0000000000;0,0000000000;0,0000000000;0,0000000000;0,0000000000;0,0000000000;0,0000000000;0,0000000000;1;0, 0, 0, 0, 0, 0, 0, 0;0, 0, 0, 0, 0, 0, 0, 0, 0, 0, 0, 0, 0, 0, 0, 0, 0, 0, 0, 0, 0, 0, 0, 0, 0;Europe/Paris;NA
2022-07-15T15:00:00Z;-1;9000003703;hourly;0,0000000000;0,0000000000;0,0000000000;0,0000000000;0,0000000000;0,0000000000;0,0000000000;0,0000000000;0,0000000000;0,0000000000;0,0000000000;0,0000000000;0,0000000000;1;0, 0, 0, 0, 0, 0, 0, 0;0, 0, 0, 0, 0, 0, 0, 0, 0, 0, 0, 0, 0, 0, 0, 0, 0, 0, 0, 0, 0, 0, 0, 0, 0;Europe/Paris;NA
2022-07-15T16:00:00Z;-1;9000003703;hourly;0,0000000000;0,0000000000;0,0000000000;0,0000000000;0,0000000000;0,0000000000;0,0000000000;0,0000000000;0,0000000000;0,0000000000;0,0000000000;0,0000000000;0,0000000000;1;0, 0, 0, 0, 0, 0, 0, 0;0, 0, 0, 0, 0, 0, 0, 0, 0, 0, 0, 0, 0, 0, 0, 0, 0, 0, 0, 0, 0, 0, 0, 0, 0;Europe/Paris;NA
2022-07-15T17:00:00Z;-1;9000003703;hourly;0,0000000000;0,0000000000;0,0000000000;0,0000000000;0,0000000000;0,0000000000;0,0000000000;0,0000000000;0,0000000000;0,0000000000;0,0000000000;0,0000000000;0,0000000000;1;0, 0, 0, 0, 0, 0, 0, 0;0, 0, 0, 0, 0, 0, 0, 0, 0, 0, 0, 0, 0, 0, 0, 0, 0, 0, 0, 0, 0, 0, 0, 0, 0;Europe/Paris;NA
2022-07-15T18:00:00Z;-1;9000003703;hourly;0,0000000000;0,0000000000;0,0000000000;0,0000000000;0,0000000000;0,0000000000;0,0000000000;0,0000000000;0,0000000000;0,0000000000;0,0000000000;0,0000000000;0,0000000000;1;0, 0, 0, 0, 0, 0, 0, 0;0, 0, 0, 0, 0, 0, 0, 0, 0, 0, 0, 0, 0, 0, 0, 0, 0, 0, 0, 0, 0, 0, 0, 0, 0;Europe/Paris;NA
2022-07-15T19:00:00Z;-1;9000003703;hourly;0,0000000000;0,0000000000;0,0000000000;0,0000000000;0,0000000000;0,0000000000;0,0000000000;0,0000000000;0,0000000000;0,0000000000;0,0000000000;0,0000000000;0,0000000000;1;0, 0, 0, 0, 0, 0, 0, 0;0, 0, 0, 0, 0, 0, 0, 0, 0, 0, 0, 0, 0, 0, 0, 0, 0, 0, 0, 0, 0, 0, 0, 0, 0;Europe/Paris;NA
2022-07-15T20:00:00Z;-1;9000003703;hourly;0,0000000000;0,0000000000;0,0000000000;0,0000000000;0,0000000000;0,0000000000;0,0000000000;0,0000000000;0,0000000000;0,0000000000;0,0000000000;0,0000000000;0,0000000000;1;0, 0, 0, 0, 0, 0, 0, 0;0, 0, 0, 0, 0, 0, 0, 0, 0, 0, 0, 0, 0, 0, 0, 0, 0, 0, 0, 0, 0, 0, 0, 0, 0;Europe/Paris;NA
2022-07-15T21:00:00Z;-1;9000003703;hourly;0,0000000000;0,0000000000;0,0000000000;0,0000000000;0,0000000000;0,0000000000;0,0000000000;0,0000000000;0,0000000000;0,0000000000;0,0000000000;0,0000000000;0,0000000000;1;0, 0, 0, 0, 0, 0, 0, 0;0, 0, 0, 0, 0, 0, 0, 0, 0, 0, 0, 0, 0, 0, 0, 0, 0, 0, 0, 0, 0, 0, 0, 0, 0;Europe/Paris;NA
2022-07-15T23:00:00Z;-1;9000003703;hourly;0,0000000000;0,0000000000;0,0000000000;0,0000000000;0,0000000000;0,0000000000;0,0000000000;0,0000000000;0,0000000000;0,0000000000;0,0000000000;0,0000000000;0,0000000000;1;0, 0, 0, 0, 0, 0, 0, 0;0, 0, 0, 0, 0, 0, 0, 0, 0, 0, 0, 0, 0, 0, 0, 0, 0, 0, 0, 0, 0, 0, 0, 0, 0;Europe/Paris;NA
2022-07-16T00:00:00Z;-1;9000003703;hourly;0,0000000000;0,0000000000;0,0000000000;0,0000000000;0,0000000000;0,0000000000;0,0000000000;0,0000000000;0,0000000000;0,0000000000;0,0000000000;0,0000000000;0,0000000000;1;0, 0, 0, 0, 0, 0, 0, 0;0, 0, 0, 0, 0, 0, 0, 0, 0, 0, 0, 0, 0, 0, 0, 0, 0, 0, 0, 0, 0, 0, 0, 0, 0;Europe/Paris;NA
2022-07-16T01:00:00Z;-1;9000003703;hourly;0,0000000000;0,0000000000;0,0000000000;0,0000000000;0,0000000000;0,0000000000;0,0000000000;0,0000000000;0,0000000000;0,0000000000;0,0000000000;0,0000000000;0,0000000000;1;0, 0, 0, 0, 0, 0, 0, 0;0, 0, 0, 0, 0, 0, 0, 0, 0, 0, 0, 0, 0, 0, 0, 0, 0, 0, 0, 0, 0, 0, 0, 0, 0;Europe/Paris;NA
2022-07-16T02:00:00Z;-1;9000003703;hourly;0,0000000000;0,0000000000;0,0000000000;0,0000000000;0,0000000000;0,0000000000;0,0000000000;0,0000000000;0,0000000000;0,0000000000;0,0000000000;0,0000000000;0,0000000000;1;0, 0, 0, 0, 0, 0, 0, 0;0, 0, 0, 0, 0, 0, 0, 0, 0, 0, 0, 0, 0, 0, 0, 0, 0, 0, 0, 0, 0, 0, 0, 0, 0;Europe/Paris;NA
2022-07-16T03:00:00Z;-1;9000003703;hourly;0,0000000000;0,0000000000;0,0000000000;0,0000000000;0,0000000000;0,0000000000;0,0000000000;0,0000000000;0,0000000000;0,0000000000;0,0000000000;0,0000000000;0,0000000000;1;0, 0, 0, 0, 0, 0, 0, 0;0, 0, 0, 0, 0, 0, 0, 0, 0, 0, 0, 0, 0, 0, 0, 0, 0, 0, 0, 0, 0, 0, 0, 0, 0;Europe/Paris;NA
2022-07-16T04:00:00Z;-1;9000003703;hourly;0,0000000000;0,0000000000;0,0000000000;0,0000000000;0,0000000000;0,0000000000;0,0000000000;0,0000000000;0,0000000000;0,0000000000;0,0000000000;0,0000000000;0,0000000000;1;0, 0, 0, 0, 0, 0, 0, 0;0, 0, 0, 0, 0, 0, 0, 0, 0, 0, 0, 0, 0, 0, 0, 0, 0, 0, 0, 0, 0, 0, 0, 0, 0;Europe/Paris;NA
2022-07-16T05:00:00Z;-1;9000003703;hourly;0,0000000000;0,0000000000;0,0000000000;0,0000000000;0,0000000000;0,0000000000;0,0000000000;0,0000000000;0,0000000000;0,0000000000;0,0000000000;0,0000000000;0,0000000000;1;0, 0, 0, 0, 0, 0, 0, 0;0, 0, 0, 0, 0, 0, 0, 0, 0, 0, 0, 0, 0, 0, 0, 0, 0, 0, 0, 0, 0, 0, 0, 0, 0;Europe/Paris;NA
2022-07-16T06:00:00Z;-1;9000003703;hourly;0,0000000000;0,0000000000;0,0000000000;0,0000000000;0,0000000000;0,0000000000;0,0000000000;0,0000000000;0,0000000000;0,0000000000;0,0000000000;0,0000000000;0,0000000000;1;0, 0, 0, 0, 0, 0, 0, 0;0, 0, 0, 0, 0, 0, 0, 0, 0, 0, 0, 0, 0, 0, 0, 0, 0, 0, 0, 0, 0, 0, 0, 0, 0;Europe/Paris;NA
2022-07-16T07:00:00Z;-1;9000003703;hourly;0,0000000000;0,0000000000;0,0000000000;0,0000000000;0,0000000000;0,0000000000;0,0000000000;0,0000000000;0,0000000000;0,0000000000;0,0000000000;0,0000000000;0,0000000000;1;0, 0, 0, 0, 0, 0, 0, 0;0, 0, 0, 0, 0, 0, 0, 0, 0, 0, 0, 0, 0, 0, 0, 0, 0, 0, 0, 0, 0, 0, 0, 0, 0;Europe/Paris;NA
2022-07-16T08:00:00Z;-1;9000003703;hourly;0,0000000000;0,0000000000;0,0000000000;0,0000000000;0,0000000000;0,0000000000;0,0000000000;0,0000000000;0,0000000000;0,0000000000;0,0000000000;0,0000000000;0,0000000000;1;0, 0, 0, 0, 0, 0, 0, 0;0, 0, 0, 0, 0, 0, 0, 0, 0, 0, 0, 0, 0, 0, 0, 0, 0, 0, 0, 0, 0, 0, 0, 0, 0;Europe/Paris;NA
2022-07-16T09:00:00Z;-1;9000003703;hourly;0,0000000000;0,0000000000;0,0000000000;0,0000000000;0,0000000000;0,0000000000;0,0000000000;0,0000000000;0,0000000000;0,0000000000;0,0000000000;0,0000000000;0,0000000000;1;0, 0, 0, 0, 0, 0, 0, 0;0, 0, 0, 0, 0, 0, 0, 0, 0, 0, 0, 0, 0, 0, 0, 0, 0, 0, 0, 0, 0, 0, 0, 0, 0;Europe/Paris;NA
2022-07-16T10:00:00Z;-1;9000003703;hourly;0,0000000000;0,0000000000;0,0000000000;0,0000000000;0,0000000000;0,0000000000;0,0000000000;0,0000000000;0,0000000000;0,0000000000;0,0000000000;0,0000000000;0,0000000000;1;0, 0, 0, 0, 0, 0, 0, 0;0, 0, 0, 0, 0, 0, 0, 0, 0, 0, 0, 0, 0, 0, 0, 0, 0, 0, 0, 0, 0, 0, 0, 0, 0;Europe/Paris;NA
2022-07-16T11:00:00Z;-1;9000003703;hourly;0,0000000000;0,0000000000;0,0000000000;0,0000000000;0,0000000000;0,0000000000;0,0000000000;0,0000000000;0,0000000000;0,0000000000;0,0000000000;0,0000000000;0,0000000000;1;0, 0, 0, 0, 0, 0, 0, 0;0, 0, 0, 0, 0, 0, 0, 0, 0, 0, 0, 0, 0, 0, 0, 0, 0, 0, 0, 0, 0, 0, 0, 0, 0;Europe/Paris;NA
2022-07-16T12:00:00Z;-1;9000003703;hourly;0,0000000000;0,0000000000;0,0000000000;0,0000000000;0,0000000000;0,0000000000;0,0000000000;0,0000000000;0,0000000000;0,0000000000;0,0000000000;0,0000000000;0,0000000000;1;0, 0, 0, 0, 0, 0, 0, 0;0, 0, 0, 0, 0, 0, 0, 0, 0, 0, 0, 0, 0, 0, 0, 0, 0, 0, 0, 0, 0, 0, 0, 0, 0;Europe/Paris;NA
2022-07-16T13:00:00Z;-1;9000003703;hourly;0,0000000000;0,0000000000;0,0000000000;0,0000000000;0,0000000000;0,0000000000;0,0000000000;0,0000000000;0,0000000000;0,0000000000;0,0000000000;0,0000000000;0,0000000000;1;0, 0, 0, 0, 0, 0, 0, 0;0, 0, 0, 0, 0, 0, 0, 0, 0, 0, 0, 0, 0, 0, 0, 0, 0, 0, 0, 0, 0, 0, 0, 0, 0;Europe/Paris;NA
2022-07-16T14:00:00Z;-1;9000003703;hourly;0,0000000000;0,0000000000;0,0000000000;0,0000000000;0,0000000000;0,0000000000;0,0000000000;0,0000000000;0,0000000000;0,0000000000;0,0000000000;0,0000000000;0,0000000000;1;0, 0, 0, 0, 0, 0, 0, 0;0, 0, 0, 0, 0, 0, 0, 0, 0, 0, 0, 0, 0, 0, 0, 0, 0, 0, 0, 0, 0, 0, 0, 0, 0;Europe/Paris;NA
2022-07-16T15:00:00Z;-1;9000003703;hourly;0,0000000000;0,0000000000;0,0000000000;0,0000000000;0,0000000000;0,0000000000;0,0000000000;0,0000000000;0,0000000000;0,0000000000;0,0000000000;0,0000000000;0,0000000000;1;0, 0, 0, 0, 0, 0, 0, 0;0, 0, 0, 0, 0, 0, 0, 0, 0, 0, 0, 0, 0, 0, 0, 0, 0, 0, 0, 0, 0, 0, 0, 0, 0;Europe/Paris;NA
2022-07-16T16:00:00Z;-1;9000003703;hourly;0,0000000000;0,0000000000;0,0000000000;0,0000000000;0,0000000000;0,0000000000;0,0000000000;0,0000000000;0,0000000000;0,0000000000;0,0000000000;0,0000000000;0,0000000000;1;0, 0, 0, 0, 0, 0, 0, 0;0, 0, 0, 0, 0, 0, 0, 0, 0, 0, 0, 0, 0, 0, 0, 0, 0, 0, 0, 0, 0, 0, 0, 0, 0;Europe/Paris;NA
2022-07-16T17:00:00Z;-1;9000003703;hourly;0,0000000000;0,0000000000;0,0000000000;0,0000000000;0,0000000000;0,0000000000;0,0000000000;0,0000000000;0,0000000000;0,0000000000;0,0000000000;0,0000000000;0,0000000000;1;0, 0, 0, 0, 0, 0, 0, 0;0, 0, 0, 0, 0, 0, 0, 0, 0, 0, 0, 0, 0, 0, 0, 0, 0, 0, 0, 0, 0, 0, 0, 0, 0;Europe/Paris;NA
2022-07-16T18:00:00Z;-1;9000003703;hourly;0,0000000000;0,0000000000;0,0000000000;0,0000000000;0,0000000000;0,0000000000;0,0000000000;0,0000000000;0,0000000000;0,0000000000;0,0000000000;0,0000000000;0,0000000000;1;0, 0, 0, 0, 0, 0, 0, 0;0, 0, 0, 0, 0, 0, 0, 0, 0, 0, 0, 0, 0, 0, 0, 0, 0, 0, 0, 0, 0, 0, 0, 0, 0;Europe/Paris;NA
2022-07-16T19:00:00Z;-1;9000003703;hourly;0,0000000000;0,0000000000;0,0000000000;0,0000000000;0,0000000000;0,0000000000;0,0000000000;0,0000000000;0,0000000000;0,0000000000;0,0000000000;0,0000000000;0,0000000000;1;0, 0, 0, 0, 0, 0, 0, 0;0, 0, 0, 0, 0, 0, 0, 0, 0, 0, 0, 0, 0, 0, 0, 0, 0, 0, 0, 0, 0, 0, 0, 0, 0;Europe/Paris;NA
2022-07-16T20:00:00Z;-1;9000003703;hourly;0,0000000000;0,0000000000;0,0000000000;0,0000000000;0,0000000000;0,0000000000;0,0000000000;0,0000000000;0,0000000000;0,0000000000;0,0000000000;0,0000000000;0,0000000000;1;0, 0, 0, 0, 0, 0, 0, 0;0, 0, 0, 0, 0, 0, 0, 0, 0, 0, 0, 0, 0, 0, 0, 0, 0, 0, 0, 0, 0, 0, 0, 0, 0;Europe/Paris;NA
2022-07-16T21:00:00Z;-1;9000003703;hourly;0,0000000000;0,0000000000;0,0000000000;0,0000000000;0,0000000000;0,0000000000;0,0000000000;0,0000000000;0,0000000000;0,0000000000;0,0000000000;0,0000000000;0,0000000000;1;0, 0, 0, 0, 0, 0, 0, 0;0, 0, 0, 0, 0, 0, 0, 0, 0, 0, 0, 0, 0, 0, 0, 0, 0, 0, 0, 0, 0, 0, 0, 0, 0;Europe/Paris;NA
2022-07-16T23:00:00Z;-1;9000003703;hourly;0,0000000000;0,0000000000;0,0000000000;0,0000000000;0,0000000000;0,0000000000;0,0000000000;0,0000000000;0,0000000000;0,0000000000;0,0000000000;0,0000000000;0,0000000000;1;0, 0, 0, 0, 0, 0, 0, 0;0, 0, 0, 0, 0, 0, 0, 0, 0, 0, 0, 0, 0, 0, 0, 0, 0, 0, 0, 0, 0, 0, 0, 0, 0;Europe/Paris;NA
2022-07-17T00:00:00Z;-1;9000003703;hourly;0,0000000000;0,0000000000;0,0000000000;0,0000000000;0,0000000000;0,0000000000;0,0000000000;0,0000000000;0,0000000000;0,0000000000;0,0000000000;0,0000000000;0,0000000000;1;0, 0, 0, 0, 0, 0, 0, 0;0, 0, 0, 0, 0, 0, 0, 0, 0, 0, 0, 0, 0, 0, 0, 0, 0, 0, 0, 0, 0, 0, 0, 0, 0;Europe/Paris;NA
2022-07-17T01:00:00Z;-1;9000003703;hourly;0,0000000000;0,0000000000;0,0000000000;0,0000000000;0,0000000000;0,0000000000;0,0000000000;0,0000000000;0,0000000000;0,0000000000;0,0000000000;0,0000000000;0,0000000000;1;0, 0, 0, 0, 0, 0, 0, 0;0, 0, 0, 0, 0, 0, 0, 0, 0, 0, 0, 0, 0, 0, 0, 0, 0, 0, 0, 0, 0, 0, 0, 0, 0;Europe/Paris;NA
2022-07-17T02:00:00Z;-1;9000003703;hourly;0,0000000000;0,0000000000;0,0000000000;0,0000000000;0,0000000000;0,0000000000;0,0000000000;0,0000000000;0,0000000000;0,0000000000;0,0000000000;0,0000000000;0,0000000000;1;0, 0, 0, 0, 0, 0, 0, 0;0, 0, 0, 0, 0, 0, 0, 0, 0, 0, 0, 0, 0, 0, 0, 0, 0, 0, 0, 0, 0, 0, 0, 0, 0;Europe/Paris;NA
2022-07-17T03:00:00Z;-1;9000003703;hourly;0,0000000000;0,0000000000;0,0000000000;0,0000000000;0,0000000000;0,0000000000;0,0000000000;0,0000000000;0,0000000000;0,0000000000;0,0000000000;0,0000000000;0,0000000000;1;0, 0, 0, 0, 0, 0, 0, 0;0, 0, 0, 0, 0, 0, 0, 0, 0, 0, 0, 0, 0, 0, 0, 0, 0, 0, 0, 0, 0, 0, 0, 0, 0;Europe/Paris;NA
2022-07-17T04:00:00Z;-1;9000003703;hourly;0,0000000000;0,0000000000;0,0000000000;0,0000000000;0,0000000000;0,0000000000;0,0000000000;0,0000000000;0,0000000000;0,0000000000;0,0000000000;0,0000000000;0,0000000000;1;0, 0, 0, 0, 0, 0, 0, 0;0, 0, 0, 0, 0, 0, 0, 0, 0, 0, 0, 0, 0, 0, 0, 0, 0, 0, 0, 0, 0, 0, 0, 0, 0;Europe/Paris;NA
2022-07-17T05:00:00Z;-1;9000003703;hourly;0,0000000000;0,0000000000;0,0000000000;0,0000000000;0,0000000000;0,0000000000;0,0000000000;0,0000000000;0,0000000000;0,0000000000;0,0000000000;0,0000000000;0,0000000000;1;0, 0, 0, 0, 0, 0, 0, 0;0, 0, 0, 0, 0, 0, 0, 0, 0, 0, 0, 0, 0, 0, 0, 0, 0, 0, 0, 0, 0, 0, 0, 0, 0;Europe/Paris;NA
2022-07-17T06:00:00Z;-1;9000003703;hourly;0,0000000000;0,0000000000;0,0000000000;0,0000000000;0,0000000000;0,0000000000;0,0000000000;0,0000000000;0,0000000000;0,0000000000;0,0000000000;0,0000000000;0,0000000000;1;0, 0, 0, 0, 0, 0, 0, 0;0, 0, 0, 0, 0, 0, 0, 0, 0, 0, 0, 0, 0, 0, 0, 0, 0, 0, 0, 0, 0, 0, 0, 0, 0;Europe/Paris;NA
2022-07-17T07:00:00Z;-1;9000003703;hourly;0,0000000000;0,0000000000;0,0000000000;0,0000000000;0,0000000000;0,0000000000;0,0000000000;0,0000000000;0,0000000000;0,0000000000;0,0000000000;0,0000000000;0,0000000000;1;0, 0, 0, 0, 0, 0, 0, 0;0, 0, 0, 0, 0, 0, 0, 0, 0, 0, 0, 0, 0, 0, 0, 0, 0, 0, 0, 0, 0, 0, 0, 0, 0;Europe/Paris;NA
2022-07-17T08:00:00Z;-1;9000003703;hourly;0,0000000000;0,0000000000;0,0000000000;0,0000000000;0,0000000000;0,0000000000;0,0000000000;0,0000000000;0,0000000000;0,0000000000;0,0000000000;0,0000000000;0,0000000000;1;0, 0, 0, 0, 0, 0, 0, 0;0, 0, 0, 0, 0, 0, 0, 0, 0, 0, 0, 0, 0, 0, 0, 0, 0, 0, 0, 0, 0, 0, 0, 0, 0;Europe/Paris;NA
2022-07-17T09:00:00Z;-1;9000003703;hourly;0,0000000000;0,0000000000;0,0000000000;0,0000000000;0,0000000000;0,0000000000;0,0000000000;0,0000000000;0,0000000000;0,0000000000;0,0000000000;0,0000000000;0,0000000000;1;0, 0, 0, 0, 0, 0, 0, 0;0, 0, 0, 0, 0, 0, 0, 0, 0, 0, 0, 0, 0, 0, 0, 0, 0, 0, 0, 0, 0, 0, 0, 0, 0;Europe/Paris;NA
2022-07-17T10:00:00Z;-1;9000003703;hourly;0,5125000000;0,0000000000;19,5121951220;0,0000000000;0,0000000000;0,0000000000;0,0000000000;7,8048780488;11,7073170732;0,0000000000;0,0000000000;0,0000000000;0,0000000000;1;0, 0, 10, 90, 0, 0, 0, 0;0, 0, 0, 0, 0, 10, 40, 50, 0, 0, 0, 0, 0, 0, 0, 0, 0, 0, 0, 0, 0, 0, 0, 0, 0;Europe/Paris;36,0
2022-07-17T11:00:00Z;-1;9000003703;hourly;0,8025000000;0,0000000000;6,2305295950;2,4922118380;3,7383177570;0,0000000000;0,0000000000;4,9844236760;1,2461059190;1,2461059190;1,2461059190;1,2461059190;2,4922118380;1;0, 0, 20, 60, 20, 0, 0, 0;0, 0, 0, 0, 20, 0, 40, 20, 20, 0, 0, 0, 0, 0, 0, 0, 0, 0, 0, 0, 0, 0, 0, 0, 0;Europe/Paris;39,0
2022-07-17T12:00:00Z;-1;9000003703;hourly;0,8144444444;1,2278308322;12,2783083220;0,0000000000;0,0000000000;0,0000000000;1,2278308322;6,1391541610;6,1391541610;0,0000000000;0,0000000000;0,0000000000;0,0000000000;1;0, 0, 10, 80, 10, 0, 0, 0;0, 0, 0, 0, 0, 10, 50, 30, 10, 0, 0, 0, 0, 0, 0, 0, 0, 0, 0, 0, 0, 0, 0, 0, 0;Europe/Paris;36,5
2022-07-17T13:00:00Z;-1;9000003703;hourly;0,8108333333;0,0000000000;14,7995889003;1,2332990750;0,0000000000;0,0000000000;0,0000000000;6,1664953751;8,6330935252;0,0000000000;1,2332990750;0,0000000000;0,0000000000;1;0, 0, 16.6666666667, 58.3333333333, 25, 0, 0, 0;0, 0, 0, 0, 8.3333333333, 8.3333333333, 33.3333333333, 25, 25, 0, 0, 0, 0, 0, 0, 0, 0, 0, 0, 0, 0, 0, 0, 0, 0;Europe/Paris;39,5
2022-07-17T14:00:00Z;-1;9000003703;hourly;0,8025000000;0,0000000000;26,1682242991;4,9844236760;1,2461059190;0,0000000000;0,0000000000;8,7227414330;17,4454828660;0,0000000000;4,9844236760;1,2461059190;0,0000000000;1;0, 4.7619047619, 9.5238095238, 71.4285714286, 9.5238095238, 0, 4.7619047619, 0;0, 0, 4.7619047619, 0, 4.7619047619, 4.7619047619, 33.3333333333, 38.0952380952, 4.7619047619, 4.7619047619, 0, 0, 0, 4.7619047619, 0, 0, 0, 0, 0, 0, 0, 0, 0, 0, 0;Europe/Paris;37,5
2022-07-17T15:00:00Z;-1;9000003703;hourly;0,7858333333;0,0000000000;19,0880169671;3,8176033934;0,0000000000;0,0000000000;0,0000000000;8,9077412513;10,1802757158;2,5450689290;1,2725344645;0,0000000000;0,0000000000;1;0, 6.6666666667, 33.3333333333, 46.6666666667, 13.3333333333, 0, 0, 0;0, 0, 0, 6.6666666667, 20, 13.3333333333, 13.3333333333, 33.3333333333, 13.3333333333, 0, 0, 0, 0, 0, 0, 0, 0, 0, 0, 0, 0, 0, 0, 0, 0;Europe/Paris;37,5
2022-07-17T16:00:00Z;-1;9000003703;hourly;0,7838888889;2,5513819986;28,0652019844;0,0000000000;1,2756909993;2,5513819986;0,0000000000;8,9298369950;19,1353649894;0,0000000000;0,0000000000;1,2756909993;0,0000000000;1;0, 13.6363636364, 31.8181818182, 45.4545454545, 9.0909090909, 0, 0, 0;0, 0, 4.5454545455, 9.0909090909, 13.6363636364, 18.1818181818, 27.2727272727, 18.1818181818, 9.0909090909, 0, 0, 0, 0, 0, 0, 0, 0, 0, 0, 0, 0, 0, 0, 0, 0;Europe/Paris;36,0
2022-07-17T17:00:00Z;-1;9000003703;hourly;0,7683333333;0,0000000000;16,9197396963;14,3167028200;10,4121475054;0,0000000000;0,0000000000;7,8091106291;9,1106290672;6,5075921909;7,8091106291;5,2060737527;5,2060737527;1;7.6923076923, 0, 46.1538461538, 30.7692307692, 15.3846153846, 0, 0, 0;0, 7.6923076923, 0, 0, 15.3846153846, 30.7692307692, 30.7692307692, 0, 7.6923076923, 7.6923076923, 0, 0, 0, 0, 0, 0, 0, 0, 0, 0, 0, 0, 0, 0, 0;Europe/Paris;32,5
2022-07-17T18:00:00Z;-1;9000003703;hourly;0,7480555556;1,3367991088;20,0519866320;5,3471964352;9,3575937616;0,0000000000;1,3367991088;5,3471964352;14,7047901968;4,0103973264;1,3367991088;5,3471964352;4,0103973264;1;0, 13.3333333333, 33.3333333333, 46.6666666667, 6.6666666667, 0, 0, 0;0, 0, 6.6666666667, 6.6666666667, 20, 13.3333333333, 33.3333333333, 13.3333333333, 0, 6.6666666667, 0, 0, 0, 0, 0, 0, 0, 0, 0, 0, 0, 0, 0, 0, 0;Europe/Paris;34,5
2022-07-17T19:00:00Z;-1;9000003703;hourly;0,8038888889;1,2439530062;19,9032480995;3,7318590187;0,0000000000;0,0000000000;1,2439530062;1,2439530062;18,6592950933;2,4879060124;1,2439530062;0,0000000000;0,0000000000;1;0, 0, 75, 25, 0, 0, 0, 0;0, 0, 0, 0, 25, 50, 6.25, 18.75, 0, 0, 0, 0, 0, 0, 0, 0, 0, 0, 0, 0, 0, 0, 0, 0, 0;Europe/Paris;33,5
2022-07-17T20:00:00Z;-1;9000003703;hourly;0,0783333333;0,0000000000;38,2978723404;0,0000000000;0,0000000000;0,0000000000;0,0000000000;25,5319148936;12,7659574468;0,0000000000;0,0000000000;0,0000000000;0,0000000000;1;0, 0, 33.3333333333, 66.6666666667, 0, 0, 0, 0;0, 0, 0, 0, 33.3333333333, 0, 33.3333333333, 33.3333333333, 0, 0, 0, 0, 0, 0, 0, 0, 0, 0, 0, 0, 0, 0, 0, 0, 0;Europe/Paris;35,5
2022-07-17T21:00:00Z;-1;9000003703;hourly;0,0000000000;0,0000000000;0,0000000000;0,0000000000;0,0000000000;0,0000000000;0,0000000000;0,0000000000;0,0000000000;0,0000000000;0,0000000000;0,0000000000;0,0000000000;1;0, 0, 0, 0, 0, 0, 0, 0;0, 0, 0, 0, 0, 0, 0, 0, 0, 0, 0, 0, 0, 0, 0, 0, 0, 0, 0, 0, 0, 0, 0, 0, 0;Europe/Paris;NA
2022-07-17T23:00:00Z;-1;9000003703;hourly;0,0000000000;0,0000000000;0,0000000000;0,0000000000;0,0000000000;0,0000000000;0,0000000000;0,0000000000;0,0000000000;0,0000000000;0,0000000000;0,0000000000;0,0000000000;1;0, 0, 0, 0, 0, 0, 0, 0;0, 0, 0, 0, 0, 0, 0, 0, 0, 0, 0, 0, 0, 0, 0, 0, 0, 0, 0, 0, 0, 0, 0, 0, 0;Europe/Paris;NA
2022-07-18T00:00:00Z;-1;9000003703;hourly;0,0000000000;0,0000000000;0,0000000000;0,0000000000;0,0000000000;0,0000000000;0,0000000000;0,0000000000;0,0000000000;0,0000000000;0,0000000000;0,0000000000;0,0000000000;1;0, 0, 0, 0, 0, 0, 0, 0;0, 0, 0, 0, 0, 0, 0, 0, 0, 0, 0, 0, 0, 0, 0, 0, 0, 0, 0, 0, 0, 0, 0, 0, 0;Europe/Paris;NA
2022-07-18T01:00:00Z;-1;9000003703;hourly;0,0000000000;0,0000000000;0,0000000000;0,0000000000;0,0000000000;0,0000000000;0,0000000000;0,0000000000;0,0000000000;0,0000000000;0,0000000000;0,0000000000;0,0000000000;1;0, 0, 0, 0, 0, 0, 0, 0;0, 0, 0, 0, 0, 0, 0, 0, 0, 0, 0, 0, 0, 0, 0, 0, 0, 0, 0, 0, 0, 0, 0, 0, 0;Europe/Paris;NA
2022-07-18T02:00:00Z;-1;9000003703;hourly;0,0000000000;0,0000000000;0,0000000000;0,0000000000;0,0000000000;0,0000000000;0,0000000000;0,0000000000;0,0000000000;0,0000000000;0,0000000000;0,0000000000;0,0000000000;1;0, 0, 0, 0, 0, 0, 0, 0;0, 0, 0, 0, 0, 0, 0, 0, 0, 0, 0, 0, 0, 0, 0, 0, 0, 0, 0, 0, 0, 0, 0, 0, 0;Europe/Paris;NA
2022-07-18T03:00:00Z;-1;9000003703;hourly;0,0000000000;0,0000000000;0,0000000000;0,0000000000;0,0000000000;0,0000000000;0,0000000000;0,0000000000;0,0000000000;0,0000000000;0,0000000000;0,0000000000;0,0000000000;1;0, 0, 0, 0, 0, 0, 0, 0;0, 0, 0, 0, 0, 0, 0, 0, 0, 0, 0, 0, 0, 0, 0, 0, 0, 0, 0, 0, 0, 0, 0, 0, 0;Europe/Paris;NA
2022-07-18T04:00:00Z;-1;9000003703;hourly;0,4238888889;0,0000000000;14,1546526868;0,0000000000;0,0000000000;0,0000000000;0,0000000000;4,7182175623;9,4364351245;0,0000000000;0,0000000000;0,0000000000;0,0000000000;1;0, 0, 16.6666666667, 83.3333333333, 0, 0, 0, 0;0, 0, 0, 0, 0, 16.6666666667, 83.3333333333, 0, 0, 0, 0, 0, 0, 0, 0, 0, 0, 0, 0, 0, 0, 0, 0, 0, 0;Europe/Paris;31,5
2022-07-18T05:00:00Z;-1;9000003703;hourly;0,8019444444;6,2348458608;28,6802909595;2,4939383443;7,4818150329;1,2469691722;4,9878766886;21,1984759266;7,4818150329;0,0000000000;2,4939383443;4,9878766886;2,4939383443;1;0, 4.347826087, 30.4347826087, 56.5217391304, 8.6956521739, 0, 0, 0;0, 0, 0, 4.347826087, 4.347826087, 26.0869565217, 34.7826086957, 21.7391304348, 8.6956521739, 0, 0, 0, 0, 0, 0, 0, 0, 0, 0, 0, 0, 0, 0, 0, 0;Europe/Paris;36,0
2022-07-18T06:00:00Z;-1;9000003703;hourly;0,7797222222;10,2600641254;29,4976843605;16,6726042038;1,2825080157;5,1300320627;5,1300320627;16,6726042038;12,8250801568;8,9775561097;7,6950480941;1,2825080157;0,0000000000;1;0, 4.347826087, 30.4347826087, 56.5217391304, 8.6956521739, 0, 0, 0;0, 0, 0, 4.347826087, 13.0434782609, 17.3913043478, 30.4347826087, 26.0869565217, 4.347826087, 4.347826087, 0, 0, 0, 0, 0, 0, 0, 0, 0, 0, 0, 0, 0, 0, 0;Europe/Paris;36,5
2022-07-18T07:00:00Z;-1;9000003703;hourly;0,7766666667;16,7381974249;14,1630901288;10,3004291845;0,0000000000;9,0128755365;7,7253218884;3,8626609442;10,3004291845;6,4377682403;3,8626609442;0,0000000000;0,0000000000;1;9.0909090909, 0, 54.5454545455, 27.2727272727, 9.0909090909, 0, 0, 0;0, 9.0909090909, 0, 0, 18.1818181818, 36.3636363636, 27.2727272727, 0, 9.0909090909, 0, 0, 0, 0, 0, 0, 0, 0, 0, 0, 0, 0, 0, 0, 0, 0;Europe/Paris;31,5
2022-07-18T08:00:00Z;-1;9000003703;hourly;0,8077777778;11,1416781293;27,2352132050;3,7138927098;1,2379642366;4,9518569464;6,1898211829;9,9037138927;17,3314993122;1,2379642366;2,4759284732;1,2379642366;0,0000000000;1;0, 0, 36.3636363636, 59.0909090909, 4.5454545455, 0, 0, 0;0, 0, 0, 0, 13.6363636364, 22.7272727273, 40.9090909091, 18.1818181818, 0, 4.5454545455, 0, 0, 0, 0, 0, 0, 0, 0, 0, 0, 0, 0, 0, 0, 0;Europe/Paris;34,5
2022-07-18T09:00:00Z;-1;9000003703;hourly;0,8002777778;4,9982644915;51,2322110378;4,9982644915;6,2478306144;2,4991322457;2,4991322457;19,9930579660;31,2391530719;1,2495661229;3,7486983686;2,4991322457;3,7486983686;1;2.4390243902, 7.3170731707, 29.2682926829, 43.9024390244, 17.0731707317, 0, 0, 0;2.4390243902, 0, 4.8780487805, 2.4390243902, 2.4390243902, 26.8292682927, 19.512195122, 24.3902439024, 9.756097561, 7.3170731707, 0, 0, 0, 0, 0, 0, 0, 0, 0, 0, 0, 0, 0, 0, 0;Europe/Paris;38,5
2022-07-18T10:00:00Z;-1;9000003703;hourly;0,8013888889;9,9826689775;33,6915077990;2,4956672444;1,2478336222;6,2391681109;3,7435008666;13,7261698440;19,9653379549;1,2478336222;1,2478336222;1,2478336222;0,0000000000;1;0, 0, 29.6296296296, 48.1481481481, 14.8148148148, 3.7037037037, 0, 3.7037037037;0, 0, 0, 0, 7.4074074074, 22.2222222222, 33.3333333333, 14.8148148148, 3.7037037037, 11.1111111111, 3.7037037037, 0, 0, 0, 0, 0, 0, 0, 0, 0, 0, 0, 0, 0, 3.7037037037;Europe/Paris;44,0
2022-07-18T11:00:00Z;-1;9000003703;hourly;0,7961111111;2,5122121424;35,1709699930;0,0000000000;3,7683182135;1,2561060712;1,2561060712;11,3049546406;23,8660153524;0,0000000000;0,0000000000;2,5122121424;1,2561060712;1;0, 0, 25, 46.4285714286, 25, 3.5714285714, 0, 0;0, 0, 0, 0, 17.8571428571, 7.1428571429, 21.4285714286, 25, 14.2857142857, 10.7142857143, 0, 3.5714285714, 0, 0, 0, 0, 0, 0, 0, 0, 0, 0, 0, 0, 0;Europe/Paris;42,5
2022-07-18T12:00:00Z;-1;9000003703;hourly;0,8052777778;6,2090375992;36,0124180752;0,0000000000;0,0000000000;2,4836150397;3,7254225595;22,3525353570;13,6598827182;0,0000000000;0,0000000000;0,0000000000;0,0000000000;1;0, 6.8965517241, 17.2413793103, 68.9655172414, 3.4482758621, 3.4482758621, 0, 0;0, 0, 0, 6.8965517241, 10.3448275862, 6.8965517241, 34.4827586207, 34.4827586207, 3.4482758621, 0, 0, 3.4482758621, 0, 0, 0, 0, 0, 0, 0, 0, 0, 0, 0, 0, 0;Europe/Paris;36,5
2022-07-18T13:00:00Z;-1;9000003703;hourly;0,8125000000;4,9230769231;28,3076923077;2,4615384615;0,0000000000;1,2307692308;3,6923076923;8,6153846154;19,6923076923;1,2307692308;1,2307692308;0,0000000000;0,0000000000;1;0, 4.347826087, 26.0869565217, 47.8260869565, 21.7391304348, 0, 0, 0;0, 0, 4.347826087, 0, 21.7391304348, 4.347826087, 26.0869565217, 21.7391304348, 13.0434782609, 8.6956521739, 0, 0, 0, 0, 0, 0, 0, 0, 0, 0, 0, 0, 0, 0, 0;Europe/Paris;40,0
2022-07-18T14:00:00Z;-1;9000003703;hourly;0,7997222222;5,0017367141;38,7634595346;2,5008683571;0,0000000000;2,5008683571;2,5008683571;22,5078152136;16,2556443209;1,2504341785;1,2504341785;0,0000000000;0,0000000000;1;0, 6.4516129032, 19.3548387097, 61.2903225806, 12.9032258065, 0, 0, 0;0, 0, 6.4516129032, 0, 3.2258064516, 16.1290322581, 35.4838709677, 25.8064516129, 6.4516129032, 6.4516129032, 0, 0, 0, 0, 0, 0, 0, 0, 0, 0, 0, 0, 0, 0, 0;Europe/Paris;37,0
2022-07-18T15:00:00Z;-1;9000003703;hourly;0,7850000000;2,5477707006;68,7898089172;3,8216560510;2,5477707006;1,2738853503;1,2738853503;19,1082802548;49,6815286624;0,0000000000;3,8216560510;1,2738853503;1,2738853503;1;3.7037037037, 0, 14.8148148148, 62.962962963, 14.8148148148, 3.7037037037, 0, 0;3.7037037037, 0, 0, 0, 3.7037037037, 11.1111111111, 38.8888888889, 24.0740740741, 9.2592592593, 5.5555555556, 3.7037037037, 0, 0, 0, 0, 0, 0, 0, 0, 0, 0, 0, 0, 0, 0;Europe/Paris;39,5
2022-07-18T16:00:00Z;-1;9000003703;hourly;0,7677777778;2,6049204052;74,2402315485;9,1172214182;3,9073806078;0,0000000000;2,6049204052;23,4442836469;50,7959479016;2,6049204052;6,5123010130;0,0000000000;3,9073806078;1;1.7543859649, 1.7543859649, 29.8245614035, 54.3859649123, 12.2807017544, 0, 0, 0;0, 1.7543859649, 0, 1.7543859649, 8.7719298246, 21.0526315789, 26.3157894737, 28.0701754386, 5.2631578947, 7.0175438596, 0, 0, 0, 0, 0, 0, 0, 0, 0, 0, 0, 0, 0, 0, 0;Europe/Paris;37,0
2022-07-18T17:00:00Z;-1;9000003703;hourly;0,7641666667;0,0000000000;26,1723009815;6,5430752454;7,8516902944;0,0000000000;0,0000000000;7,8516902944;18,3206106870;3,9258451472;2,6172300981;3,9258451472;3,9258451472;1;0, 0, 35, 55, 10, 0, 0, 0;0, 0, 0, 0, 0, 35, 35, 20, 5, 5, 0, 0, 0, 0, 0, 0, 0, 0, 0, 0, 0, 0, 0, 0, 0;Europe/Paris;36,0
2022-07-18T18:00:00Z;-1;9000003703;hourly;0,7394444444;0,0000000000;14,8760330579;6,7618332081;6,7618332081;0,0000000000;0,0000000000;5,4094665665;9,4665664914;4,0570999249;2,7047332832;4,0570999249;2,7047332832;1;0, 9.0909090909, 36.3636363636, 36.3636363636, 18.1818181818, 0, 0, 0;0, 0, 9.0909090909, 0, 9.0909090909, 27.2727272727, 9.0909090909, 27.2727272727, 9.0909090909, 9.0909090909, 0, 0, 0, 0, 0, 0, 0, 0, 0, 0, 0, 0, 0, 0, 0;Europe/Paris;39,0
2022-07-18T19:00:00Z;-1;9000003703;hourly;0,8030555556;0,0000000000;13,6976824628;2,4904877205;0,0000000000;0,0000000000;0,0000000000;4,9809754410;8,7167070218;2,4904877205;0,0000000000;0,0000000000;0,0000000000;1;0, 0, 36.3636363636, 27.2727272727, 18.1818181818, 18.1818181818, 0, 0;0, 0, 0, 0, 9.0909090909, 27.2727272727, 18.1818181818, 9.0909090909, 9.0909090909, 9.0909090909, 9.0909090909, 9.0909090909, 0, 0, 0, 0, 0, 0, 0, 0, 0, 0, 0, 0, 0;Europe/Paris;49,5
2022-07-18T20:00:00Z;-1;9000003703;hourly;0,0244444444;0,0000000000;0,0000000000;0,0000000000;0,0000000000;0,0000000000;0,0000000000;0,0000000000;0,0000000000;0,0000000000;0,0000000000;0,0000000000;0,0000000000;1;0, 0, 0, 0, 0, 0, 0, 0;0, 0, 0, 0, 0, 0, 0, 0, 0, 0, 0, 0, 0, 0, 0, 0, 0, 0, 0, 0, 0, 0, 0, 0, 0;Europe/Paris;NA
2022-07-18T21:00:00Z;-1;9000003703;hourly;0,0000000000;0,0000000000;0,0000000000;0,0000000000;0,0000000000;0,0000000000;0,0000000000;0,0000000000;0,0000000000;0,0000000000;0,0000000000;0,0000000000;0,0000000000;1;0, 0, 0, 0, 0, 0, 0, 0;0, 0, 0, 0, 0, 0, 0, 0, 0, 0, 0, 0, 0, 0, 0, 0, 0, 0, 0, 0, 0, 0, 0, 0, 0;Europe/Paris;NA
2022-07-18T23:00:00Z;-1;9000003703;hourly;0,0000000000;0,0000000000;0,0000000000;0,0000000000;0,0000000000;0,0000000000;0,0000000000;0,0000000000;0,0000000000;0,0000000000;0,0000000000;0,0000000000;0,0000000000;1;0, 0, 0, 0, 0, 0, 0, 0;0, 0, 0, 0, 0, 0, 0, 0, 0, 0, 0, 0, 0, 0, 0, 0, 0, 0, 0, 0, 0, 0, 0, 0, 0;Europe/Paris;NA
2022-07-19T00:00:00Z;-1;9000003703;hourly;0,0000000000;0,0000000000;0,0000000000;0,0000000000;0,0000000000;0,0000000000;0,0000000000;0,0000000000;0,0000000000;0,0000000000;0,0000000000;0,0000000000;0,0000000000;1;0, 0, 0, 0, 0, 0, 0, 0;0, 0, 0, 0, 0, 0, 0, 0, 0, 0, 0, 0, 0, 0, 0, 0, 0, 0, 0, 0, 0, 0, 0, 0, 0;Europe/Paris;NA
2022-07-19T01:00:00Z;-1;9000003703;hourly;0,0000000000;0,0000000000;0,0000000000;0,0000000000;0,0000000000;0,0000000000;0,0000000000;0,0000000000;0,0000000000;0,0000000000;0,0000000000;0,0000000000;0,0000000000;1;0, 0, 0, 0, 0, 0, 0, 0;0, 0, 0, 0, 0, 0, 0, 0, 0, 0, 0, 0, 0, 0, 0, 0, 0, 0, 0, 0, 0, 0, 0, 0, 0;Europe/Paris;NA
2022-07-19T02:00:00Z;-1;9000003703;hourly;0,0000000000;0,0000000000;0,0000000000;0,0000000000;0,0000000000;0,0000000000;0,0000000000;0,0000000000;0,0000000000;0,0000000000;0,0000000000;0,0000000000;0,0000000000;1;0, 0, 0, 0, 0, 0, 0, 0;0, 0, 0, 0, 0, 0, 0, 0, 0, 0, 0, 0, 0, 0, 0, 0, 0, 0, 0, 0, 0, 0, 0, 0, 0;Europe/Paris;NA
2022-07-19T03:00:00Z;-1;9000003703;hourly;0,0000000000;0,0000000000;0,0000000000;0,0000000000;0,0000000000;0,0000000000;0,0000000000;0,0000000000;0,0000000000;0,0000000000;0,0000000000;0,0000000000;0,0000000000;1;0, 0, 0, 0, 0, 0, 0, 0;0, 0, 0, 0, 0, 0, 0, 0, 0, 0, 0, 0, 0, 0, 0, 0, 0, 0, 0, 0, 0, 0, 0, 0, 0;Europe/Paris;NA
2022-07-19T04:00:00Z;-1;9000003703;hourly;0,4761111111;4,2007001167;10,5017502917;0,0000000000;0,0000000000;2,1003500583;2,1003500583;10,5017502917;0,0000000000;0,0000000000;0,0000000000;0,0000000000;0,0000000000;1;0, 0, 80, 20, 0, 0, 0, 0;0, 0, 0, 0, 0, 80, 0, 20, 0, 0, 0, 0, 0, 0, 0, 0, 0, 0, 0, 0, 0, 0, 0, 0, 0;Europe/Paris;33,5
2022-07-19T05:00:00Z;-1;9000003703;hourly;0,5322222222;5,6367432150;15,0313152401;3,7578288100;7,5156576200;3,7578288100;1,8789144050;7,5156576200;7,5156576200;1,8789144050;1,8789144050;7,5156576200;0,0000000000;1;0, 12.5, 25, 50, 12.5, 0, 0, 0;0, 0, 0, 12.5, 0, 25, 37.5, 12.5, 0, 12.5, 0, 0, 0, 0, 0, 0, 0, 0, 0, 0, 0, 0, 0, 0, 0;Europe/Paris;36,5
2022-07-19T06:00:00Z;-1;9000003703;hourly;0,7830555556;11,4934373891;30,6491663711;17,8786803831;3,8311457964;1,2770485988;10,2163887904;21,7098261795;8,9393401916;14,0475345867;3,8311457964;3,8311457964;0,0000000000;1;0, 0, 33.3333333333, 58.3333333333, 8.3333333333, 0, 0, 0;0, 0, 0, 0, 16.6666666667, 16.6666666667, 33.3333333333, 25, 4.1666666667, 4.1666666667, 0, 0, 0, 0, 0, 0, 0, 0, 0, 0, 0, 0, 0, 0, 0;Europe/Paris;36,0
2022-07-19T07:00:00Z;-1;9000003703;hourly;0,7805555556;21,7793594306;19,2170818505;5,1245551601;11,5302491103;10,2491103203;11,5302491103;14,0925266904;5,1245551601;5,1245551601;0,0000000000;7,6868327402;3,8434163701;1;0, 0, 66.6666666667, 26.6666666667, 6.6666666667, 0, 0, 0;0, 0, 0, 0, 20, 46.6666666667, 26.6666666667, 0, 6.6666666667, 0, 0, 0, 0, 0, 0, 0, 0, 0, 0, 0, 0, 0, 0, 0, 0;Europe/Paris;31,0
2022-07-19T08:00:00Z;-1;9000003703;hourly;0,7972222222;12,5435540070;28,8501742160;8,7804878049;5,0174216028;5,0174216028;7,5261324042;16,3066202091;12,5435540070;5,0174216028;3,7630662021;3,7630662021;1,2543554007;1;4.347826087, 0, 34.7826086957, 43.4782608696, 17.3913043478, 0, 0, 0;0, 4.347826087, 0, 0, 13.0434782609, 21.7391304348, 21.7391304348, 21.7391304348, 4.347826087, 13.0434782609, 0, 0, 0, 0, 0, 0, 0, 0, 0, 0, 0, 0, 0, 0, 0;Europe/Paris;40,0
2022-07-19T09:00:00Z;-1;9000003703;hourly;0,7794444444;19,2444761226;41,0548823949;2,5659301497;11,5466856736;11,5466856736;7,6977904490;23,0933713471;17,9615110478;2,5659301497;0,0000000000;5,1318602994;6,4148253742;1;9.375, 3.125, 15.625, 56.25, 15.625, 0, 0, 0;6.25, 3.125, 0, 3.125, 6.25, 9.375, 31.25, 25, 9.375, 6.25, 0, 0, 0, 0, 0, 0, 0, 0, 0, 0, 0, 0, 0, 0, 0;Europe/Paris;38,0
2022-07-19T10:00:00Z;-1;9000003703;hourly;0,7813888889;14,0774973338;49,9111269108;3,8393174547;3,8393174547;5,1190899396;8,9584073942;11,5179523640;38,3931745467;2,5595449698;1,2797724849;2,5595449698;1,2797724849;1;12.8205128205, 5.1282051282, 10.2564102564, 30.7692307692, 38.4615384615, 2.5641025641, 0, 0;12.8205128205, 0, 5.1282051282, 0, 2.5641025641, 7.6923076923, 17.9487179487, 12.8205128205, 25.641025641, 12.8205128205, 2.5641025641, 0, 0, 0, 0, 0, 0, 0, 0, 0, 0, 0, 0, 0, 0;Europe/Paris;42,5
2022-07-19T11:00:00Z;-1;9000003703;hourly;0,7775000000;18,0064308682;36,0128617363;2,5723472669;2,5723472669;10,2893890675;7,7170418006;21,8649517685;14,1479099678;2,5723472669;0,0000000000;1,2861736334;1,2861736334;1;3.5714285714, 0, 28.5714285714, 53.5714285714, 14.2857142857, 0, 0, 0;3.5714285714, 0, 0, 0, 7.1428571429, 21.4285714286, 35.7142857143, 17.8571428571, 7.1428571429, 7.1428571429, 0, 0, 0, 0, 0, 0, 0, 0, 0, 0, 0, 0, 0, 0, 0;Europe/Paris;37,5
2022-07-19T12:00:00Z;-1;9000003703;hourly;0,7736111111;58,1687612208;51,7055655296;6,4631956912;1,2926391382;14,2190305206;43,9497307002;15,5116696589;36,1938958707;5,1705565530;1,2926391382;1,2926391382;0,0000000000;1;40, 7.5, 20, 25, 7.5, 0, 0, 0;25, 15, 5, 2.5, 5, 15, 12.5, 12.5, 7.5, 0, 0, 0, 0, 0, 0, 0, 0, 0, 0, 0, 0, 0, 0, 0, 0;Europe/Paris;34,5
2022-07-19T13:00:00Z;-1;9000003703;hourly;0,7563888889;66,1035622475;47,5945648182;7,9324274697;0,0000000000;14,5427836945;51,5607785531;19,8310686743;27,7634961440;2,6441424899;5,2882849798;0,0000000000;0,0000000000;1;33.3333333333, 0, 27.7777777778, 27.7777777778, 8.3333333333, 0, 0, 2.7777777778;19.4444444444, 13.8888888889, 0, 0, 8.3333333333, 19.4444444444, 16.6666666667, 11.1111111111, 5.5555555556, 2.7777777778, 0, 0, 0, 0, 2.7777777778, 0, 0, 0, 0, 0, 0, 0, 0, 0, 0;Europe/Paris;35,5
2022-07-19T14:00:00Z;-1;9000003703;hourly;0,7561111111;39,6767083027;48,9346069067;18,5157972079;1,3225569434;9,2578986040;30,4188096988;22,4834680382;26,4511388685;2,6451138868;15,8706833211;1,3225569434;0,0000000000;1;18.9189189189, 8.1081081081, 13.5135135135, 43.2432432432, 10.8108108108, 5.4054054054, 0, 0;13.5135135135, 5.4054054054, 2.7027027027, 5.4054054054, 2.7027027027, 10.8108108108, 21.6216216216, 21.6216216216, 5.4054054054, 5.4054054054, 0, 5.4054054054, 0, 0, 0, 0, 0, 0, 0, 0, 0, 0, 0, 0, 0;Europe/Paris;38,5
2022-07-19T15:00:00Z;-1;9000003703;hourly;0,7469444444;16,0654518408;87,0211974712;17,4042394942;0,0000000000;8,0327259204;8,0327259204;26,7757530681;60,2454444031;5,3551506136;12,0490888806;0,0000000000;0,0000000000;1;3.0769230769, 3.0769230769, 21.5384615385, 49.2307692308, 18.4615384615, 4.6153846154, 0, 0;3.0769230769, 0, 1.5384615385, 1.5384615385, 4.6153846154, 16.9230769231, 29.2307692308, 20, 10.7692307692, 7.6923076923, 3.0769230769, 1.5384615385, 0, 0, 0, 0, 0, 0, 0, 0, 0, 0, 0, 0, 0;Europe/Paris;41,0
2022-07-19T16:00:00Z;-1;9000003703;hourly;0,6952777778;0,0000000000;81,9816220535;11,5061925689;4,3148222133;0,0000000000;0,0000000000;30,2037554934;51,7778665601;8,6296444267;2,8765481422;0,0000000000;4,3148222133;1;5.2631578947, 5.2631578947, 26.3157894737, 42.1052631579, 14.0350877193, 5.2631578947, 1.7543859649, 0;3.5087719298, 1.7543859649, 1.7543859649, 3.5087719298, 12.2807017544, 14.0350877193, 17.5438596491, 24.5614035088, 12.2807017544, 1.7543859649, 0, 5.2631578947, 1.7543859649, 0, 0, 0, 0, 0, 0, 0, 0, 0, 0, 0, 0;Europe/Paris;40,0
2022-07-19T17:00:00Z;-1;9000003703;hourly;0,7244444444;1,3803680982;26,2269938650;31,7484662577;15,1840490798;0,0000000000;1,3803680982;4,1411042945;22,0858895706;15,1840490798;16,5644171779;8,2822085890;6,9018404908;1;5.2631578947, 5.2631578947, 26.3157894737, 57.8947368421, 5.2631578947, 0, 0, 0;5.2631578947, 0, 5.2631578947, 0, 0, 26.3157894737, 31.5789473684, 26.3157894737, 5.2631578947, 0, 0, 0, 0, 0, 0, 0, 0, 0, 0, 0, 0, 0, 0, 0, 0;Europe/Paris;35,5
2022-07-19T18:00:00Z;-1;9000003703;hourly;0,7197222222;0,0000000000;19,4519490544;6,9471246623;6,9471246623;0,0000000000;0,0000000000;5,5576997298;13,8942493246;1,3894249325;5,5576997298;4,1682747974;2,7788498649;1;28.5714285714, 0, 28.5714285714, 14.2857142857, 28.5714285714, 0, 0, 0;28.5714285714, 0, 0, 0, 14.2857142857, 14.2857142857, 0, 14.2857142857, 28.5714285714, 0, 0, 0, 0, 0, 0, 0, 0, 0, 0, 0, 0, 0, 0, 0, 0;Europe/Paris;40,0
2022-07-19T19:00:00Z;-1;9000003703;hourly;0,8075000000;0,0000000000;23,5294117647;4,9535603715;7,4303405573;0,0000000000;0,0000000000;7,4303405573;16,0990712074;3,7151702786;1,2383900929;4,9535603715;2,4767801858;1;0, 5.2631578947, 31.5789473684, 52.6315789474, 10.5263157895, 0, 0, 0;0, 0, 0, 5.2631578947, 15.7894736842, 15.7894736842, 21.0526315789, 31.5789473684, 5.2631578947, 5.2631578947, 0, 0, 0, 0, 0, 0, 0, 0, 0, 0, 0, 0, 0, 0, 0;Europe/Paris;37,0
2022-07-19T20:00:00Z;-1;9000003703;hourly;0,0819444444;0,0000000000;24,4067796610;0,0000000000;0,0000000000;0,0000000000;0,0000000000;24,4067796610;0,0000000000;0,0000000000;0,0000000000;0,0000000000;0,0000000000;1;0, 0, 50, 50, 0, 0, 0, 0;0, 0, 0, 0, 50, 0, 0, 50, 0, 0, 0, 0, 0, 0, 0, 0, 0, 0, 0, 0, 0, 0, 0, 0, 0;Europe/Paris;36,0
2022-07-19T21:00:00Z;-1;9000003703;hourly;0,0000000000;0,0000000000;0,0000000000;0,0000000000;0,0000000000;0,0000000000;0,0000000000;0,0000000000;0,0000000000;0,0000000000;0,0000000000;0,0000000000;0,0000000000;1;0, 0, 0, 0, 0, 0, 0, 0;0, 0, 0, 0, 0, 0, 0, 0, 0, 0, 0, 0, 0, 0, 0, 0, 0, 0, 0, 0, 0, 0, 0, 0, 0;Europe/Paris;NA
2022-07-19T23:00:00Z;-1;9000003703;hourly;0,0000000000;0,0000000000;0,0000000000;0,0000000000;0,0000000000;0,0000000000;0,0000000000;0,0000000000;0,0000000000;0,0000000000;0,0000000000;0,0000000000;0,0000000000;1;0, 0, 0, 0, 0, 0, 0, 0;0, 0, 0, 0, 0, 0, 0, 0, 0, 0, 0, 0, 0, 0, 0, 0, 0, 0, 0, 0, 0, 0, 0, 0, 0;Europe/Paris;NA
2022-07-20T00:00:00Z;-1;9000003703;hourly;0,0000000000;0,0000000000;0,0000000000;0,0000000000;0,0000000000;0,0000000000;0,0000000000;0,0000000000;0,0000000000;0,0000000000;0,0000000000;0,0000000000;0,0000000000;1;0, 0, 0, 0, 0, 0, 0, 0;0, 0, 0, 0, 0, 0, 0, 0, 0, 0, 0, 0, 0, 0, 0, 0, 0, 0, 0, 0, 0, 0, 0, 0, 0;Europe/Paris;NA
2022-07-20T01:00:00Z;-1;9000003703;hourly;0,0000000000;0,0000000000;0,0000000000;0,0000000000;0,0000000000;0,0000000000;0,0000000000;0,0000000000;0,0000000000;0,0000000000;0,0000000000;0,0000000000;0,0000000000;1;0, 0, 0, 0, 0, 0, 0, 0;0, 0, 0, 0, 0, 0, 0, 0, 0, 0, 0, 0, 0, 0, 0, 0, 0, 0, 0, 0, 0, 0, 0, 0, 0;Europe/Paris;NA
2022-07-20T02:00:00Z;-1;9000003703;hourly;0,0000000000;0,0000000000;0,0000000000;0,0000000000;0,0000000000;0,0000000000;0,0000000000;0,0000000000;0,0000000000;0,0000000000;0,0000000000;0,0000000000;0,0000000000;1;0, 0, 0, 0, 0, 0, 0, 0;0, 0, 0, 0, 0, 0, 0, 0, 0, 0, 0, 0, 0, 0, 0, 0, 0, 0, 0, 0, 0, 0, 0, 0, 0;Europe/Paris;NA
2022-07-20T03:00:00Z;-1;9000003703;hourly;0,0000000000;0,0000000000;0,0000000000;0,0000000000;0,0000000000;0,0000000000;0,0000000000;0,0000000000;0,0000000000;0,0000000000;0,0000000000;0,0000000000;0,0000000000;1;0, 0, 0, 0, 0, 0, 0, 0;0, 0, 0, 0, 0, 0, 0, 0, 0, 0, 0, 0, 0, 0, 0, 0, 0, 0, 0, 0, 0, 0, 0, 0, 0;Europe/Paris;NA
2022-07-20T04:00:00Z;-1;9000003703;hourly;0,2038888889;4,9046321526;19,6185286104;0,0000000000;0,0000000000;4,9046321526;0,0000000000;14,7138964578;4,9046321526;0,0000000000;0,0000000000;0,0000000000;0,0000000000;1;0, 0, 0, 75, 25, 0, 0, 0;0, 0, 0, 0, 0, 0, 50, 25, 25, 0, 0, 0, 0, 0, 0, 0, 0, 0, 0, 0, 0, 0, 0, 0, 0;Europe/Paris;39,5
2022-07-20T05:00:00Z;-1;9000003703;hourly;0,7205555556;5,5512721665;16,6538164996;8,3269082498;5,5512721665;4,1634541249;1,3878180416;9,7147262914;6,9390902082;0,0000000000;8,3269082498;4,1634541249;1,3878180416;1;25, 0, 25, 50, 0, 0, 0, 0;25, 0, 0, 0, 0, 25, 41.6666666667, 8.3333333333, 0, 0, 0, 0, 0, 0, 0, 0, 0, 0, 0, 0, 0, 0, 0, 0, 0;Europe/Paris;31,5
2022-07-20T06:00:00Z;-1;9000003703;hourly;0,7830555556;10,2163887904;40,8655551614;3,8311457964;6,3852429940;3,8311457964;6,3852429940;25,5409719759;15,3245831855;3,8311457964;0,0000000000;5,1081943952;1,2770485988;1;3.125, 6.25, 6.25, 62.5, 21.875, 0, 0, 0;0, 3.125, 3.125, 3.125, 3.125, 3.125, 40.625, 21.875, 15.625, 6.25, 0, 0, 0, 0, 0, 0, 0, 0, 0, 0, 0, 0, 0, 0, 0;Europe/Paris;39,5
2022-07-20T07:00:00Z;-1;9000003703;hourly;0,7822222222;5,1136363636;23,0113636364;3,8352272727;5,1136363636;3,8352272727;1,2784090909;14,0625000000;8,9488636364;3,8352272727;0,0000000000;5,1136363636;0,0000000000;1;5.5555555556, 0, 27.7777777778, 50, 11.1111111111, 5.5555555556, 0, 0;5.5555555556, 0, 0, 0, 11.1111111111, 16.6666666667, 27.7777777778, 22.2222222222, 11.1111111111, 0, 5.5555555556, 0, 0, 0, 0, 0, 0, 0, 0, 0, 0, 0, 0, 0, 0;Europe/Paris;38,0
2022-07-20T08:00:00Z;-1;9000003703;hourly;0,7650000000;15,6862745098;54,9019607843;1,3071895425;1,3071895425;9,1503267974;6,5359477124;28,7581699346;26,1437908497;1,3071895425;0,0000000000;0,0000000000;1,3071895425;1;19.0476190476, 4.7619047619, 26.1904761905, 42.8571428571, 4.7619047619, 2.380952381, 0, 0;11.9047619048, 7.1428571429, 0, 4.7619047619, 16.6666666667, 9.5238095238, 26.1904761905, 16.6666666667, 4.7619047619, 0, 0, 2.380952381, 0, 0, 0, 0, 0, 0, 0, 0, 0, 0, 0, 0, 0;Europe/Paris;35,0
2022-07-20T09:00:00Z;-1;9000003703;hourly;0,7669444444;10,4310032597;37,8123868164;26,0775081492;6,5193770373;3,9116262224;6,5193770373;15,6465048895;22,1658819268;10,4310032597;15,6465048895;2,6077508149;3,9116262224;1;3.4482758621, 3.4482758621, 17.2413793103, 62.0689655172, 13.7931034483, 0, 0, 0;0, 3.4482758621, 0, 3.4482758621, 3.4482758621, 13.7931034483, 31.0344827586, 31.0344827586, 13.7931034483, 0, 0, 0, 0, 0, 0, 0, 0, 0, 0, 0, 0, 0, 0, 0, 0;Europe/Paris;37,5
2022-07-20T10:00:00Z;-1;9000003703;hourly;0,7816666667;21,7484008529;33,2622601279;6,3965884861;0,0000000000;6,3965884861;15,3518123667;7,6759061834;25,5863539446;1,2793176972;5,1172707889;0,0000000000;0,0000000000;1;3.8461538462, 0, 19.2307692308, 53.8461538462, 19.2307692308, 3.8461538462, 0, 0;3.8461538462, 0, 0, 0, 7.6923076923, 11.5384615385, 26.9230769231, 26.9230769231, 19.2307692308, 0, 3.8461538462, 0, 0, 0, 0, 0, 0, 0, 0, 0, 0, 0, 0, 0, 0;Europe/Paris;39,5
2022-07-20T11:00:00Z;-1;9000003703;hourly;0,7686111111;14,3115287315;31,2251535960;6,5052403325;5,2041922660;11,7094325985;2,6020961330;13,0104806650;18,2146729310;2,6020961330;3,9031441995;3,9031441995;1,3010480665;1;8.3333333333, 0, 16.6666666667, 54.1666666667, 20.8333333333, 0, 0, 0;8.3333333333, 0, 0, 0, 0, 16.6666666667, 41.6666666667, 12.5, 16.6666666667, 4.1666666667, 0, 0, 0, 0, 0, 0, 0, 0, 0, 0, 0, 0, 0, 0, 0;Europe/Paris;39,5
2022-07-20T12:00:00Z;-1;9000003703;hourly;0,7463888889;24,1161146260;20,0967621883;18,7569780424;1,3397841459;13,3978414589;10,7182731671;9,3784890212;10,7182731671;12,0580573130;6,6989207294;1,3397841459;0,0000000000;1;0, 6.6666666667, 53.3333333333, 26.6666666667, 13.3333333333, 0, 0, 0;0, 0, 0, 6.6666666667, 13.3333333333, 40, 6.6666666667, 20, 6.6666666667, 6.6666666667, 0, 0, 0, 0, 0, 0, 0, 0, 0, 0, 0, 0, 0, 0, 0;Europe/Paris;37,0
2022-07-20T13:00:00Z;-1;9000003703;hourly;0,7627777778;13,1099781500;36,7079388201;22,2869628551;7,8659868900;9,1769847050;3,9329934450;19,6649672251;17,0429715950;15,7319737800;6,5549890750;6,5549890750;1,3109978150;1;17.8571428571, 3.5714285714, 25, 50, 3.5714285714, 0, 0, 0;10.7142857143, 7.1428571429, 0, 3.5714285714, 14.2857142857, 10.7142857143, 32.1428571429, 17.8571428571, 3.5714285714, 0, 0, 0, 0, 0, 0, 0, 0, 0, 0, 0, 0, 0, 0, 0, 0;Europe/Paris;34,5
2022-07-20T14:00:00Z;-1;9000003703;hourly;0,7583333333;11,8681318681;30,3296703297;15,8241758242;0,0000000000;9,2307692308;2,6373626374;7,9120879121;22,4175824176;7,9120879121;7,9120879121;0,0000000000;0,0000000000;1;4.347826087, 4.347826087, 30.4347826087, 43.4782608696, 17.3913043478, 0, 0, 0;4.347826087, 0, 0, 4.347826087, 4.347826087, 26.0869565217, 30.4347826087, 13.0434782609, 13.0434782609, 4.347826087, 0, 0, 0, 0, 0, 0, 0, 0, 0, 0, 0, 0, 0, 0, 0;Europe/Paris;38,5
2022-07-20T15:00:00Z;-1;9000003703;hourly;0,7627777778;15,7319737800;51,1289147851;19,6649672251;5,2439912600;9,1769847050;6,5549890750;15,7319737800;35,3969410051;10,4879825200;9,1769847050;3,9329934450;1,3109978150;1;7.6923076923, 5.1282051282, 25.641025641, 43.5897435897, 15.3846153846, 2.5641025641, 0, 0;5.1282051282, 2.5641025641, 0, 5.1282051282, 2.5641025641, 23.0769230769, 23.0769230769, 20.5128205128, 7.6923076923, 7.6923076923, 2.5641025641, 0, 0, 0, 0, 0, 0, 0, 0, 0, 0, 0, 0, 0, 0;Europe/Paris;39,5
2022-07-20T16:00:00Z;-1;9000003703;hourly;0,7786111111;7,7060292544;57,7952194078;15,4120585087;10,2747056725;5,1373528362;2,5686764181;20,5494113450;37,2458080628;5,1373528362;10,2747056725;5,1373528362;5,1373528362;1;4.4444444444, 8.8888888889, 42.2222222222, 42.2222222222, 2.2222222222, 0, 0, 0;4.4444444444, 0, 2.2222222222, 6.6666666667, 13.3333333333, 28.8888888889, 33.3333333333, 8.8888888889, 2.2222222222, 0, 0, 0, 0, 0, 0, 0, 0, 0, 0, 0, 0, 0, 0, 0, 0;Europe/Paris;32,0
2022-07-20T17:00:00Z;-1;9000003703;hourly;0,7772222222;2,5732666190;36,0257326662;12,8663330951;11,5796997856;1,2866333095;1,2866333095;11,5796997856;24,4460328806;6,4331665475;6,4331665475;6,4331665475;5,1465332380;1;0, 7.1428571429, 46.4285714286, 39.2857142857, 7.1428571429, 0, 0, 0;0, 0, 3.5714285714, 3.5714285714, 17.8571428571, 28.5714285714, 32.1428571429, 7.1428571429, 7.1428571429, 0, 0, 0, 0, 0, 0, 0, 0, 0, 0, 0, 0, 0, 0, 0, 0;Europe/Paris;32,5
2022-07-20T18:00:00Z;-1;9000003703;hourly;0,7911111111;0,0000000000;24,0168539326;6,3202247191;6,3202247191;0,0000000000;0,0000000000;11,3764044944;12,6404494382;2,5280898876;3,7921348315;5,0561797753;1,2640449438;1;0, 15.7894736842, 36.8421052632, 26.3157894737, 21.0526315789, 0, 0, 0;0, 0, 0, 15.7894736842, 15.7894736842, 21.0526315789, 21.0526315789, 5.2631578947, 10.5263157895, 10.5263157895, 0, 0, 0, 0, 0, 0, 0, 0, 0, 0, 0, 0, 0, 0, 0;Europe/Paris;40,5
2022-07-20T19:00:00Z;-1;9000003703;hourly;0,5597222222;0,0000000000;10,7196029777;0,0000000000;8,9330024814;0,0000000000;0,0000000000;5,3598014888;5,3598014888;0,0000000000;0,0000000000;1,7866004963;7,1464019851;1;0, 0, 50, 50, 0, 0, 0, 0;0, 0, 0, 0, 0, 50, 50, 0, 0, 0, 0, 0, 0, 0, 0, 0, 0, 0, 0, 0, 0, 0, 0, 0, 0;Europe/Paris;31,0
2022-07-20T20:00:00Z;-1;9000003703;hourly;0,0000000000;0,0000000000;0,0000000000;0,0000000000;0,0000000000;0,0000000000;0,0000000000;0,0000000000;0,0000000000;0,0000000000;0,0000000000;0,0000000000;0,0000000000;1;0, 0, 0, 0, 0, 0, 0, 0;0, 0, 0, 0, 0, 0, 0, 0, 0, 0, 0, 0, 0, 0, 0, 0, 0, 0, 0, 0, 0, 0, 0, 0, 0;Europe/Paris;NA
2022-07-20T21:00:00Z;-1;9000003703;hourly;0,0000000000;0,0000000000;0,0000000000;0,0000000000;0,0000000000;0,0000000000;0,0000000000;0,0000000000;0,0000000000;0,0000000000;0,0000000000;0,0000000000;0,0000000000;1;0, 0, 0, 0, 0, 0, 0, 0;0, 0, 0, 0, 0, 0, 0, 0, 0, 0, 0, 0, 0, 0, 0, 0, 0, 0, 0, 0, 0, 0, 0, 0, 0;Europe/Paris;NA
2022-07-20T23:00:00Z;-1;9000003703;hourly;0,0000000000;0,0000000000;0,0000000000;0,0000000000;0,0000000000;0,0000000000;0,0000000000;0,0000000000;0,0000000000;0,0000000000;0,0000000000;0,0000000000;0,0000000000;1;0, 0, 0, 0, 0, 0, 0, 0;0, 0, 0, 0, 0, 0, 0, 0, 0, 0, 0, 0, 0, 0, 0, 0, 0, 0, 0, 0, 0, 0, 0, 0, 0;Europe/Paris;NA
2022-07-21T00:00:00Z;-1;9000003703;hourly;0,0000000000;0,0000000000;0,0000000000;0,0000000000;0,0000000000;0,0000000000;0,0000000000;0,0000000000;0,0000000000;0,0000000000;0,0000000000;0,0000000000;0,0000000000;1;0, 0, 0, 0, 0, 0, 0, 0;0, 0, 0, 0, 0, 0, 0, 0, 0, 0, 0, 0, 0, 0, 0, 0, 0, 0, 0, 0, 0, 0, 0, 0, 0;Europe/Paris;NA
2022-07-21T01:00:00Z;-1;9000003703;hourly;0,0000000000;0,0000000000;0,0000000000;0,0000000000;0,0000000000;0,0000000000;0,0000000000;0,0000000000;0,0000000000;0,0000000000;0,0000000000;0,0000000000;0,0000000000;1;0, 0, 0, 0, 0, 0, 0, 0;0, 0, 0, 0, 0, 0, 0, 0, 0, 0, 0, 0, 0, 0, 0, 0, 0, 0, 0, 0, 0, 0, 0, 0, 0;Europe/Paris;NA
2022-07-21T02:00:00Z;-1;9000003703;hourly;0,0000000000;0,0000000000;0,0000000000;0,0000000000;0,0000000000;0,0000000000;0,0000000000;0,0000000000;0,0000000000;0,0000000000;0,0000000000;0,0000000000;0,0000000000;1;0, 0, 0, 0, 0, 0, 0, 0;0, 0, 0, 0, 0, 0, 0, 0, 0, 0, 0, 0, 0, 0, 0, 0, 0, 0, 0, 0, 0, 0, 0, 0, 0;Europe/Paris;NA
2022-07-21T03:00:00Z;-1;9000003703;hourly;0,0000000000;0,0000000000;0,0000000000;0,0000000000;0,0000000000;0,0000000000;0,0000000000;0,0000000000;0,0000000000;0,0000000000;0,0000000000;0,0000000000;0,0000000000;1;0, 0, 0, 0, 0, 0, 0, 0;0, 0, 0, 0, 0, 0, 0, 0, 0, 0, 0, 0, 0, 0, 0, 0, 0, 0, 0, 0, 0, 0, 0, 0, 0;Europe/Paris;NA
2022-07-21T04:00:00Z;-1;9000003703;hourly;0,3372222222;2,9654036244;0,0000000000;0,0000000000;2,9654036244;2,9654036244;0,0000000000;0,0000000000;0,0000000000;0,0000000000;0,0000000000;2,9654036244;0,0000000000;1;0, 0, 0, 0, 0, 0, 0, 0;0, 0, 0, 0, 0, 0, 0, 0, 0, 0, 0, 0, 0, 0, 0, 0, 0, 0, 0, 0, 0, 0, 0, 0, 0;Europe/Paris;NA
2022-07-21T05:00:00Z;-1;9000003703;hourly;0,7394444444;1,3523666416;24,3425995492;1,3523666416;4,0570999249;0,0000000000;1,3523666416;14,8760330579;9,4665664914;1,3523666416;0,0000000000;2,7047332832;1,3523666416;1;0, 0, 22.2222222222, 61.1111111111, 11.1111111111, 5.5555555556, 0, 0;0, 0, 0, 0, 5.5555555556, 16.6666666667, 33.3333333333, 27.7777777778, 5.5555555556, 5.5555555556, 0, 5.5555555556, 0, 0, 0, 0, 0, 0, 0, 0, 0, 0, 0, 0, 0;Europe/Paris;39,0
2022-07-21T06:00:00Z;-1;9000003703;hourly;0,8075000000;9,9071207430;40,8668730650;6,1919504644;2,4767801858;2,4767801858;7,4303405573;29,7213622291;11,1455108359;6,1919504644;0,0000000000;1,2383900929;1,2383900929;1;3.0303030303, 0, 45.4545454545, 45.4545454545, 6.0606060606, 0, 0, 0;0, 3.0303030303, 0, 0, 18.1818181818, 27.2727272727, 36.3636363636, 9.0909090909, 3.0303030303, 3.0303030303, 0, 0, 0, 0, 0, 0, 0, 0, 0, 0, 0, 0, 0, 0, 0;Europe/Paris;32,5
2022-07-21T07:00:00Z;-1;9000003703;hourly;0,7588888889;5,2708638360;38,2137628111;14,4948755490;3,9531478770;3,9531478770;1,3177159590;19,7657393851;18,4480234261;3,9531478770;10,5417276720;1,3177159590;2,6354319180;1;6.8965517241, 3.4482758621, 34.4827586207, 41.3793103448, 13.7931034483, 0, 0, 0;6.8965517241, 0, 0, 3.4482758621, 20.6896551724, 13.7931034483, 24.1379310345, 17.2413793103, 10.3448275862, 3.4482758621, 0, 0, 0, 0, 0, 0, 0, 0, 0, 0, 0, 0, 0, 0, 0;Europe/Paris;37,0
2022-07-21T08:00:00Z;-1;9000003703;hourly;0,7702777778;5,1929318428;24,6664262532;6,4911648035;3,8946988821;0,0000000000;5,1929318428;12,9823296069;11,6840966462;2,5964659214;3,8946988821;3,8946988821;0,0000000000;1;5.2631578947, 15.7894736842, 31.5789473684, 36.8421052632, 10.5263157895, 0, 0, 0;5.2631578947, 0, 0, 15.7894736842, 10.5263157895, 21.0526315789, 26.3157894737, 10.5263157895, 10.5263157895, 0, 0, 0, 0, 0, 0, 0, 0, 0, 0, 0, 0, 0, 0, 0, 0;Europe/Paris;35,5
2022-07-21T09:00:00Z;-1;9000003703;hourly;0,7469444444;5,3551506136;33,4696913351;13,3878765340;8,0327259204;1,3387876534;4,0163629602;10,7103012272;22,7593901078;6,6939382670;6,6939382670;2,6775753068;5,3551506136;1;8, 0, 44, 44, 4, 0, 0, 0;8, 0, 0, 0, 4, 40, 32, 12, 0, 4, 0, 0, 0, 0, 0, 0, 0, 0, 0, 0, 0, 0, 0, 0, 0;Europe/Paris;33,0
2022-07-21T10:00:00Z;-1;9000003703;hourly;0,7825000000;16,6134185304;57,5079872204;6,3897763578;1,2779552716;2,5559105431;14,0575079872;21,7252396166;35,7827476038;2,5559105431;3,8338658147;0,0000000000;1,2779552716;1;11.1111111111, 11.1111111111, 15.5555555556, 48.8888888889, 11.1111111111, 2.2222222222, 0, 0;11.1111111111, 0, 6.6666666667, 4.4444444444, 2.2222222222, 13.3333333333, 31.1111111111, 17.7777777778, 6.6666666667, 4.4444444444, 2.2222222222, 0, 0, 0, 0, 0, 0, 0, 0, 0, 0, 0, 0, 0, 0;Europe/Paris;37,0
2022-07-21T11:00:00Z;-1;9000003703;hourly;0,7897222222;7,5976081604;36,7217727752;3,7988040802;2,5325360535;5,0650721069;2,5325360535;16,4614843475;20,2602884277;1,2662680267;2,5325360535;2,5325360535;0,0000000000;1;0, 3.4482758621, 41.3793103448, 41.3793103448, 13.7931034483, 0, 0, 0;0, 0, 3.4482758621, 0, 13.7931034483, 27.5862068966, 17.2413793103, 24.1379310345, 3.4482758621, 10.3448275862, 0, 0, 0, 0, 0, 0, 0, 0, 0, 0, 0, 0, 0, 0, 0;Europe/Paris;37,0
2022-07-21T12:00:00Z;-1;9000003703;hourly;0,7725000000;10,3559870550;25,8899676375;9,0614886731;1,2944983819;2,5889967638;7,7669902913;9,0614886731;16,8284789644;0,0000000000;9,0614886731;0,0000000000;1,2944983819;1;25, 10, 15, 40, 10, 0, 0, 0;25, 0, 0, 10, 10, 5, 25, 15, 10, 0, 0, 0, 0, 0, 0, 0, 0, 0, 0, 0, 0, 0, 0, 0, 0;Europe/Paris;36,0
2022-07-21T13:00:00Z;-1;9000003703;hourly;0,7966666667;7,5313807531;25,1046025105;3,7656903766;3,7656903766;2,5104602510;5,0209205021;10,0418410042;15,0627615063;1,2552301255;2,5104602510;1,2552301255;2,5104602510;1;5, 10, 45, 35, 5, 0, 0, 0;5, 0, 0, 10, 15, 30, 20, 15, 5, 0, 0, 0, 0, 0, 0, 0, 0, 0, 0, 0, 0, 0, 0, 0, 0;Europe/Paris;34,0
2022-07-21T14:00:00Z;-1;9000003703;hourly;0,7997222222;5,0017367141;57,5199722126;6,2521708927;1,2504341785;1,2504341785;3,7513025356;27,5095519278;30,0104202848;1,2504341785;5,0017367141;1,2504341785;0,0000000000;1;0, 2.1739130435, 41.3043478261, 47.8260869565, 8.6956521739, 0, 0, 0;0, 0, 2.1739130435, 0, 15.2173913043, 26.0869565217, 23.9130434783, 23.9130434783, 6.5217391304, 2.1739130435, 0, 0, 0, 0, 0, 0, 0, 0, 0, 0, 0, 0, 0, 0, 0;Europe/Paris;36,0
2022-07-21T15:00:00Z;-1;9000003703;hourly;0,7816666667;3,8379530917;89,5522388060;7,6759061834;2,5586353945;1,2793176972;2,5586353945;38,3795309168;51,1727078891;0,0000000000;7,6759061834;1,2793176972;1,2793176972;1;8.5714285714, 14.2857142857, 40, 34.2857142857, 2.8571428571, 0, 0, 0;5.7142857143, 2.8571428571, 4.2857142857, 10, 15.7142857143, 24.2857142857, 17.1428571429, 17.1428571429, 2.8571428571, 0, 0, 0, 0, 0, 0, 0, 0, 0, 0, 0, 0, 0, 0, 0, 0;Europe/Paris;34,0
2022-07-21T16:00:00Z;-1;9000003703;hourly;0,7536111111;1,3269443421;98,1938813122;23,8849981570;3,9808330262;0,0000000000;1,3269443421;19,9041651309;78,2897161813;14,5963877626;9,2886103944;3,9808330262;0,0000000000;1;4.0540540541, 4.0540540541, 21.6216216216, 59.4594594595, 9.4594594595, 0, 0, 1.3513513514;4.0540540541, 0, 2.7027027027, 1.3513513514, 8.1081081081, 13.5135135135, 35.1351351351, 24.3243243243, 4.0540540541, 5.4054054054, 0, 0, 0, 0, 0, 1.3513513514, 0, 0, 0, 0, 0, 0, 0, 0, 0;Europe/Paris;36,5
2022-07-21T17:00:00Z;-1;9000003703;hourly;0,7433333333;1,3452914798;28,2511210762;24,2152466368;6,7264573991;1,3452914798;0,0000000000;8,0717488789;20,1793721973;8,0717488789;16,1434977578;1,3452914798;5,3811659193;1;19.0476190476, 4.7619047619, 33.3333333333, 33.3333333333, 9.5238095238, 0, 0, 0;19.0476190476, 0, 4.7619047619, 0, 9.5238095238, 23.8095238095, 28.5714285714, 4.7619047619, 4.7619047619, 4.7619047619, 0, 0, 0, 0, 0, 0, 0, 0, 0, 0, 0, 0, 0, 0, 0;Europe/Paris;32,5
2022-07-21T18:00:00Z;-1;9000003703;hourly;0,7133333333;0,0000000000;16,8224299065;5,6074766355;4,2056074766;0,0000000000;0,0000000000;7,0093457944;9,8130841121;0,0000000000;5,6074766355;2,8037383178;1,4018691589;1;25, 16.6666666667, 16.6666666667, 41.6666666667, 0, 0, 0, 0;16.6666666667, 8.3333333333, 8.3333333333, 8.3333333333, 0, 16.6666666667, 33.3333333333, 8.3333333333, 0, 0, 0, 0, 0, 0, 0, 0, 0, 0, 0, 0, 0, 0, 0, 0, 0;Europe/Paris;31,5
2022-07-21T19:00:00Z;-1;9000003703;hourly;0,7880555556;0,0000000000;19,0341910469;1,2689460698;3,8068382094;0,0000000000;0,0000000000;5,0757842792;13,9584067677;1,2689460698;0,0000000000;1,2689460698;2,5378921396;1;0, 0, 33.3333333333, 53.3333333333, 6.6666666667, 0, 0, 6.6666666667;0, 0, 0, 0, 6.6666666667, 26.6666666667, 33.3333333333, 20, 6.6666666667, 0, 0, 0, 0, 0, 0, 0, 0, 0, 0, 0, 0, 0, 0, 0, 6.6666666667;Europe/Paris;37,0
2022-07-21T20:00:00Z;-1;9000003703;hourly;0,0691666667;0,0000000000;14,4578313253;0,0000000000;0,0000000000;0,0000000000;0,0000000000;0,0000000000;14,4578313253;0,0000000000;0,0000000000;0,0000000000;0,0000000000;1;0, 0, 0, 100, 0, 0, 0, 0;0, 0, 0, 0, 0, 0, 100, 0, 0, 0, 0, 0, 0, 0, 0, 0, 0, 0, 0, 0, 0, 0, 0, 0, 0;Europe/Paris;31,5
2022-07-21T21:00:00Z;-1;9000003703;hourly;0,0000000000;0,0000000000;0,0000000000;0,0000000000;0,0000000000;0,0000000000;0,0000000000;0,0000000000;0,0000000000;0,0000000000;0,0000000000;0,0000000000;0,0000000000;1;0, 0, 0, 0, 0, 0, 0, 0;0, 0, 0, 0, 0, 0, 0, 0, 0, 0, 0, 0, 0, 0, 0, 0, 0, 0, 0, 0, 0, 0, 0, 0, 0;Europe/Paris;NA
2022-07-21T23:00:00Z;-1;9000003703;hourly;0,0000000000;0,0000000000;0,0000000000;0,0000000000;0,0000000000;0,0000000000;0,0000000000;0,0000000000;0,0000000000;0,0000000000;0,0000000000;0,0000000000;0,0000000000;1;0, 0, 0, 0, 0, 0, 0, 0;0, 0, 0, 0, 0, 0, 0, 0, 0, 0, 0, 0, 0, 0, 0, 0, 0, 0, 0, 0, 0, 0, 0, 0, 0;Europe/Paris;NA
2022-07-22T00:00:00Z;-1;9000003703;hourly;0,0000000000;0,0000000000;0,0000000000;0,0000000000;0,0000000000;0,0000000000;0,0000000000;0,0000000000;0,0000000000;0,0000000000;0,0000000000;0,0000000000;0,0000000000;1;0, 0, 0, 0, 0, 0, 0, 0;0, 0, 0, 0, 0, 0, 0, 0, 0, 0, 0, 0, 0, 0, 0, 0, 0, 0, 0, 0, 0, 0, 0, 0, 0;Europe/Paris;NA
2022-07-22T01:00:00Z;-1;9000003703;hourly;0,0000000000;0,0000000000;0,0000000000;0,0000000000;0,0000000000;0,0000000000;0,0000000000;0,0000000000;0,0000000000;0,0000000000;0,0000000000;0,0000000000;0,0000000000;1;0, 0, 0, 0, 0, 0, 0, 0;0, 0, 0, 0, 0, 0, 0, 0, 0, 0, 0, 0, 0, 0, 0, 0, 0, 0, 0, 0, 0, 0, 0, 0, 0;Europe/Paris;NA
2022-07-22T02:00:00Z;-1;9000003703;hourly;0,0000000000;0,0000000000;0,0000000000;0,0000000000;0,0000000000;0,0000000000;0,0000000000;0,0000000000;0,0000000000;0,0000000000;0,0000000000;0,0000000000;0,0000000000;1;0, 0, 0, 0, 0, 0, 0, 0;0, 0, 0, 0, 0, 0, 0, 0, 0, 0, 0, 0, 0, 0, 0, 0, 0, 0, 0, 0, 0, 0, 0, 0, 0;Europe/Paris;NA
2022-07-22T03:00:00Z;-1;9000003703;hourly;0,0000000000;0,0000000000;0,0000000000;0,0000000000;0,0000000000;0,0000000000;0,0000000000;0,0000000000;0,0000000000;0,0000000000;0,0000000000;0,0000000000;0,0000000000;1;0, 0, 0, 0, 0, 0, 0, 0;0, 0, 0, 0, 0, 0, 0, 0, 0, 0, 0, 0, 0, 0, 0, 0, 0, 0, 0, 0, 0, 0, 0, 0, 0;Europe/Paris;NA
2022-07-22T04:00:00Z;-1;9000003703;hourly;0,1627777778;6,1433447099;12,2866894198;0,0000000000;0,0000000000;6,1433447099;0,0000000000;12,2866894198;0,0000000000;0,0000000000;0,0000000000;0,0000000000;0,0000000000;1;0, 0, 0, 50, 50, 0, 0, 0;0, 0, 0, 0, 0, 0, 0, 50, 50, 0, 0, 0, 0, 0, 0, 0, 0, 0, 0, 0, 0, 0, 0, 0, 0;Europe/Paris;41,0
2022-07-22T05:00:00Z;-1;9000003703;hourly;0,7391666667;8,1172491545;16,2344983089;1,3528748591;4,0586245772;4,0586245772;4,0586245772;10,8229988726;5,4114994363;1,3528748591;0,0000000000;2,7057497182;1,3528748591;1;0, 0, 33.3333333333, 66.6666666667, 0, 0, 0, 0;0, 0, 0, 0, 0, 33.3333333333, 25, 41.6666666667, 0, 0, 0, 0, 0, 0, 0, 0, 0, 0, 0, 0, 0, 0, 0, 0, 0;Europe/Paris;35,5
2022-07-22T06:00:00Z;-1;9000003703;hourly;0,8011111111;14,9791955617;43,6893203883;6,2413314840;0,0000000000;13,7309292649;1,2482662968;22,4687933426;21,2205270458;6,2413314840;0,0000000000;0,0000000000;0,0000000000;1;2.8571428571, 5.7142857143, 25.7142857143, 51.4285714286, 14.2857142857, 0, 0, 0;2.8571428571, 0, 0, 5.7142857143, 8.5714285714, 17.1428571429, 31.4285714286, 20, 11.4285714286, 2.8571428571, 0, 0, 0, 0, 0, 0, 0, 0, 0, 0, 0, 0, 0, 0, 0;Europe/Paris;37,5
2022-07-22T07:00:00Z;-1;9000003703;hourly;0,7702777778;16,8770284890;32,4558240173;2,5964659214;10,3858636855;14,2805625676;2,5964659214;11,6840966462;20,7717273711;1,2982329607;1,2982329607;6,4911648035;3,8946988821;1;4, 0, 24, 56, 16, 0, 0, 0;4, 0, 0, 0, 8, 16, 44, 12, 12, 4, 0, 0, 0, 0, 0, 0, 0, 0, 0, 0, 0, 0, 0, 0, 0;Europe/Paris;38,0
2022-07-22T08:00:00Z;-1;9000003703;hourly;0,7983333333;3,7578288100;45,0939457203;7,5156576200;11,2734864301;2,5052192067;1,2526096033;20,0417536534;25,0521920668;3,7578288100;3,7578288100;10,0208768267;1,2526096033;1;2.7777777778, 11.1111111111, 41.6666666667, 30.5555555556, 13.8888888889, 0, 0, 0;2.7777777778, 0, 5.5555555556, 5.5555555556, 22.2222222222, 19.4444444444, 13.8888888889, 16.6666666667, 11.1111111111, 2.7777777778, 0, 0, 0, 0, 0, 0, 0, 0, 0, 0, 0, 0, 0, 0, 0;Europe/Paris;37,0
2022-07-22T09:00:00Z;-1;9000003703;hourly;0,7836111111;19,1421481744;52,3218716767;7,6568592698;11,4852889046;17,8660049628;1,2761432116;17,8660049628;34,4558667139;3,8284296349;3,8284296349;5,1045728465;6,3807160581;1;4.8780487805, 2.4390243902, 36.5853658537, 39.0243902439, 17.0731707317, 0, 0, 0;4.8780487805, 0, 0, 2.4390243902, 12.1951219512, 24.3902439024, 24.3902439024, 14.6341463415, 14.6341463415, 2.4390243902, 0, 0, 0, 0, 0, 0, 0, 0, 0, 0, 0, 0, 0, 0, 0;Europe/Paris;38,0
2022-07-22T10:00:00Z;-1;9000003703;hourly;0,7769444444;21,8805863425;38,6127994280;14,1580264569;7,7225598856;14,1580264569;7,7225598856;10,2967465141;28,3160529138;6,4354665713;7,7225598856;3,8612799428;3,8612799428;1;0, 0, 20, 36.6666666667, 33.3333333333, 10, 0, 0;0, 0, 0, 0, 6.6666666667, 13.3333333333, 13.3333333333, 23.3333333333, 23.3333333333, 10, 3.3333333333, 6.6666666667, 0, 0, 0, 0, 0, 0, 0, 0, 0, 0, 0, 0, 0;Europe/Paris;45,0
2022-07-22T11:00:00Z;-1;9000003703;hourly;0,8011111111;28,7101248266;26,2135922330;0,0000000000;3,7447988904;17,4757281553;11,2343966713;12,4826629681;13,7309292649;0,0000000000;0,0000000000;3,7447988904;0,0000000000;1;0, 0, 9.5238095238, 52.380952381, 33.3333333333, 4.7619047619, 0, 0;0, 0, 0, 0, 4.7619047619, 4.7619047619, 14.2857142857, 38.0952380952, 19.0476190476, 14.2857142857, 4.7619047619, 0, 0, 0, 0, 0, 0, 0, 0, 0, 0, 0, 0, 0, 0;Europe/Paris;44,0
2022-07-22T12:00:00Z;-1;9000003703;hourly;0,7977777778;5,0139275766;43,8718662953;2,5069637883;0,0000000000;3,7604456825;1,2534818942;16,2952646240;27,5766016713;0,0000000000;2,5069637883;0,0000000000;0,0000000000;1;0, 2.8571428571, 25.7142857143, 48.5714285714, 20, 2.8571428571, 0, 0;0, 0, 2.8571428571, 0, 8.5714285714, 17.1428571429, 22.8571428571, 25.7142857143, 8.5714285714, 11.4285714286, 2.8571428571, 0, 0, 0, 0, 0, 0, 0, 0, 0, 0, 0, 0, 0, 0;Europe/Paris;42,0
2022-07-22T13:00:00Z;-1;9000003703;hourly;0,8000000000;11,2500000000;40,0000000000;7,5000000000;6,2500000000;6,2500000000;5,0000000000;15,0000000000;25,0000000000;6,2500000000;1,2500000000;2,5000000000;3,7500000000;1;0, 0, 21.875, 62.5, 12.5, 0, 3.125, 0;0, 0, 0, 0, 12.5, 9.375, 37.5, 25, 9.375, 3.125, 0, 0, 0, 3.125, 0, 0, 0, 0, 0, 0, 0, 0, 0, 0, 0;Europe/Paris;38,0
2022-07-22T14:00:00Z;-1;9000003703;hourly;0,7936111111;7,5603780189;60,4830241512;0,0000000000;7,5603780189;3,7801890095;3,7801890095;28,9814490725;31,5015750788;0,0000000000;0,0000000000;5,0402520126;2,5201260063;1;2.0833333333, 4.1666666667, 35.4166666667, 41.6666666667, 16.6666666667, 0, 0, 0;2.0833333333, 0, 0, 4.1666666667, 8.3333333333, 27.0833333333, 22.9166666667, 18.75, 12.5, 4.1666666667, 0, 0, 0, 0, 0, 0, 0, 0, 0, 0, 0, 0, 0, 0, 0;Europe/Paris;38,0
2022-07-22T15:00:00Z;-1;9000003703;hourly;0,8002777778;8,7469628601;107,4626865672;8,7469628601;11,2460951059;2,4991322457;6,2478306144;31,2391530719;76,2235334953;1,2495661229;7,4973967372;4,9982644915;6,2478306144;1;2.3255813953, 1.1627906977, 26.7441860465, 54.6511627907, 10.4651162791, 4.6511627907, 0, 0;1.1627906977, 1.1627906977, 1.1627906977, 0, 5.8139534884, 20.9302325581, 26.7441860465, 27.9069767442, 5.8139534884, 4.6511627907, 3.488372093, 1.1627906977, 0, 0, 0, 0, 0, 0, 0, 0, 0, 0, 0, 0, 0;Europe/Paris;37,5
2022-07-22T16:00:00Z;-1;9000003703;hourly;0,7808333333;6,4034151547;81,9637139808;8,9647812166;12,8068303095;2,5613660619;3,8420490928;33,2977588047;48,6659551761;3,8420490928;5,1227321238;5,1227321238;7,6840981857;1;4.6875, 0, 29.6875, 42.1875, 21.875, 1.5625, 0, 0;3.125, 1.5625, 0, 0, 9.375, 20.3125, 23.4375, 18.75, 18.75, 3.125, 0, 1.5625, 0, 0, 0, 0, 0, 0, 0, 0, 0, 0, 0, 0, 0;Europe/Paris;40,0
2022-07-22T17:00:00Z;-1;9000003703;hourly;0,7927777778;1,2613875263;59,2852137351;6,3069376314;5,0455501051;1,2613875263;0,0000000000;27,7505255781;31,5346881570;5,0455501051;1,2613875263;2,5227750526;2,5227750526;1;0, 2.1276595745, 27.6595744681, 51.0638297872, 14.8936170213, 4.2553191489, 0, 0;0, 0, 2.1276595745, 0, 2.1276595745, 25.5319148936, 25.5319148936, 25.5319148936, 8.5106382979, 6.3829787234, 4.2553191489, 0, 0, 0, 0, 0, 0, 0, 0, 0, 0, 0, 0, 0, 0;Europe/Paris;40,0
2022-07-22T18:00:00Z;-1;9000003703;hourly;0,7941666667;0,0000000000;15,1101783841;1,2591815320;5,0367261280;0,0000000000;0,0000000000;7,5550891920;7,5550891920;1,2591815320;0,0000000000;3,7775445960;1,2591815320;1;0, 8.3333333333, 25, 50, 16.6666666667, 0, 0, 0;0, 0, 0, 8.3333333333, 0, 25, 25, 25, 8.3333333333, 8.3333333333, 0, 0, 0, 0, 0, 0, 0, 0, 0, 0, 0, 0, 0, 0, 0;Europe/Paris;38,5
2022-07-22T19:00:00Z;-1;9000003703;hourly;0,7863888889;0,0000000000;11,4447191805;1,2716354645;3,8149063935;0,0000000000;0,0000000000;5,0865418580;6,3581773225;1,2716354645;0,0000000000;3,8149063935;0,0000000000;1;0, 11.1111111111, 22.2222222222, 55.5555555556, 11.1111111111, 0, 0, 0;0, 0, 0, 11.1111111111, 11.1111111111, 11.1111111111, 22.2222222222, 33.3333333333, 11.1111111111, 0, 0, 0, 0, 0, 0, 0, 0, 0, 0, 0, 0, 0, 0, 0, 0;Europe/Paris;37,0
2022-07-22T20:00:00Z;-1;9000003703;hourly;0,0000000000;0,0000000000;0,0000000000;0,0000000000;0,0000000000;0,0000000000;0,0000000000;0,0000000000;0,0000000000;0,0000000000;0,0000000000;0,0000000000;0,0000000000;1;0, 0, 0, 0, 0, 0, 0, 0;0, 0, 0, 0, 0, 0, 0, 0, 0, 0, 0, 0, 0, 0, 0, 0, 0, 0, 0, 0, 0, 0, 0, 0, 0;Europe/Paris;NA
2022-08-11T23:00:00Z;-1;9000003703;hourly;0,0000000000;0,0000000000;0,0000000000;0,0000000000;0,0000000000;0,0000000000;0,0000000000;0,0000000000;0,0000000000;0,0000000000;0,0000000000;0,0000000000;0,0000000000;1;0, 0, 0, 0, 0, 0, 0, 0;0, 0, 0, 0, 0, 0, 0, 0, 0, 0, 0, 0, 0, 0, 0, 0, 0, 0, 0, 0, 0, 0, 0, 0, 0;Europe/Paris;NA
2022-08-12T00:00:00Z;-1;9000003703;hourly;0,0000000000;0,0000000000;0,0000000000;0,0000000000;0,0000000000;0,0000000000;0,0000000000;0,0000000000;0,0000000000;0,0000000000;0,0000000000;0,0000000000;0,0000000000;1;0, 0, 0, 0, 0, 0, 0, 0;0, 0, 0, 0, 0, 0, 0, 0, 0, 0, 0, 0, 0, 0, 0, 0, 0, 0, 0, 0, 0, 0, 0, 0, 0;Europe/Paris;NA
2022-08-12T01:00:00Z;-1;9000003703;hourly;0,0000000000;0,0000000000;0,0000000000;0,0000000000;0,0000000000;0,0000000000;0,0000000000;0,0000000000;0,0000000000;0,0000000000;0,0000000000;0,0000000000;0,0000000000;1;0, 0, 0, 0, 0, 0, 0, 0;0, 0, 0, 0, 0, 0, 0, 0, 0, 0, 0, 0, 0, 0, 0, 0, 0, 0, 0, 0, 0, 0, 0, 0, 0;Europe/Paris;NA
2022-08-12T02:00:00Z;-1;9000003703;hourly;0,0000000000;0,0000000000;0,0000000000;0,0000000000;0,0000000000;0,0000000000;0,0000000000;0,0000000000;0,0000000000;0,0000000000;0,0000000000;0,0000000000;0,0000000000;1;0, 0, 0, 0, 0, 0, 0, 0;0, 0, 0, 0, 0, 0, 0, 0, 0, 0, 0, 0, 0, 0, 0, 0, 0, 0, 0, 0, 0, 0, 0, 0, 0;Europe/Paris;NA
2022-08-12T03:00:00Z;-1;9000003703;hourly;0,0000000000;0,0000000000;0,0000000000;0,0000000000;0,0000000000;0,0000000000;0,0000000000;0,0000000000;0,0000000000;0,0000000000;0,0000000000;0,0000000000;0,0000000000;1;0, 0, 0, 0, 0, 0, 0, 0;0, 0, 0, 0, 0, 0, 0, 0, 0, 0, 0, 0, 0, 0, 0, 0, 0, 0, 0, 0, 0, 0, 0, 0, 0;Europe/Paris;NA
2022-08-12T04:00:00Z;-1;9000003703;hourly;0,0630555556;0,0000000000;15,8590308370;0,0000000000;0,0000000000;0,0000000000;0,0000000000;15,8590308370;0,0000000000;0,0000000000;0,0000000000;0,0000000000;0,0000000000;1;0, 0, 0, 100, 0, 0, 0, 0;0, 0, 0, 0, 0, 0, 100, 0, 0, 0, 0, 0, 0, 0, 0, 0, 0, 0, 0, 0, 0, 0, 0, 0, 0;Europe/Paris;31,5
2022-08-12T05:00:00Z;-1;9000003703;hourly;0,5225000000;3,8277511962;9,5693779904;0,0000000000;5,7416267943;3,8277511962;0,0000000000;7,6555023923;1,9138755981;0,0000000000;0,0000000000;3,8277511962;1,9138755981;1;0, 0, 20, 80, 0, 0, 0, 0;0, 0, 0, 0, 0, 20, 80, 0, 0, 0, 0, 0, 0, 0, 0, 0, 0, 0, 0, 0, 0, 0, 0, 0, 0;Europe/Paris;31,5
2022-08-12T06:00:00Z;-1;9000003703;hourly;0,5813888889;5,1600573340;10,3201146679;5,1600573340;6,8800764453;1,7200191113;3,4400382226;5,1600573340;5,1600573340;3,4400382226;1,7200191113;3,4400382226;3,4400382226;1;0, 0, 33.3333333333, 66.6666666667, 0, 0, 0, 0;0, 0, 0, 0, 0, 33.3333333333, 33.3333333333, 33.3333333333, 0, 0, 0, 0, 0, 0, 0, 0, 0, 0, 0, 0, 0, 0, 0, 0, 0;Europe/Paris;35,5
2022-08-12T07:00:00Z;-1;9000003703;hourly;0,5963888889;20,1210992082;15,0908244061;3,3535165347;6,7070330694;6,7070330694;13,4140661388;6,7070330694;8,3837913367;3,3535165347;0,0000000000;3,3535165347;3,3535165347;1;0, 0, 44.4444444444, 55.5555555556, 0, 0, 0, 0;0, 0, 0, 0, 11.1111111111, 33.3333333333, 22.2222222222, 33.3333333333, 0, 0, 0, 0, 0, 0, 0, 0, 0, 0, 0, 0, 0, 0, 0, 0, 0;Europe/Paris;35,5
2022-08-12T08:00:00Z;-1;9000003703;hourly;0,6205555556;17,7260519248;24,1718889884;9,6687555953;9,6687555953;8,0572963295;9,6687555953;9,6687555953;14,5031333930;8,0572963295;1,6114592659;6,4458370636;3,2229185318;1;0, 6.6666666667, 53.3333333333, 40, 0, 0, 0, 0;0, 0, 0, 6.6666666667, 13.3333333333, 40, 13.3333333333, 26.6666666667, 0, 0, 0, 0, 0, 0, 0, 0, 0, 0, 0, 0, 0, 0, 0, 0, 0;Europe/Paris;34,5
2022-08-12T09:00:00Z;-1;9000003703;hourly;0,5913888889;23,6730859558;45,6552372006;5,0728041334;3,3818694223;13,5274776891;10,1456082668;16,9093471113;28,7458900892;0,0000000000;5,0728041334;1,6909347111;1,6909347111;1;0, 3.7037037037, 18.5185185185, 62.962962963, 14.8148148148, 0, 0, 0;0, 0, 0, 3.7037037037, 3.7037037037, 14.8148148148, 48.1481481481, 14.8148148148, 7.4074074074, 7.4074074074, 0, 0, 0, 0, 0, 0, 0, 0, 0, 0, 0, 0, 0, 0, 0;Europe/Paris;37,5
2022-08-12T10:00:00Z;-1;9000003703;hourly;0,6066666667;9,8901098901;56,0439560440;9,8901098901;0,0000000000;3,2967032967;6,5934065934;14,8351648352;41,2087912088;4,9450549451;4,9450549451;0,0000000000;0,0000000000;1;0, 5.8823529412, 8.8235294118, 55.8823529412, 26.4705882353, 2.9411764706, 0, 0;0, 0, 0, 5.8823529412, 2.9411764706, 5.8823529412, 38.2352941176, 17.6470588235, 17.6470588235, 8.8235294118, 2.9411764706, 0, 0, 0, 0, 0, 0, 0, 0, 0, 0, 0, 0, 0, 0;Europe/Paris;41,5
2022-08-12T11:00:00Z;-1;9000003703;hourly;0,6061111111;4,9495875344;23,0980751604;6,5994500458;1,6498625115;3,2997250229;1,6498625115;11,5490375802;11,5490375802;1,6498625115;4,9495875344;1,6498625115;0,0000000000;1;0, 0, 50, 21.4285714286, 14.2857142857, 14.2857142857, 0, 0;0, 0, 0, 0, 7.1428571429, 42.8571428571, 7.1428571429, 14.2857142857, 0, 14.2857142857, 14.2857142857, 0, 0, 0, 0, 0, 0, 0, 0, 0, 0, 0, 0, 0, 0;Europe/Paris;47,5
2022-08-12T12:00:00Z;-1;9000003703;hourly;0,6508333333;10,7554417414;26,1203585147;0,0000000000;0,0000000000;6,1459667093;4,6094750320;9,2189500640;16,9014084507;0,0000000000;0,0000000000;0,0000000000;0,0000000000;1;0, 5.8823529412, 23.5294117647, 47.0588235294, 17.6470588235, 5.8823529412, 0, 0;0, 0, 0, 5.8823529412, 5.8823529412, 17.6470588235, 17.6470588235, 29.4117647059, 11.7647058824, 5.8823529412, 5.8823529412, 0, 0, 0, 0, 0, 0, 0, 0, 0, 0, 0, 0, 0, 0;Europe/Paris;41,0
2022-08-12T13:00:00Z;-1;9000003703;hourly;0,6827777778;7,3230268511;16,1106590724;2,9292107404;0,0000000000;5,8584214809;1,4646053702;8,7876322213;7,3230268511;1,4646053702;1,4646053702;0,0000000000;0,0000000000;1;0, 0, 36.3636363636, 63.6363636364, 0, 0, 0, 0;0, 0, 0, 0, 27.2727272727, 9.0909090909, 36.3636363636, 27.2727272727, 0, 0, 0, 0, 0, 0, 0, 0, 0, 0, 0, 0, 0, 0, 0, 0, 0;Europe/Paris;35,0
2022-08-12T14:00:00Z;-1;9000003703;hourly;0,6702777778;2,9838375466;38,7898881061;7,4595938666;0,0000000000;2,9838375466;0,0000000000;14,9191877331;23,8707003730;4,4757563199;2,9838375466;0,0000000000;0,0000000000;1;0, 0, 38.4615384615, 46.1538461538, 11.5384615385, 3.8461538462, 0, 0;0, 0, 0, 0, 7.6923076923, 30.7692307692, 26.9230769231, 19.2307692308, 3.8461538462, 7.6923076923, 3.8461538462, 0, 0, 0, 0, 0, 0, 0, 0, 0, 0, 0, 0, 0, 0;Europe/Paris;38,0
2022-08-12T15:00:00Z;-1;9000003703;hourly;0,6275000000;3,1872509960;62,1513944223;15,9362549801;0,0000000000;1,5936254980;1,5936254980;15,9362549801;46,2151394422;3,1872509960;12,7490039841;0,0000000000;0,0000000000;1;0, 2.5641025641, 28.2051282051, 38.4615384615, 28.2051282051, 2.5641025641, 0, 0;0, 0, 0, 2.5641025641, 7.6923076923, 20.5128205128, 23.0769230769, 15.3846153846, 17.9487179487, 10.2564102564, 2.5641025641, 0, 0, 0, 0, 0, 0, 0, 0, 0, 0, 0, 0, 0, 0;Europe/Paris;42,0
2022-08-12T16:00:00Z;-1;9000003703;hourly;0,6511111111;3,0716723549;35,3242320819;15,3583617747;1,5358361775;1,5358361775;1,5358361775;10,7508532423;24,5733788396;6,1433447099;9,2150170648;0,0000000000;1,5358361775;1;13.0434782609, 8.6956521739, 21.7391304348, 39.1304347826, 8.6956521739, 8.6956521739, 0, 0;13.0434782609, 0, 8.6956521739, 0, 13.0434782609, 8.6956521739, 21.7391304348, 17.3913043478, 0, 8.6956521739, 4.347826087, 4.347826087, 0, 0, 0, 0, 0, 0, 0, 0, 0, 0, 0, 0, 0;Europe/Paris;44,0
2022-08-12T17:00:00Z;-1;9000003703;hourly;0,6841666667;0,0000000000;23,3861144945;5,8465286236;1,4616321559;0,0000000000;0,0000000000;10,2314250914;13,1546894032;4,3848964677;1,4616321559;1,4616321559;0,0000000000;1;25, 0, 37.5, 25, 12.5, 0, 0, 0;25, 0, 0, 0, 0, 37.5, 25, 0, 6.25, 6.25, 0, 0, 0, 0, 0, 0, 0, 0, 0, 0, 0, 0, 0, 0, 0;Europe/Paris;32,0
2022-08-12T18:00:00Z;-1;9000003703;hourly;0,6580555556;0,0000000000;16,7159138877;1,5196285352;1,5196285352;0,0000000000;0,0000000000;6,0785141410;10,6373997467;0,0000000000;1,5196285352;1,5196285352;0,0000000000;1;0, 9.0909090909, 36.3636363636, 36.3636363636, 18.1818181818, 0, 0, 0;0, 0, 0, 9.0909090909, 0, 36.3636363636, 36.3636363636, 0, 9.0909090909, 9.0909090909, 0, 0, 0, 0, 0, 0, 0, 0, 0, 0, 0, 0, 0, 0, 0;Europe/Paris;39,0
2022-08-12T19:00:00Z;-1;9000003703;hourly;0,3016666667;0,0000000000;23,2044198895;9,9447513812;3,3149171271;0,0000000000;0,0000000000;3,3149171271;19,8895027624;3,3149171271;6,6298342541;0,0000000000;3,3149171271;1;0, 14.2857142857, 42.8571428571, 42.8571428571, 0, 0, 0, 0;0, 0, 14.2857142857, 0, 28.5714285714, 14.2857142857, 14.2857142857, 28.5714285714, 0, 0, 0, 0, 0, 0, 0, 0, 0, 0, 0, 0, 0, 0, 0, 0, 0;Europe/Paris;35,0
2022-08-12T20:00:00Z;-1;9000003703;hourly;0,0000000000;0,0000000000;0,0000000000;0,0000000000;0,0000000000;0,0000000000;0,0000000000;0,0000000000;0,0000000000;0,0000000000;0,0000000000;0,0000000000;0,0000000000;1;0, 0, 0, 0, 0, 0, 0, 0;0, 0, 0, 0, 0, 0, 0, 0, 0, 0, 0, 0, 0, 0, 0, 0, 0, 0, 0, 0, 0, 0, 0, 0, 0;Europe/Paris;NA
2022-08-12T21:00:00Z;-1;9000003703;hourly;0,0000000000;0,0000000000;0,0000000000;0,0000000000;0,0000000000;0,0000000000;0,0000000000;0,0000000000;0,0000000000;0,0000000000;0,0000000000;0,0000000000;0,0000000000;1;0, 0, 0, 0, 0, 0, 0, 0;0, 0, 0, 0, 0, 0, 0, 0, 0, 0, 0, 0, 0, 0, 0, 0, 0, 0, 0, 0, 0, 0, 0, 0, 0;Europe/Paris;NA
2022-08-12T23:00:00Z;-1;9000003703;hourly;0,0000000000;0,0000000000;0,0000000000;0,0000000000;0,0000000000;0,0000000000;0,0000000000;0,0000000000;0,0000000000;0,0000000000;0,0000000000;0,0000000000;0,0000000000;1;0, 0, 0, 0, 0, 0, 0, 0;0, 0, 0, 0, 0, 0, 0, 0, 0, 0, 0, 0, 0, 0, 0, 0, 0, 0, 0, 0, 0, 0, 0, 0, 0;Europe/Paris;NA
2022-08-13T00:00:00Z;-1;9000003703;hourly;0,0000000000;0,0000000000;0,0000000000;0,0000000000;0,0000000000;0,0000000000;0,0000000000;0,0000000000;0,0000000000;0,0000000000;0,0000000000;0,0000000000;0,0000000000;1;0, 0, 0, 0, 0, 0, 0, 0;0, 0, 0, 0, 0, 0, 0, 0, 0, 0, 0, 0, 0, 0, 0, 0, 0, 0, 0, 0, 0, 0, 0, 0, 0;Europe/Paris;NA
2022-08-13T01:00:00Z;-1;9000003703;hourly;0,0000000000;0,0000000000;0,0000000000;0,0000000000;0,0000000000;0,0000000000;0,0000000000;0,0000000000;0,0000000000;0,0000000000;0,0000000000;0,0000000000;0,0000000000;1;0, 0, 0, 0, 0, 0, 0, 0;0, 0, 0, 0, 0, 0, 0, 0, 0, 0, 0, 0, 0, 0, 0, 0, 0, 0, 0, 0, 0, 0, 0, 0, 0;Europe/Paris;NA
2022-08-13T02:00:00Z;-1;9000003703;hourly;0,0000000000;0,0000000000;0,0000000000;0,0000000000;0,0000000000;0,0000000000;0,0000000000;0,0000000000;0,0000000000;0,0000000000;0,0000000000;0,0000000000;0,0000000000;1;0, 0, 0, 0, 0, 0, 0, 0;0, 0, 0, 0, 0, 0, 0, 0, 0, 0, 0, 0, 0, 0, 0, 0, 0, 0, 0, 0, 0, 0, 0, 0, 0;Europe/Paris;NA
2022-08-13T03:00:00Z;-1;9000003703;hourly;0,0000000000;0,0000000000;0,0000000000;0,0000000000;0,0000000000;0,0000000000;0,0000000000;0,0000000000;0,0000000000;0,0000000000;0,0000000000;0,0000000000;0,0000000000;1;0, 0, 0, 0, 0, 0, 0, 0;0, 0, 0, 0, 0, 0, 0, 0, 0, 0, 0, 0, 0, 0, 0, 0, 0, 0, 0, 0, 0, 0, 0, 0, 0;Europe/Paris;NA
2022-08-13T04:00:00Z;-1;9000003703;hourly;0,0863888889;0,0000000000;0,0000000000;0,0000000000;0,0000000000;0,0000000000;0,0000000000;0,0000000000;0,0000000000;0,0000000000;0,0000000000;0,0000000000;0,0000000000;1;0, 0, 0, 0, 0, 0, 0, 0;0, 0, 0, 0, 0, 0, 0, 0, 0, 0, 0, 0, 0, 0, 0, 0, 0, 0, 0, 0, 0, 0, 0, 0, 0;Europe/Paris;NA
2022-08-13T05:00:00Z;-1;9000003703;hourly;0,5650000000;0,0000000000;8,8495575221;1,7699115044;0,0000000000;0,0000000000;0,0000000000;3,5398230088;5,3097345133;1,7699115044;0,0000000000;0,0000000000;0,0000000000;1;0, 0, 40, 60, 0, 0, 0, 0;0, 0, 0, 0, 20, 20, 20, 40, 0, 0, 0, 0, 0, 0, 0, 0, 0, 0, 0, 0, 0, 0, 0, 0, 0;Europe/Paris;35,5
2022-08-13T06:00:00Z;-1;9000003703;hourly;0,5994444444;1,6682113068;10,0092678406;5,0046339203;6,6728452271;0,0000000000;1,6682113068;3,3364226135;6,6728452271;1,6682113068;3,3364226135;0,0000000000;6,6728452271;1;16.6666666667, 0, 33.3333333333, 33.3333333333, 0, 16.6666666667, 0, 0;16.6666666667, 0, 0, 0, 0, 33.3333333333, 0, 33.3333333333, 0, 0, 16.6666666667, 0, 0, 0, 0, 0, 0, 0, 0, 0, 0, 0, 0, 0, 0;Europe/Paris;48,0
2022-08-13T07:00:00Z;-1;9000003703;hourly;0,6366666667;9,4240837696;17,2774869110;6,2827225131;1,5706806283;7,8534031414;1,5706806283;4,7120418848;12,5654450262;1,5706806283;4,7120418848;1,5706806283;0,0000000000;1;9.0909090909, 9.0909090909, 18.1818181818, 36.3636363636, 27.2727272727, 0, 0, 0;9.0909090909, 0, 0, 9.0909090909, 9.0909090909, 9.0909090909, 27.2727272727, 9.0909090909, 27.2727272727, 0, 0, 0, 0, 0, 0, 0, 0, 0, 0, 0, 0, 0, 0, 0, 0;Europe/Paris;40,0
2022-08-13T08:00:00Z;-1;9000003703;hourly;0,6313888889;11,0866695996;31,6761988561;9,5028596568;11,0866695996;4,7514298284;6,3352397712;17,4219093709;14,2542894853;3,1676198856;6,3352397712;4,7514298284;6,3352397712;1;0, 0, 40, 55, 5, 0, 0, 0;0, 0, 0, 0, 15, 25, 30, 25, 0, 5, 0, 0, 0, 0, 0, 0, 0, 0, 0, 0, 0, 0, 0, 0, 0;Europe/Paris;35,5
2022-08-13T09:00:00Z;-1;9000003703;hourly;0,6525000000;7,6628352490;53,6398467433;3,0651340996;0,0000000000;1,5325670498;6,1302681992;21,4559386973;32,1839080460;0,0000000000;3,0651340996;0,0000000000;0,0000000000;1;0, 8.5714285714, 40, 28.5714285714, 17.1428571429, 2.8571428571, 0, 2.8571428571;0, 0, 0, 8.5714285714, 17.1428571429, 22.8571428571, 22.8571428571, 5.7142857143, 14.2857142857, 2.8571428571, 0, 2.8571428571, 0, 0, 0, 0, 2.8571428571, 0, 0, 0, 0, 0, 0, 0, 0;Europe/Paris;40,5
2022-08-13T10:00:00Z;-1;9000003703;hourly;0,6102777778;11,4701866181;34,4105598543;0,0000000000;1,6385980883;4,9157942649;6,5543923532;6,5543923532;27,8561675011;0,0000000000;0,0000000000;0,0000000000;1,6385980883;1;0, 0, 28.5714285714, 42.8571428571, 23.8095238095, 4.7619047619, 0, 0;0, 0, 0, 0, 0, 28.5714285714, 19.0476190476, 23.8095238095, 14.2857142857, 9.5238095238, 0, 4.7619047619, 0, 0, 0, 0, 0, 0, 0, 0, 0, 0, 0, 0, 0;Europe/Paris;42,0
2022-08-13T11:00:00Z;-1;9000003703;hourly;0,5950000000;1,6806722689;21,8487394958;1,6806722689;0,0000000000;0,0000000000;1,6806722689;5,0420168067;16,8067226891;0,0000000000;1,6806722689;0,0000000000;0,0000000000;1;7.6923076923, 7.6923076923, 30.7692307692, 38.4615384615, 15.3846153846, 0, 0, 0;7.6923076923, 0, 0, 7.6923076923, 7.6923076923, 23.0769230769, 7.6923076923, 30.7692307692, 15.3846153846, 0, 0, 0, 0, 0, 0, 0, 0, 0, 0, 0, 0, 0, 0, 0, 0;Europe/Paris;37,5
2022-08-13T12:00:00Z;-1;9000003703;hourly;0,6377777778;0,0000000000;26,6550522648;1,5679442509;0,0000000000;0,0000000000;0,0000000000;7,8397212544;18,8153310105;0,0000000000;1,5679442509;0,0000000000;0,0000000000;1;0, 5.8823529412, 11.7647058824, 70.5882352941, 11.7647058824, 0, 0, 0;0, 0, 5.8823529412, 0, 5.8823529412, 5.8823529412, 58.8235294118, 11.7647058824, 11.7647058824, 0, 0, 0, 0, 0, 0, 0, 0, 0, 0, 0, 0, 0, 0, 0, 0;Europe/Paris;36,0
2022-08-13T13:00:00Z;-1;9000003703;hourly;0,6938888889;2,8823058447;27,3819055244;0,0000000000;0,0000000000;1,4411529223;1,4411529223;17,2938350681;10,0880704564;0,0000000000;0,0000000000;0,0000000000;0,0000000000;1;5.2631578947, 0, 42.1052631579, 42.1052631579, 5.2631578947, 5.2631578947, 0, 0;5.2631578947, 0, 0, 0, 21.0526315789, 21.0526315789, 36.8421052632, 5.2631578947, 0, 5.2631578947, 5.2631578947, 0, 0, 0, 0, 0, 0, 0, 0, 0, 0, 0, 0, 0, 0;Europe/Paris;33,0
2022-08-13T14:00:00Z;-1;9000003703;hourly;0,6183333333;3,2345013477;33,9622641509;0,0000000000;0,0000000000;3,2345013477;0,0000000000;17,7897574124;16,1725067385;0,0000000000;0,0000000000;0,0000000000;0,0000000000;1;0, 0, 33.3333333333, 42.8571428571, 23.8095238095, 0, 0, 0;0, 0, 0, 0, 14.2857142857, 19.0476190476, 19.0476190476, 23.8095238095, 19.0476190476, 4.7619047619, 0, 0, 0, 0, 0, 0, 0, 0, 0, 0, 0, 0, 0, 0, 0;Europe/Paris;40,0
2022-08-13T15:00:00Z;-1;9000003703;hourly;0,6377777778;1,5679442509;29,7909407666;4,7038327526;0,0000000000;1,5679442509;0,0000000000;9,4076655052;20,3832752613;3,1358885017;1,5679442509;0,0000000000;0,0000000000;1;0, 0, 36.8421052632, 52.6315789474, 10.5263157895, 0, 0, 0;0, 0, 0, 0, 10.5263157895, 26.3157894737, 26.3157894737, 26.3157894737, 10.5263157895, 0, 0, 0, 0, 0, 0, 0, 0, 0, 0, 0, 0, 0, 0, 0, 0;Europe/Paris;36,5
2022-08-13T16:00:00Z;-1;9000003703;hourly;0,6113888889;0,0000000000;24,5343025897;0,0000000000;1,6356201726;0,0000000000;0,0000000000;4,9068605179;19,6274420718;0,0000000000;0,0000000000;1,6356201726;0,0000000000;1;6.6666666667, 26.6666666667, 33.3333333333, 26.6666666667, 6.6666666667, 0, 0, 0;6.6666666667, 0, 13.3333333333, 13.3333333333, 13.3333333333, 20, 13.3333333333, 13.3333333333, 6.6666666667, 0, 0, 0, 0, 0, 0, 0, 0, 0, 0, 0, 0, 0, 0, 0, 0;Europe/Paris;34,5
2022-08-13T17:00:00Z;-1;9000003703;hourly;0,6580555556;3,0392570705;10,6373997467;9,1177712115;1,5196285352;3,0392570705;0,0000000000;0,0000000000;10,6373997467;3,0392570705;6,0785141410;0,0000000000;1,5196285352;1;28.5714285714, 28.5714285714, 0, 42.8571428571, 0, 0, 0, 0;28.5714285714, 0, 14.2857142857, 14.2857142857, 0, 0, 42.8571428571, 0, 0, 0, 0, 0, 0, 0, 0, 0, 0, 0, 0, 0, 0, 0, 0, 0, 0;Europe/Paris;30,5
2022-08-13T18:00:00Z;-1;9000003703;hourly;0,6375000000;1,5686274510;9,4117647059;1,5686274510;1,5686274510;1,5686274510;0,0000000000;4,7058823529;4,7058823529;0,0000000000;1,5686274510;0,0000000000;1,5686274510;1;0, 0, 66.6666666667, 16.6666666667, 16.6666666667, 0, 0, 0;0, 0, 0, 0, 33.3333333333, 33.3333333333, 16.6666666667, 0, 16.6666666667, 0, 0, 0, 0, 0, 0, 0, 0, 0, 0, 0, 0, 0, 0, 0, 0;Europe/Paris;38,0
2022-08-13T19:00:00Z;-1;9000003703;hourly;0,3063888889;0,0000000000;9,7914777879;3,2638259293;0,0000000000;0,0000000000;0,0000000000;3,2638259293;6,5276518586;0,0000000000;3,2638259293;0,0000000000;0,0000000000;1;0, 0, 66.6666666667, 33.3333333333, 0, 0, 0, 0;0, 0, 0, 0, 33.3333333333, 33.3333333333, 33.3333333333, 0, 0, 0, 0, 0, 0, 0, 0, 0, 0, 0, 0, 0, 0, 0, 0, 0, 0;Europe/Paris;30,0
2022-08-13T20:00:00Z;-1;9000003703;hourly;0,0000000000;0,0000000000;0,0000000000;0,0000000000;0,0000000000;0,0000000000;0,0000000000;0,0000000000;0,0000000000;0,0000000000;0,0000000000;0,0000000000;0,0000000000;1;0, 0, 0, 0, 0, 0, 0, 0;0, 0, 0, 0, 0, 0, 0, 0, 0, 0, 0, 0, 0, 0, 0, 0, 0, 0, 0, 0, 0, 0, 0, 0, 0;Europe/Paris;NA
2022-08-13T21:00:00Z;-1;9000003703;hourly;0,0000000000;0,0000000000;0,0000000000;0,0000000000;0,0000000000;0,0000000000;0,0000000000;0,0000000000;0,0000000000;0,0000000000;0,0000000000;0,0000000000;0,0000000000;1;0, 0, 0, 0, 0, 0, 0, 0;0, 0, 0, 0, 0, 0, 0, 0, 0, 0, 0, 0, 0, 0, 0, 0, 0, 0, 0, 0, 0, 0, 0, 0, 0;Europe/Paris;NA
2022-08-13T23:00:00Z;-1;9000003703;hourly;0,0000000000;0,0000000000;0,0000000000;0,0000000000;0,0000000000;0,0000000000;0,0000000000;0,0000000000;0,0000000000;0,0000000000;0,0000000000;0,0000000000;0,0000000000;1;0, 0, 0, 0, 0, 0, 0, 0;0, 0, 0, 0, 0, 0, 0, 0, 0, 0, 0, 0, 0, 0, 0, 0, 0, 0, 0, 0, 0, 0, 0, 0, 0;Europe/Paris;NA
2022-08-14T00:00:00Z;-1;9000003703;hourly;0,0000000000;0,0000000000;0,0000000000;0,0000000000;0,0000000000;0,0000000000;0,0000000000;0,0000000000;0,0000000000;0,0000000000;0,0000000000;0,0000000000;0,0000000000;1;0, 0, 0, 0, 0, 0, 0, 0;0, 0, 0, 0, 0, 0, 0, 0, 0, 0, 0, 0, 0, 0, 0, 0, 0, 0, 0, 0, 0, 0, 0, 0, 0;Europe/Paris;NA
2022-08-14T01:00:00Z;-1;9000003703;hourly;0,0000000000;0,0000000000;0,0000000000;0,0000000000;0,0000000000;0,0000000000;0,0000000000;0,0000000000;0,0000000000;0,0000000000;0,0000000000;0,0000000000;0,0000000000;1;0, 0, 0, 0, 0, 0, 0, 0;0, 0, 0, 0, 0, 0, 0, 0, 0, 0, 0, 0, 0, 0, 0, 0, 0, 0, 0, 0, 0, 0, 0, 0, 0;Europe/Paris;NA
2022-08-14T02:00:00Z;-1;9000003703;hourly;0,0000000000;0,0000000000;0,0000000000;0,0000000000;0,0000000000;0,0000000000;0,0000000000;0,0000000000;0,0000000000;0,0000000000;0,0000000000;0,0000000000;0,0000000000;1;0, 0, 0, 0, 0, 0, 0, 0;0, 0, 0, 0, 0, 0, 0, 0, 0, 0, 0, 0, 0, 0, 0, 0, 0, 0, 0, 0, 0, 0, 0, 0, 0;Europe/Paris;NA
2022-08-14T03:00:00Z;-1;9000003703;hourly;0,0000000000;0,0000000000;0,0000000000;0,0000000000;0,0000000000;0,0000000000;0,0000000000;0,0000000000;0,0000000000;0,0000000000;0,0000000000;0,0000000000;0,0000000000;1;0, 0, 0, 0, 0, 0, 0, 0;0, 0, 0, 0, 0, 0, 0, 0, 0, 0, 0, 0, 0, 0, 0, 0, 0, 0, 0, 0, 0, 0, 0, 0, 0;Europe/Paris;NA
2022-08-14T04:00:00Z;-1;9000003703;hourly;0,0000000000;0,0000000000;0,0000000000;0,0000000000;0,0000000000;0,0000000000;0,0000000000;0,0000000000;0,0000000000;0,0000000000;0,0000000000;0,0000000000;0,0000000000;1;0, 0, 0, 0, 0, 0, 0, 0;0, 0, 0, 0, 0, 0, 0, 0, 0, 0, 0, 0, 0, 0, 0, 0, 0, 0, 0, 0, 0, 0, 0, 0, 0;Europe/Paris;NA
2022-08-14T05:00:00Z;-1;9000003703;hourly;0,2422222222;0,0000000000;4,1284403670;0,0000000000;4,1284403670;0,0000000000;0,0000000000;0,0000000000;4,1284403670;0,0000000000;0,0000000000;4,1284403670;0,0000000000;1;0, 0, 0, 100, 0, 0, 0, 0;0, 0, 0, 0, 0, 0, 100, 0, 0, 0, 0, 0, 0, 0, 0, 0, 0, 0, 0, 0, 0, 0, 0, 0, 0;Europe/Paris;31,5
2022-08-14T06:00:00Z;-1;9000003703;hourly;0,6080555556;1,6445865692;4,9337597076;0,0000000000;0,0000000000;0,0000000000;1,6445865692;3,2891731384;1,6445865692;0,0000000000;0,0000000000;0,0000000000;0,0000000000;1;0, 0, 66.6666666667, 33.3333333333, 0, 0, 0, 0;0, 0, 0, 0, 66.6666666667, 0, 33.3333333333, 0, 0, 0, 0, 0, 0, 0, 0, 0, 0, 0, 0, 0, 0, 0, 0, 0, 0;Europe/Paris;30,0
2022-08-14T07:00:00Z;-1;9000003703;hourly;0,6002777778;6,6635816752;9,9953725127;4,9976862564;4,9976862564;1,6658954188;4,9976862564;3,3317908376;6,6635816752;4,9976862564;0,0000000000;1,6658954188;3,3317908376;1;0, 0, 33.3333333333, 66.6666666667, 0, 0, 0, 0;0, 0, 0, 0, 0, 33.3333333333, 50, 16.6666666667, 0, 0, 0, 0, 0, 0, 0, 0, 0, 0, 0, 0, 0, 0, 0, 0, 0;Europe/Paris;33,0
2022-08-14T08:00:00Z;-1;9000003703;hourly;0,6308333333;4,7556142668;34,8745046235;1,5852047556;12,6816380449;1,5852047556;3,1704095112;17,4372523118;17,4372523118;1,5852047556;0,0000000000;11,0964332893;1,5852047556;1;0, 9.0909090909, 50, 31.8181818182, 9.0909090909, 0, 0, 0;0, 0, 0, 9.0909090909, 4.5454545455, 45.4545454545, 9.0909090909, 22.7272727273, 4.5454545455, 4.5454545455, 0, 0, 0, 0, 0, 0, 0, 0, 0, 0, 0, 0, 0, 0, 0;Europe/Paris;36,0
2022-08-14T09:00:00Z;-1;9000003703;hourly;0,6436111111;9,3223996547;29,5209322400;0,0000000000;3,1074665516;1,5537332758;7,7686663789;10,8761329305;18,6447993095;0,0000000000;0,0000000000;0,0000000000;3,1074665516;1;0, 5.2631578947, 47.3684210526, 31.5789473684, 15.7894736842, 0, 0, 0;0, 0, 0, 5.2631578947, 5.2631578947, 42.1052631579, 15.7894736842, 15.7894736842, 15.7894736842, 0, 0, 0, 0, 0, 0, 0, 0, 0, 0, 0, 0, 0, 0, 0, 0;Europe/Paris;37,5
2022-08-14T10:00:00Z;-1;9000003703;hourly;0,5950000000;1,6806722689;26,8907563025;0,0000000000;0,0000000000;1,6806722689;0,0000000000;15,1260504202;11,7647058824;0,0000000000;0,0000000000;0,0000000000;0,0000000000;1;6.25, 0, 25, 56.25, 12.5, 0, 0, 0;6.25, 0, 0, 0, 6.25, 18.75, 37.5, 18.75, 12.5, 0, 0, 0, 0, 0, 0, 0, 0, 0, 0, 0, 0, 0, 0, 0, 0;Europe/Paris;37,0
2022-08-14T11:00:00Z;-1;9000003703;hourly;0,6119444444;8,1706763504;9,8048116205;0,0000000000;1,6341352701;4,9024058103;3,2682705402;1,6341352701;8,1706763504;0,0000000000;0,0000000000;1,6341352701;0,0000000000;1;0, 0, 50, 0, 33.3333333333, 16.6666666667, 0, 0;0, 0, 0, 0, 33.3333333333, 16.6666666667, 0, 0, 16.6666666667, 16.6666666667, 16.6666666667, 0, 0, 0, 0, 0, 0, 0, 0, 0, 0, 0, 0, 0, 0;Europe/Paris;48,0
2022-08-14T12:00:00Z;-1;9000003703;hourly;0,6488888889;4,6232876712;16,9520547945;1,5410958904;0,0000000000;3,0821917808;1,5410958904;10,7876712329;6,1643835616;1,5410958904;0,0000000000;0,0000000000;0,0000000000;1;0, 0, 27.2727272727, 45.4545454545, 27.2727272727, 0, 0, 0;0, 0, 0, 0, 0, 27.2727272727, 36.3636363636, 9.0909090909, 9.0909090909, 18.1818181818, 0, 0, 0, 0, 0, 0, 0, 0, 0, 0, 0, 0, 0, 0, 0;Europe/Paris;43,5
2022-08-14T13:00:00Z;-1;9000003703;hourly;0,6077777778;4,9360146252;4,9360146252;0,0000000000;0,0000000000;4,9360146252;0,0000000000;3,2906764168;1,6453382084;0,0000000000;0,0000000000;0,0000000000;0,0000000000;1;0, 0, 66.6666666667, 33.3333333333, 0, 0, 0, 0;0, 0, 0, 0, 66.6666666667, 0, 33.3333333333, 0, 0, 0, 0, 0, 0, 0, 0, 0, 0, 0, 0, 0, 0, 0, 0, 0, 0;Europe/Paris;30,5
2022-08-14T14:00:00Z;-1;9000003703;hourly;0,6619444444;3,0214015946;31,7247167436;4,5321023919;3,0214015946;1,5107007973;1,5107007973;10,5749055812;21,1498111624;1,5107007973;3,0214015946;1,5107007973;1,5107007973;1;0, 4.7619047619, 23.8095238095, 57.1428571429, 14.2857142857, 0, 0, 0;0, 0, 0, 4.7619047619, 9.5238095238, 14.2857142857, 42.8571428571, 14.2857142857, 4.7619047619, 9.5238095238, 0, 0, 0, 0, 0, 0, 0, 0, 0, 0, 0, 0, 0, 0, 0;Europe/Paris;37,0
2022-08-14T15:00:00Z;-1;9000003703;hourly;0,6250000000;6,4000000000;17,6000000000;9,6000000000;4,8000000000;1,6000000000;4,8000000000;8,0000000000;9,6000000000;6,4000000000;3,2000000000;3,2000000000;1,6000000000;1;9.0909090909, 9.0909090909, 18.1818181818, 36.3636363636, 18.1818181818, 0, 9.0909090909, 0;9.0909090909, 0, 9.0909090909, 0, 9.0909090909, 9.0909090909, 27.2727272727, 9.0909090909, 18.1818181818, 0, 0, 0, 9.0909090909, 0, 0, 0, 0, 0, 0, 0, 0, 0, 0, 0, 0;Europe/Paris;41,0
2022-08-14T16:00:00Z;-1;9000003703;hourly;0,6286111111;1,5908086611;15,9080866107;3,1816173221;1,5908086611;0,0000000000;1,5908086611;3,1816173221;12,7264692886;0,0000000000;3,1816173221;1,5908086611;0,0000000000;1;0, 0, 20, 40, 30, 10, 0, 0;0, 0, 0, 0, 0, 20, 0, 40, 20, 10, 10, 0, 0, 0, 0, 0, 0, 0, 0, 0, 0, 0, 0, 0, 0;Europe/Paris;45,0
2022-08-14T17:00:00Z;-1;9000003703;hourly;0,6400000000;9,3750000000;15,6250000000;0,0000000000;0,0000000000;3,1250000000;6,2500000000;6,2500000000;9,3750000000;0,0000000000;0,0000000000;0,0000000000;0,0000000000;1;0, 0, 50, 30, 20, 0, 0, 0;0, 0, 0, 0, 10, 40, 10, 20, 20, 0, 0, 0, 0, 0, 0, 0, 0, 0, 0, 0, 0, 0, 0, 0, 0;Europe/Paris;38,5
2022-08-14T18:00:00Z;-1;9000003703;hourly;0,6291666667;6,3576158940;11,1258278146;3,1788079470;0,0000000000;0,0000000000;6,3576158940;3,1788079470;7,9470198675;1,5894039735;1,5894039735;0,0000000000;0,0000000000;1;0, 0, 28.5714285714, 42.8571428571, 28.5714285714, 0, 0, 0;0, 0, 0, 0, 0, 28.5714285714, 28.5714285714, 14.2857142857, 14.2857142857, 14.2857142857, 0, 0, 0, 0, 0, 0, 0, 0, 0, 0, 0, 0, 0, 0, 0;Europe/Paris;42,0
2022-08-14T19:00:00Z;-1;9000003703;hourly;0,0661111111;15,1260504202;15,1260504202;0,0000000000;0,0000000000;0,0000000000;15,1260504202;0,0000000000;15,1260504202;0,0000000000;0,0000000000;0,0000000000;0,0000000000;1;100, 0, 0, 0, 0, 0, 0, 0;100, 0, 0, 0, 0, 0, 0, 0, 0, 0, 0, 0, 0, 0, 0, 0, 0, 0, 0, 0, 0, 0, 0, 0, 0;Europe/Paris;2,5
2022-08-14T20:00:00Z;-1;9000003703;hourly;0,0000000000;0,0000000000;0,0000000000;0,0000000000;0,0000000000;0,0000000000;0,0000000000;0,0000000000;0,0000000000;0,0000000000;0,0000000000;0,0000000000;0,0000000000;1;0, 0, 0, 0, 0, 0, 0, 0;0, 0, 0, 0, 0, 0, 0, 0, 0, 0, 0, 0, 0, 0, 0, 0, 0, 0, 0, 0, 0, 0, 0, 0, 0;Europe/Paris;NA
2022-08-14T21:00:00Z;-1;9000003703;hourly;0,0000000000;0,0000000000;0,0000000000;0,0000000000;0,0000000000;0,0000000000;0,0000000000;0,0000000000;0,0000000000;0,0000000000;0,0000000000;0,0000000000;0,0000000000;1;0, 0, 0, 0, 0, 0, 0, 0;0, 0, 0, 0, 0, 0, 0, 0, 0, 0, 0, 0, 0, 0, 0, 0, 0, 0, 0, 0, 0, 0, 0, 0, 0;Europe/Paris;NA
2022-08-14T23:00:00Z;-1;9000003703;hourly;0,0000000000;0,0000000000;0,0000000000;0,0000000000;0,0000000000;0,0000000000;0,0000000000;0,0000000000;0,0000000000;0,0000000000;0,0000000000;0,0000000000;0,0000000000;1;0, 0, 0, 0, 0, 0, 0, 0;0, 0, 0, 0, 0, 0, 0, 0, 0, 0, 0, 0, 0, 0, 0, 0, 0, 0, 0, 0, 0, 0, 0, 0, 0;Europe/Paris;NA
2022-08-15T00:00:00Z;-1;9000003703;hourly;0,0000000000;0,0000000000;0,0000000000;0,0000000000;0,0000000000;0,0000000000;0,0000000000;0,0000000000;0,0000000000;0,0000000000;0,0000000000;0,0000000000;0,0000000000;1;0, 0, 0, 0, 0, 0, 0, 0;0, 0, 0, 0, 0, 0, 0, 0, 0, 0, 0, 0, 0, 0, 0, 0, 0, 0, 0, 0, 0, 0, 0, 0, 0;Europe/Paris;NA
2022-08-15T01:00:00Z;-1;9000003703;hourly;0,0000000000;0,0000000000;0,0000000000;0,0000000000;0,0000000000;0,0000000000;0,0000000000;0,0000000000;0,0000000000;0,0000000000;0,0000000000;0,0000000000;0,0000000000;1;0, 0, 0, 0, 0, 0, 0, 0;0, 0, 0, 0, 0, 0, 0, 0, 0, 0, 0, 0, 0, 0, 0, 0, 0, 0, 0, 0, 0, 0, 0, 0, 0;Europe/Paris;NA
2022-08-15T02:00:00Z;-1;9000003703;hourly;0,0000000000;0,0000000000;0,0000000000;0,0000000000;0,0000000000;0,0000000000;0,0000000000;0,0000000000;0,0000000000;0,0000000000;0,0000000000;0,0000000000;0,0000000000;1;0, 0, 0, 0, 0, 0, 0, 0;0, 0, 0, 0, 0, 0, 0, 0, 0, 0, 0, 0, 0, 0, 0, 0, 0, 0, 0, 0, 0, 0, 0, 0, 0;Europe/Paris;NA
2022-08-15T03:00:00Z;-1;9000003703;hourly;0,0000000000;0,0000000000;0,0000000000;0,0000000000;0,0000000000;0,0000000000;0,0000000000;0,0000000000;0,0000000000;0,0000000000;0,0000000000;0,0000000000;0,0000000000;1;0, 0, 0, 0, 0, 0, 0, 0;0, 0, 0, 0, 0, 0, 0, 0, 0, 0, 0, 0, 0, 0, 0, 0, 0, 0, 0, 0, 0, 0, 0, 0, 0;Europe/Paris;NA
2022-08-15T04:00:00Z;-1;9000003703;hourly;0,0000000000;0,0000000000;0,0000000000;0,0000000000;0,0000000000;0,0000000000;0,0000000000;0,0000000000;0,0000000000;0,0000000000;0,0000000000;0,0000000000;0,0000000000;1;0, 0, 0, 0, 0, 0, 0, 0;0, 0, 0, 0, 0, 0, 0, 0, 0, 0, 0, 0, 0, 0, 0, 0, 0, 0, 0, 0, 0, 0, 0, 0, 0;Europe/Paris;NA
2022-08-15T05:00:00Z;-1;9000003703;hourly;0,3836111111;0,0000000000;13,0340333092;0,0000000000;2,6068066618;0,0000000000;0,0000000000;2,6068066618;10,4272266474;0,0000000000;0,0000000000;0,0000000000;2,6068066618;1;0, 0, 0, 80, 20, 0, 0, 0;0, 0, 0, 0, 0, 0, 80, 0, 20, 0, 0, 0, 0, 0, 0, 0, 0, 0, 0, 0, 0, 0, 0, 0, 0;Europe/Paris;38,5
2022-08-15T06:00:00Z;-1;9000003703;hourly;0,5502777778;0,0000000000;10,9035840485;0,0000000000;10,9035840485;0,0000000000;0,0000000000;5,4517920242;5,4517920242;0,0000000000;0,0000000000;7,2690560323;3,6345280162;1;0, 16.6666666667, 50, 33.3333333333, 0, 0, 0, 0;0, 0, 0, 16.6666666667, 16.6666666667, 33.3333333333, 16.6666666667, 16.6666666667, 0, 0, 0, 0, 0, 0, 0, 0, 0, 0, 0, 0, 0, 0, 0, 0, 0;Europe/Paris;33,0
2022-08-15T07:00:00Z;-1;9000003703;hourly;0,6355555556;0,0000000000;12,5874125874;1,5734265734;9,4405594406;0,0000000000;0,0000000000;9,4405594406;3,1468531469;1,5734265734;0,0000000000;3,1468531469;6,2937062937;1;0, 0, 25, 75, 0, 0, 0, 0;0, 0, 0, 0, 0, 25, 37.5, 37.5, 0, 0, 0, 0, 0, 0, 0, 0, 0, 0, 0, 0, 0, 0, 0, 0, 0;Europe/Paris;35,5
2022-08-15T08:00:00Z;-1;9000003703;hourly;0,5972222222;1,6744186047;20,0930232558;6,6976744186;1,6744186047;1,6744186047;0,0000000000;6,6976744186;13,3953488372;3,3488372093;3,3488372093;0,0000000000;1,6744186047;1;16.6666666667, 8.3333333333, 41.6666666667, 33.3333333333, 0, 0, 0, 0;0, 16.6666666667, 0, 8.3333333333, 8.3333333333, 33.3333333333, 33.3333333333, 0, 0, 0, 0, 0, 0, 0, 0, 0, 0, 0, 0, 0, 0, 0, 0, 0, 0;Europe/Paris;30,5
2022-08-15T09:00:00Z;-1;9000003703;hourly;0,6105555556;4,9135577798;42,5841674249;8,1892629663;4,9135577798;1,6378525933;3,2757051865;11,4649681529;31,1191992721;6,5514103731;1,6378525933;3,2757051865;1,6378525933;1;7.6923076923, 3.8461538462, 23.0769230769, 61.5384615385, 3.8461538462, 0, 0, 0;3.8461538462, 3.8461538462, 3.8461538462, 0, 7.6923076923, 15.3846153846, 50, 11.5384615385, 3.8461538462, 0, 0, 0, 0, 0, 0, 0, 0, 0, 0, 0, 0, 0, 0, 0, 0;Europe/Paris;32,5
2022-08-15T10:00:00Z;-1;9000003703;hourly;0,5811111111;0,0000000000;18,9292543021;5,1625239006;6,8833652008;0,0000000000;0,0000000000;6,8833652008;12,0458891013;1,7208413002;3,4416826004;5,1625239006;1,7208413002;1;0, 9.0909090909, 18.1818181818, 54.5454545455, 9.0909090909, 9.0909090909, 0, 0;0, 0, 9.0909090909, 0, 9.0909090909, 9.0909090909, 18.1818181818, 36.3636363636, 0, 9.0909090909, 9.0909090909, 0, 0, 0, 0, 0, 0, 0, 0, 0, 0, 0, 0, 0, 0;Europe/Paris;44,0
2022-08-15T11:00:00Z;-1;9000003703;hourly;0,6086111111;0,0000000000;23,0031948882;3,2861706983;0,0000000000;0,0000000000;0,0000000000;11,5015974441;11,5015974441;3,2861706983;0,0000000000;0,0000000000;0,0000000000;1;14.2857142857, 0, 21.4285714286, 42.8571428571, 21.4285714286, 0, 0, 0;14.2857142857, 0, 0, 0, 0, 21.4285714286, 21.4285714286, 21.4285714286, 14.2857142857, 7.1428571429, 0, 0, 0, 0, 0, 0, 0, 0, 0, 0, 0, 0, 0, 0, 0;Europe/Paris;40,0
2022-08-15T12:00:00Z;-1;9000003703;hourly;0,6002777778;0,0000000000;26,6543267006;4,9976862564;9,9953725127;0,0000000000;0,0000000000;13,3271633503;13,3271633503;1,6658954188;3,3317908376;1,6658954188;8,3294770939;1;6.25, 6.25, 37.5, 37.5, 12.5, 0, 0, 0;6.25, 0, 0, 6.25, 6.25, 31.25, 25, 12.5, 12.5, 0, 0, 0, 0, 0, 0, 0, 0, 0, 0, 0, 0, 0, 0, 0, 0;Europe/Paris;36,5
2022-08-15T13:00:00Z;-1;9000003703;hourly;0,6244444444;3,2028469751;22,4199288256;12,8113879004;4,8042704626;0,0000000000;3,2028469751;9,6085409253;12,8113879004;4,8042704626;8,0071174377;1,6014234875;3,2028469751;1;14.2857142857, 7.1428571429, 35.7142857143, 28.5714285714, 14.2857142857, 0, 0, 0;14.2857142857, 0, 7.1428571429, 0, 14.2857142857, 21.4285714286, 14.2857142857, 14.2857142857, 14.2857142857, 0, 0, 0, 0, 0, 0, 0, 0, 0, 0, 0, 0, 0, 0, 0, 0;Europe/Paris;37,5
2022-08-15T14:00:00Z;-1;9000003703;hourly;0,5411111111;1,8480492813;33,2648870637;18,4804928131;3,6960985626;0,0000000000;1,8480492813;12,9363449692;20,3285420945;9,2402464066;9,2402464066;3,6960985626;0,0000000000;1;5.5555555556, 11.1111111111, 22.2222222222, 61.1111111111, 0, 0, 0, 0;0, 5.5555555556, 0, 11.1111111111, 0, 22.2222222222, 44.4444444444, 16.6666666667, 0, 0, 0, 0, 0, 0, 0, 0, 0, 0, 0, 0, 0, 0, 0, 0, 0;Europe/Paris;33,0
2022-08-15T15:00:00Z;-1;9000003703;hourly;0,5925000000;1,6877637131;25,3164556962;30,3797468354;3,3755274262;0,0000000000;1,6877637131;5,0632911392;20,2531645570;13,5021097046;16,8776371308;0,0000000000;3,3755274262;1;6.6666666667, 6.6666666667, 66.6666666667, 13.3333333333, 6.6666666667, 0, 0, 0;6.6666666667, 0, 6.6666666667, 0, 20, 46.6666666667, 0, 13.3333333333, 0, 6.6666666667, 0, 0, 0, 0, 0, 0, 0, 0, 0, 0, 0, 0, 0, 0, 0;Europe/Paris;34,5
2022-08-15T16:00:00Z;-1;9000003703;hourly;0,6227777778;1,6057091882;43,3541480821;12,8456735058;3,2114183764;1,6057091882;0,0000000000;12,8456735058;30,5084745763;4,8171275647;8,0285459411;1,6057091882;1,6057091882;1;0, 0, 44.4444444444, 48.1481481481, 3.7037037037, 3.7037037037, 0, 0;0, 0, 0, 0, 11.1111111111, 33.3333333333, 25.9259259259, 22.2222222222, 3.7037037037, 0, 0, 3.7037037037, 0, 0, 0, 0, 0, 0, 0, 0, 0, 0, 0, 0, 0;Europe/Paris;36,0
2022-08-15T17:00:00Z;-1;9000003703;hourly;0,5775000000;0,0000000000;32,9004329004;6,9264069264;10,3896103896;0,0000000000;0,0000000000;6,9264069264;25,9740259740;0,0000000000;6,9264069264;5,1948051948;5,1948051948;1;5.2631578947, 0, 15.7894736842, 52.6315789474, 21.0526315789, 5.2631578947, 0, 0;5.2631578947, 0, 0, 0, 5.2631578947, 10.5263157895, 36.8421052632, 15.7894736842, 21.0526315789, 0, 5.2631578947, 0, 0, 0, 0, 0, 0, 0, 0, 0, 0, 0, 0, 0, 0;Europe/Paris;40,0
2022-08-15T18:00:00Z;-1;9000003703;hourly;0,5625000000;0,0000000000;17,7777777778;1,7777777778;1,7777777778;0,0000000000;0,0000000000;3,5555555556;14,2222222222;0,0000000000;1,7777777778;1,7777777778;0,0000000000;1;0, 0, 10, 60, 30, 0, 0, 0;0, 0, 0, 0, 10, 0, 30, 30, 30, 0, 0, 0, 0, 0, 0, 0, 0, 0, 0, 0, 0, 0, 0, 0, 0;Europe/Paris;40,0
2022-08-15T19:00:00Z;-1;9000003703;hourly;0,2377777778;0,0000000000;16,8224299065;0,0000000000;0,0000000000;0,0000000000;0,0000000000;12,6168224299;4,2056074766;0,0000000000;0,0000000000;0,0000000000;0,0000000000;1;0, 0, 50, 50, 0, 0, 0, 0;0, 0, 0, 0, 25, 25, 25, 25, 0, 0, 0, 0, 0, 0, 0, 0, 0, 0, 0, 0, 0, 0, 0, 0, 0;Europe/Paris;34,5
2022-08-15T20:00:00Z;-1;9000003703;hourly;0,0000000000;0,0000000000;0,0000000000;0,0000000000;0,0000000000;0,0000000000;0,0000000000;0,0000000000;0,0000000000;0,0000000000;0,0000000000;0,0000000000;0,0000000000;1;0, 0, 0, 0, 0, 0, 0, 0;0, 0, 0, 0, 0, 0, 0, 0, 0, 0, 0, 0, 0, 0, 0, 0, 0, 0, 0, 0, 0, 0, 0, 0, 0;Europe/Paris;NA
2022-08-15T21:00:00Z;-1;9000003703;hourly;0,0000000000;0,0000000000;0,0000000000;0,0000000000;0,0000000000;0,0000000000;0,0000000000;0,0000000000;0,0000000000;0,0000000000;0,0000000000;0,0000000000;0,0000000000;1;0, 0, 0, 0, 0, 0, 0, 0;0, 0, 0, 0, 0, 0, 0, 0, 0, 0, 0, 0, 0, 0, 0, 0, 0, 0, 0, 0, 0, 0, 0, 0, 0;Europe/Paris;NA
2022-08-15T23:00:00Z;-1;9000003703;hourly;0,0000000000;0,0000000000;0,0000000000;0,0000000000;0,0000000000;0,0000000000;0,0000000000;0,0000000000;0,0000000000;0,0000000000;0,0000000000;0,0000000000;0,0000000000;1;0, 0, 0, 0, 0, 0, 0, 0;0, 0, 0, 0, 0, 0, 0, 0, 0, 0, 0, 0, 0, 0, 0, 0, 0, 0, 0, 0, 0, 0, 0, 0, 0;Europe/Paris;NA
2022-08-16T00:00:00Z;-1;9000003703;hourly;0,0000000000;0,0000000000;0,0000000000;0,0000000000;0,0000000000;0,0000000000;0,0000000000;0,0000000000;0,0000000000;0,0000000000;0,0000000000;0,0000000000;0,0000000000;1;0, 0, 0, 0, 0, 0, 0, 0;0, 0, 0, 0, 0, 0, 0, 0, 0, 0, 0, 0, 0, 0, 0, 0, 0, 0, 0, 0, 0, 0, 0, 0, 0;Europe/Paris;NA
2022-08-16T01:00:00Z;-1;9000003703;hourly;0,0000000000;0,0000000000;0,0000000000;0,0000000000;0,0000000000;0,0000000000;0,0000000000;0,0000000000;0,0000000000;0,0000000000;0,0000000000;0,0000000000;0,0000000000;1;0, 0, 0, 0, 0, 0, 0, 0;0, 0, 0, 0, 0, 0, 0, 0, 0, 0, 0, 0, 0, 0, 0, 0, 0, 0, 0, 0, 0, 0, 0, 0, 0;Europe/Paris;NA
2022-08-16T02:00:00Z;-1;9000003703;hourly;0,0000000000;0,0000000000;0,0000000000;0,0000000000;0,0000000000;0,0000000000;0,0000000000;0,0000000000;0,0000000000;0,0000000000;0,0000000000;0,0000000000;0,0000000000;1;0, 0, 0, 0, 0, 0, 0, 0;0, 0, 0, 0, 0, 0, 0, 0, 0, 0, 0, 0, 0, 0, 0, 0, 0, 0, 0, 0, 0, 0, 0, 0, 0;Europe/Paris;NA
2022-08-16T03:00:00Z;-1;9000003703;hourly;0,0000000000;0,0000000000;0,0000000000;0,0000000000;0,0000000000;0,0000000000;0,0000000000;0,0000000000;0,0000000000;0,0000000000;0,0000000000;0,0000000000;0,0000000000;1;0, 0, 0, 0, 0, 0, 0, 0;0, 0, 0, 0, 0, 0, 0, 0, 0, 0, 0, 0, 0, 0, 0, 0, 0, 0, 0, 0, 0, 0, 0, 0, 0;Europe/Paris;NA
2022-08-16T04:00:00Z;-1;9000003703;hourly;0,0000000000;0,0000000000;0,0000000000;0,0000000000;0,0000000000;0,0000000000;0,0000000000;0,0000000000;0,0000000000;0,0000000000;0,0000000000;0,0000000000;0,0000000000;1;0, 0, 0, 0, 0, 0, 0, 0;0, 0, 0, 0, 0, 0, 0, 0, 0, 0, 0, 0, 0, 0, 0, 0, 0, 0, 0, 0, 0, 0, 0, 0, 0;Europe/Paris;NA
2022-08-16T05:00:00Z;-1;9000003703;hourly;0,4108333333;2,4340770791;12,1703853955;2,4340770791;0,0000000000;2,4340770791;0,0000000000;7,3022312373;4,8681541582;2,4340770791;0,0000000000;0,0000000000;0,0000000000;1;0, 0, 40, 60, 0, 0, 0, 0;0, 0, 0, 0, 20, 20, 40, 20, 0, 0, 0, 0, 0, 0, 0, 0, 0, 0, 0, 0, 0, 0, 0, 0, 0;Europe/Paris;34,0
2022-08-16T06:00:00Z;-1;9000003703;hourly;0,6541666667;7,6433121019;27,5159235669;3,0573248408;4,5859872611;6,1146496815;1,5286624204;16,8152866242;10,7006369427;3,0573248408;0,0000000000;0,0000000000;4,5859872611;1;0, 0, 27.7777777778, 55.5555555556, 16.6666666667, 0, 0, 0;0, 0, 0, 0, 5.5555555556, 22.2222222222, 22.2222222222, 33.3333333333, 16.6666666667, 0, 0, 0, 0, 0, 0, 0, 0, 0, 0, 0, 0, 0, 0, 0, 0;Europe/Paris;38,0
2022-08-16T07:00:00Z;-1;9000003703;hourly;0,6302777778;25,3856324372;12,6928162186;0,0000000000;1,5866020273;15,8660202732;9,5196121639;3,1732040546;9,5196121639;0,0000000000;0,0000000000;0,0000000000;1,5866020273;1;0, 0, 12.5, 25, 50, 12.5, 0, 0;0, 0, 0, 0, 12.5, 0, 12.5, 12.5, 37.5, 12.5, 12.5, 0, 0, 0, 0, 0, 0, 0, 0, 0, 0, 0, 0, 0, 0;Europe/Paris;46,5
2022-08-16T08:00:00Z;-1;9000003703;hourly;0,6211111111;19,3202146691;17,7101967800;4,8300536673;3,2200357782;14,4901610018;4,8300536673;4,8300536673;12,8801431127;3,2200357782;1,6100178891;1,6100178891;1,6100178891;1;9.0909090909, 0, 18.1818181818, 45.4545454545, 27.2727272727, 0, 0, 0;9.0909090909, 0, 0, 0, 0, 18.1818181818, 27.2727272727, 18.1818181818, 18.1818181818, 9.0909090909, 0, 0, 0, 0, 0, 0, 0, 0, 0, 0, 0, 0, 0, 0, 0;Europe/Paris;41,0
2022-08-16T09:00:00Z;-1;9000003703;hourly;0,6241666667;22,4299065421;33,6448598131;4,8064085447;4,8064085447;8,0106809079;14,4192256342;6,4085447263;27,2363150868;3,2042723632;1,6021361816;0,0000000000;4,8064085447;1;28.5714285714, 0, 14.2857142857, 19.0476190476, 28.5714285714, 9.5238095238, 0, 0;23.8095238095, 4.7619047619, 0, 0, 9.5238095238, 4.7619047619, 14.2857142857, 4.7619047619, 23.8095238095, 4.7619047619, 9.5238095238, 0, 0, 0, 0, 0, 0, 0, 0, 0, 0, 0, 0, 0, 0;Europe/Paris;42,5
2022-08-16T10:00:00Z;-1;9000003703;hourly;0,6002777778;14,9930587691;33,3179083758;4,9976862564;1,6658954188;6,6635816752;8,3294770939;4,9976862564;28,3202221194;1,6658954188;3,3317908376;0,0000000000;1,6658954188;1;0, 5, 10, 50, 20, 15, 0, 0;0, 0, 5, 0, 0, 10, 35, 15, 20, 0, 15, 0, 0, 0, 0, 0, 0, 0, 0, 0, 0, 0, 0, 0, 0;Europe/Paris;42,5
2022-08-16T11:00:00Z;-1;9000003703;hourly;0,6052777778;19,8256080771;34,6948141349;16,5213400642;1,6521340064;4,9564020193;14,8692060578;9,9128040385;24,7820100964;3,3042680128;13,2170720514;1,6521340064;0,0000000000;1;19.0476190476, 4.7619047619, 14.2857142857, 33.3333333333, 19.0476190476, 4.7619047619, 0, 4.7619047619;14.2857142857, 4.7619047619, 0, 4.7619047619, 0, 14.2857142857, 9.5238095238, 23.8095238095, 14.2857142857, 4.7619047619, 0, 4.7619047619, 0, 0, 0, 0, 0, 0, 4.7619047619, 0, 0, 0, 0, 0, 0;Europe/Paris;42,5
2022-08-16T12:00:00Z;-1;9000003703;hourly;0,5877777778;34,0264650284;30,6238185255;30,6238185255;1,7013232514;11,9092627599;22,1172022684;8,5066162571;22,1172022684;5,1039697543;25,5198487713;1,7013232514;0,0000000000;1;16.6666666667, 0, 11.1111111111, 44.4444444444, 22.2222222222, 0, 5.5555555556, 0;11.1111111111, 5.5555555556, 0, 0, 5.5555555556, 5.5555555556, 38.8888888889, 5.5555555556, 0, 22.2222222222, 0, 0, 5.5555555556, 0, 0, 0, 0, 0, 0, 0, 0, 0, 0, 0, 0;Europe/Paris;45,5
2022-08-16T13:00:00Z;-1;9000003703;hourly;0,6344444444;4,7285464098;23,6427320490;36,2521891419;0,0000000000;1,5761821366;3,1523642732;7,8809106830;15,7618213660;6,3047285464;29,9474605954;0,0000000000;0,0000000000;1;13.3333333333, 0, 46.6666666667, 26.6666666667, 6.6666666667, 6.6666666667, 0, 0;13.3333333333, 0, 0, 0, 13.3333333333, 33.3333333333, 6.6666666667, 20, 6.6666666667, 0, 6.6666666667, 0, 0, 0, 0, 0, 0, 0, 0, 0, 0, 0, 0, 0, 0;Europe/Paris;37,0
2022-08-16T14:00:00Z;-1;9000003703;hourly;0,6227777778;9,6342551293;20,8742194469;16,0570918822;1,6057091882;6,4228367529;3,2114183764;8,0285459411;12,8456735058;6,4228367529;9,6342551293;0,0000000000;1,6057091882;1;0, 0, 38.4615384615, 23.0769230769, 38.4615384615, 0, 0, 0;0, 0, 0, 0, 23.0769230769, 15.3846153846, 15.3846153846, 7.6923076923, 30.7692307692, 7.6923076923, 0, 0, 0, 0, 0, 0, 0, 0, 0, 0, 0, 0, 0, 0, 0;Europe/Paris;41,5
2022-08-16T15:00:00Z;-1;9000003703;hourly;0,6219444444;19,2943278249;45,0200982582;19,2943278249;3,2157213042;3,2157213042;16,0786065208;14,4707458687;30,5493523895;4,8235819562;14,4707458687;3,2157213042;0,0000000000;1;0, 0, 35.7142857143, 53.5714285714, 7.1428571429, 3.5714285714, 0, 0;0, 0, 0, 0, 10.7142857143, 25, 25, 28.5714285714, 7.1428571429, 0, 3.5714285714, 0, 0, 0, 0, 0, 0, 0, 0, 0, 0, 0, 0, 0, 0;Europe/Paris;37,0
2022-08-16T16:00:00Z;-1;9000003703;hourly;0,6500000000;10,7692307692;40,0000000000;3,0769230769;3,0769230769;0,0000000000;10,7692307692;9,2307692308;30,7692307692;1,5384615385;1,5384615385;1,5384615385;1,5384615385;1;7.6923076923, 0, 38.4615384615, 42.3076923077, 11.5384615385, 0, 0, 0;7.6923076923, 0, 0, 0, 19.2307692308, 19.2307692308, 11.5384615385, 30.7692307692, 11.5384615385, 0, 0, 0, 0, 0, 0, 0, 0, 0, 0, 0, 0, 0, 0, 0, 0;Europe/Paris;37,0
2022-08-16T17:00:00Z;-1;9000003703;hourly;0,6252777778;7,9964460240;44,7800977343;3,1985784096;9,5957352288;6,3971568192;1,5992892048;12,7943136384;31,9857840960;3,1985784096;0,0000000000;4,7978676144;4,7978676144;1;3.5714285714, 7.1428571429, 32.1428571429, 42.8571428571, 14.2857142857, 0, 0, 0;0, 3.5714285714, 0, 7.1428571429, 7.1428571429, 25, 14.2857142857, 28.5714285714, 10.7142857143, 3.5714285714, 0, 0, 0, 0, 0, 0, 0, 0, 0, 0, 0, 0, 0, 0, 0;Europe/Paris;37,5
2022-08-16T18:00:00Z;-1;9000003703;hourly;0,4258333333;0,0000000000;21,1350293542;2,3483365949;2,3483365949;0,0000000000;0,0000000000;9,3933463796;11,7416829746;0,0000000000;2,3483365949;2,3483365949;0,0000000000;1;0, 0, 44.4444444444, 44.4444444444, 0, 11.1111111111, 0, 0;0, 0, 0, 0, 11.1111111111, 33.3333333333, 22.2222222222, 22.2222222222, 0, 0, 11.1111111111, 0, 0, 0, 0, 0, 0, 0, 0, 0, 0, 0, 0, 0, 0;Europe/Paris;36,5
2022-08-16T19:00:00Z;-1;9000003703;hourly;0,0297222222;0,0000000000;33,6448598131;0,0000000000;0,0000000000;0,0000000000;0,0000000000;0,0000000000;33,6448598131;0,0000000000;0,0000000000;0,0000000000;0,0000000000;1;0, 0, 100, 0, 0, 0, 0, 0;0, 0, 0, 0, 100, 0, 0, 0, 0, 0, 0, 0, 0, 0, 0, 0, 0, 0, 0, 0, 0, 0, 0, 0, 0;Europe/Paris;21,5
2022-08-16T20:00:00Z;-1;9000003703;hourly;0,0000000000;0,0000000000;0,0000000000;0,0000000000;0,0000000000;0,0000000000;0,0000000000;0,0000000000;0,0000000000;0,0000000000;0,0000000000;0,0000000000;0,0000000000;1;0, 0, 0, 0, 0, 0, 0, 0;0, 0, 0, 0, 0, 0, 0, 0, 0, 0, 0, 0, 0, 0, 0, 0, 0, 0, 0, 0, 0, 0, 0, 0, 0;Europe/Paris;NA
2022-08-16T21:00:00Z;-1;9000003703;hourly;0,0000000000;0,0000000000;0,0000000000;0,0000000000;0,0000000000;0,0000000000;0,0000000000;0,0000000000;0,0000000000;0,0000000000;0,0000000000;0,0000000000;0,0000000000;1;0, 0, 0, 0, 0, 0, 0, 0;0, 0, 0, 0, 0, 0, 0, 0, 0, 0, 0, 0, 0, 0, 0, 0, 0, 0, 0, 0, 0, 0, 0, 0, 0;Europe/Paris;NA
2022-08-16T23:00:00Z;-1;9000003703;hourly;0,0000000000;0,0000000000;0,0000000000;0,0000000000;0,0000000000;0,0000000000;0,0000000000;0,0000000000;0,0000000000;0,0000000000;0,0000000000;0,0000000000;0,0000000000;1;0, 0, 0, 0, 0, 0, 0, 0;0, 0, 0, 0, 0, 0, 0, 0, 0, 0, 0, 0, 0, 0, 0, 0, 0, 0, 0, 0, 0, 0, 0, 0, 0;Europe/Paris;NA
2022-08-17T00:00:00Z;-1;9000003703;hourly;0,0000000000;0,0000000000;0,0000000000;0,0000000000;0,0000000000;0,0000000000;0,0000000000;0,0000000000;0,0000000000;0,0000000000;0,0000000000;0,0000000000;0,0000000000;1;0, 0, 0, 0, 0, 0, 0, 0;0, 0, 0, 0, 0, 0, 0, 0, 0, 0, 0, 0, 0, 0, 0, 0, 0, 0, 0, 0, 0, 0, 0, 0, 0;Europe/Paris;NA
2022-08-17T01:00:00Z;-1;9000003703;hourly;0,0000000000;0,0000000000;0,0000000000;0,0000000000;0,0000000000;0,0000000000;0,0000000000;0,0000000000;0,0000000000;0,0000000000;0,0000000000;0,0000000000;0,0000000000;1;0, 0, 0, 0, 0, 0, 0, 0;0, 0, 0, 0, 0, 0, 0, 0, 0, 0, 0, 0, 0, 0, 0, 0, 0, 0, 0, 0, 0, 0, 0, 0, 0;Europe/Paris;NA
2022-08-17T02:00:00Z;-1;9000003703;hourly;0,0000000000;0,0000000000;0,0000000000;0,0000000000;0,0000000000;0,0000000000;0,0000000000;0,0000000000;0,0000000000;0,0000000000;0,0000000000;0,0000000000;0,0000000000;1;0, 0, 0, 0, 0, 0, 0, 0;0, 0, 0, 0, 0, 0, 0, 0, 0, 0, 0, 0, 0, 0, 0, 0, 0, 0, 0, 0, 0, 0, 0, 0, 0;Europe/Paris;NA
2022-08-17T03:00:00Z;-1;9000003703;hourly;0,0000000000;0,0000000000;0,0000000000;0,0000000000;0,0000000000;0,0000000000;0,0000000000;0,0000000000;0,0000000000;0,0000000000;0,0000000000;0,0000000000;0,0000000000;1;0, 0, 0, 0, 0, 0, 0, 0;0, 0, 0, 0, 0, 0, 0, 0, 0, 0, 0, 0, 0, 0, 0, 0, 0, 0, 0, 0, 0, 0, 0, 0, 0;Europe/Paris;NA
2022-08-17T04:00:00Z;-1;9000003703;hourly;0,0000000000;0,0000000000;0,0000000000;0,0000000000;0,0000000000;0,0000000000;0,0000000000;0,0000000000;0,0000000000;0,0000000000;0,0000000000;0,0000000000;0,0000000000;1;0, 0, 0, 0, 0, 0, 0, 0;0, 0, 0, 0, 0, 0, 0, 0, 0, 0, 0, 0, 0, 0, 0, 0, 0, 0, 0, 0, 0, 0, 0, 0, 0;Europe/Paris;NA
2022-08-17T05:00:00Z;-1;9000003703;hourly;0,3405555556;2,9363784666;17,6182707993;2,9363784666;2,9363784666;2,9363784666;0,0000000000;17,6182707993;0,0000000000;2,9363784666;0,0000000000;0,0000000000;2,9363784666;1;16.6666666667, 0, 16.6666666667, 50, 16.6666666667, 0, 0, 0;16.6666666667, 0, 0, 0, 0, 16.6666666667, 16.6666666667, 33.3333333333, 0, 16.6666666667, 0, 0, 0, 0, 0, 0, 0, 0, 0, 0, 0, 0, 0, 0, 0;Europe/Paris;43,0
2022-08-17T06:00:00Z;-1;9000003703;hourly;0,6205555556;17,7260519248;9,6687555953;3,2229185318;3,2229185318;11,2802148612;6,4458370636;3,2229185318;6,4458370636;3,2229185318;0,0000000000;3,2229185318;0,0000000000;1;0, 0, 0, 66.6666666667, 16.6666666667, 16.6666666667, 0, 0;0, 0, 0, 0, 0, 0, 33.3333333333, 33.3333333333, 16.6666666667, 0, 16.6666666667, 0, 0, 0, 0, 0, 0, 0, 0, 0, 0, 0, 0, 0, 0;Europe/Paris;48,0
2022-08-17T07:00:00Z;-1;9000003703;hourly;0,5800000000;13,7931034483;8,6206896552;13,7931034483;3,4482758621;5,1724137931;8,6206896552;3,4482758621;5,1724137931;6,8965517241;6,8965517241;3,4482758621;0,0000000000;1;0, 0, 20, 40, 40, 0, 0, 0;0, 0, 0, 0, 20, 0, 20, 20, 20, 20, 0, 0, 0, 0, 0, 0, 0, 0, 0, 0, 0, 0, 0, 0, 0;Europe/Paris;43,5
2022-08-17T08:00:00Z;-1;9000003703;hourly;0,5975000000;26,7782426778;30,1255230126;13,3891213389;1,6736401674;16,7364016736;10,0418410042;15,0627615063;15,0627615063;10,0418410042;3,3472803347;1,6736401674;0,0000000000;1;5.5555555556, 5.5555555556, 27.7777777778, 55.5555555556, 5.5555555556, 0, 0, 0;5.5555555556, 0, 0, 5.5555555556, 5.5555555556, 22.2222222222, 38.8888888889, 16.6666666667, 5.5555555556, 0, 0, 0, 0, 0, 0, 0, 0, 0, 0, 0, 0, 0, 0, 0, 0;Europe/Paris;34,5
2022-08-17T09:00:00Z;-1;9000003703;hourly;0,6130555556;27,7299501586;26,0987766198;4,8935206162;1,6311735387;9,7870412324;17,9429089261;8,1558676937;17,9429089261;1,6311735387;3,2623470775;0,0000000000;1,6311735387;1;12.5, 0, 37.5, 25, 25, 0, 0, 0;12.5, 0, 0, 0, 18.75, 18.75, 12.5, 12.5, 12.5, 12.5, 0, 0, 0, 0, 0, 0, 0, 0, 0, 0, 0, 0, 0, 0, 0;Europe/Paris;41,5
2022-08-17T10:00:00Z;-1;9000003703;hourly;0,6219444444;9,6471639125;32,1572130415;8,0393032604;6,4314426083;8,0393032604;1,6078606521;9,6471639125;22,5100491291;4,8235819562;3,2157213042;3,2157213042;3,2157213042;1;20, 0, 30, 45, 5, 0, 0, 0;20, 0, 0, 0, 5, 25, 15, 30, 0, 5, 0, 0, 0, 0, 0, 0, 0, 0, 0, 0, 0, 0, 0, 0, 0;Europe/Paris;36,0
2022-08-17T11:00:00Z;-1;9000003703;hourly;0,6075000000;8,2304526749;32,9218106996;1,6460905350;6,5843621399;4,9382716049;3,2921810700;18,1069958848;14,8148148148;0,0000000000;1,6460905350;1,6460905350;4,9382716049;1;0, 5, 35, 45, 15, 0, 0, 0;0, 0, 5, 0, 20, 15, 25, 20, 15, 0, 0, 0, 0, 0, 0, 0, 0, 0, 0, 0, 0, 0, 0, 0, 0;Europe/Paris;37,5
2022-08-17T12:00:00Z;-1;9000003703;hourly;0,6655555556;1,5025041736;31,5525876461;4,5075125209;4,5075125209;0,0000000000;1,5025041736;13,5225375626;18,0300500835;1,5025041736;3,0050083472;4,5075125209;0,0000000000;1;0, 9.5238095238, 23.8095238095, 52.380952381, 14.2857142857, 0, 0, 0;0, 0, 0, 9.5238095238, 14.2857142857, 9.5238095238, 47.619047619, 4.7619047619, 14.2857142857, 0, 0, 0, 0, 0, 0, 0, 0, 0, 0, 0, 0, 0, 0, 0, 0;Europe/Paris;37,0
2022-08-17T13:00:00Z;-1;9000003703;hourly;0,6116666667;31,0626702997;24,5231607629;17,9836512262;1,6348773842;24,5231607629;6,5395095368;13,0790190736;11,4441416894;11,4441416894;6,5395095368;0,0000000000;1,6348773842;1;13.3333333333, 0, 40, 40, 6.6666666667, 0, 0, 0;13.3333333333, 0, 0, 0, 6.6666666667, 33.3333333333, 33.3333333333, 6.6666666667, 0, 6.6666666667, 0, 0, 0, 0, 0, 0, 0, 0, 0, 0, 0, 0, 0, 0, 0;Europe/Paris;32,5
2022-08-17T14:00:00Z;-1;9000003703;hourly;0,6586111111;10,6284268241;24,2935470266;25,8118937157;0,0000000000;9,1100801350;1,5183466892;12,1467735133;12,1467735133;16,7018135808;9,1100801350;0,0000000000;0,0000000000;1;18.75, 6.25, 43.75, 31.25, 0, 0, 0, 0;18.75, 0, 0, 6.25, 12.5, 31.25, 25, 6.25, 0, 0, 0, 0, 0, 0, 0, 0, 0, 0, 0, 0, 0, 0, 0, 0, 0;Europe/Paris;30,5
2022-08-17T15:00:00Z;-1;9000003703;hourly;0,6466666667;10,8247422680;49,4845360825;17,0103092784;7,7319587629;9,2783505155;1,5463917526;12,3711340206;37,1134020619;13,9175257732;3,0927835052;3,0927835052;4,6391752577;1;3.125, 6.25, 25, 53.125, 12.5, 0, 0, 0;3.125, 0, 3.125, 3.125, 6.25, 18.75, 28.125, 25, 9.375, 3.125, 0, 0, 0, 0, 0, 0, 0, 0, 0, 0, 0, 0, 0, 0, 0;Europe/Paris;37,0
2022-08-17T16:00:00Z;-1;9000003703;hourly;0,6436111111;7,7686663789;57,4881312041;7,7686663789;4,6611998274;1,5537332758;6,2149331032;13,9835994821;43,5045317221;7,7686663789;0,0000000000;0,0000000000;4,6611998274;1;0, 5.4054054054, 43.2432432432, 35.1351351351, 16.2162162162, 0, 0, 0;0, 0, 0, 5.4054054054, 18.9189189189, 24.3243243243, 16.2162162162, 18.9189189189, 8.1081081081, 8.1081081081, 0, 0, 0, 0, 0, 0, 0, 0, 0, 0, 0, 0, 0, 0, 0;Europe/Paris;38,5
2022-08-17T17:00:00Z;-1;9000003703;hourly;0,6002777778;0,0000000000;61,6381304951;11,6612679315;9,9953725127;0,0000000000;0,0000000000;23,3225358630;38,3155946321;3,3317908376;8,3294770939;0,0000000000;9,9953725127;1;0, 2.7027027027, 27.027027027, 59.4594594595, 8.1081081081, 2.7027027027, 0, 0;0, 0, 0, 2.7027027027, 13.5135135135, 13.5135135135, 32.4324324324, 27.027027027, 5.4054054054, 2.7027027027, 2.7027027027, 0, 0, 0, 0, 0, 0, 0, 0, 0, 0, 0, 0, 0, 0;Europe/Paris;36,5
2022-08-17T18:00:00Z;-1;9000003703;hourly;0,6238888889;3,2056990205;25,6455921638;3,2056990205;0,0000000000;1,6028495102;1,6028495102;12,8227960819;12,8227960819;0,0000000000;3,2056990205;0,0000000000;0,0000000000;1;6.25, 12.5, 37.5, 43.75, 0, 0, 0, 0;6.25, 0, 0, 12.5, 12.5, 25, 18.75, 25, 0, 0, 0, 0, 0, 0, 0, 0, 0, 0, 0, 0, 0, 0, 0, 0, 0;Europe/Paris;34,5
2022-08-17T19:00:00Z;-1;9000003703;hourly;0,1527777778;0,0000000000;13,0909090909;0,0000000000;0,0000000000;0,0000000000;0,0000000000;0,0000000000;13,0909090909;0,0000000000;0,0000000000;0,0000000000;0,0000000000;1;0, 0, 100, 0, 0, 0, 0, 0;0, 0, 0, 0, 0, 100, 0, 0, 0, 0, 0, 0, 0, 0, 0, 0, 0, 0, 0, 0, 0, 0, 0, 0, 0;Europe/Paris;26,5
2022-08-17T20:00:00Z;-1;9000003703;hourly;0,0000000000;0,0000000000;0,0000000000;0,0000000000;0,0000000000;0,0000000000;0,0000000000;0,0000000000;0,0000000000;0,0000000000;0,0000000000;0,0000000000;0,0000000000;1;0, 0, 0, 0, 0, 0, 0, 0;0, 0, 0, 0, 0, 0, 0, 0, 0, 0, 0, 0, 0, 0, 0, 0, 0, 0, 0, 0, 0, 0, 0, 0, 0;Europe/Paris;NA
2022-08-17T21:00:00Z;-1;9000003703;hourly;0,0000000000;0,0000000000;0,0000000000;0,0000000000;0,0000000000;0,0000000000;0,0000000000;0,0000000000;0,0000000000;0,0000000000;0,0000000000;0,0000000000;0,0000000000;1;0, 0, 0, 0, 0, 0, 0, 0;0, 0, 0, 0, 0, 0, 0, 0, 0, 0, 0, 0, 0, 0, 0, 0, 0, 0, 0, 0, 0, 0, 0, 0, 0;Europe/Paris;NA
2022-08-17T23:00:00Z;-1;9000003703;hourly;0,0000000000;0,0000000000;0,0000000000;0,0000000000;0,0000000000;0,0000000000;0,0000000000;0,0000000000;0,0000000000;0,0000000000;0,0000000000;0,0000000000;0,0000000000;1;0, 0, 0, 0, 0, 0, 0, 0;0, 0, 0, 0, 0, 0, 0, 0, 0, 0, 0, 0, 0, 0, 0, 0, 0, 0, 0, 0, 0, 0, 0, 0, 0;Europe/Paris;NA
2022-08-18T00:00:00Z;-1;9000003703;hourly;0,0000000000;0,0000000000;0,0000000000;0,0000000000;0,0000000000;0,0000000000;0,0000000000;0,0000000000;0,0000000000;0,0000000000;0,0000000000;0,0000000000;0,0000000000;1;0, 0, 0, 0, 0, 0, 0, 0;0, 0, 0, 0, 0, 0, 0, 0, 0, 0, 0, 0, 0, 0, 0, 0, 0, 0, 0, 0, 0, 0, 0, 0, 0;Europe/Paris;NA
2022-08-18T01:00:00Z;-1;9000003703;hourly;0,0000000000;0,0000000000;0,0000000000;0,0000000000;0,0000000000;0,0000000000;0,0000000000;0,0000000000;0,0000000000;0,0000000000;0,0000000000;0,0000000000;0,0000000000;1;0, 0, 0, 0, 0, 0, 0, 0;0, 0, 0, 0, 0, 0, 0, 0, 0, 0, 0, 0, 0, 0, 0, 0, 0, 0, 0, 0, 0, 0, 0, 0, 0;Europe/Paris;NA
2022-08-18T02:00:00Z;-1;9000003703;hourly;0,0000000000;0,0000000000;0,0000000000;0,0000000000;0,0000000000;0,0000000000;0,0000000000;0,0000000000;0,0000000000;0,0000000000;0,0000000000;0,0000000000;0,0000000000;1;0, 0, 0, 0, 0, 0, 0, 0;0, 0, 0, 0, 0, 0, 0, 0, 0, 0, 0, 0, 0, 0, 0, 0, 0, 0, 0, 0, 0, 0, 0, 0, 0;Europe/Paris;NA
2022-08-18T03:00:00Z;-1;9000003703;hourly;0,0000000000;0,0000000000;0,0000000000;0,0000000000;0,0000000000;0,0000000000;0,0000000000;0,0000000000;0,0000000000;0,0000000000;0,0000000000;0,0000000000;0,0000000000;1;0, 0, 0, 0, 0, 0, 0, 0;0, 0, 0, 0, 0, 0, 0, 0, 0, 0, 0, 0, 0, 0, 0, 0, 0, 0, 0, 0, 0, 0, 0, 0, 0;Europe/Paris;NA
2022-08-18T04:00:00Z;-1;9000003703;hourly;0,0000000000;0,0000000000;0,0000000000;0,0000000000;0,0000000000;0,0000000000;0,0000000000;0,0000000000;0,0000000000;0,0000000000;0,0000000000;0,0000000000;0,0000000000;1;0, 0, 0, 0, 0, 0, 0, 0;0, 0, 0, 0, 0, 0, 0, 0, 0, 0, 0, 0, 0, 0, 0, 0, 0, 0, 0, 0, 0, 0, 0, 0, 0;Europe/Paris;NA
2022-08-18T05:00:00Z;-1;9000003703;hourly;0,4269444444;0,0000000000;9,3689004554;0,0000000000;2,3422251139;0,0000000000;0,0000000000;7,0266753416;2,3422251139;0,0000000000;0,0000000000;2,3422251139;0,0000000000;1;0, 0, 50, 50, 0, 0, 0, 0;0, 0, 0, 0, 0, 50, 50, 0, 0, 0, 0, 0, 0, 0, 0, 0, 0, 0, 0, 0, 0, 0, 0, 0, 0;Europe/Paris;31,0
2022-08-18T06:00:00Z;-1;9000003703;hourly;0,6441666667;6,2095730918;23,2858990944;3,1047865459;1,5523932730;3,1047865459;3,1047865459;17,0763260026;6,2095730918;3,1047865459;0,0000000000;0,0000000000;1,5523932730;1;0, 6.6666666667, 33.3333333333, 40, 20, 0, 0, 0;0, 0, 0, 6.6666666667, 6.6666666667, 26.6666666667, 20, 20, 20, 0, 0, 0, 0, 0, 0, 0, 0, 0, 0, 0, 0, 0, 0, 0, 0;Europe/Paris;38,5
2022-08-18T07:00:00Z;-1;9000003703;hourly;0,6208333333;3,2214765101;32,2147651007;3,2214765101;4,8322147651;3,2214765101;0,0000000000;19,3288590604;12,8859060403;1,6107382550;1,6107382550;1,6107382550;3,2214765101;1;0, 5, 40, 50, 5, 0, 0, 0;0, 0, 5, 0, 15, 25, 40, 10, 5, 0, 0, 0, 0, 0, 0, 0, 0, 0, 0, 0, 0, 0, 0, 0, 0;Europe/Paris;32,5
2022-08-18T08:00:00Z;-1;9000003703;hourly;0,6252777778;4,7978676144;19,1914704576;3,1985784096;9,5957352288;4,7978676144;0,0000000000;7,9964460240;11,1950244336;3,1985784096;0,0000000000;9,5957352288;0,0000000000;1;0, 0, 66.6666666667, 25, 8.3333333333, 0, 0, 0;0, 0, 0, 0, 16.6666666667, 50, 16.6666666667, 8.3333333333, 8.3333333333, 0, 0, 0, 0, 0, 0, 0, 0, 0, 0, 0, 0, 0, 0, 0, 0;Europe/Paris;33,5
2022-08-18T09:00:00Z;-1;9000003703;hourly;0,5936111111;3,3692091717;35,3766963032;18,5306504445;5,0538137576;1,6846045859;1,6846045859;10,1076275152;25,2690687880;10,1076275152;8,4230229293;1,6846045859;3,3692091717;1;14.2857142857, 9.5238095238, 23.8095238095, 42.8571428571, 9.5238095238, 0, 0, 0;9.5238095238, 4.7619047619, 0, 9.5238095238, 9.5238095238, 14.2857142857, 28.5714285714, 14.2857142857, 9.5238095238, 0, 0, 0, 0, 0, 0, 0, 0, 0, 0, 0, 0, 0, 0, 0, 0;Europe/Paris;35,5
2022-08-18T10:00:00Z;-1;9000003703;hourly;0,6055555556;4,9541284404;37,9816513761;13,2110091743;3,3027522936;4,9541284404;0,0000000000;13,2110091743;24,7706422018;8,2568807339;4,9541284404;1,6513761468;1,6513761468;1;17.3913043478, 0, 13.0434782609, 43.4782608696, 26.0869565217, 0, 0, 0;13.0434782609, 4.347826087, 0, 0, 4.347826087, 8.6956521739, 26.0869565217, 17.3913043478, 17.3913043478, 8.6956521739, 0, 0, 0, 0, 0, 0, 0, 0, 0, 0, 0, 0, 0, 0, 0;Europe/Paris;40,5
2022-08-18T11:00:00Z;-1;9000003703;hourly;0,6297222222;9,5280105867;26,9960299956;11,1160123511;0,0000000000;7,9400088222;1,5880017644;7,9400088222;19,0560211734;7,9400088222;3,1760035289;0,0000000000;0,0000000000;1;11.7647058824, 11.7647058824, 11.7647058824, 41.1764705882, 17.6470588235, 0, 0, 5.8823529412;11.7647058824, 0, 0, 11.7647058824, 0, 11.7647058824, 17.6470588235, 23.5294117647, 17.6470588235, 0, 0, 0, 0, 0, 5.8823529412, 0, 0, 0, 0, 0, 0, 0, 0, 0, 0;Europe/Paris;40,0
2022-08-18T12:00:00Z;-1;9000003703;hourly;0,6105555556;1,6378525933;32,7570518653;16,3785259327;0,0000000000;1,6378525933;0,0000000000;16,3785259327;16,3785259327;13,1028207461;3,2757051865;0,0000000000;0,0000000000;1;10, 0, 45, 35, 5, 0, 0, 5;10, 0, 0, 0, 10, 35, 20, 15, 5, 0, 0, 0, 0, 0, 0, 0, 0, 0, 0, 0, 0, 0, 0, 0, 5;Europe/Paris;36,0
2022-08-18T13:00:00Z;-1;9000003703;hourly;0,6402777778;3,1236442516;28,1127982646;28,1127982646;4,6854663774;1,5618221258;1,5618221258;12,4945770065;15,6182212581;17,1800433839;10,9327548807;3,1236442516;1,5618221258;1;0, 0, 33.3333333333, 66.6666666667, 0, 0, 0, 0;0, 0, 0, 0, 5.5555555556, 27.7777777778, 44.4444444444, 22.2222222222, 0, 0, 0, 0, 0, 0, 0, 0, 0, 0, 0, 0, 0, 0, 0, 0, 0;Europe/Paris;34,0
2022-08-18T14:00:00Z;-1;9000003703;hourly;0,6208333333;1,6107382550;38,6577181208;30,6040268456;1,6107382550;1,6107382550;0,0000000000;11,2751677852;27,3825503356;20,9395973154;9,6644295302;0,0000000000;1,6107382550;1;8.3333333333, 12.5, 41.6666666667, 29.1666666667, 8.3333333333, 0, 0, 0;8.3333333333, 0, 0, 12.5, 8.3333333333, 33.3333333333, 4.1666666667, 25, 0, 8.3333333333, 0, 0, 0, 0, 0, 0, 0, 0, 0, 0, 0, 0, 0, 0, 0;Europe/Paris;36,0
2022-08-18T15:00:00Z;-1;9000003703;hourly;0,6700000000;10,4477611940;65,6716417910;23,8805970149;7,4626865672;5,9701492537;4,4776119403;14,9253731343;50,7462686567;10,4477611940;13,4328358209;5,9701492537;1,4925373134;1;4.5454545455, 9.0909090909, 43.1818181818, 31.8181818182, 9.0909090909, 0, 2.2727272727, 0;4.5454545455, 0, 6.8181818182, 2.2727272727, 15.9090909091, 27.2727272727, 20.4545454545, 11.3636363636, 9.0909090909, 0, 0, 0, 0, 2.2727272727, 0, 0, 0, 0, 0, 0, 0, 0, 0, 0, 0;Europe/Paris;36,0
2022-08-18T16:00:00Z;-1;9000003703;hourly;0,6072222222;3,2936870997;47,7584629460;29,6431838975;11,5279048490;0,0000000000;3,2936870997;9,8810612992;37,8774016468;14,8215919488;14,8215919488;3,2936870997;8,2342177493;1;10.3448275862, 17.2413793103, 37.9310344828, 31.0344827586, 3.4482758621, 0, 0, 0;6.8965517241, 3.4482758621, 6.8965517241, 10.3448275862, 24.1379310345, 13.7931034483, 24.1379310345, 6.8965517241, 3.4482758621, 0, 0, 0, 0, 0, 0, 0, 0, 0, 0, 0, 0, 0, 0, 0, 0;Europe/Paris;31,5
2022-08-18T17:00:00Z;-1;9000003703;hourly;0,6597222222;1,5157894737;25,7684210526;6,0631578947;6,0631578947;0,0000000000;1,5157894737;4,5473684211;21,2210526316;6,0631578947;0,0000000000;4,5473684211;1,5157894737;1;58.8235294118, 5.8823529412, 0, 29.4117647059, 5.8823529412, 0, 0, 0;52.9411764706, 5.8823529412, 0, 5.8823529412, 0, 0, 23.5294117647, 5.8823529412, 0, 5.8823529412, 0, 0, 0, 0, 0, 0, 0, 0, 0, 0, 0, 0, 0, 0, 0;Europe/Paris;32,0
2022-08-18T18:00:00Z;-1;9000003703;hourly;0,6600000000;1,5151515152;15,1515151515;6,0606060606;6,0606060606;0,0000000000;1,5151515152;4,5454545455;10,6060606061;4,5454545455;1,5151515152;4,5454545455;1,5151515152;1;0, 10, 20, 40, 30, 0, 0, 0;0, 0, 0, 10, 0, 20, 30, 10, 10, 20, 0, 0, 0, 0, 0, 0, 0, 0, 0, 0, 0, 0, 0, 0, 0;Europe/Paris;43,5
2022-08-18T19:00:00Z;-1;9000003703;hourly;0,1916666667;0,0000000000;15,6521739130;0,0000000000;5,2173913043;0,0000000000;0,0000000000;10,4347826087;5,2173913043;0,0000000000;0,0000000000;0,0000000000;5,2173913043;1;0, 33.3333333333, 66.6666666667, 0, 0, 0, 0, 0;0, 0, 0, 33.3333333333, 33.3333333333, 33.3333333333, 0, 0, 0, 0, 0, 0, 0, 0, 0, 0, 0, 0, 0, 0, 0, 0, 0, 0, 0;Europe/Paris;25,5
2022-08-18T20:00:00Z;-1;9000003703;hourly;0,0000000000;0,0000000000;0,0000000000;0,0000000000;0,0000000000;0,0000000000;0,0000000000;0,0000000000;0,0000000000;0,0000000000;0,0000000000;0,0000000000;0,0000000000;1;0, 0, 0, 0, 0, 0, 0, 0;0, 0, 0, 0, 0, 0, 0, 0, 0, 0, 0, 0, 0, 0, 0, 0, 0, 0, 0, 0, 0, 0, 0, 0, 0;Europe/Paris;NA
2022-08-18T21:00:00Z;-1;9000003703;hourly;0,0000000000;0,0000000000;0,0000000000;0,0000000000;0,0000000000;0,0000000000;0,0000000000;0,0000000000;0,0000000000;0,0000000000;0,0000000000;0,0000000000;0,0000000000;1;0, 0, 0, 0, 0, 0, 0, 0;0, 0, 0, 0, 0, 0, 0, 0, 0, 0, 0, 0, 0, 0, 0, 0, 0, 0, 0, 0, 0, 0, 0, 0, 0;Europe/Paris;NA
2022-08-18T23:00:00Z;-1;9000003703;hourly;0,0000000000;0,0000000000;0,0000000000;0,0000000000;0,0000000000;0,0000000000;0,0000000000;0,0000000000;0,0000000000;0,0000000000;0,0000000000;0,0000000000;0,0000000000;1;0, 0, 0, 0, 0, 0, 0, 0;0, 0, 0, 0, 0, 0, 0, 0, 0, 0, 0, 0, 0, 0, 0, 0, 0, 0, 0, 0, 0, 0, 0, 0, 0;Europe/Paris;NA
2022-08-19T00:00:00Z;-1;9000003703;hourly;0,0000000000;0,0000000000;0,0000000000;0,0000000000;0,0000000000;0,0000000000;0,0000000000;0,0000000000;0,0000000000;0,0000000000;0,0000000000;0,0000000000;0,0000000000;1;0, 0, 0, 0, 0, 0, 0, 0;0, 0, 0, 0, 0, 0, 0, 0, 0, 0, 0, 0, 0, 0, 0, 0, 0, 0, 0, 0, 0, 0, 0, 0, 0;Europe/Paris;NA
2022-08-19T01:00:00Z;-1;9000003703;hourly;0,0000000000;0,0000000000;0,0000000000;0,0000000000;0,0000000000;0,0000000000;0,0000000000;0,0000000000;0,0000000000;0,0000000000;0,0000000000;0,0000000000;0,0000000000;1;0, 0, 0, 0, 0, 0, 0, 0;0, 0, 0, 0, 0, 0, 0, 0, 0, 0, 0, 0, 0, 0, 0, 0, 0, 0, 0, 0, 0, 0, 0, 0, 0;Europe/Paris;NA
2022-08-19T02:00:00Z;-1;9000003703;hourly;0,0000000000;0,0000000000;0,0000000000;0,0000000000;0,0000000000;0,0000000000;0,0000000000;0,0000000000;0,0000000000;0,0000000000;0,0000000000;0,0000000000;0,0000000000;1;0, 0, 0, 0, 0, 0, 0, 0;0, 0, 0, 0, 0, 0, 0, 0, 0, 0, 0, 0, 0, 0, 0, 0, 0, 0, 0, 0, 0, 0, 0, 0, 0;Europe/Paris;NA
2022-08-19T03:00:00Z;-1;9000003703;hourly;0,0000000000;0,0000000000;0,0000000000;0,0000000000;0,0000000000;0,0000000000;0,0000000000;0,0000000000;0,0000000000;0,0000000000;0,0000000000;0,0000000000;0,0000000000;1;0, 0, 0, 0, 0, 0, 0, 0;0, 0, 0, 0, 0, 0, 0, 0, 0, 0, 0, 0, 0, 0, 0, 0, 0, 0, 0, 0, 0, 0, 0, 0, 0;Europe/Paris;NA
2022-08-19T04:00:00Z;-1;9000003703;hourly;0,0000000000;0,0000000000;0,0000000000;0,0000000000;0,0000000000;0,0000000000;0,0000000000;0,0000000000;0,0000000000;0,0000000000;0,0000000000;0,0000000000;0,0000000000;1;0, 0, 0, 0, 0, 0, 0, 0;0, 0, 0, 0, 0, 0, 0, 0, 0, 0, 0, 0, 0, 0, 0, 0, 0, 0, 0, 0, 0, 0, 0, 0, 0;Europe/Paris;NA
2022-08-19T05:00:00Z;-1;9000003703;hourly;0,3205555556;3,1195840555;24,9566724437;0,0000000000;0,0000000000;0,0000000000;3,1195840555;12,4783362218;12,4783362218;0,0000000000;0,0000000000;0,0000000000;0,0000000000;1;0, 0, 50, 37.5, 0, 12.5, 0, 0;0, 0, 0, 0, 0, 50, 0, 37.5, 0, 0, 12.5, 0, 0, 0, 0, 0, 0, 0, 0, 0, 0, 0, 0, 0, 0;Europe/Paris;37,0
2022-08-19T06:00:00Z;-1;9000003703;hourly;0,5477777778;5,4766734280;29,2089249493;7,3022312373;5,4766734280;1,8255578093;3,6511156187;12,7789046653;16,4300202840;7,3022312373;0,0000000000;1,8255578093;3,6511156187;1;6.25, 6.25, 6.25, 43.75, 37.5, 0, 0, 0;6.25, 0, 0, 6.25, 0, 6.25, 12.5, 31.25, 25, 12.5, 0, 0, 0, 0, 0, 0, 0, 0, 0, 0, 0, 0, 0, 0, 0;Europe/Paris;42,0
2022-08-19T07:00:00Z;-1;9000003703;hourly;0,6313888889;6,3352397712;28,5085789705;4,7514298284;15,8380994281;3,1676198856;3,1676198856;11,0866695996;17,4219093709;3,1676198856;1,5838099428;9,5028596568;6,3352397712;1;5.5555555556, 5.5555555556, 33.3333333333, 55.5555555556, 0, 0, 0, 0;0, 5.5555555556, 5.5555555556, 0, 16.6666666667, 16.6666666667, 38.8888888889, 16.6666666667, 0, 0, 0, 0, 0, 0, 0, 0, 0, 0, 0, 0, 0, 0, 0, 0, 0;Europe/Paris;33,0
2022-08-19T08:00:00Z;-1;9000003703;hourly;0,5763888889;6,9397590361;50,3132530120;3,4698795181;6,9397590361;3,4698795181;3,4698795181;26,0240963855;24,2891566265;3,4698795181;0,0000000000;5,2048192771;1,7349397590;1;3.4482758621, 10.3448275862, 37.9310344828, 31.0344827586, 17.2413793103, 0, 0, 0;3.4482758621, 0, 0, 10.3448275862, 17.2413793103, 20.6896551724, 20.6896551724, 10.3448275862, 13.7931034483, 3.4482758621, 0, 0, 0, 0, 0, 0, 0, 0, 0, 0, 0, 0, 0, 0, 0;Europe/Paris;38,5
2022-08-19T09:00:00Z;-1;9000003703;hourly;0,6058333333;11,5543328748;46,2173314993;13,2049518569;4,9518569464;4,9518569464;6,6024759285;6,6024759285;39,6148555708;8,2530949106;4,9518569464;0,0000000000;4,9518569464;1;3.5714285714, 7.1428571429, 25, 57.1428571429, 7.1428571429, 0, 0, 0;0, 3.5714285714, 0, 7.1428571429, 3.5714285714, 21.4285714286, 28.5714285714, 28.5714285714, 7.1428571429, 0, 0, 0, 0, 0, 0, 0, 0, 0, 0, 0, 0, 0, 0, 0, 0;Europe/Paris;36,0
2022-08-19T10:00:00Z;-1;9000003703;hourly;0,6380555556;4,7017849369;34,4797562037;9,4035698737;4,7017849369;4,7017849369;0,0000000000;4,7017849369;29,7779712669;3,1345232912;6,2690465825;3,1345232912;1,5672616456;1;0, 4.5454545455, 18.1818181818, 54.5454545455, 22.7272727273, 0, 0, 0;0, 0, 0, 4.5454545455, 4.5454545455, 13.6363636364, 18.1818181818, 36.3636363636, 18.1818181818, 4.5454545455, 0, 0, 0, 0, 0, 0, 0, 0, 0, 0, 0, 0, 0, 0, 0;Europe/Paris;39,5
2022-08-19T11:00:00Z;-1;9000003703;hourly;0,6272222222;9,5659875996;35,0752878654;0,0000000000;1,5943312666;4,7829937998;4,7829937998;12,7546501329;22,3206377325;0,0000000000;0,0000000000;0,0000000000;1,5943312666;1;0, 0, 36.3636363636, 50, 9.0909090909, 4.5454545455, 0, 0;0, 0, 0, 0, 13.6363636364, 22.7272727273, 36.3636363636, 13.6363636364, 9.0909090909, 0, 4.5454545455, 0, 0, 0, 0, 0, 0, 0, 0, 0, 0, 0, 0, 0, 0;Europe/Paris;37,0
2022-08-19T12:00:00Z;-1;9000003703;hourly;0,5958333333;11,7482517483;35,2447552448;23,4965034965;1,6783216783;8,3916083916;3,3566433566;13,4265734266;21,8181818182;8,3916083916;15,1048951049;1,6783216783;0,0000000000;1;19.0476190476, 9.5238095238, 9.5238095238, 42.8571428571, 14.2857142857, 0, 0, 4.7619047619;19.0476190476, 0, 9.5238095238, 0, 4.7619047619, 4.7619047619, 38.0952380952, 4.7619047619, 9.5238095238, 4.7619047619, 0, 0, 0, 0, 0, 0, 0, 0, 0, 0, 0, 0, 0, 0, 4.7619047619;Europe/Paris;39,5
2022-08-19T13:00:00Z;-1;9000003703;hourly;0,6116666667;13,0790190736;50,6811989101;4,9046321526;6,5395095368;11,4441416894;1,6348773842;14,7138964578;35,9673024523;3,2697547684;1,6348773842;1,6348773842;4,9046321526;1;3.2258064516, 3.2258064516, 32.2580645161, 48.3870967742, 12.9032258065, 0, 0, 0;3.2258064516, 0, 0, 3.2258064516, 16.1290322581, 16.1290322581, 29.0322580645, 19.3548387097, 6.4516129032, 6.4516129032, 0, 0, 0, 0, 0, 0, 0, 0, 0, 0, 0, 0, 0, 0, 0;Europe/Paris;37,0
2022-08-19T14:00:00Z;-1;9000003703;hourly;0,6088888889;18,0656934307;37,7737226277;6,5693430657;4,9270072993;11,4963503650;6,5693430657;14,7810218978;22,9927007299;4,9270072993;1,6423357664;1,6423357664;3,2846715328;1;8.6956521739, 0, 17.3913043478, 47.8260869565, 17.3913043478, 8.6956521739, 0, 0;4.347826087, 4.347826087, 0, 0, 4.347826087, 13.0434782609, 21.7391304348, 26.0869565217, 13.0434782609, 4.347826087, 8.6956521739, 0, 0, 0, 0, 0, 0, 0, 0, 0, 0, 0, 0, 0, 0;Europe/Paris;42,0
2022-08-19T15:00:00Z;-1;9000003703;hourly;0,5858333333;13,6557610242;61,4509246088;13,6557610242;8,5348506401;3,4139402560;10,2418207681;15,3627311522;46,0881934566;6,8278805121;6,8278805121;5,1209103841;3,4139402560;1;0, 5.5555555556, 13.8888888889, 47.2222222222, 33.3333333333, 0, 0, 0;0, 0, 2.7777777778, 2.7777777778, 2.7777777778, 11.1111111111, 19.4444444444, 27.7777777778, 30.5555555556, 2.7777777778, 0, 0, 0, 0, 0, 0, 0, 0, 0, 0, 0, 0, 0, 0, 0;Europe/Paris;40,5
2022-08-19T16:00:00Z;-1;9000003703;hourly;0,6433333333;6,2176165803;71,5025906736;4,6632124352;4,6632124352;1,5544041451;4,6632124352;34,1968911917;37,3056994819;1,5544041451;3,1088082902;3,1088082902;1,5544041451;1;0, 6.5217391304, 34.7826086957, 45.652173913, 13.0434782609, 0, 0, 0;0, 0, 4.347826087, 2.1739130435, 10.8695652174, 23.9130434783, 26.0869565217, 19.5652173913, 13.0434782609, 0, 0, 0, 0, 0, 0, 0, 0, 0, 0, 0, 0, 0, 0, 0, 0;Europe/Paris;37,0
2022-08-19T17:00:00Z;-1;9000003703;hourly;0,6008333333;6,6574202497;44,9375866852;3,3287101248;8,3217753121;3,3287101248;3,3287101248;16,6435506241;28,2940360610;3,3287101248;0,0000000000;3,3287101248;4,9930651872;1;0, 0, 25.9259259259, 55.5555555556, 18.5185185185, 0, 0, 0;0, 0, 0, 0, 11.1111111111, 14.8148148148, 29.6296296296, 25.9259259259, 11.1111111111, 7.4074074074, 0, 0, 0, 0, 0, 0, 0, 0, 0, 0, 0, 0, 0, 0, 0;Europe/Paris;39,0
2022-08-19T18:00:00Z;-1;9000003703;hourly;0,6713888889;0,0000000000;29,7889946214;1,4894497311;11,9155978486;0,0000000000;0,0000000000;13,4050475796;16,3839470418;0,0000000000;1,4894497311;11,9155978486;0,0000000000;1;0, 0, 50, 40, 10, 0, 0, 0;0, 0, 0, 0, 30, 20, 10, 30, 10, 0, 0, 0, 0, 0, 0, 0, 0, 0, 0, 0, 0, 0, 0, 0, 0;Europe/Paris;36,5
2022-08-19T19:00:00Z;-1;9000003703;hourly;0,2269444444;8,8127294982;13,2190942472;0,0000000000;4,4063647491;0,0000000000;8,8127294982;8,8127294982;4,4063647491;0,0000000000;0,0000000000;0,0000000000;4,4063647491;1;0, 0, 66.6666666667, 0, 33.3333333333, 0, 0, 0;0, 0, 0, 0, 33.3333333333, 33.3333333333, 0, 0, 33.3333333333, 0, 0, 0, 0, 0, 0, 0, 0, 0, 0, 0, 0, 0, 0, 0, 0;Europe/Paris;40,5
2022-08-19T20:00:00Z;-1;9000003703;hourly;0,0000000000;0,0000000000;0,0000000000;0,0000000000;0,0000000000;0,0000000000;0,0000000000;0,0000000000;0,0000000000;0,0000000000;0,0000000000;0,0000000000;0,0000000000;1;0, 0, 0, 0, 0, 0, 0, 0;0, 0, 0, 0, 0, 0, 0, 0, 0, 0, 0, 0, 0, 0, 0, 0, 0, 0, 0, 0, 0, 0, 0, 0, 0;Europe/Paris;NA
2022-08-19T21:00:00Z;-1;9000003703;hourly;0,0000000000;0,0000000000;0,0000000000;0,0000000000;0,0000000000;0,0000000000;0,0000000000;0,0000000000;0,0000000000;0,0000000000;0,0000000000;0,0000000000;0,0000000000;1;0, 0, 0, 0, 0, 0, 0, 0;0, 0, 0, 0, 0, 0, 0, 0, 0, 0, 0, 0, 0, 0, 0, 0, 0, 0, 0, 0, 0, 0, 0, 0, 0;Europe/Paris;NA
2022-08-19T23:00:00Z;-1;9000003703;hourly;0,0000000000;0,0000000000;0,0000000000;0,0000000000;0,0000000000;0,0000000000;0,0000000000;0,0000000000;0,0000000000;0,0000000000;0,0000000000;0,0000000000;0,0000000000;1;0, 0, 0, 0, 0, 0, 0, 0;0, 0, 0, 0, 0, 0, 0, 0, 0, 0, 0, 0, 0, 0, 0, 0, 0, 0, 0, 0, 0, 0, 0, 0, 0;Europe/Paris;NA
2022-08-20T00:00:00Z;-1;9000003703;hourly;0,0000000000;0,0000000000;0,0000000000;0,0000000000;0,0000000000;0,0000000000;0,0000000000;0,0000000000;0,0000000000;0,0000000000;0,0000000000;0,0000000000;0,0000000000;1;0, 0, 0, 0, 0, 0, 0, 0;0, 0, 0, 0, 0, 0, 0, 0, 0, 0, 0, 0, 0, 0, 0, 0, 0, 0, 0, 0, 0, 0, 0, 0, 0;Europe/Paris;NA
2022-08-20T01:00:00Z;-1;9000003703;hourly;0,0000000000;0,0000000000;0,0000000000;0,0000000000;0,0000000000;0,0000000000;0,0000000000;0,0000000000;0,0000000000;0,0000000000;0,0000000000;0,0000000000;0,0000000000;1;0, 0, 0, 0, 0, 0, 0, 0;0, 0, 0, 0, 0, 0, 0, 0, 0, 0, 0, 0, 0, 0, 0, 0, 0, 0, 0, 0, 0, 0, 0, 0, 0;Europe/Paris;NA
2022-08-20T02:00:00Z;-1;9000003703;hourly;0,0000000000;0,0000000000;0,0000000000;0,0000000000;0,0000000000;0,0000000000;0,0000000000;0,0000000000;0,0000000000;0,0000000000;0,0000000000;0,0000000000;0,0000000000;1;0, 0, 0, 0, 0, 0, 0, 0;0, 0, 0, 0, 0, 0, 0, 0, 0, 0, 0, 0, 0, 0, 0, 0, 0, 0, 0, 0, 0, 0, 0, 0, 0;Europe/Paris;NA
2022-08-20T03:00:00Z;-1;9000003703;hourly;0,0000000000;0,0000000000;0,0000000000;0,0000000000;0,0000000000;0,0000000000;0,0000000000;0,0000000000;0,0000000000;0,0000000000;0,0000000000;0,0000000000;0,0000000000;1;0, 0, 0, 0, 0, 0, 0, 0;0, 0, 0, 0, 0, 0, 0, 0, 0, 0, 0, 0, 0, 0, 0, 0, 0, 0, 0, 0, 0, 0, 0, 0, 0;Europe/Paris;NA
2022-08-20T04:00:00Z;-1;9000003703;hourly;0,0000000000;0,0000000000;0,0000000000;0,0000000000;0,0000000000;0,0000000000;0,0000000000;0,0000000000;0,0000000000;0,0000000000;0,0000000000;0,0000000000;0,0000000000;1;0, 0, 0, 0, 0, 0, 0, 0;0, 0, 0, 0, 0, 0, 0, 0, 0, 0, 0, 0, 0, 0, 0, 0, 0, 0, 0, 0, 0, 0, 0, 0, 0;Europe/Paris;NA
2022-08-20T05:00:00Z;-1;9000003703;hourly;0,3400000000;0,0000000000;14,7058823529;8,8235294118;5,8823529412;0,0000000000;0,0000000000;5,8823529412;8,8235294118;8,8235294118;0,0000000000;5,8823529412;0,0000000000;1;0, 0, 20, 80, 0, 0, 0, 0;0, 0, 0, 0, 20, 0, 80, 0, 0, 0, 0, 0, 0, 0, 0, 0, 0, 0, 0, 0, 0, 0, 0, 0, 0;Europe/Paris;31,5
2022-08-20T06:00:00Z;-1;9000003703;hourly;0,5677777778;0,0000000000;15,8512720157;1,7612524462;1,7612524462;0,0000000000;0,0000000000;5,2837573386;10,5675146771;0,0000000000;1,7612524462;1,7612524462;0,0000000000;1;0, 0, 0, 77.7777777778, 22.2222222222, 0, 0, 0;0, 0, 0, 0, 0, 0, 66.6666666667, 11.1111111111, 22.2222222222, 0, 0, 0, 0, 0, 0, 0, 0, 0, 0, 0, 0, 0, 0, 0, 0;Europe/Paris;39,0
2022-08-20T07:00:00Z;-1;9000003703;hourly;0,5908333333;13,5401974612;15,2327221439;3,3850493653;0,0000000000;5,0775740480;8,4626234133;5,0775740480;10,1551480959;3,3850493653;0,0000000000;0,0000000000;0,0000000000;1;0, 0, 44.4444444444, 44.4444444444, 11.1111111111, 0, 0, 0;0, 0, 0, 0, 11.1111111111, 33.3333333333, 44.4444444444, 0, 0, 11.1111111111, 0, 0, 0, 0, 0, 0, 0, 0, 0, 0, 0, 0, 0, 0, 0;Europe/Paris;32,0
2022-08-20T08:00:00Z;-1;9000003703;hourly;0,6322222222;9,4903339192;36,3796133568;6,3268892794;7,9086115993;1,5817223199;7,9086115993;22,1441124780;14,2355008787;1,5817223199;4,7451669596;3,1634446397;4,7451669596;1;0, 8.6956521739, 34.7826086957, 43.4782608696, 13.0434782609, 0, 0, 0;0, 0, 0, 8.6956521739, 8.6956521739, 26.0869565217, 26.0869565217, 17.3913043478, 8.6956521739, 4.347826087, 0, 0, 0, 0, 0, 0, 0, 0, 0, 0, 0, 0, 0, 0, 0;Europe/Paris;37,0
2022-08-20T09:00:00Z;-1;9000003703;hourly;0,6050000000;21,4876033058;28,0991735537;8,2644628099;8,2644628099;13,2231404959;8,2644628099;6,6115702479;21,4876033058;8,2644628099;0,0000000000;6,6115702479;1,6528925620;1;17.6470588235, 0, 29.4117647059, 35.2941176471, 17.6470588235, 0, 0, 0;17.6470588235, 0, 0, 0, 11.7647058824, 17.6470588235, 23.5294117647, 11.7647058824, 11.7647058824, 5.8823529412, 0, 0, 0, 0, 0, 0, 0, 0, 0, 0, 0, 0, 0, 0, 0;Europe/Paris;38,5
2022-08-20T10:00:00Z;-1;9000003703;hourly;0,5755555556;10,4247104247;27,7992277992;3,4749034749;13,8996138996;8,6872586873;1,7374517375;8,6872586873;19,1119691120;0,0000000000;3,4749034749;0,0000000000;13,8996138996;1;0, 6.25, 31.25, 56.25, 6.25, 0, 0, 0;0, 0, 0, 6.25, 6.25, 25, 37.5, 18.75, 0, 6.25, 0, 0, 0, 0, 0, 0, 0, 0, 0, 0, 0, 0, 0, 0, 0;Europe/Paris;35,0
2022-08-20T11:00:00Z;-1;9000003703;hourly;0,6041666667;0,0000000000;29,7931034483;8,2758620690;1,6551724138;0,0000000000;0,0000000000;4,9655172414;24,8275862069;3,3103448276;4,9655172414;1,6551724138;0,0000000000;1;0, 0, 11.1111111111, 72.2222222222, 16.6666666667, 0, 0, 0;0, 0, 0, 0, 5.5555555556, 5.5555555556, 44.4444444444, 27.7777777778, 11.1111111111, 5.5555555556, 0, 0, 0, 0, 0, 0, 0, 0, 0, 0, 0, 0, 0, 0, 0;Europe/Paris;38,5
2022-08-20T12:00:00Z;-1;9000003703;hourly;0,6894444444;2,9008863820;34,8106365834;7,2522159549;0,0000000000;1,4504431910;1,4504431910;11,6035455278;23,2070910556;4,3513295729;2,9008863820;0,0000000000;0,0000000000;1;4.1666666667, 8.3333333333, 33.3333333333, 33.3333333333, 16.6666666667, 4.1666666667, 0, 0;4.1666666667, 0, 4.1666666667, 4.1666666667, 12.5, 20.8333333333, 29.1666666667, 4.1666666667, 16.6666666667, 0, 0, 4.1666666667, 0, 0, 0, 0, 0, 0, 0, 0, 0, 0, 0, 0, 0;Europe/Paris;39,5
2022-08-20T13:00:00Z;-1;9000003703;hourly;0,6938888889;0,0000000000;44,6757405925;15,8526821457;0,0000000000;0,0000000000;0,0000000000;20,1761409127;24,4995996797;8,6469175340;7,2057646117;0,0000000000;0,0000000000;1;3.2258064516, 3.2258064516, 32.2580645161, 41.935483871, 19.3548387097, 0, 0, 0;0, 3.2258064516, 0, 3.2258064516, 12.9032258065, 19.3548387097, 22.5806451613, 19.3548387097, 16.1290322581, 3.2258064516, 0, 0, 0, 0, 0, 0, 0, 0, 0, 0, 0, 0, 0, 0, 0;Europe/Paris;39,0
2022-08-20T14:00:00Z;-1;9000003703;hourly;0,6516666667;0,0000000000;38,3631713555;9,2071611253;0,0000000000;0,0000000000;0,0000000000;15,3452685422;23,0179028133;7,6726342711;1,5345268542;0,0000000000;0,0000000000;1;0, 4, 52, 32, 12, 0, 0, 0;0, 0, 4, 0, 32, 20, 28, 4, 12, 0, 0, 0, 0, 0, 0, 0, 0, 0, 0, 0, 0, 0, 0, 0, 0;Europe/Paris;34,0
2022-08-20T15:00:00Z;-1;9000003703;hourly;0,6519444444;1,5338730294;50,6178099702;18,4064763528;3,0677460588;1,5338730294;0,0000000000;19,9403493822;30,6774605880;1,5338730294;16,8726033234;0,0000000000;3,0677460588;1;6.0606060606, 6.0606060606, 45.4545454545, 33.3333333333, 9.0909090909, 0, 0, 0;3.0303030303, 3.0303030303, 3.0303030303, 3.0303030303, 15.1515151515, 30.303030303, 24.2424242424, 9.0909090909, 6.0606060606, 3.0303030303, 0, 0, 0, 0, 0, 0, 0, 0, 0, 0, 0, 0, 0, 0, 0;Europe/Paris;34,0
2022-08-20T16:00:00Z;-1;9000003703;hourly;0,6330555556;0,0000000000;42,6502852128;6,3185607723;3,1592803861;0,0000000000;0,0000000000;9,4778411584;33,1724440544;0,0000000000;6,3185607723;3,1592803861;0,0000000000;1;22.2222222222, 7.4074074074, 18.5185185185, 40.7407407407, 7.4074074074, 3.7037037037, 0, 0;22.2222222222, 0, 3.7037037037, 3.7037037037, 11.1111111111, 7.4074074074, 33.3333333333, 7.4074074074, 3.7037037037, 3.7037037037, 3.7037037037, 0, 0, 0, 0, 0, 0, 0, 0, 0, 0, 0, 0, 0, 0;Europe/Paris;35,0
2022-08-20T17:00:00Z;-1;9000003703;hourly;0,6100000000;1,6393442623;29,5081967213;1,6393442623;1,6393442623;0,0000000000;1,6393442623;11,4754098361;18,0327868852;1,6393442623;0,0000000000;1,6393442623;0,0000000000;1;16.6666666667, 0, 22.2222222222, 44.4444444444, 11.1111111111, 5.5555555556, 0, 0;16.6666666667, 0, 0, 0, 5.5555555556, 16.6666666667, 33.3333333333, 11.1111111111, 11.1111111111, 0, 0, 5.5555555556, 0, 0, 0, 0, 0, 0, 0, 0, 0, 0, 0, 0, 0;Europe/Paris;38,0
2022-08-20T18:00:00Z;-1;9000003703;hourly;0,6194444444;1,6143497758;33,9013452915;1,6143497758;0,0000000000;0,0000000000;1,6143497758;9,6860986547;24,2152466368;0,0000000000;1,6143497758;0,0000000000;0,0000000000;1;4.7619047619, 4.7619047619, 47.619047619, 38.0952380952, 4.7619047619, 0, 0, 0;4.7619047619, 0, 0, 4.7619047619, 19.0476190476, 28.5714285714, 33.3333333333, 4.7619047619, 4.7619047619, 0, 0, 0, 0, 0, 0, 0, 0, 0, 0, 0, 0, 0, 0, 0, 0;Europe/Paris;31,5
2022-08-20T19:00:00Z;-1;9000003703;hourly;0,1744444444;0,0000000000;11,4649681529;5,7324840764;11,4649681529;0,0000000000;0,0000000000;0,0000000000;11,4649681529;0,0000000000;5,7324840764;5,7324840764;5,7324840764;1;0, 0, 0, 100, 0, 0, 0, 0;0, 0, 0, 0, 0, 0, 50, 50, 0, 0, 0, 0, 0, 0, 0, 0, 0, 0, 0, 0, 0, 0, 0, 0, 0;Europe/Paris;36,0
2022-08-20T20:00:00Z;-1;9000003703;hourly;0,0000000000;0,0000000000;0,0000000000;0,0000000000;0,0000000000;0,0000000000;0,0000000000;0,0000000000;0,0000000000;0,0000000000;0,0000000000;0,0000000000;0,0000000000;1;0, 0, 0, 0, 0, 0, 0, 0;0, 0, 0, 0, 0, 0, 0, 0, 0, 0, 0, 0, 0, 0, 0, 0, 0, 0, 0, 0, 0, 0, 0, 0, 0;Europe/Paris;NA
2022-08-20T21:00:00Z;-1;9000003703;hourly;0,0000000000;0,0000000000;0,0000000000;0,0000000000;0,0000000000;0,0000000000;0,0000000000;0,0000000000;0,0000000000;0,0000000000;0,0000000000;0,0000000000;0,0000000000;1;0, 0, 0, 0, 0, 0, 0, 0;0, 0, 0, 0, 0, 0, 0, 0, 0, 0, 0, 0, 0, 0, 0, 0, 0, 0, 0, 0, 0, 0, 0, 0, 0;Europe/Paris;NA
2022-08-20T23:00:00Z;-1;9000003703;hourly;0,0000000000;0,0000000000;0,0000000000;0,0000000000;0,0000000000;0,0000000000;0,0000000000;0,0000000000;0,0000000000;0,0000000000;0,0000000000;0,0000000000;0,0000000000;1;0, 0, 0, 0, 0, 0, 0, 0;0, 0, 0, 0, 0, 0, 0, 0, 0, 0, 0, 0, 0, 0, 0, 0, 0, 0, 0, 0, 0, 0, 0, 0, 0;Europe/Paris;NA
2022-08-21T00:00:00Z;-1;9000003703;hourly;0,0000000000;0,0000000000;0,0000000000;0,0000000000;0,0000000000;0,0000000000;0,0000000000;0,0000000000;0,0000000000;0,0000000000;0,0000000000;0,0000000000;0,0000000000;1;0, 0, 0, 0, 0, 0, 0, 0;0, 0, 0, 0, 0, 0, 0, 0, 0, 0, 0, 0, 0, 0, 0, 0, 0, 0, 0, 0, 0, 0, 0, 0, 0;Europe/Paris;NA
2022-08-21T01:00:00Z;-1;9000003703;hourly;0,0000000000;0,0000000000;0,0000000000;0,0000000000;0,0000000000;0,0000000000;0,0000000000;0,0000000000;0,0000000000;0,0000000000;0,0000000000;0,0000000000;0,0000000000;1;0, 0, 0, 0, 0, 0, 0, 0;0, 0, 0, 0, 0, 0, 0, 0, 0, 0, 0, 0, 0, 0, 0, 0, 0, 0, 0, 0, 0, 0, 0, 0, 0;Europe/Paris;NA
2022-08-21T02:00:00Z;-1;9000003703;hourly;0,0000000000;0,0000000000;0,0000000000;0,0000000000;0,0000000000;0,0000000000;0,0000000000;0,0000000000;0,0000000000;0,0000000000;0,0000000000;0,0000000000;0,0000000000;1;0, 0, 0, 0, 0, 0, 0, 0;0, 0, 0, 0, 0, 0, 0, 0, 0, 0, 0, 0, 0, 0, 0, 0, 0, 0, 0, 0, 0, 0, 0, 0, 0;Europe/Paris;NA
2022-08-21T03:00:00Z;-1;9000003703;hourly;0,0000000000;0,0000000000;0,0000000000;0,0000000000;0,0000000000;0,0000000000;0,0000000000;0,0000000000;0,0000000000;0,0000000000;0,0000000000;0,0000000000;0,0000000000;1;0, 0, 0, 0, 0, 0, 0, 0;0, 0, 0, 0, 0, 0, 0, 0, 0, 0, 0, 0, 0, 0, 0, 0, 0, 0, 0, 0, 0, 0, 0, 0, 0;Europe/Paris;NA
2022-08-21T04:00:00Z;-1;9000003703;hourly;0,0000000000;0,0000000000;0,0000000000;0,0000000000;0,0000000000;0,0000000000;0,0000000000;0,0000000000;0,0000000000;0,0000000000;0,0000000000;0,0000000000;0,0000000000;1;0, 0, 0, 0, 0, 0, 0, 0;0, 0, 0, 0, 0, 0, 0, 0, 0, 0, 0, 0, 0, 0, 0, 0, 0, 0, 0, 0, 0, 0, 0, 0, 0;Europe/Paris;NA
2022-08-21T05:00:00Z;-1;9000003703;hourly;0,0000000000;0,0000000000;0,0000000000;0,0000000000;0,0000000000;0,0000000000;0,0000000000;0,0000000000;0,0000000000;0,0000000000;0,0000000000;0,0000000000;0,0000000000;1;0, 0, 0, 0, 0, 0, 0, 0;0, 0, 0, 0, 0, 0, 0, 0, 0, 0, 0, 0, 0, 0, 0, 0, 0, 0, 0, 0, 0, 0, 0, 0, 0;Europe/Paris;NA
2022-08-21T06:00:00Z;-1;9000003703;hourly;0,0000000000;0,0000000000;0,0000000000;0,0000000000;0,0000000000;0,0000000000;0,0000000000;0,0000000000;0,0000000000;0,0000000000;0,0000000000;0,0000000000;0,0000000000;1;0, 0, 0, 0, 0, 0, 0, 0;0, 0, 0, 0, 0, 0, 0, 0, 0, 0, 0, 0, 0, 0, 0, 0, 0, 0, 0, 0, 0, 0, 0, 0, 0;Europe/Paris;NA
2022-08-21T07:00:00Z;-1;9000003703;hourly;0,4036111111;0,0000000000;12,3881624226;4,9552649690;12,3881624226;0,0000000000;0,0000000000;4,9552649690;7,4328974535;0,0000000000;4,9552649690;4,9552649690;7,4328974535;1;0, 0, 40, 60, 0, 0, 0, 0;0, 0, 0, 0, 0, 40, 40, 20, 0, 0, 0, 0, 0, 0, 0, 0, 0, 0, 0, 0, 0, 0, 0, 0, 0;Europe/Paris;34,0
2022-08-21T08:00:00Z;-1;9000003703;hourly;0,6000000000;1,6666666667;40,0000000000;5,0000000000;18,3333333333;1,6666666667;0,0000000000;26,6666666667;13,3333333333;3,3333333333;1,6666666667;10,0000000000;8,3333333333;1;8.3333333333, 0, 54.1666666667, 37.5, 0, 0, 0, 0;8.3333333333, 0, 0, 0, 29.1666666667, 25, 33.3333333333, 4.1666666667, 0, 0, 0, 0, 0, 0, 0, 0, 0, 0, 0, 0, 0, 0, 0, 0, 0;Europe/Paris;31,0
2022-08-21T09:00:00Z;-1;9000003703;hourly;0,5983333333;1,6713091922;35,0974930362;11,6991643454;16,7130919220;0,0000000000;1,6713091922;23,3983286908;11,6991643454;8,3565459610;3,3426183844;6,6852367688;10,0278551532;1;0, 9.5238095238, 52.380952381, 19.0476190476, 14.2857142857, 4.7619047619, 0, 0;0, 0, 0, 9.5238095238, 19.0476190476, 33.3333333333, 9.5238095238, 9.5238095238, 9.5238095238, 4.7619047619, 4.7619047619, 0, 0, 0, 0, 0, 0, 0, 0, 0, 0, 0, 0, 0, 0;Europe/Paris;39,5
2022-08-21T10:00:00Z;-1;9000003703;hourly;0,6066666667;0,0000000000;28,0219780220;4,9450549451;3,2967032967;0,0000000000;0,0000000000;16,4835164835;11,5384615385;3,2967032967;1,6483516484;0,0000000000;3,2967032967;1;5.8823529412, 5.8823529412, 29.4117647059, 47.0588235294, 11.7647058824, 0, 0, 0;0, 5.8823529412, 5.8823529412, 0, 5.8823529412, 23.5294117647, 23.5294117647, 23.5294117647, 11.7647058824, 0, 0, 0, 0, 0, 0, 0, 0, 0, 0, 0, 0, 0, 0, 0, 0;Europe/Paris;37,0
2022-08-21T11:00:00Z;-1;9000003703;hourly;0,5880555556;1,7005196032;20,4062352385;1,7005196032;0,0000000000;0,0000000000;1,7005196032;5,1015588096;15,3046764289;1,7005196032;0,0000000000;0,0000000000;0,0000000000;1;0, 0, 16.6666666667, 50, 33.3333333333, 0, 0, 0;0, 0, 0, 0, 8.3333333333, 8.3333333333, 25, 25, 33.3333333333, 0, 0, 0, 0, 0, 0, 0, 0, 0, 0, 0, 0, 0, 0, 0, 0;Europe/Paris;40,0
2022-08-21T12:00:00Z;-1;9000003703;hourly;0,6294444444;1,5887025596;27,0079435128;0,0000000000;6,3548102383;0,0000000000;1,5887025596;19,0644307149;7,9435127979;0,0000000000;0,0000000000;0,0000000000;6,3548102383;1;0, 5.8823529412, 41.1764705882, 41.1764705882, 11.7647058824, 0, 0, 0;0, 0, 0, 5.8823529412, 11.7647058824, 29.4117647059, 17.6470588235, 23.5294117647, 5.8823529412, 5.8823529412, 0, 0, 0, 0, 0, 0, 0, 0, 0, 0, 0, 0, 0, 0, 0;Europe/Paris;37,0
2022-08-21T13:00:00Z;-1;9000003703;hourly;0,5947222222;10,0887435778;16,8145726296;0,0000000000;1,6814572630;0,0000000000;10,0887435778;11,7702008407;5,0443717889;0,0000000000;0,0000000000;1,6814572630;0,0000000000;1;0, 0, 30, 60, 10, 0, 0, 0;0, 0, 0, 0, 10, 20, 30, 30, 0, 10, 0, 0, 0, 0, 0, 0, 0, 0, 0, 0, 0, 0, 0, 0, 0;Europe/Paris;36,5
2022-08-21T14:00:00Z;-1;9000003703;hourly;0,6208333333;0,0000000000;22,5503355705;1,6107382550;3,2214765101;0,0000000000;0,0000000000;14,4966442953;8,0536912752;1,6107382550;0,0000000000;3,2214765101;0,0000000000;1;0, 0, 35.7142857143, 28.5714285714, 35.7142857143, 0, 0, 0;0, 0, 0, 0, 14.2857142857, 21.4285714286, 14.2857142857, 14.2857142857, 28.5714285714, 7.1428571429, 0, 0, 0, 0, 0, 0, 0, 0, 0, 0, 0, 0, 0, 0, 0;Europe/Paris;41,0
2022-08-21T15:00:00Z;-1;9000003703;hourly;0,6130555556;0,0000000000;39,1481649298;4,8935206162;4,8935206162;0,0000000000;0,0000000000;21,2052560036;17,9429089261;3,2623470775;1,6311735387;1,6311735387;3,2623470775;1;4.1666666667, 4.1666666667, 45.8333333333, 37.5, 4.1666666667, 4.1666666667, 0, 0;4.1666666667, 0, 0, 4.1666666667, 25, 20.8333333333, 25, 12.5, 4.1666666667, 0, 4.1666666667, 0, 0, 0, 0, 0, 0, 0, 0, 0, 0, 0, 0, 0, 0;Europe/Paris;35,0
2022-08-21T16:00:00Z;-1;9000003703;hourly;0,6438888889;1,5530629853;18,6367558240;0,0000000000;3,1061259707;1,5530629853;0,0000000000;3,1061259707;15,5306298533;0,0000000000;0,0000000000;0,0000000000;3,1061259707;1;0, 0, 33.3333333333, 66.6666666667, 0, 0, 0, 0;0, 0, 0, 0, 8.3333333333, 25, 41.6666666667, 25, 0, 0, 0, 0, 0, 0, 0, 0, 0, 0, 0, 0, 0, 0, 0, 0, 0;Europe/Paris;34,5
2022-08-21T17:00:00Z;-1;9000003703;hourly;0,6130555556;9,7870412324;30,9922972361;0,0000000000;1,6311735387;8,1558676937;1,6311735387;13,0493883099;17,9429089261;0,0000000000;0,0000000000;1,6311735387;0,0000000000;1;0, 5.2631578947, 21.0526315789, 63.1578947368, 10.5263157895, 0, 0, 0;0, 0, 0, 5.2631578947, 0, 21.0526315789, 36.8421052632, 26.3157894737, 10.5263157895, 0, 0, 0, 0, 0, 0, 0, 0, 0, 0, 0, 0, 0, 0, 0, 0;Europe/Paris;36,5
2022-08-21T18:00:00Z;-1;9000003703;hourly;0,6308333333;6,3408190225;15,8520475561;1,5852047556;3,1704095112;1,5852047556;4,7556142668;3,1704095112;12,6816380449;0,0000000000;1,5852047556;3,1704095112;0,0000000000;1;0, 20, 20, 50, 10, 0, 0, 0;0, 0, 0, 20, 20, 0, 20, 30, 0, 10, 0, 0, 0, 0, 0, 0, 0, 0, 0, 0, 0, 0, 0, 0, 0;Europe/Paris;36,5
2022-08-21T19:00:00Z;-1;9000003703;hourly;0,0016666667;0,0000000000;0,0000000000;0,0000000000;0,0000000000;0,0000000000;0,0000000000;0,0000000000;0,0000000000;0,0000000000;0,0000000000;0,0000000000;0,0000000000;1;0, 0, 0, 0, 0, 0, 0, 0;0, 0, 0, 0, 0, 0, 0, 0, 0, 0, 0, 0, 0, 0, 0, 0, 0, 0, 0, 0, 0, 0, 0, 0, 0;Europe/Paris;NA
2022-08-21T20:00:00Z;-1;9000003703;hourly;0,0000000000;0,0000000000;0,0000000000;0,0000000000;0,0000000000;0,0000000000;0,0000000000;0,0000000000;0,0000000000;0,0000000000;0,0000000000;0,0000000000;0,0000000000;1;0, 0, 0, 0, 0, 0, 0, 0;0, 0, 0, 0, 0, 0, 0, 0, 0, 0, 0, 0, 0, 0, 0, 0, 0, 0, 0, 0, 0, 0, 0, 0, 0;Europe/Paris;NA
2022-08-21T21:00:00Z;-1;9000003703;hourly;0,0000000000;0,0000000000;0,0000000000;0,0000000000;0,0000000000;0,0000000000;0,0000000000;0,0000000000;0,0000000000;0,0000000000;0,0000000000;0,0000000000;0,0000000000;1;0, 0, 0, 0, 0, 0, 0, 0;0, 0, 0, 0, 0, 0, 0, 0, 0, 0, 0, 0, 0, 0, 0, 0, 0, 0, 0, 0, 0, 0, 0, 0, 0;Europe/Paris;NA
2022-08-21T23:00:00Z;-1;9000003703;hourly;0,0000000000;0,0000000000;0,0000000000;0,0000000000;0,0000000000;0,0000000000;0,0000000000;0,0000000000;0,0000000000;0,0000000000;0,0000000000;0,0000000000;0,0000000000;1;0, 0, 0, 0, 0, 0, 0, 0;0, 0, 0, 0, 0, 0, 0, 0, 0, 0, 0, 0, 0, 0, 0, 0, 0, 0, 0, 0, 0, 0, 0, 0, 0;Europe/Paris;NA
2022-08-22T00:00:00Z;-1;9000003703;hourly;0,0000000000;0,0000000000;0,0000000000;0,0000000000;0,0000000000;0,0000000000;0,0000000000;0,0000000000;0,0000000000;0,0000000000;0,0000000000;0,0000000000;0,0000000000;1;0, 0, 0, 0, 0, 0, 0, 0;0, 0, 0, 0, 0, 0, 0, 0, 0, 0, 0, 0, 0, 0, 0, 0, 0, 0, 0, 0, 0, 0, 0, 0, 0;Europe/Paris;NA
2022-08-22T01:00:00Z;-1;9000003703;hourly;0,0000000000;0,0000000000;0,0000000000;0,0000000000;0,0000000000;0,0000000000;0,0000000000;0,0000000000;0,0000000000;0,0000000000;0,0000000000;0,0000000000;0,0000000000;1;0, 0, 0, 0, 0, 0, 0, 0;0, 0, 0, 0, 0, 0, 0, 0, 0, 0, 0, 0, 0, 0, 0, 0, 0, 0, 0, 0, 0, 0, 0, 0, 0;Europe/Paris;NA
2022-08-22T02:00:00Z;-1;9000003703;hourly;0,0000000000;0,0000000000;0,0000000000;0,0000000000;0,0000000000;0,0000000000;0,0000000000;0,0000000000;0,0000000000;0,0000000000;0,0000000000;0,0000000000;0,0000000000;1;0, 0, 0, 0, 0, 0, 0, 0;0, 0, 0, 0, 0, 0, 0, 0, 0, 0, 0, 0, 0, 0, 0, 0, 0, 0, 0, 0, 0, 0, 0, 0, 0;Europe/Paris;NA
2022-08-22T03:00:00Z;-1;9000003703;hourly;0,0000000000;0,0000000000;0,0000000000;0,0000000000;0,0000000000;0,0000000000;0,0000000000;0,0000000000;0,0000000000;0,0000000000;0,0000000000;0,0000000000;0,0000000000;1;0, 0, 0, 0, 0, 0, 0, 0;0, 0, 0, 0, 0, 0, 0, 0, 0, 0, 0, 0, 0, 0, 0, 0, 0, 0, 0, 0, 0, 0, 0, 0, 0;Europe/Paris;NA
2022-08-22T04:00:00Z;-1;9000003703;hourly;0,0000000000;0,0000000000;0,0000000000;0,0000000000;0,0000000000;0,0000000000;0,0000000000;0,0000000000;0,0000000000;0,0000000000;0,0000000000;0,0000000000;0,0000000000;1;0, 0, 0, 0, 0, 0, 0, 0;0, 0, 0, 0, 0, 0, 0, 0, 0, 0, 0, 0, 0, 0, 0, 0, 0, 0, 0, 0, 0, 0, 0, 0, 0;Europe/Paris;NA
2022-08-22T05:00:00Z;-1;9000003703;hourly;0,3655555556;5,4711246201;32,8267477204;0,0000000000;5,4711246201;5,4711246201;0,0000000000;27,3556231003;5,4711246201;0,0000000000;0,0000000000;5,4711246201;0,0000000000;1;0, 0, 50, 41.6666666667, 8.3333333333, 0, 0, 0;0, 0, 0, 0, 16.6666666667, 33.3333333333, 16.6666666667, 25, 8.3333333333, 0, 0, 0, 0, 0, 0, 0, 0, 0, 0, 0, 0, 0, 0, 0, 0;Europe/Paris;36,0
2022-08-22T06:00:00Z;-1;9000003703;hourly;0,5944444444;1,6822429907;25,2336448598;1,6822429907;8,4112149533;1,6822429907;0,0000000000;16,8224299065;8,4112149533;0,0000000000;1,6822429907;6,7289719626;1,6822429907;1;0, 0, 33.3333333333, 66.6666666667, 0, 0, 0, 0;0, 0, 0, 0, 6.6666666667, 26.6666666667, 20, 46.6666666667, 0, 0, 0, 0, 0, 0, 0, 0, 0, 0, 0, 0, 0, 0, 0, 0, 0;Europe/Paris;36,0
2022-08-22T07:00:00Z;-1;9000003703;hourly;0,6033333333;3,3149171271;23,2044198895;1,6574585635;8,2872928177;1,6574585635;1,6574585635;8,2872928177;14,9171270718;1,6574585635;0,0000000000;4,9723756906;3,3149171271;1;7.1428571429, 0, 42.8571428571, 42.8571428571, 7.1428571429, 0, 0, 0;7.1428571429, 0, 0, 0, 14.2857142857, 28.5714285714, 21.4285714286, 21.4285714286, 0, 7.1428571429, 0, 0, 0, 0, 0, 0, 0, 0, 0, 0, 0, 0, 0, 0, 0;Europe/Paris;35,5
2022-08-22T08:00:00Z;-1;9000003703;hourly;0,5808333333;5,1649928264;29,2682926829;0,0000000000;8,6083213773;1,7216642755;3,4433285509;6,8866571019;22,3816355811;0,0000000000;0,0000000000;5,1649928264;3,4433285509;1;5.8823529412, 5.8823529412, 41.1764705882, 29.4117647059, 11.7647058824, 5.8823529412, 0, 0;5.8823529412, 0, 5.8823529412, 0, 5.8823529412, 35.2941176471, 17.6470588235, 11.7647058824, 11.7647058824, 0, 5.8823529412, 0, 0, 0, 0, 0, 0, 0, 0, 0, 0, 0, 0, 0, 0;Europe/Paris;38,5
2022-08-22T09:00:00Z;-1;9000003703;hourly;0,6044444444;4,9632352941;41,3602941176;11,5808823529;14,8897058824;1,6544117647;3,3088235294;16,5441176471;24,8161764706;3,3088235294;8,2720588235;8,2720588235;6,6176470588;1;12, 8, 24, 48, 8, 0, 0, 0;12, 0, 4, 4, 12, 12, 24, 24, 0, 8, 0, 0, 0, 0, 0, 0, 0, 0, 0, 0, 0, 0, 0, 0, 0;Europe/Paris;36,0
2022-08-22T10:00:00Z;-1;9000003703;hourly;0,5936111111;8,4230229293;53,9073467478;5,0538137576;6,7384183435;8,4230229293;0,0000000000;16,8460458587;37,0613008891;0,0000000000;5,0538137576;0,0000000000;6,7384183435;1;15.625, 0, 15.625, 40.625, 25, 3.125, 0, 0;15.625, 0, 0, 0, 6.25, 9.375, 12.5, 28.125, 12.5, 12.5, 3.125, 0, 0, 0, 0, 0, 0, 0, 0, 0, 0, 0, 0, 0, 0;Europe/Paris;42,5
2022-08-22T11:00:00Z;-1;9000003703;hourly;0,5883333333;8,4985835694;25,4957507082;15,2974504249;3,3994334278;3,3994334278;5,0991501416;11,8980169972;13,5977337110;6,7988668555;8,4985835694;0,0000000000;3,3994334278;1;0, 0, 60, 40, 0, 0, 0, 0;0, 0, 0, 0, 26.6666666667, 33.3333333333, 20, 20, 0, 0, 0, 0, 0, 0, 0, 0, 0, 0, 0, 0, 0, 0, 0, 0, 0;Europe/Paris;33,5
2022-08-22T12:00:00Z;-1;9000003703;hourly;0,5647222222;15,9370388588;23,0201672405;26,5617314314;1,7707820954;8,8539104771;7,0831283817;1,7707820954;21,2493851451;17,7078209543;8,8539104771;1,7707820954;0,0000000000;1;0, 0, 15.3846153846, 61.5384615385, 15.3846153846, 7.6923076923, 0, 0;0, 0, 0, 0, 0, 15.3846153846, 30.7692307692, 30.7692307692, 15.3846153846, 0, 7.6923076923, 0, 0, 0, 0, 0, 0, 0, 0, 0, 0, 0, 0, 0, 0;Europe/Paris;40,0
2022-08-22T13:00:00Z;-1;9000003703;hourly;0,6466666667;0,0000000000;17,0103092784;21,6494845361;4,6391752577;0,0000000000;0,0000000000;7,7319587629;9,2783505155;13,9175257732;7,7319587629;1,5463917526;3,0927835052;1;0, 0, 27.2727272727, 72.7272727273, 0, 0, 0, 0;0, 0, 0, 0, 0, 27.2727272727, 54.5454545455, 18.1818181818, 0, 0, 0, 0, 0, 0, 0, 0, 0, 0, 0, 0, 0, 0, 0, 0, 0;Europe/Paris;33,5
2022-08-22T14:00:00Z;-1;9000003703;hourly;0,6172222222;6,4806480648;37,2637263726;3,2403240324;4,8604860486;4,8604860486;1,6201620162;17,8217821782;19,4419441944;3,2403240324;0,0000000000;3,2403240324;1,6201620162;1;0, 21.7391304348, 30.4347826087, 39.1304347826, 4.347826087, 4.347826087, 0, 0;0, 0, 8.6956521739, 13.0434782609, 13.0434782609, 17.3913043478, 30.4347826087, 8.6956521739, 4.347826087, 0, 4.347826087, 0, 0, 0, 0, 0, 0, 0, 0, 0, 0, 0, 0, 0, 0;Europe/Paris;34,0
2022-08-22T15:00:00Z;-1;9000003703;hourly;0,6550000000;6,1068702290;77,8625954198;15,2671755725;10,6870229008;3,0534351145;3,0534351145;22,9007633588;54,9618320611;3,0534351145;12,2137404580;3,0534351145;7,6335877863;1;1.9607843137, 9.8039215686, 35.2941176471, 39.2156862745, 11.7647058824, 1.9607843137, 0, 0;1.9607843137, 0, 1.9607843137, 7.8431372549, 5.8823529412, 29.4117647059, 21.568627451, 17.6470588235, 7.8431372549, 3.9215686275, 1.9607843137, 0, 0, 0, 0, 0, 0, 0, 0, 0, 0, 0, 0, 0, 0;Europe/Paris;37,0
2022-08-22T16:00:00Z;-1;9000003703;hourly;0,6177777778;4,8561151079;67,9856115108;8,0935251799;6,4748201439;0,0000000000;4,8561151079;14,5683453237;53,4172661871;4,8561151079;3,2374100719;3,2374100719;3,2374100719;1;2.380952381, 4.7619047619, 30.9523809524, 47.619047619, 11.9047619048, 0, 0, 2.380952381;2.380952381, 0, 2.380952381, 2.380952381, 9.5238095238, 21.4285714286, 23.8095238095, 23.8095238095, 11.9047619048, 0, 0, 0, 0, 0, 0, 2.380952381, 0, 0, 0, 0, 0, 0, 0, 0, 0;Europe/Paris;37,5
2022-08-22T17:00:00Z;-1;9000003703;hourly;0,6438888889;3,1061259707;49,6980155306;4,6591889560;10,8714408973;3,1061259707;0,0000000000;29,5081967213;20,1898188093;3,1061259707;1,5530629853;1,5530629853;9,3183779120;1;3.125, 3.125, 34.375, 53.125, 3.125, 3.125, 0, 0;0, 3.125, 0, 3.125, 9.375, 25, 40.625, 12.5, 0, 3.125, 3.125, 0, 0, 0, 0, 0, 0, 0, 0, 0, 0, 0, 0, 0, 0;Europe/Paris;34,0
2022-08-22T18:00:00Z;-1;9000003703;hourly;0,5938888889;0,0000000000;10,1028999065;1,6838166511;5,0514499532;0,0000000000;0,0000000000;8,4190832554;1,6838166511;0,0000000000;1,6838166511;0,0000000000;5,0514499532;1;0, 16.6666666667, 33.3333333333, 33.3333333333, 16.6666666667, 0, 0, 0;0, 0, 16.6666666667, 0, 0, 33.3333333333, 16.6666666667, 16.6666666667, 16.6666666667, 0, 0, 0, 0, 0, 0, 0, 0, 0, 0, 0, 0, 0, 0, 0, 0;Europe/Paris;38,0
2022-08-22T19:00:00Z;-1;9000003703;hourly;0,0597222222;0,0000000000;0,0000000000;0,0000000000;0,0000000000;0,0000000000;0,0000000000;0,0000000000;0,0000000000;0,0000000000;0,0000000000;0,0000000000;0,0000000000;1;0, 0, 0, 0, 0, 0, 0, 0;0, 0, 0, 0, 0, 0, 0, 0, 0, 0, 0, 0, 0, 0, 0, 0, 0, 0, 0, 0, 0, 0, 0, 0, 0;Europe/Paris;NA
2022-08-22T20:00:00Z;-1;9000003703;hourly;0,0000000000;0,0000000000;0,0000000000;0,0000000000;0,0000000000;0,0000000000;0,0000000000;0,0000000000;0,0000000000;0,0000000000;0,0000000000;0,0000000000;0,0000000000;1;0, 0, 0, 0, 0, 0, 0, 0;0, 0, 0, 0, 0, 0, 0, 0, 0, 0, 0, 0, 0, 0, 0, 0, 0, 0, 0, 0, 0, 0, 0, 0, 0;Europe/Paris;NA
2022-08-22T21:00:00Z;-1;9000003703;hourly;0,0000000000;0,0000000000;0,0000000000;0,0000000000;0,0000000000;0,0000000000;0,0000000000;0,0000000000;0,0000000000;0,0000000000;0,0000000000;0,0000000000;0,0000000000;1;0, 0, 0, 0, 0, 0, 0, 0;0, 0, 0, 0, 0, 0, 0, 0, 0, 0, 0, 0, 0, 0, 0, 0, 0, 0, 0, 0, 0, 0, 0, 0, 0;Europe/Paris;NA
2022-08-22T23:00:00Z;-1;9000003703;hourly;0,0000000000;0,0000000000;0,0000000000;0,0000000000;0,0000000000;0,0000000000;0,0000000000;0,0000000000;0,0000000000;0,0000000000;0,0000000000;0,0000000000;0,0000000000;1;0, 0, 0, 0, 0, 0, 0, 0;0, 0, 0, 0, 0, 0, 0, 0, 0, 0, 0, 0, 0, 0, 0, 0, 0, 0, 0, 0, 0, 0, 0, 0, 0;Europe/Paris;NA
2022-08-23T00:00:00Z;-1;9000003703;hourly;0,0000000000;0,0000000000;0,0000000000;0,0000000000;0,0000000000;0,0000000000;0,0000000000;0,0000000000;0,0000000000;0,0000000000;0,0000000000;0,0000000000;0,0000000000;1;0, 0, 0, 0, 0, 0, 0, 0;0, 0, 0, 0, 0, 0, 0, 0, 0, 0, 0, 0, 0, 0, 0, 0, 0, 0, 0, 0, 0, 0, 0, 0, 0;Europe/Paris;NA
2022-08-23T01:00:00Z;-1;9000003703;hourly;0,0000000000;0,0000000000;0,0000000000;0,0000000000;0,0000000000;0,0000000000;0,0000000000;0,0000000000;0,0000000000;0,0000000000;0,0000000000;0,0000000000;0,0000000000;1;0, 0, 0, 0, 0, 0, 0, 0;0, 0, 0, 0, 0, 0, 0, 0, 0, 0, 0, 0, 0, 0, 0, 0, 0, 0, 0, 0, 0, 0, 0, 0, 0;Europe/Paris;NA
2022-08-23T02:00:00Z;-1;9000003703;hourly;0,0000000000;0,0000000000;0,0000000000;0,0000000000;0,0000000000;0,0000000000;0,0000000000;0,0000000000;0,0000000000;0,0000000000;0,0000000000;0,0000000000;0,0000000000;1;0, 0, 0, 0, 0, 0, 0, 0;0, 0, 0, 0, 0, 0, 0, 0, 0, 0, 0, 0, 0, 0, 0, 0, 0, 0, 0, 0, 0, 0, 0, 0, 0;Europe/Paris;NA
2022-08-23T03:00:00Z;-1;9000003703;hourly;0,0000000000;0,0000000000;0,0000000000;0,0000000000;0,0000000000;0,0000000000;0,0000000000;0,0000000000;0,0000000000;0,0000000000;0,0000000000;0,0000000000;0,0000000000;1;0, 0, 0, 0, 0, 0, 0, 0;0, 0, 0, 0, 0, 0, 0, 0, 0, 0, 0, 0, 0, 0, 0, 0, 0, 0, 0, 0, 0, 0, 0, 0, 0;Europe/Paris;NA
2022-08-23T04:00:00Z;-1;9000003703;hourly;0,0000000000;0,0000000000;0,0000000000;0,0000000000;0,0000000000;0,0000000000;0,0000000000;0,0000000000;0,0000000000;0,0000000000;0,0000000000;0,0000000000;0,0000000000;1;0, 0, 0, 0, 0, 0, 0, 0;0, 0, 0, 0, 0, 0, 0, 0, 0, 0, 0, 0, 0, 0, 0, 0, 0, 0, 0, 0, 0, 0, 0, 0, 0;Europe/Paris;NA
2022-08-23T05:00:00Z;-1;9000003703;hourly;0,3127777778;3,1971580817;44,7602131439;15,9857904085;12,7886323268;0,0000000000;3,1971580817;28,7744227353;15,9857904085;6,3943161634;9,5914742451;9,5914742451;3,1971580817;1;0, 14.2857142857, 35.7142857143, 35.7142857143, 14.2857142857, 0, 0, 0;0, 0, 7.1428571429, 7.1428571429, 14.2857142857, 21.4285714286, 14.2857142857, 21.4285714286, 14.2857142857, 0, 0, 0, 0, 0, 0, 0, 0, 0, 0, 0, 0, 0, 0, 0, 0;Europe/Paris;37,5
2022-08-23T06:00:00Z;-1;9000003703;hourly;0,6208333333;1,6107382550;28,9932885906;1,6107382550;3,2214765101;1,6107382550;0,0000000000;16,1073825503;12,8859060403;1,6107382550;0,0000000000;3,2214765101;0,0000000000;1;0, 0, 50, 38.8888888889, 11.1111111111, 0, 0, 0;0, 0, 0, 0, 0, 50, 16.6666666667, 22.2222222222, 11.1111111111, 0, 0, 0, 0, 0, 0, 0, 0, 0, 0, 0, 0, 0, 0, 0, 0;Europe/Paris;36,5
2022-08-23T07:00:00Z;-1;9000003703;hourly;0,5652777778;3,5380835381;22,9975429975;19,4594594595;7,0761670762;0,0000000000;3,5380835381;8,8452088452;14,1523341523;7,0761670762;12,3832923833;5,3071253071;1,7690417690;1;7.6923076923, 0, 38.4615384615, 15.3846153846, 30.7692307692, 7.6923076923, 0, 0;7.6923076923, 0, 0, 0, 7.6923076923, 30.7692307692, 0, 15.3846153846, 15.3846153846, 15.3846153846, 0, 7.6923076923, 0, 0, 0, 0, 0, 0, 0, 0, 0, 0, 0, 0, 0;Europe/Paris;45,0
2022-08-23T08:00:00Z;-1;9000003703;hourly;0,6513888889;12,2814498934;39,9147121535;3,0703624733;13,8166311301;7,6759061834;4,6055437100;13,8166311301;26,0980810235;0,0000000000;3,0703624733;6,1407249467;7,6759061834;1;0, 0, 42.3076923077, 50, 7.6923076923, 0, 0, 0;0, 0, 0, 0, 7.6923076923, 34.6153846154, 19.2307692308, 30.7692307692, 7.6923076923, 0, 0, 0, 0, 0, 0, 0, 0, 0, 0, 0, 0, 0, 0, 0, 0;Europe/Paris;36,5
2022-08-23T09:00:00Z;-1;9000003703;hourly;0,6050000000;13,2231404959;41,3223140496;4,9586776860;1,6528925620;6,6115702479;6,6115702479;21,4876033058;19,8347107438;3,3057851240;1,6528925620;0,0000000000;1,6528925620;1;0, 8, 40, 44, 4, 4, 0, 0;0, 0, 0, 8, 16, 24, 24, 20, 4, 0, 4, 0, 0, 0, 0, 0, 0, 0, 0, 0, 0, 0, 0, 0, 0;Europe/Paris;35,5
2022-08-23T10:00:00Z;-1;9000003703;hourly;0,5938888889;15,1543498597;47,1468662301;6,7352666043;6,7352666043;10,1028999065;5,0514499532;8,4190832554;38,7277829747;3,3676333022;3,3676333022;5,0514499532;1,6838166511;1;0, 3.5714285714, 14.2857142857, 60.7142857143, 17.8571428571, 3.5714285714, 0, 0;0, 0, 3.5714285714, 0, 3.5714285714, 10.7142857143, 17.8571428571, 42.8571428571, 14.2857142857, 3.5714285714, 0, 3.5714285714, 0, 0, 0, 0, 0, 0, 0, 0, 0, 0, 0, 0, 0;Europe/Paris;39,5
2022-08-23T11:00:00Z;-1;9000003703;hourly;0,6152777778;4,8758465011;37,3814898420;3,2505643341;3,2505643341;1,6252821670;3,2505643341;26,0045146727;11,3769751693;0,0000000000;3,2505643341;3,2505643341;0,0000000000;1;4.347826087, 0, 34.7826086957, 52.1739130435, 8.6956521739, 0, 0, 0;4.347826087, 0, 0, 0, 4.347826087, 30.4347826087, 21.7391304348, 30.4347826087, 4.347826087, 4.347826087, 0, 0, 0, 0, 0, 0, 0, 0, 0, 0, 0, 0, 0, 0, 0;Europe/Paris;36,5
2022-08-23T12:00:00Z;-1;9000003703;hourly;0,6297222222;3,1760035289;26,9960299956;9,5280105867;9,5280105867;1,5880017644;1,5880017644;14,2920158800;12,7040141156;6,3520070578;3,1760035289;3,1760035289;6,3520070578;1;0, 0, 52.9411764706, 41.1764705882, 5.8823529412, 0, 0, 0;0, 0, 0, 0, 17.6470588235, 35.2941176471, 29.4117647059, 11.7647058824, 5.8823529412, 0, 0, 0, 0, 0, 0, 0, 0, 0, 0, 0, 0, 0, 0, 0, 0;Europe/Paris;33,5
2022-08-23T13:00:00Z;-1;9000003703;hourly;0,6325000000;3,1620553360;55,3359683794;3,1620553360;3,1620553360;0,0000000000;3,1620553360;18,9723320158;36,3636363636;3,1620553360;0,0000000000;1,5810276680;1,5810276680;1;0, 5.7142857143, 31.4285714286, 54.2857142857, 8.5714285714, 0, 0, 0;0, 0, 0, 5.7142857143, 5.7142857143, 25.7142857143, 31.4285714286, 22.8571428571, 5.7142857143, 2.8571428571, 0, 0, 0, 0, 0, 0, 0, 0, 0, 0, 0, 0, 0, 0, 0;Europe/Paris;36,0
2022-08-23T14:00:00Z;-1;9000003703;hourly;0,6372222222;9,4158674804;48,6486486486;4,7079337402;7,8465562337;6,2772449869;3,1386224935;12,5544899738;36,0941586748;3,1386224935;1,5693112467;6,2772449869;1,5693112467;1;0, 3.2258064516, 19.3548387097, 58.064516129, 12.9032258065, 6.4516129032, 0, 0;0, 0, 0, 3.2258064516, 12.9032258065, 6.4516129032, 29.0322580645, 29.0322580645, 12.9032258065, 0, 6.4516129032, 0, 0, 0, 0, 0, 0, 0, 0, 0, 0, 0, 0, 0, 0;Europe/Paris;39,0
2022-08-23T15:00:00Z;-1;9000003703;hourly;0,6072222222;4,9405306496;111,9853613907;24,7026532479;8,2342177493;1,6468435499;3,2936870997;41,1710887466;70,8142726441;9,8810612992;14,8215919488;3,2936870997;4,9405306496;1;4.4117647059, 4.4117647059, 33.8235294118, 38.2352941176, 17.6470588235, 0, 0, 1.4705882353;1.4705882353, 2.9411764706, 1.4705882353, 2.9411764706, 4.4117647059, 29.4117647059, 17.6470588235, 20.5882352941, 13.2352941176, 4.4117647059, 0, 0, 0, 0, 0, 0, 1.4705882353, 0, 0, 0, 0, 0, 0, 0, 0;Europe/Paris;39,0
2022-08-23T16:00:00Z;-1;9000003703;hourly;0,6333333333;6,3157894737;90,0000000000;14,2105263158;12,6315789474;1,5789473684;4,7368421053;33,1578947368;56,8421052632;6,3157894737;7,8947368421;3,1578947368;9,4736842105;1;7.0175438596, 1.7543859649, 31.5789473684, 50.8771929825, 8.7719298246, 0, 0, 0;3.5087719298, 3.5087719298, 1.7543859649, 0, 7.0175438596, 24.5614035088, 33.3333333333, 17.5438596491, 5.2631578947, 3.5087719298, 0, 0, 0, 0, 0, 0, 0, 0, 0, 0, 0, 0, 0, 0, 0;Europe/Paris;35,5
2022-08-23T17:00:00Z;-1;9000003703;hourly;0,6469444444;7,7286389008;57,1919278660;7,7286389008;10,8200944611;4,6371833405;3,0914555603;18,5487333620;38,6431945041;3,0914555603;4,6371833405;4,6371833405;6,1829111207;1;10.8108108108, 8.1081081081, 21.6216216216, 48.6486486486, 10.8108108108, 0, 0, 0;10.8108108108, 0, 5.4054054054, 2.7027027027, 10.8108108108, 10.8108108108, 24.3243243243, 24.3243243243, 8.1081081081, 2.7027027027, 0, 0, 0, 0, 0, 0, 0, 0, 0, 0, 0, 0, 0, 0, 0;Europe/Paris;36,5
2022-08-23T18:00:00Z;-1;9000003703;hourly;0,6133333333;1,6304347826;21,1956521739;0,0000000000;8,1521739130;1,6304347826;0,0000000000;4,8913043478;16,3043478261;0,0000000000;0,0000000000;6,5217391304;1,6304347826;1;0, 0, 15.3846153846, 69.2307692308, 7.6923076923, 0, 0, 7.6923076923;0, 0, 0, 0, 0, 15.3846153846, 53.8461538462, 15.3846153846, 0, 7.6923076923, 0, 0, 0, 0, 0, 0, 7.6923076923, 0, 0, 0, 0, 0, 0, 0, 0;Europe/Paris;43,0
2022-08-23T19:00:00Z;-1;9000003703;hourly;0,1111111111;0,0000000000;9,0000000000;0,0000000000;0,0000000000;0,0000000000;0,0000000000;0,0000000000;9,0000000000;0,0000000000;0,0000000000;0,0000000000;0,0000000000;1;0, 0, 0, 100, 0, 0, 0, 0;0, 0, 0, 0, 0, 0, 100, 0, 0, 0, 0, 0, 0, 0, 0, 0, 0, 0, 0, 0, 0, 0, 0, 0, 0;Europe/Paris;31,5
2022-08-23T20:00:00Z;-1;9000003703;hourly;0,0000000000;0,0000000000;0,0000000000;0,0000000000;0,0000000000;0,0000000000;0,0000000000;0,0000000000;0,0000000000;0,0000000000;0,0000000000;0,0000000000;0,0000000000;1;0, 0, 0, 0, 0, 0, 0, 0;0, 0, 0, 0, 0, 0, 0, 0, 0, 0, 0, 0, 0, 0, 0, 0, 0, 0, 0, 0, 0, 0, 0, 0, 0;Europe/Paris;NA
2022-08-23T21:00:00Z;-1;9000003703;hourly;0,0000000000;0,0000000000;0,0000000000;0,0000000000;0,0000000000;0,0000000000;0,0000000000;0,0000000000;0,0000000000;0,0000000000;0,0000000000;0,0000000000;0,0000000000;1;0, 0, 0, 0, 0, 0, 0, 0;0, 0, 0, 0, 0, 0, 0, 0, 0, 0, 0, 0, 0, 0, 0, 0, 0, 0, 0, 0, 0, 0, 0, 0, 0;Europe/Paris;NA
2022-08-23T23:00:00Z;-1;9000003703;hourly;0,0000000000;0,0000000000;0,0000000000;0,0000000000;0,0000000000;0,0000000000;0,0000000000;0,0000000000;0,0000000000;0,0000000000;0,0000000000;0,0000000000;0,0000000000;1;0, 0, 0, 0, 0, 0, 0, 0;0, 0, 0, 0, 0, 0, 0, 0, 0, 0, 0, 0, 0, 0, 0, 0, 0, 0, 0, 0, 0, 0, 0, 0, 0;Europe/Paris;NA
2022-08-24T00:00:00Z;-1;9000003703;hourly;0,0000000000;0,0000000000;0,0000000000;0,0000000000;0,0000000000;0,0000000000;0,0000000000;0,0000000000;0,0000000000;0,0000000000;0,0000000000;0,0000000000;0,0000000000;1;0, 0, 0, 0, 0, 0, 0, 0;0, 0, 0, 0, 0, 0, 0, 0, 0, 0, 0, 0, 0, 0, 0, 0, 0, 0, 0, 0, 0, 0, 0, 0, 0;Europe/Paris;NA
2022-08-24T01:00:00Z;-1;9000003703;hourly;0,0000000000;0,0000000000;0,0000000000;0,0000000000;0,0000000000;0,0000000000;0,0000000000;0,0000000000;0,0000000000;0,0000000000;0,0000000000;0,0000000000;0,0000000000;1;0, 0, 0, 0, 0, 0, 0, 0;0, 0, 0, 0, 0, 0, 0, 0, 0, 0, 0, 0, 0, 0, 0, 0, 0, 0, 0, 0, 0, 0, 0, 0, 0;Europe/Paris;NA
2022-08-24T02:00:00Z;-1;9000003703;hourly;0,0000000000;0,0000000000;0,0000000000;0,0000000000;0,0000000000;0,0000000000;0,0000000000;0,0000000000;0,0000000000;0,0000000000;0,0000000000;0,0000000000;0,0000000000;1;0, 0, 0, 0, 0, 0, 0, 0;0, 0, 0, 0, 0, 0, 0, 0, 0, 0, 0, 0, 0, 0, 0, 0, 0, 0, 0, 0, 0, 0, 0, 0, 0;Europe/Paris;NA
2022-08-24T03:00:00Z;-1;9000003703;hourly;0,0000000000;0,0000000000;0,0000000000;0,0000000000;0,0000000000;0,0000000000;0,0000000000;0,0000000000;0,0000000000;0,0000000000;0,0000000000;0,0000000000;0,0000000000;1;0, 0, 0, 0, 0, 0, 0, 0;0, 0, 0, 0, 0, 0, 0, 0, 0, 0, 0, 0, 0, 0, 0, 0, 0, 0, 0, 0, 0, 0, 0, 0, 0;Europe/Paris;NA
2022-08-24T04:00:00Z;-1;9000003703;hourly;0,0000000000;0,0000000000;0,0000000000;0,0000000000;0,0000000000;0,0000000000;0,0000000000;0,0000000000;0,0000000000;0,0000000000;0,0000000000;0,0000000000;0,0000000000;1;0, 0, 0, 0, 0, 0, 0, 0;0, 0, 0, 0, 0, 0, 0, 0, 0, 0, 0, 0, 0, 0, 0, 0, 0, 0, 0, 0, 0, 0, 0, 0, 0;Europe/Paris;NA
2022-08-24T05:00:00Z;-1;9000003703;hourly;0,4911111111;4,0723981900;30,5429864253;2,0361990950;4,0723981900;2,0361990950;2,0361990950;20,3619909502;10,1809954751;2,0361990950;0,0000000000;4,0723981900;0,0000000000;1;0, 0, 60, 26.6666666667, 13.3333333333, 0, 0, 0;0, 0, 0, 0, 13.3333333333, 46.6666666667, 20, 6.6666666667, 13.3333333333, 0, 0, 0, 0, 0, 0, 0, 0, 0, 0, 0, 0, 0, 0, 0, 0;Europe/Paris;36,0
2022-08-24T06:00:00Z;-1;9000003703;hourly;0,6591666667;10,6194690265;28,8242730721;1,5170670038;4,5512010114;10,6194690265;0,0000000000;15,1706700379;13,6536030341;1,5170670038;0,0000000000;4,5512010114;0,0000000000;1;0, 0, 26.3157894737, 52.6315789474, 21.0526315789, 0, 0, 0;0, 0, 0, 0, 0, 26.3157894737, 36.8421052632, 15.7894736842, 15.7894736842, 5.2631578947, 0, 0, 0, 0, 0, 0, 0, 0, 0, 0, 0, 0, 0, 0, 0;Europe/Paris;39,5
2022-08-24T07:00:00Z;-1;9000003703;hourly;0,6400000000;4,6875000000;26,5625000000;0,0000000000;7,8125000000;3,1250000000;1,5625000000;10,9375000000;15,6250000000;0,0000000000;0,0000000000;3,1250000000;4,6875000000;1;0, 0, 17.6470588235, 76.4705882353, 5.8823529412, 0, 0, 0;0, 0, 0, 0, 0, 17.6470588235, 35.2941176471, 41.1764705882, 5.8823529412, 0, 0, 0, 0, 0, 0, 0, 0, 0, 0, 0, 0, 0, 0, 0, 0;Europe/Paris;36,5
2022-08-24T08:00:00Z;-1;9000003703;hourly;0,6088888889;11,4963503650;29,5620437956;1,6423357664;4,9270072993;4,9270072993;6,5693430657;14,7810218978;14,7810218978;0,0000000000;1,6423357664;4,9270072993;0,0000000000;1;0, 0, 22.2222222222, 61.1111111111, 16.6666666667, 0, 0, 0;0, 0, 0, 0, 16.6666666667, 5.5555555556, 33.3333333333, 27.7777777778, 16.6666666667, 0, 0, 0, 0, 0, 0, 0, 0, 0, 0, 0, 0, 0, 0, 0, 0;Europe/Paris;38,0
2022-08-24T09:00:00Z;-1;9000003703;hourly;0,5966666667;20,1117318436;41,8994413408;3,3519553073;11,7318435754;11,7318435754;8,3798882682;18,4357541899;23,4636871508;0,0000000000;3,3519553073;1,6759776536;10,0558659218;1;0, 4, 20, 44, 32, 0, 0, 0;0, 0, 0, 4, 8, 12, 28, 16, 28, 4, 0, 0, 0, 0, 0, 0, 0, 0, 0, 0, 0, 0, 0, 0, 0;Europe/Paris;40,5
2022-08-24T10:00:00Z;-1;9000003703;hourly;0,5986111111;10,0232018561;36,7517401392;0,0000000000;3,3410672854;3,3410672854;6,6821345708;11,6937354988;25,0580046404;0,0000000000;0,0000000000;0,0000000000;3,3410672854;1;4.5454545455, 0, 9.0909090909, 68.1818181818, 18.1818181818, 0, 0, 0;4.5454545455, 0, 0, 0, 0, 9.0909090909, 36.3636363636, 31.8181818182, 9.0909090909, 9.0909090909, 0, 0, 0, 0, 0, 0, 0, 0, 0, 0, 0, 0, 0, 0, 0;Europe/Paris;39,0
2022-08-24T11:00:00Z;-1;9000003703;hourly;0,5980555556;13,3766836972;35,1137947051;5,0162563864;10,0325127729;3,3441709243;10,0325127729;16,7208546215;18,3929400836;0,0000000000;5,0162563864;5,0162563864;5,0162563864;1;0, 4.7619047619, 14.2857142857, 47.619047619, 19.0476190476, 9.5238095238, 0, 4.7619047619;0, 0, 0, 4.7619047619, 0, 14.2857142857, 14.2857142857, 33.3333333333, 9.5238095238, 9.5238095238, 9.5238095238, 0, 0, 0, 4.7619047619, 0, 0, 0, 0, 0, 0, 0, 0, 0, 0;Europe/Paris;47,0
2022-08-24T12:00:00Z;-1;9000003703;hourly;0,6194444444;17,7578475336;24,2152466368;11,3004484305;0,0000000000;4,8430493274;12,9147982063;11,3004484305;12,9147982063;1,6143497758;9,6860986547;0,0000000000;0,0000000000;1;6.6666666667, 0, 40, 46.6666666667, 6.6666666667, 0, 0, 0;6.6666666667, 0, 0, 0, 0, 40, 40, 6.6666666667, 6.6666666667, 0, 0, 0, 0, 0, 0, 0, 0, 0, 0, 0, 0, 0, 0, 0, 0;Europe/Paris;32,5
2022-08-24T13:00:00Z;-1;9000003703;hourly;0,6305555556;20,6167400881;34,8898678414;25,3744493392;1,5859030837;6,3436123348;14,2731277533;22,2026431718;12,6872246696;7,9295154185;17,4449339207;0,0000000000;1,5859030837;1;18.1818181818, 22.7272727273, 22.7272727273, 36.3636363636, 0, 0, 0, 0;9.0909090909, 9.0909090909, 4.5454545455, 18.1818181818, 9.0909090909, 13.6363636364, 22.7272727273, 13.6363636364, 0, 0, 0, 0, 0, 0, 0, 0, 0, 0, 0, 0, 0, 0, 0, 0, 0;Europe/Paris;32,0
2022-08-24T14:00:00Z;-1;9000003703;hourly;0,5922222222;18,5741088180;79,3621013133;20,2626641651;5,0656660413;10,1313320826;8,4427767355;15,1969981238;64,1651031895;8,4427767355;11,8198874296;3,3771106942;1,6885553471;1;4.2553191489, 6.3829787234, 25.5319148936, 23.4042553191, 8.5106382979, 4.2553191489, 4.2553191489, 23.4042553191;4.2553191489, 0, 2.1276595745, 4.2553191489, 10.6382978723, 14.8936170213, 12.7659574468, 10.6382978723, 2.1276595745, 6.3829787234, 2.1276595745, 2.1276595745, 4.2553191489, 0, 0, 0, 0, 8.5106382979, 2.1276595745, 0, 0, 4.2553191489, 0, 0, 8.5106382979;Europe/Paris;87,5
2022-08-24T15:00:00Z;-1;9000003703;hourly;0,6475000000;6,1776061776;97,2972972973;18,5328185328;1,5444015444;0,0000000000;6,1776061776;24,7104247104;72,5868725869;9,2664092664;9,2664092664;0,0000000000;1,5444015444;1;3.1746031746, 7.9365079365, 34.9206349206, 47.619047619, 6.3492063492, 0, 0, 0;3.1746031746, 0, 1.5873015873, 6.3492063492, 1.5873015873, 33.3333333333, 36.5079365079, 11.1111111111, 6.3492063492, 0, 0, 0, 0, 0, 0, 0, 0, 0, 0, 0, 0, 0, 0, 0, 0;Europe/Paris;33,5
2022-08-24T16:00:00Z;-1;9000003703;hourly;0,6519444444;0,0000000000;65,9565402642;13,8048572646;3,0677460588;0,0000000000;0,0000000000;19,9403493822;46,0161908820;3,0677460588;10,7371112058;1,5338730294;1,5338730294;1;18.6046511628, 13.9534883721, 32.5581395349, 25.5813953488, 9.3023255814, 0, 0, 0;16.2790697674, 2.3255813953, 2.3255813953, 11.6279069767, 16.2790697674, 16.2790697674, 11.6279069767, 13.9534883721, 6.976744186, 2.3255813953, 0, 0, 0, 0, 0, 0, 0, 0, 0, 0, 0, 0, 0, 0, 0;Europe/Paris;35,5
2022-08-24T17:00:00Z;-1;9000003703;hourly;0,6866666667;2,9126213592;55,3398058252;8,7378640777;4,3689320388;0,0000000000;2,9126213592;32,0388349515;23,3009708738;4,3689320388;4,3689320388;1,4563106796;2,9126213592;1;47.3684210526, 7.8947368421, 15.7894736842, 23.6842105263, 5.2631578947, 0, 0, 0;47.3684210526, 0, 0, 7.8947368421, 0, 15.7894736842, 15.7894736842, 7.8947368421, 5.2631578947, 0, 0, 0, 0, 0, 0, 0, 0, 0, 0, 0, 0, 0, 0, 0, 0;Europe/Paris;32,0
2022-08-24T18:00:00Z;-1;9000003703;hourly;0,6372222222;3,1386224935;29,8169136879;6,2772449869;4,7079337402;1,5693112467;1,5693112467;15,6931124673;14,1238012206;3,1386224935;3,1386224935;3,1386224935;1,5693112467;1;10.5263157895, 5.2631578947, 31.5789473684, 42.1052631579, 10.5263157895, 0, 0, 0;10.5263157895, 0, 0, 5.2631578947, 5.2631578947, 26.3157894737, 31.5789473684, 10.5263157895, 5.2631578947, 5.2631578947, 0, 0, 0, 0, 0, 0, 0, 0, 0, 0, 0, 0, 0, 0, 0;Europe/Paris;35,5
2022-08-24T19:00:00Z;-1;9000003703;hourly;0,1313888889;0,0000000000;30,4439746300;7,6109936575;0,0000000000;0,0000000000;0,0000000000;7,6109936575;22,8329809725;0,0000000000;7,6109936575;0,0000000000;0,0000000000;1;0, 0, 25, 25, 25, 25, 0, 0;0, 0, 0, 0, 0, 25, 0, 25, 25, 0, 25, 0, 0, 0, 0, 0, 0, 0, 0, 0, 0, 0, 0, 0, 0;Europe/Paris;49,5
2022-08-24T20:00:00Z;-1;9000003703;hourly;0,0000000000;0,0000000000;0,0000000000;0,0000000000;0,0000000000;0,0000000000;0,0000000000;0,0000000000;0,0000000000;0,0000000000;0,0000000000;0,0000000000;0,0000000000;1;0, 0, 0, 0, 0, 0, 0, 0;0, 0, 0, 0, 0, 0, 0, 0, 0, 0, 0, 0, 0, 0, 0, 0, 0, 0, 0, 0, 0, 0, 0, 0, 0;Europe/Paris;NA
2022-08-24T21:00:00Z;-1;9000003703;hourly;0,0000000000;0,0000000000;0,0000000000;0,0000000000;0,0000000000;0,0000000000;0,0000000000;0,0000000000;0,0000000000;0,0000000000;0,0000000000;0,0000000000;0,0000000000;1;0, 0, 0, 0, 0, 0, 0, 0;0, 0, 0, 0, 0, 0, 0, 0, 0, 0, 0, 0, 0, 0, 0, 0, 0, 0, 0, 0, 0, 0, 0, 0, 0;Europe/Paris;NA
2022-08-24T23:00:00Z;-1;9000003703;hourly;0,0000000000;0,0000000000;0,0000000000;0,0000000000;0,0000000000;0,0000000000;0,0000000000;0,0000000000;0,0000000000;0,0000000000;0,0000000000;0,0000000000;0,0000000000;1;0, 0, 0, 0, 0, 0, 0, 0;0, 0, 0, 0, 0, 0, 0, 0, 0, 0, 0, 0, 0, 0, 0, 0, 0, 0, 0, 0, 0, 0, 0, 0, 0;Europe/Paris;NA
2022-08-25T00:00:00Z;-1;9000003703;hourly;0,0000000000;0,0000000000;0,0000000000;0,0000000000;0,0000000000;0,0000000000;0,0000000000;0,0000000000;0,0000000000;0,0000000000;0,0000000000;0,0000000000;0,0000000000;1;0, 0, 0, 0, 0, 0, 0, 0;0, 0, 0, 0, 0, 0, 0, 0, 0, 0, 0, 0, 0, 0, 0, 0, 0, 0, 0, 0, 0, 0, 0, 0, 0;Europe/Paris;NA
2022-08-25T01:00:00Z;-1;9000003703;hourly;0,0000000000;0,0000000000;0,0000000000;0,0000000000;0,0000000000;0,0000000000;0,0000000000;0,0000000000;0,0000000000;0,0000000000;0,0000000000;0,0000000000;0,0000000000;1;0, 0, 0, 0, 0, 0, 0, 0;0, 0, 0, 0, 0, 0, 0, 0, 0, 0, 0, 0, 0, 0, 0, 0, 0, 0, 0, 0, 0, 0, 0, 0, 0;Europe/Paris;NA
2022-08-25T02:00:00Z;-1;9000003703;hourly;0,0000000000;0,0000000000;0,0000000000;0,0000000000;0,0000000000;0,0000000000;0,0000000000;0,0000000000;0,0000000000;0,0000000000;0,0000000000;0,0000000000;0,0000000000;1;0, 0, 0, 0, 0, 0, 0, 0;0, 0, 0, 0, 0, 0, 0, 0, 0, 0, 0, 0, 0, 0, 0, 0, 0, 0, 0, 0, 0, 0, 0, 0, 0;Europe/Paris;NA
2022-08-25T03:00:00Z;-1;9000003703;hourly;0,0000000000;0,0000000000;0,0000000000;0,0000000000;0,0000000000;0,0000000000;0,0000000000;0,0000000000;0,0000000000;0,0000000000;0,0000000000;0,0000000000;0,0000000000;1;0, 0, 0, 0, 0, 0, 0, 0;0, 0, 0, 0, 0, 0, 0, 0, 0, 0, 0, 0, 0, 0, 0, 0, 0, 0, 0, 0, 0, 0, 0, 0, 0;Europe/Paris;NA
2022-08-25T04:00:00Z;-1;9000003703;hourly;0,0000000000;0,0000000000;0,0000000000;0,0000000000;0,0000000000;0,0000000000;0,0000000000;0,0000000000;0,0000000000;0,0000000000;0,0000000000;0,0000000000;0,0000000000;1;0, 0, 0, 0, 0, 0, 0, 0;0, 0, 0, 0, 0, 0, 0, 0, 0, 0, 0, 0, 0, 0, 0, 0, 0, 0, 0, 0, 0, 0, 0, 0, 0;Europe/Paris;NA
2022-08-25T05:00:00Z;-1;9000003703;hourly;0,2625000000;0,0000000000;30,4761904762;0,0000000000;7,6190476190;0,0000000000;0,0000000000;15,2380952381;15,2380952381;0,0000000000;0,0000000000;3,8095238095;3,8095238095;1;0, 0, 25, 50, 25, 0, 0, 0;0, 0, 0, 0, 25, 0, 25, 25, 25, 0, 0, 0, 0, 0, 0, 0, 0, 0, 0, 0, 0, 0, 0, 0, 0;Europe/Paris;39,5
2022-08-25T06:00:00Z;-1;9000003703;hourly;0,5527777778;3,6180904523;39,7989949749;0,0000000000;19,8994974874;1,8090452261;1,8090452261;36,1809045226;3,6180904523;0,0000000000;0,0000000000;16,2814070352;3,6180904523;1;0, 0, 31.8181818182, 63.6363636364, 4.5454545455, 0, 0, 0;0, 0, 0, 0, 4.5454545455, 27.2727272727, 36.3636363636, 27.2727272727, 4.5454545455, 0, 0, 0, 0, 0, 0, 0, 0, 0, 0, 0, 0, 0, 0, 0, 0;Europe/Paris;35,5
2022-08-25T07:00:00Z;-1;9000003703;hourly;0,6380555556;6,2690465825;34,4797562037;3,1345232912;4,7017849369;0,0000000000;6,2690465825;15,6726164562;18,8071397475;1,5672616456;1,5672616456;1,5672616456;3,1345232912;1;0, 0, 27.2727272727, 59.0909090909, 13.6363636364, 0, 0, 0;0, 0, 0, 0, 9.0909090909, 18.1818181818, 36.3636363636, 22.7272727273, 13.6363636364, 0, 0, 0, 0, 0, 0, 0, 0, 0, 0, 0, 0, 0, 0, 0, 0;Europe/Paris;37,0
2022-08-25T08:00:00Z;-1;9000003703;hourly;0,6302777778;11,1062141913;38,0784486558;6,3464081093;0,0000000000;9,5196121639;1,5866020273;22,2124283825;15,8660202732;3,1732040546;3,1732040546;0,0000000000;0,0000000000;1;0, 0, 29.1666666667, 54.1666666667, 16.6666666667, 0, 0, 0;0, 0, 0, 0, 0, 29.1666666667, 45.8333333333, 8.3333333333, 12.5, 4.1666666667, 0, 0, 0, 0, 0, 0, 0, 0, 0, 0, 0, 0, 0, 0, 0;Europe/Paris;38,0
2022-08-25T09:00:00Z;-1;9000003703;hourly;0,5708333333;3,5036496350;38,5401459854;7,0072992701;10,5109489051;3,5036496350;0,0000000000;24,5255474453;14,0145985401;1,7518248175;5,2554744526;3,5036496350;7,0072992701;1;9.0909090909, 22.7272727273, 45.4545454545, 22.7272727273, 0, 0, 0, 0;9.0909090909, 0, 4.5454545455, 18.1818181818, 9.0909090909, 36.3636363636, 18.1818181818, 4.5454545455, 0, 0, 0, 0, 0, 0, 0, 0, 0, 0, 0, 0, 0, 0, 0, 0, 0;Europe/Paris;29,5
2022-08-25T10:00:00Z;-1;9000003703;hourly;0,5950000000;16,8067226891;43,6974789916;5,0420168067;5,0420168067;8,4033613445;8,4033613445;13,4453781513;30,2521008403;1,6806722689;3,3613445378;0,0000000000;5,0420168067;1;3.8461538462, 7.6923076923, 19.2307692308, 42.3076923077, 23.0769230769, 3.8461538462, 0, 0;3.8461538462, 0, 7.6923076923, 0, 11.5384615385, 7.6923076923, 19.2307692308, 23.0769230769, 23.0769230769, 0, 3.8461538462, 0, 0, 0, 0, 0, 0, 0, 0, 0, 0, 0, 0, 0, 0;Europe/Paris;40,0
2022-08-25T11:00:00Z;-1;9000003703;hourly;0,6327777778;6,3213345040;47,4100087796;3,1606672520;3,1606672520;6,3213345040;0,0000000000;12,6426690079;34,7673397717;0,0000000000;3,1606672520;3,1606672520;0,0000000000;1;3.3333333333, 13.3333333333, 26.6666666667, 43.3333333333, 6.6666666667, 6.6666666667, 0, 0;0, 3.3333333333, 3.3333333333, 10, 16.6666666667, 10, 20, 23.3333333333, 6.6666666667, 0, 6.6666666667, 0, 0, 0, 0, 0, 0, 0, 0, 0, 0, 0, 0, 0, 0;Europe/Paris;37,0
2022-08-25T12:00:00Z;-1;9000003703;hourly;0,6294444444;1,5887025596;33,3627537511;6,3548102383;1,5887025596;0,0000000000;1,5887025596;9,5322153575;23,8305383936;1,5887025596;4,7661076787;1,5887025596;0,0000000000;1;0, 4.7619047619, 33.3333333333, 42.8571428571, 14.2857142857, 0, 0, 4.7619047619;0, 0, 0, 4.7619047619, 19.0476190476, 14.2857142857, 19.0476190476, 23.8095238095, 14.2857142857, 0, 0, 0, 0, 0, 4.7619047619, 0, 0, 0, 0, 0, 0, 0, 0, 0, 0;Europe/Paris;39,0
2022-08-25T13:00:00Z;-1;9000003703;hourly;0,6019444444;6,6451315182;58,1449007845;9,9676972773;4,9838486387;3,3225657591;3,3225657591;24,9192431934;33,2256575911;4,9838486387;4,9838486387;4,9838486387;0,0000000000;1;8.5714285714, 8.5714285714, 17.1428571429, 45.7142857143, 20, 0, 0, 0;5.7142857143, 2.8571428571, 5.7142857143, 2.8571428571, 5.7142857143, 11.4285714286, 22.8571428571, 22.8571428571, 17.1428571429, 2.8571428571, 0, 0, 0, 0, 0, 0, 0, 0, 0, 0, 0, 0, 0, 0, 0;Europe/Paris;39,0
2022-08-25T14:00:00Z;-1;9000003703;hourly;0,6186111111;8,0826223619;51,7287831163;12,9321957791;4,8495734172;8,0826223619;0,0000000000;30,7139649753;21,0148181410;9,6991468343;3,2330489448;3,2330489448;1,6165244724;1;6.25, 3.125, 43.75, 43.75, 3.125, 0, 0, 0;6.25, 0, 3.125, 0, 12.5, 31.25, 31.25, 12.5, 3.125, 0, 0, 0, 0, 0, 0, 0, 0, 0, 0, 0, 0, 0, 0, 0, 0;Europe/Paris;32,5
2022-08-25T15:00:00Z;-1;9000003703;hourly;0,6302777778;20,6258263552;74,5702952843;14,2794182459;6,3464081093;9,5196121639;11,1062141913;28,5588364918;46,0114587924;3,1732040546;11,1062141913;0,0000000000;6,3464081093;1;0, 2.1276595745, 42.5531914894, 42.5531914894, 10.6382978723, 0, 0, 2.1276595745;0, 0, 0, 2.1276595745, 14.8936170213, 27.6595744681, 29.7872340426, 12.7659574468, 6.3829787234, 4.2553191489, 0, 0, 0, 0, 2.1276595745, 0, 0, 0, 0, 0, 0, 0, 0, 0, 0;Europe/Paris;36,5
2022-08-25T16:00:00Z;-1;9000003703;hourly;0,6530555556;18,3751595066;33,6877924288;13,7813696299;3,0625265844;12,2501063377;6,1250531689;13,7813696299;19,9064227988;6,1250531689;7,6563164611;0,0000000000;3,0625265844;1;22.7272727273, 18.1818181818, 27.2727272727, 31.8181818182, 0, 0, 0, 0;18.1818181818, 4.5454545455, 9.0909090909, 9.0909090909, 13.6363636364, 13.6363636364, 27.2727272727, 4.5454545455, 0, 0, 0, 0, 0, 0, 0, 0, 0, 0, 0, 0, 0, 0, 0, 0, 0;Europe/Paris;30,5
2022-08-25T17:00:00Z;-1;9000003703;hourly;0,6480555556;1,5430775825;54,0077153879;4,6292327475;4,6292327475;0,0000000000;1,5430775825;20,0600085727;33,9477068153;1,5430775825;3,0861551650;3,0861551650;1,5430775825;1;20, 11.4285714286, 22.8571428571, 34.2857142857, 5.7142857143, 5.7142857143, 0, 0;14.2857142857, 5.7142857143, 11.4285714286, 0, 11.4285714286, 11.4285714286, 22.8571428571, 11.4285714286, 5.7142857143, 0, 2.8571428571, 2.8571428571, 0, 0, 0, 0, 0, 0, 0, 0, 0, 0, 0, 0, 0;Europe/Paris;36,0
2022-08-25T18:00:00Z;-1;9000003703;hourly;0,6105555556;3,2757051865;31,1191992721;3,2757051865;6,5514103731;1,6378525933;1,6378525933;8,1892629663;22,9299363057;1,6378525933;1,6378525933;1,6378525933;4,9135577798;1;0, 0, 21.0526315789, 63.1578947368, 15.7894736842, 0, 0, 0;0, 0, 0, 0, 5.2631578947, 15.7894736842, 36.8421052632, 26.3157894737, 10.5263157895, 5.2631578947, 0, 0, 0, 0, 0, 0, 0, 0, 0, 0, 0, 0, 0, 0, 0;Europe/Paris;38,0
2022-08-25T19:00:00Z;-1;9000003703;hourly;0,0952777778;0,0000000000;20,9912536443;10,4956268222;0,0000000000;0,0000000000;0,0000000000;0,0000000000;20,9912536443;0,0000000000;10,4956268222;0,0000000000;0,0000000000;1;0, 0, 50, 0, 50, 0, 0, 0;0, 0, 0, 0, 0, 50, 0, 0, 50, 0, 0, 0, 0, 0, 0, 0, 0, 0, 0, 0, 0, 0, 0, 0, 0;Europe/Paris;41,0
2022-08-25T20:00:00Z;-1;9000003703;hourly;0,0000000000;0,0000000000;0,0000000000;0,0000000000;0,0000000000;0,0000000000;0,0000000000;0,0000000000;0,0000000000;0,0000000000;0,0000000000;0,0000000000;0,0000000000;1;0, 0, 0, 0, 0, 0, 0, 0;0, 0, 0, 0, 0, 0, 0, 0, 0, 0, 0, 0, 0, 0, 0, 0, 0, 0, 0, 0, 0, 0, 0, 0, 0;Europe/Paris;NA
2022-08-25T21:00:00Z;-1;9000003703;hourly;0,0000000000;0,0000000000;0,0000000000;0,0000000000;0,0000000000;0,0000000000;0,0000000000;0,0000000000;0,0000000000;0,0000000000;0,0000000000;0,0000000000;0,0000000000;1;0, 0, 0, 0, 0, 0, 0, 0;0, 0, 0, 0, 0, 0, 0, 0, 0, 0, 0, 0, 0, 0, 0, 0, 0, 0, 0, 0, 0, 0, 0, 0, 0;Europe/Paris;NA
2022-08-25T23:00:00Z;-1;9000003703;hourly;0,0000000000;0,0000000000;0,0000000000;0,0000000000;0,0000000000;0,0000000000;0,0000000000;0,0000000000;0,0000000000;0,0000000000;0,0000000000;0,0000000000;0,0000000000;1;0, 0, 0, 0, 0, 0, 0, 0;0, 0, 0, 0, 0, 0, 0, 0, 0, 0, 0, 0, 0, 0, 0, 0, 0, 0, 0, 0, 0, 0, 0, 0, 0;Europe/Paris;NA
2022-08-26T00:00:00Z;-1;9000003703;hourly;0,0000000000;0,0000000000;0,0000000000;0,0000000000;0,0000000000;0,0000000000;0,0000000000;0,0000000000;0,0000000000;0,0000000000;0,0000000000;0,0000000000;0,0000000000;1;0, 0, 0, 0, 0, 0, 0, 0;0, 0, 0, 0, 0, 0, 0, 0, 0, 0, 0, 0, 0, 0, 0, 0, 0, 0, 0, 0, 0, 0, 0, 0, 0;Europe/Paris;NA
2022-08-26T01:00:00Z;-1;9000003703;hourly;0,0000000000;0,0000000000;0,0000000000;0,0000000000;0,0000000000;0,0000000000;0,0000000000;0,0000000000;0,0000000000;0,0000000000;0,0000000000;0,0000000000;0,0000000000;1;0, 0, 0, 0, 0, 0, 0, 0;0, 0, 0, 0, 0, 0, 0, 0, 0, 0, 0, 0, 0, 0, 0, 0, 0, 0, 0, 0, 0, 0, 0, 0, 0;Europe/Paris;NA
2022-08-26T02:00:00Z;-1;9000003703;hourly;0,0000000000;0,0000000000;0,0000000000;0,0000000000;0,0000000000;0,0000000000;0,0000000000;0,0000000000;0,0000000000;0,0000000000;0,0000000000;0,0000000000;0,0000000000;1;0, 0, 0, 0, 0, 0, 0, 0;0, 0, 0, 0, 0, 0, 0, 0, 0, 0, 0, 0, 0, 0, 0, 0, 0, 0, 0, 0, 0, 0, 0, 0, 0;Europe/Paris;NA
2022-08-26T03:00:00Z;-1;9000003703;hourly;0,0000000000;0,0000000000;0,0000000000;0,0000000000;0,0000000000;0,0000000000;0,0000000000;0,0000000000;0,0000000000;0,0000000000;0,0000000000;0,0000000000;0,0000000000;1;0, 0, 0, 0, 0, 0, 0, 0;0, 0, 0, 0, 0, 0, 0, 0, 0, 0, 0, 0, 0, 0, 0, 0, 0, 0, 0, 0, 0, 0, 0, 0, 0;Europe/Paris;NA
2022-08-26T04:00:00Z;-1;9000003703;hourly;0,0000000000;0,0000000000;0,0000000000;0,0000000000;0,0000000000;0,0000000000;0,0000000000;0,0000000000;0,0000000000;0,0000000000;0,0000000000;0,0000000000;0,0000000000;1;0, 0, 0, 0, 0, 0, 0, 0;0, 0, 0, 0, 0, 0, 0, 0, 0, 0, 0, 0, 0, 0, 0, 0, 0, 0, 0, 0, 0, 0, 0, 0, 0;Europe/Paris;NA
2022-08-26T05:00:00Z;-1;9000003703;hourly;0,3480555556;0,0000000000;25,8579409417;0,0000000000;11,4924181963;0,0000000000;0,0000000000;20,1117318436;5,7462090982;0,0000000000;0,0000000000;8,6193136472;2,8731045491;1;0, 0, 33.3333333333, 55.5555555556, 11.1111111111, 0, 0, 0;0, 0, 0, 0, 11.1111111111, 22.2222222222, 33.3333333333, 22.2222222222, 11.1111111111, 0, 0, 0, 0, 0, 0, 0, 0, 0, 0, 0, 0, 0, 0, 0, 0;Europe/Paris;36,5
2022-08-26T06:00:00Z;-1;9000003703;hourly;0,6197222222;1,6136261766;33,8861497087;8,0681308830;3,2272523532;0,0000000000;1,6136261766;20,9771402958;12,9090094128;6,4545047064;1,6136261766;3,2272523532;0,0000000000;1;0, 0, 19.0476190476, 52.380952381, 19.0476190476, 4.7619047619, 0, 4.7619047619;0, 0, 0, 0, 4.7619047619, 14.2857142857, 23.8095238095, 28.5714285714, 14.2857142857, 4.7619047619, 4.7619047619, 0, 0, 0, 0, 4.7619047619, 0, 0, 0, 0, 0, 0, 0, 0, 0;Europe/Paris;42,0
2022-08-26T07:00:00Z;-1;9000003703;hourly;0,6441666667;34,1526520052;4,6571798189;21,7335058215;10,8667529107;17,0763260026;17,0763260026;3,1047865459;1,5523932730;9,3143596378;12,4191461837;7,7619663648;3,1047865459;1;66.6666666667, 0, 0, 33.3333333333, 0, 0, 0, 0;66.6666666667, 0, 0, 0, 0, 0, 33.3333333333, 0, 0, 0, 0, 0, 0, 0, 0, 0, 0, 0, 0, 0, 0, 0, 0, 0, 0;Europe/Paris;30,0
2022-08-26T08:00:00Z;-1;9000003703;hourly;0,5847222222;41,0451306413;27,3634204276;1,7102137767;11,9714964371;35,9144893112;5,1306413302;6,8408551069;20,5225653207;1,7102137767;0,0000000000;3,4204275534;8,5510688836;1;12.5, 0, 18.75, 50, 18.75, 0, 0, 0;12.5, 0, 0, 0, 0, 18.75, 25, 25, 12.5, 6.25, 0, 0, 0, 0, 0, 0, 0, 0, 0, 0, 0, 0, 0, 0, 0;Europe/Paris;39,0
2022-08-26T09:00:00Z;-1;9000003703;hourly;0,5830555556;25,7265364459;44,5926631729;8,5755121486;10,2906145784;25,7265364459;0,0000000000;17,1510242973;27,4416388757;5,1453072892;3,4302048595;5,1453072892;5,1453072892;1;7.6923076923, 0, 30.7692307692, 46.1538461538, 15.3846153846, 0, 0, 0;7.6923076923, 0, 0, 0, 3.8461538462, 26.9230769231, 30.7692307692, 15.3846153846, 15.3846153846, 0, 0, 0, 0, 0, 0, 0, 0, 0, 0, 0, 0, 0, 0, 0, 0;Europe/Paris;37,5
2022-08-26T10:00:00Z;-1;9000003703;hourly;0,6055555556;14,8623853211;57,7981651376;4,9541284404;4,9541284404;11,5596330275;3,3027522936;8,2568807339;49,5412844037;0,0000000000;4,9541284404;1,6513761468;3,3027522936;1;11.4285714286, 5.7142857143, 2.8571428571, 51.4285714286, 28.5714285714, 0, 0, 0;8.5714285714, 2.8571428571, 2.8571428571, 2.8571428571, 0, 2.8571428571, 22.8571428571, 28.5714285714, 22.8571428571, 5.7142857143, 0, 0, 0, 0, 0, 0, 0, 0, 0, 0, 0, 0, 0, 0, 0;Europe/Paris;40,5
2022-08-26T11:00:00Z;-1;9000003703;hourly;0,6013888889;8,3140877598;41,5704387991;6,6512702079;3,3256351039;8,3140877598;0,0000000000;13,3025404157;28,2678983834;6,6512702079;0,0000000000;3,3256351039;0,0000000000;1;4, 0, 24, 56, 16, 0, 0, 0;4, 0, 0, 0, 4, 20, 24, 32, 16, 0, 0, 0, 0, 0, 0, 0, 0, 0, 0, 0, 0, 0, 0, 0, 0;Europe/Paris;38,0
2022-08-26T12:00:00Z;-1;9000003703;hourly;0,6277777778;14,3362831858;36,6371681416;9,5575221239;3,1858407080;9,5575221239;4,7787610619;12,7433628319;23,8938053097;7,9646017699;1,5929203540;3,1858407080;0,0000000000;1;4.347826087, 4.347826087, 21.7391304348, 56.5217391304, 8.6956521739, 4.347826087, 0, 0;4.347826087, 0, 0, 4.347826087, 8.6956521739, 13.0434782609, 34.7826086957, 21.7391304348, 8.6956521739, 0, 4.347826087, 0, 0, 0, 0, 0, 0, 0, 0, 0, 0, 0, 0, 0, 0;Europe/Paris;37,0
2022-08-26T13:00:00Z;-1;9000003703;hourly;0,6386111111;12,5271857329;45,4110482819;17,2248803828;3,1317964332;10,9612875163;1,5658982166;18,7907785994;26,6202696825;12,5271857329;4,6976946498;1,5658982166;1,5658982166;1;0, 6.8965517241, 31.0344827586, 58.6206896552, 3.4482758621, 0, 0, 0;0, 0, 3.4482758621, 3.4482758621, 10.3448275862, 20.6896551724, 37.9310344828, 20.6896551724, 3.4482758621, 0, 0, 0, 0, 0, 0, 0, 0, 0, 0, 0, 0, 0, 0, 0, 0;Europe/Paris;34,5
2022-08-26T14:00:00Z;-1;9000003703;hourly;0,6497222222;6,1564771270;53,8691748611;20,0085506627;1,5391192817;3,0782385635;3,0782385635;21,5476699444;32,3215049166;18,4694313809;1,5391192817;1,5391192817;0,0000000000;1;2.8571428571, 5.7142857143, 42.8571428571, 40, 8.5714285714, 0, 0, 0;2.8571428571, 0, 2.8571428571, 2.8571428571, 11.4285714286, 31.4285714286, 14.2857142857, 25.7142857143, 8.5714285714, 0, 0, 0, 0, 0, 0, 0, 0, 0, 0, 0, 0, 0, 0, 0, 0;Europe/Paris;36,0
2022-08-26T15:00:00Z;-1;9000003703;hourly;0,6558333333;4,5743329098;112,8335451080;28,9707750953;0,0000000000;3,0495552732;1,5247776366;44,2185514612;68,6149936468;7,6238881830;21,3468869123;0,0000000000;0,0000000000;1;0, 8.1081081081, 52.7027027027, 31.0810810811, 6.7567567568, 1.3513513514, 0, 0;0, 0, 1.3513513514, 6.7567567568, 17.5675675676, 35.1351351351, 16.2162162162, 14.8648648649, 6.7567567568, 0, 1.3513513514, 0, 0, 0, 0, 0, 0, 0, 0, 0, 0, 0, 0, 0, 0;Europe/Paris;35,0
2022-08-26T16:00:00Z;-1;9000003703;hourly;0,5966666667;5,0279329609;53,6312849162;6,7039106145;1,6759776536;1,6759776536;3,3519553073;15,0837988827;38,5474860335;5,0279329609;1,6759776536;0,0000000000;1,6759776536;1;9.375, 3.125, 46.875, 34.375, 6.25, 0, 0, 0;9.375, 0, 0, 3.125, 15.625, 31.25, 21.875, 12.5, 3.125, 3.125, 0, 0, 0, 0, 0, 0, 0, 0, 0, 0, 0, 0, 0, 0, 0;Europe/Paris;34,0
2022-08-26T17:00:00Z;-1;9000003703;hourly;0,6688888889;1,4950166113;55,3156146179;8,9700996678;11,9601328904;0,0000000000;1,4950166113;28,4053156146;26,9102990033;7,4750830565;1,4950166113;5,9800664452;5,9800664452;1;21.6216216216, 8.1081081081, 27.027027027, 35.1351351351, 5.4054054054, 2.7027027027, 0, 0;21.6216216216, 0, 0, 8.1081081081, 8.1081081081, 18.9189189189, 16.2162162162, 18.9189189189, 5.4054054054, 0, 2.7027027027, 0, 0, 0, 0, 0, 0, 0, 0, 0, 0, 0, 0, 0, 0;Europe/Paris;35,5
2022-08-26T18:00:00Z;-1;9000003703;hourly;0,6872222222;1,4551333872;21,8270008084;1,4551333872;5,8205335489;0,0000000000;1,4551333872;7,2756669361;14,5513338723;0,0000000000;1,4551333872;2,9102667745;2,9102667745;1;0, 6.6666666667, 20, 60, 6.6666666667, 0, 6.6666666667, 0;0, 0, 0, 6.6666666667, 0, 20, 53.3333333333, 6.6666666667, 6.6666666667, 0, 0, 0, 6.6666666667, 0, 0, 0, 0, 0, 0, 0, 0, 0, 0, 0, 0;Europe/Paris;36,0
2022-08-26T19:00:00Z;-1;9000003703;hourly;0,0925000000;0,0000000000;10,8108108108;10,8108108108;0,0000000000;0,0000000000;0,0000000000;10,8108108108;0,0000000000;10,8108108108;0,0000000000;0,0000000000;0,0000000000;1;0, 0, 0, 100, 0, 0, 0, 0;0, 0, 0, 0, 0, 0, 0, 100, 0, 0, 0, 0, 0, 0, 0, 0, 0, 0, 0, 0, 0, 0, 0, 0, 0;Europe/Paris;36,5
2022-08-26T20:00:00Z;-1;9000003703;hourly;0,0000000000;0,0000000000;0,0000000000;0,0000000000;0,0000000000;0,0000000000;0,0000000000;0,0000000000;0,0000000000;0,0000000000;0,0000000000;0,0000000000;0,0000000000;1;0, 0, 0, 0, 0, 0, 0, 0;0, 0, 0, 0, 0, 0, 0, 0, 0, 0, 0, 0, 0, 0, 0, 0, 0, 0, 0, 0, 0, 0, 0, 0, 0;Europe/Paris;NA
2022-08-26T21:00:00Z;-1;9000003703;hourly;0,0000000000;0,0000000000;0,0000000000;0,0000000000;0,0000000000;0,0000000000;0,0000000000;0,0000000000;0,0000000000;0,0000000000;0,0000000000;0,0000000000;0,0000000000;1;0, 0, 0, 0, 0, 0, 0, 0;0, 0, 0, 0, 0, 0, 0, 0, 0, 0, 0, 0, 0, 0, 0, 0, 0, 0, 0, 0, 0, 0, 0, 0, 0;Europe/Paris;NA
2022-08-26T23:00:00Z;-1;9000003703;hourly;0,0000000000;0,0000000000;0,0000000000;0,0000000000;0,0000000000;0,0000000000;0,0000000000;0,0000000000;0,0000000000;0,0000000000;0,0000000000;0,0000000000;0,0000000000;1;0, 0, 0, 0, 0, 0, 0, 0;0, 0, 0, 0, 0, 0, 0, 0, 0, 0, 0, 0, 0, 0, 0, 0, 0, 0, 0, 0, 0, 0, 0, 0, 0;Europe/Paris;NA
2022-08-27T00:00:00Z;-1;9000003703;hourly;0,0000000000;0,0000000000;0,0000000000;0,0000000000;0,0000000000;0,0000000000;0,0000000000;0,0000000000;0,0000000000;0,0000000000;0,0000000000;0,0000000000;0,0000000000;1;0, 0, 0, 0, 0, 0, 0, 0;0, 0, 0, 0, 0, 0, 0, 0, 0, 0, 0, 0, 0, 0, 0, 0, 0, 0, 0, 0, 0, 0, 0, 0, 0;Europe/Paris;NA
2022-08-27T01:00:00Z;-1;9000003703;hourly;0,0000000000;0,0000000000;0,0000000000;0,0000000000;0,0000000000;0,0000000000;0,0000000000;0,0000000000;0,0000000000;0,0000000000;0,0000000000;0,0000000000;0,0000000000;1;0, 0, 0, 0, 0, 0, 0, 0;0, 0, 0, 0, 0, 0, 0, 0, 0, 0, 0, 0, 0, 0, 0, 0, 0, 0, 0, 0, 0, 0, 0, 0, 0;Europe/Paris;NA
2022-08-27T02:00:00Z;-1;9000003703;hourly;0,0000000000;0,0000000000;0,0000000000;0,0000000000;0,0000000000;0,0000000000;0,0000000000;0,0000000000;0,0000000000;0,0000000000;0,0000000000;0,0000000000;0,0000000000;1;0, 0, 0, 0, 0, 0, 0, 0;0, 0, 0, 0, 0, 0, 0, 0, 0, 0, 0, 0, 0, 0, 0, 0, 0, 0, 0, 0, 0, 0, 0, 0, 0;Europe/Paris;NA
2022-08-27T03:00:00Z;-1;9000003703;hourly;0,0000000000;0,0000000000;0,0000000000;0,0000000000;0,0000000000;0,0000000000;0,0000000000;0,0000000000;0,0000000000;0,0000000000;0,0000000000;0,0000000000;0,0000000000;1;0, 0, 0, 0, 0, 0, 0, 0;0, 0, 0, 0, 0, 0, 0, 0, 0, 0, 0, 0, 0, 0, 0, 0, 0, 0, 0, 0, 0, 0, 0, 0, 0;Europe/Paris;NA
2022-08-27T04:00:00Z;-1;9000003703;hourly;0,0000000000;0,0000000000;0,0000000000;0,0000000000;0,0000000000;0,0000000000;0,0000000000;0,0000000000;0,0000000000;0,0000000000;0,0000000000;0,0000000000;0,0000000000;1;0, 0, 0, 0, 0, 0, 0, 0;0, 0, 0, 0, 0, 0, 0, 0, 0, 0, 0, 0, 0, 0, 0, 0, 0, 0, 0, 0, 0, 0, 0, 0, 0;Europe/Paris;NA
2022-08-27T05:00:00Z;-1;9000003703;hourly;0,5302777778;0,0000000000;7,5432163436;1,8858040859;1,8858040859;0,0000000000;0,0000000000;3,7716081718;3,7716081718;1,8858040859;0,0000000000;0,0000000000;1,8858040859;1;0, 0, 25, 75, 0, 0, 0, 0;0, 0, 0, 0, 0, 25, 25, 50, 0, 0, 0, 0, 0, 0, 0, 0, 0, 0, 0, 0, 0, 0, 0, 0, 0;Europe/Paris;36,0
2022-08-27T06:00:00Z;-1;9000003703;hourly;0,6297222222;1,5880017644;14,2920158800;3,1760035289;3,1760035289;0,0000000000;1,5880017644;7,9400088222;6,3520070578;1,5880017644;1,5880017644;0,0000000000;3,1760035289;1;0, 11.1111111111, 33.3333333333, 44.4444444444, 11.1111111111, 0, 0, 0;0, 0, 0, 11.1111111111, 0, 33.3333333333, 11.1111111111, 33.3333333333, 11.1111111111, 0, 0, 0, 0, 0, 0, 0, 0, 0, 0, 0, 0, 0, 0, 0, 0;Europe/Paris;37,0
2022-08-27T07:00:00Z;-1;9000003703;hourly;0,5944444444;10,0934579439;28,5981308411;5,0467289720;3,3644859813;6,7289719626;3,3644859813;11,7757009346;16,8224299065;1,6822429907;3,3644859813;1,6822429907;1,6822429907;1;11.7647058824, 0, 17.6470588235, 47.0588235294, 17.6470588235, 0, 0, 5.8823529412;11.7647058824, 0, 0, 0, 5.8823529412, 11.7647058824, 35.2941176471, 11.7647058824, 11.7647058824, 5.8823529412, 0, 0, 0, 0, 5.8823529412, 0, 0, 0, 0, 0, 0, 0, 0, 0, 0;Europe/Paris;41,0
2022-08-27T08:00:00Z;-1;9000003703;hourly;0,6225000000;20,8835341365;49,7991967871;12,8514056225;6,4257028112;9,6385542169;11,2449799197;25,7028112450;24,0963855422;9,6385542169;3,2128514056;6,4257028112;0,0000000000;1;0, 0, 25.8064516129, 48.3870967742, 25.8064516129, 0, 0, 0;0, 0, 0, 0, 12.9032258065, 12.9032258065, 35.4838709677, 12.9032258065, 22.5806451613, 3.2258064516, 0, 0, 0, 0, 0, 0, 0, 0, 0, 0, 0, 0, 0, 0, 0;Europe/Paris;40,0
2022-08-27T09:00:00Z;-1;9000003703;hourly;0,6177777778;8,0935251799;77,6978417266;16,1870503597;17,8057553957;4,8561151079;3,2374100719;42,0863309353;35,6115107914;12,9496402878;3,2374100719;6,4748201439;11,3309352518;1;0, 2.0833333333, 31.25, 45.8333333333, 16.6666666667, 2.0833333333, 0, 2.0833333333;0, 0, 2.0833333333, 0, 10.4166666667, 20.8333333333, 29.1666666667, 16.6666666667, 14.5833333333, 2.0833333333, 2.0833333333, 0, 0, 0, 0, 0, 2.0833333333, 0, 0, 0, 0, 0, 0, 0, 0;Europe/Paris;39,5
2022-08-27T10:00:00Z;-1;9000003703;hourly;0,6436111111;7,7686663789;73,0254639620;7,7686663789;1,5537332758;1,5537332758;6,2149331032;17,0910660337;55,9343979284;3,1074665516;4,6611998274;1,5537332758;0,0000000000;1;0, 4.2553191489, 23.4042553191, 53.1914893617, 17.0212765957, 2.1276595745, 0, 0;0, 0, 2.1276595745, 2.1276595745, 12.7659574468, 10.6382978723, 21.2765957447, 31.914893617, 14.8936170213, 2.1276595745, 2.1276595745, 0, 0, 0, 0, 0, 0, 0, 0, 0, 0, 0, 0, 0, 0;Europe/Paris;39,0
2022-08-27T11:00:00Z;-1;9000003703;hourly;0,6255555556;0,0000000000;38,3658969805;7,9928952043;1,5985790409;0,0000000000;0,0000000000;12,7886323268;25,5772646536;3,1971580817;4,7957371226;1,5985790409;0,0000000000;1;0, 8.3333333333, 25, 50, 16.6666666667, 0, 0, 0;0, 0, 0, 8.3333333333, 12.5, 12.5, 25, 25, 16.6666666667, 0, 0, 0, 0, 0, 0, 0, 0, 0, 0, 0, 0, 0, 0, 0, 0;Europe/Paris;38,0
2022-08-27T12:00:00Z;-1;9000003703;hourly;0,7152777778;4,1941747573;54,5242718447;12,5825242718;0,0000000000;2,7961165049;1,3980582524;23,7669902913;30,7572815534;6,9902912621;5,5922330097;0,0000000000;0,0000000000;1;2.5641025641, 10.2564102564, 35.8974358974, 35.8974358974, 12.8205128205, 2.5641025641, 0, 0;0, 2.5641025641, 2.5641025641, 7.6923076923, 15.3846153846, 20.5128205128, 20.5128205128, 15.3846153846, 12.8205128205, 0, 2.5641025641, 0, 0, 0, 0, 0, 0, 0, 0, 0, 0, 0, 0, 0, 0;Europe/Paris;37,5
2022-08-27T13:00:00Z;-1;9000003703;hourly;0,6819444444;1,4663951120;55,7230142566;8,7983706721;5,8655804481;0,0000000000;1,4663951120;24,9287169043;30,7942973523;5,8655804481;2,9327902240;1,4663951120;4,3991853360;1;0, 2.6315789474, 55.2631578947, 36.8421052632, 5.2631578947, 0, 0, 0;0, 0, 0, 2.6315789474, 10.5263157895, 44.7368421053, 34.2105263158, 2.6315789474, 5.2631578947, 0, 0, 0, 0, 0, 0, 0, 0, 0, 0, 0, 0, 0, 0, 0, 0;Europe/Paris;31,5
2022-08-27T14:00:00Z;-1;9000003703;hourly;0,6552777778;1,5260703688;38,1517592200;7,6303518440;0,0000000000;1,5260703688;0,0000000000;21,3649851632;16,7867740568;6,1042814752;1,5260703688;0,0000000000;0,0000000000;1;4, 4, 48, 36, 8, 0, 0, 0;4, 0, 0, 4, 24, 24, 16, 20, 8, 0, 0, 0, 0, 0, 0, 0, 0, 0, 0, 0, 0, 0, 0, 0, 0;Europe/Paris;36,0
2022-08-27T15:00:00Z;-1;9000003703;hourly;0,6441666667;10,8667529107;54,3337645537;10,8667529107;0,0000000000;6,2095730918;4,6571798189;23,2858990944;31,0478654592;6,2095730918;4,6571798189;0,0000000000;0,0000000000;1;0, 11.4285714286, 37.1428571429, 40, 11.4285714286, 0, 0, 0;0, 0, 5.7142857143, 5.7142857143, 8.5714285714, 28.5714285714, 28.5714285714, 11.4285714286, 8.5714285714, 2.8571428571, 0, 0, 0, 0, 0, 0, 0, 0, 0, 0, 0, 0, 0, 0, 0;Europe/Paris;36,0
2022-08-27T16:00:00Z;-1;9000003703;hourly;0,6408333333;3,1209362809;42,1326397919;7,8023407022;0,0000000000;3,1209362809;0,0000000000;14,0442132640;28,0884265280;3,1209362809;4,6814044213;0,0000000000;0,0000000000;1;18.5185185185, 14.8148148148, 22.2222222222, 33.3333333333, 7.4074074074, 3.7037037037, 0, 0;18.5185185185, 0, 7.4074074074, 7.4074074074, 7.4074074074, 14.8148148148, 25.9259259259, 7.4074074074, 3.7037037037, 3.7037037037, 3.7037037037, 0, 0, 0, 0, 0, 0, 0, 0, 0, 0, 0, 0, 0, 0;Europe/Paris;35,0
2022-08-27T17:00:00Z;-1;9000003703;hourly;0,6619444444;1,5107007973;48,3424255141;4,5321023919;4,5321023919;1,5107007973;0,0000000000;34,7461183382;13,5963071758;0,0000000000;4,5321023919;1,5107007973;3,0214015946;1;31.25, 3.125, 25, 37.5, 0, 3.125, 0, 0;31.25, 0, 0, 3.125, 9.375, 15.625, 25, 12.5, 0, 0, 3.125, 0, 0, 0, 0, 0, 0, 0, 0, 0, 0, 0, 0, 0, 0;Europe/Paris;32,5
2022-08-27T18:00:00Z;-1;9000003703;hourly;0,6427777778;1,5557476232;29,5592048401;7,7787381158;6,2229904927;0,0000000000;1,5557476232;7,7787381158;21,7804667243;3,1114952463;4,6672428695;4,6672428695;1,5557476232;1;5.2631578947, 10.5263157895, 31.5789473684, 42.1052631579, 10.5263157895, 0, 0, 0;0, 5.2631578947, 0, 10.5263157895, 0, 31.5789473684, 36.8421052632, 5.2631578947, 10.5263157895, 0, 0, 0, 0, 0, 0, 0, 0, 0, 0, 0, 0, 0, 0, 0, 0;Europe/Paris;33,0
2022-08-27T19:00:00Z;-1;9000003703;hourly;0,0225000000;0,0000000000;44,4444444444;0,0000000000;0,0000000000;0,0000000000;0,0000000000;0,0000000000;44,4444444444;0,0000000000;0,0000000000;0,0000000000;0,0000000000;1;0, 0, 0, 100, 0, 0, 0, 0;0, 0, 0, 0, 0, 0, 100, 0, 0, 0, 0, 0, 0, 0, 0, 0, 0, 0, 0, 0, 0, 0, 0, 0, 0;Europe/Paris;31,5
2022-08-27T20:00:00Z;-1;9000003703;hourly;0,0000000000;0,0000000000;0,0000000000;0,0000000000;0,0000000000;0,0000000000;0,0000000000;0,0000000000;0,0000000000;0,0000000000;0,0000000000;0,0000000000;0,0000000000;1;0, 0, 0, 0, 0, 0, 0, 0;0, 0, 0, 0, 0, 0, 0, 0, 0, 0, 0, 0, 0, 0, 0, 0, 0, 0, 0, 0, 0, 0, 0, 0, 0;Europe/Paris;NA
2022-08-27T21:00:00Z;-1;9000003703;hourly;0,0000000000;0,0000000000;0,0000000000;0,0000000000;0,0000000000;0,0000000000;0,0000000000;0,0000000000;0,0000000000;0,0000000000;0,0000000000;0,0000000000;0,0000000000;1;0, 0, 0, 0, 0, 0, 0, 0;0, 0, 0, 0, 0, 0, 0, 0, 0, 0, 0, 0, 0, 0, 0, 0, 0, 0, 0, 0, 0, 0, 0, 0, 0;Europe/Paris;NA
2022-08-27T23:00:00Z;-1;9000003703;hourly;0,0000000000;0,0000000000;0,0000000000;0,0000000000;0,0000000000;0,0000000000;0,0000000000;0,0000000000;0,0000000000;0,0000000000;0,0000000000;0,0000000000;0,0000000000;1;0, 0, 0, 0, 0, 0, 0, 0;0, 0, 0, 0, 0, 0, 0, 0, 0, 0, 0, 0, 0, 0, 0, 0, 0, 0, 0, 0, 0, 0, 0, 0, 0;Europe/Paris;NA
2022-08-28T00:00:00Z;-1;9000003703;hourly;0,0000000000;0,0000000000;0,0000000000;0,0000000000;0,0000000000;0,0000000000;0,0000000000;0,0000000000;0,0000000000;0,0000000000;0,0000000000;0,0000000000;0,0000000000;1;0, 0, 0, 0, 0, 0, 0, 0;0, 0, 0, 0, 0, 0, 0, 0, 0, 0, 0, 0, 0, 0, 0, 0, 0, 0, 0, 0, 0, 0, 0, 0, 0;Europe/Paris;NA
2022-08-28T01:00:00Z;-1;9000003703;hourly;0,0000000000;0,0000000000;0,0000000000;0,0000000000;0,0000000000;0,0000000000;0,0000000000;0,0000000000;0,0000000000;0,0000000000;0,0000000000;0,0000000000;0,0000000000;1;0, 0, 0, 0, 0, 0, 0, 0;0, 0, 0, 0, 0, 0, 0, 0, 0, 0, 0, 0, 0, 0, 0, 0, 0, 0, 0, 0, 0, 0, 0, 0, 0;Europe/Paris;NA
2022-08-28T02:00:00Z;-1;9000003703;hourly;0,0000000000;0,0000000000;0,0000000000;0,0000000000;0,0000000000;0,0000000000;0,0000000000;0,0000000000;0,0000000000;0,0000000000;0,0000000000;0,0000000000;0,0000000000;1;0, 0, 0, 0, 0, 0, 0, 0;0, 0, 0, 0, 0, 0, 0, 0, 0, 0, 0, 0, 0, 0, 0, 0, 0, 0, 0, 0, 0, 0, 0, 0, 0;Europe/Paris;NA
2022-08-28T03:00:00Z;-1;9000003703;hourly;0,0000000000;0,0000000000;0,0000000000;0,0000000000;0,0000000000;0,0000000000;0,0000000000;0,0000000000;0,0000000000;0,0000000000;0,0000000000;0,0000000000;0,0000000000;1;0, 0, 0, 0, 0, 0, 0, 0;0, 0, 0, 0, 0, 0, 0, 0, 0, 0, 0, 0, 0, 0, 0, 0, 0, 0, 0, 0, 0, 0, 0, 0, 0;Europe/Paris;NA
2022-08-28T04:00:00Z;-1;9000003703;hourly;0,0000000000;0,0000000000;0,0000000000;0,0000000000;0,0000000000;0,0000000000;0,0000000000;0,0000000000;0,0000000000;0,0000000000;0,0000000000;0,0000000000;0,0000000000;1;0, 0, 0, 0, 0, 0, 0, 0;0, 0, 0, 0, 0, 0, 0, 0, 0, 0, 0, 0, 0, 0, 0, 0, 0, 0, 0, 0, 0, 0, 0, 0, 0;Europe/Paris;NA
2022-08-28T05:00:00Z;-1;9000003703;hourly;0,3588888889;0,0000000000;5,5727554180;0,0000000000;2,7863777090;0,0000000000;0,0000000000;0,0000000000;5,5727554180;0,0000000000;0,0000000000;0,0000000000;2,7863777090;1;0, 0, 0, 100, 0, 0, 0, 0;0, 0, 0, 0, 0, 0, 50, 50, 0, 0, 0, 0, 0, 0, 0, 0, 0, 0, 0, 0, 0, 0, 0, 0, 0;Europe/Paris;36,0
2022-08-28T06:00:00Z;-1;9000003703;hourly;0,6419444444;1,5577672003;6,2310688014;3,1155344007;1,5577672003;0,0000000000;1,5577672003;3,1155344007;3,1155344007;3,1155344007;0,0000000000;0,0000000000;1,5577672003;1;25, 0, 0, 0, 75, 0, 0, 0;25, 0, 0, 0, 0, 0, 0, 0, 75, 0, 0, 0, 0, 0, 0, 0, 0, 0, 0, 0, 0, 0, 0, 0, 0;Europe/Paris;41,5
2022-08-28T07:00:00Z;-1;9000003703;hourly;0,6169444444;14,5880234129;8,1044574516;4,8626744710;11,3462404322;6,4835659613;8,1044574516;1,6208914903;6,4835659613;0,0000000000;4,8626744710;6,4835659613;4,8626744710;1;20, 20, 20, 0, 20, 20, 0, 0;20, 0, 0, 20, 0, 20, 0, 0, 20, 0, 20, 0, 0, 0, 0, 0, 0, 0, 0, 0, 0, 0, 0, 0, 0;Europe/Paris;48,5
2022-08-28T08:00:00Z;-1;9000003703;hourly;0,5891666667;10,1838755304;30,5516265912;6,7892503536;11,8811881188;5,0919377652;5,0919377652;20,3677510608;10,1838755304;3,3946251768;3,3946251768;3,3946251768;8,4865629420;1;0, 0, 38.8888888889, 55.5555555556, 5.5555555556, 0, 0, 0;0, 0, 0, 0, 0, 38.8888888889, 44.4444444444, 11.1111111111, 5.5555555556, 0, 0, 0, 0, 0, 0, 0, 0, 0, 0, 0, 0, 0, 0, 0, 0;Europe/Paris;33,0
2022-08-28T09:00:00Z;-1;9000003703;hourly;0,5902777778;6,7764705882;55,9058823529;16,9411764706;10,1647058824;3,3882352941;3,3882352941;18,6352941176;37,2705882353;6,7764705882;10,1647058824;3,3882352941;6,7764705882;1;0, 6.0606060606, 24.2424242424, 48.4848484848, 18.1818181818, 3.0303030303, 0, 0;0, 0, 0, 6.0606060606, 6.0606060606, 18.1818181818, 24.2424242424, 24.2424242424, 9.0909090909, 9.0909090909, 3.0303030303, 0, 0, 0, 0, 0, 0, 0, 0, 0, 0, 0, 0, 0, 0;Europe/Paris;41,0
2022-08-28T10:00:00Z;-1;9000003703;hourly;0,6311111111;4,7535211268;45,9507042254;14,2605633803;9,5070422535;0,0000000000;4,7535211268;15,8450704225;30,1056338028;3,1690140845;11,0915492958;4,7535211268;4,7535211268;1;0, 3.4482758621, 31.0344827586, 44.8275862069, 17.2413793103, 3.4482758621, 0, 0;0, 0, 0, 3.4482758621, 17.2413793103, 13.7931034483, 24.1379310345, 20.6896551724, 13.7931034483, 3.4482758621, 3.4482758621, 0, 0, 0, 0, 0, 0, 0, 0, 0, 0, 0, 0, 0, 0;Europe/Paris;39,5
2022-08-28T11:00:00Z;-1;9000003703;hourly;0,5786111111;1,7282765242;24,1958713394;1,7282765242;1,7282765242;1,7282765242;0,0000000000;12,0979356697;12,0979356697;1,7282765242;0,0000000000;1,7282765242;0,0000000000;1;0, 0, 50, 50, 0, 0, 0, 0;0, 0, 0, 0, 14.2857142857, 35.7142857143, 35.7142857143, 14.2857142857, 0, 0, 0, 0, 0, 0, 0, 0, 0, 0, 0, 0, 0, 0, 0, 0, 0;Europe/Paris;32,5
2022-08-28T12:00:00Z;-1;9000003703;hourly;0,6091666667;6,5663474692;34,4733242134;14,7742818057;0,0000000000;1,6415868673;4,9247606019;14,7742818057;19,6990424077;4,9247606019;9,8495212038;0,0000000000;0,0000000000;1;9.5238095238, 0, 33.3333333333, 38.0952380952, 9.5238095238, 0, 4.7619047619, 4.7619047619;9.5238095238, 0, 0, 0, 9.5238095238, 23.8095238095, 9.5238095238, 28.5714285714, 9.5238095238, 0, 0, 0, 0, 4.7619047619, 0, 4.7619047619, 0, 0, 0, 0, 0, 0, 0, 0, 0;Europe/Paris;39,5
2022-08-28T13:00:00Z;-1;9000003703;hourly;0,6611111111;0,0000000000;28,7394957983;16,6386554622;3,0252100840;0,0000000000;0,0000000000;16,6386554622;12,1008403361;9,0756302521;7,5630252101;3,0252100840;0,0000000000;1;0, 10.5263157895, 47.3684210526, 31.5789473684, 10.5263157895, 0, 0, 0;0, 0, 5.2631578947, 5.2631578947, 21.0526315789, 26.3157894737, 15.7894736842, 15.7894736842, 10.5263157895, 0, 0, 0, 0, 0, 0, 0, 0, 0, 0, 0, 0, 0, 0, 0, 0;Europe/Paris;36,0
2022-08-28T14:00:00Z;-1;9000003703;hourly;0,6772222222;2,9532403610;20,6726825267;26,5791632486;1,4766201805;1,4766201805;1,4766201805;8,8597210829;11,8129614438;13,2895816243;13,2895816243;0,0000000000;1,4766201805;1;0, 0, 42.8571428571, 57.1428571429, 0, 0, 0, 0;0, 0, 0, 0, 7.1428571429, 35.7142857143, 35.7142857143, 21.4285714286, 0, 0, 0, 0, 0, 0, 0, 0, 0, 0, 0, 0, 0, 0, 0, 0, 0;Europe/Paris;34,0
2022-08-28T15:00:00Z;-1;9000003703;hourly;0,6625000000;0,0000000000;31,6981132075;15,0943396226;3,0188679245;0,0000000000;0,0000000000;10,5660377358;21,1320754717;7,5471698113;7,5471698113;1,5094339623;1,5094339623;1;4.7619047619, 23.8095238095, 33.3333333333, 28.5714285714, 4.7619047619, 4.7619047619, 0, 0;4.7619047619, 0, 4.7619047619, 19.0476190476, 9.5238095238, 23.8095238095, 19.0476190476, 9.5238095238, 0, 4.7619047619, 0, 4.7619047619, 0, 0, 0, 0, 0, 0, 0, 0, 0, 0, 0, 0, 0;Europe/Paris;34,5
2022-08-28T16:00:00Z;-1;9000003703;hourly;0,6291666667;4,7682119205;50,8609271523;7,9470198675;6,3576158940;4,7682119205;0,0000000000;15,8940397351;34,9668874172;3,1788079470;4,7682119205;1,5894039735;4,7682119205;1;3.125, 3.125, 53.125, 37.5, 0, 0, 3.125, 0;0, 3.125, 0, 3.125, 21.875, 31.25, 25, 12.5, 0, 0, 0, 0, 3.125, 0, 0, 0, 0, 0, 0, 0, 0, 0, 0, 0, 0;Europe/Paris;33,0
2022-08-28T17:00:00Z;-1;9000003703;hourly;0,6205555556;0,0000000000;45,1208594449;17,7260519248;1,6114592659;0,0000000000;0,0000000000;16,1145926589;29,0062667860;14,5031333930;3,2229185318;1,6114592659;0,0000000000;1;0, 3.5714285714, 25, 46.4285714286, 21.4285714286, 3.5714285714, 0, 0;0, 0, 0, 3.5714285714, 10.7142857143, 14.2857142857, 17.8571428571, 28.5714285714, 14.2857142857, 7.1428571429, 0, 3.5714285714, 0, 0, 0, 0, 0, 0, 0, 0, 0, 0, 0, 0, 0;Europe/Paris;41,0
2022-08-28T18:00:00Z;-1;9000003703;hourly;0,6269444444;1,5950376606;33,4957908728;1,5950376606;4,7851129818;1,5950376606;0,0000000000;14,3553389455;19,1404519273;0,0000000000;1,5950376606;1,5950376606;3,1900753212;1;4.7619047619, 28.5714285714, 33.3333333333, 28.5714285714, 0, 4.7619047619, 0, 0;0, 4.7619047619, 14.2857142857, 14.2857142857, 9.5238095238, 23.8095238095, 14.2857142857, 14.2857142857, 0, 0, 4.7619047619, 0, 0, 0, 0, 0, 0, 0, 0, 0, 0, 0, 0, 0, 0;Europe/Paris;34,0
2022-08-28T19:00:00Z;-1;9000003703;hourly;0,0355555556;0,0000000000;56,2500000000;0,0000000000;0,0000000000;0,0000000000;0,0000000000;0,0000000000;56,2500000000;0,0000000000;0,0000000000;0,0000000000;0,0000000000;1;0, 0, 100, 0, 0, 0, 0, 0;0, 0, 0, 0, 50, 50, 0, 0, 0, 0, 0, 0, 0, 0, 0, 0, 0, 0, 0, 0, 0, 0, 0, 0, 0;Europe/Paris;26,0
2022-08-28T20:00:00Z;-1;9000003703;hourly;0,0000000000;0,0000000000;0,0000000000;0,0000000000;0,0000000000;0,0000000000;0,0000000000;0,0000000000;0,0000000000;0,0000000000;0,0000000000;0,0000000000;0,0000000000;1;0, 0, 0, 0, 0, 0, 0, 0;0, 0, 0, 0, 0, 0, 0, 0, 0, 0, 0, 0, 0, 0, 0, 0, 0, 0, 0, 0, 0, 0, 0, 0, 0;Europe/Paris;NA
2022-08-28T21:00:00Z;-1;9000003703;hourly;0,0000000000;0,0000000000;0,0000000000;0,0000000000;0,0000000000;0,0000000000;0,0000000000;0,0000000000;0,0000000000;0,0000000000;0,0000000000;0,0000000000;0,0000000000;1;0, 0, 0, 0, 0, 0, 0, 0;0, 0, 0, 0, 0, 0, 0, 0, 0, 0, 0, 0, 0, 0, 0, 0, 0, 0, 0, 0, 0, 0, 0, 0, 0;Europe/Paris;NA
2022-08-28T23:00:00Z;-1;9000003703;hourly;0,0000000000;0,0000000000;0,0000000000;0,0000000000;0,0000000000;0,0000000000;0,0000000000;0,0000000000;0,0000000000;0,0000000000;0,0000000000;0,0000000000;0,0000000000;1;0, 0, 0, 0, 0, 0, 0, 0;0, 0, 0, 0, 0, 0, 0, 0, 0, 0, 0, 0, 0, 0, 0, 0, 0, 0, 0, 0, 0, 0, 0, 0, 0;Europe/Paris;NA
2022-08-29T00:00:00Z;-1;9000003703;hourly;0,0000000000;0,0000000000;0,0000000000;0,0000000000;0,0000000000;0,0000000000;0,0000000000;0,0000000000;0,0000000000;0,0000000000;0,0000000000;0,0000000000;0,0000000000;1;0, 0, 0, 0, 0, 0, 0, 0;0, 0, 0, 0, 0, 0, 0, 0, 0, 0, 0, 0, 0, 0, 0, 0, 0, 0, 0, 0, 0, 0, 0, 0, 0;Europe/Paris;NA
2022-08-29T01:00:00Z;-1;9000003703;hourly;0,0000000000;0,0000000000;0,0000000000;0,0000000000;0,0000000000;0,0000000000;0,0000000000;0,0000000000;0,0000000000;0,0000000000;0,0000000000;0,0000000000;0,0000000000;1;0, 0, 0, 0, 0, 0, 0, 0;0, 0, 0, 0, 0, 0, 0, 0, 0, 0, 0, 0, 0, 0, 0, 0, 0, 0, 0, 0, 0, 0, 0, 0, 0;Europe/Paris;NA
2022-08-29T02:00:00Z;-1;9000003703;hourly;0,0000000000;0,0000000000;0,0000000000;0,0000000000;0,0000000000;0,0000000000;0,0000000000;0,0000000000;0,0000000000;0,0000000000;0,0000000000;0,0000000000;0,0000000000;1;0, 0, 0, 0, 0, 0, 0, 0;0, 0, 0, 0, 0, 0, 0, 0, 0, 0, 0, 0, 0, 0, 0, 0, 0, 0, 0, 0, 0, 0, 0, 0, 0;Europe/Paris;NA
2022-08-29T03:00:00Z;-1;9000003703;hourly;0,0000000000;0,0000000000;0,0000000000;0,0000000000;0,0000000000;0,0000000000;0,0000000000;0,0000000000;0,0000000000;0,0000000000;0,0000000000;0,0000000000;0,0000000000;1;0, 0, 0, 0, 0, 0, 0, 0;0, 0, 0, 0, 0, 0, 0, 0, 0, 0, 0, 0, 0, 0, 0, 0, 0, 0, 0, 0, 0, 0, 0, 0, 0;Europe/Paris;NA
2022-08-29T04:00:00Z;-1;9000003703;hourly;0,0000000000;0,0000000000;0,0000000000;0,0000000000;0,0000000000;0,0000000000;0,0000000000;0,0000000000;0,0000000000;0,0000000000;0,0000000000;0,0000000000;0,0000000000;1;0, 0, 0, 0, 0, 0, 0, 0;0, 0, 0, 0, 0, 0, 0, 0, 0, 0, 0, 0, 0, 0, 0, 0, 0, 0, 0, 0, 0, 0, 0, 0, 0;Europe/Paris;NA
2022-08-29T05:00:00Z;-1;9000003703;hourly;0,4127777778;2,4226110363;31,4939434724;4,8452220727;2,4226110363;2,4226110363;0,0000000000;24,2261103634;7,2678331090;4,8452220727;0,0000000000;0,0000000000;2,4226110363;1;0, 7.6923076923, 23.0769230769, 53.8461538462, 15.3846153846, 0, 0, 0;0, 0, 7.6923076923, 0, 15.3846153846, 7.6923076923, 30.7692307692, 23.0769230769, 15.3846153846, 0, 0, 0, 0, 0, 0, 0, 0, 0, 0, 0, 0, 0, 0, 0, 0;Europe/Paris;37,5
2022-08-29T06:00:00Z;-1;9000003703;hourly;0,6222222222;1,6071428571;38,5714285714;14,4642857143;0,0000000000;0,0000000000;1,6071428571;27,3214285714;11,2500000000;8,0357142857;6,4285714286;0,0000000000;0,0000000000;1;4.1666666667, 4.1666666667, 37.5, 45.8333333333, 4.1666666667, 4.1666666667, 0, 0;0, 4.1666666667, 0, 4.1666666667, 8.3333333333, 29.1666666667, 16.6666666667, 29.1666666667, 4.1666666667, 0, 4.1666666667, 0, 0, 0, 0, 0, 0, 0, 0, 0, 0, 0, 0, 0, 0;Europe/Paris;36,5
2022-08-29T07:00:00Z;-1;9000003703;hourly;0,6569444444;30,4439746300;10,6553911205;18,2663847780;7,6109936575;16,7441860465;13,6997885835;4,5665961945;6,0887949260;12,1775898520;6,0887949260;7,6109936575;0,0000000000;1;42.8571428571, 0, 0, 57.1428571429, 0, 0, 0, 0;28.5714285714, 14.2857142857, 0, 0, 0, 0, 42.8571428571, 14.2857142857, 0, 0, 0, 0, 0, 0, 0, 0, 0, 0, 0, 0, 0, 0, 0, 0, 0;Europe/Paris;32,5
2022-08-29T08:00:00Z;-1;9000003703;hourly;0,6197222222;22,5907664724;19,3635141192;19,3635141192;6,4545047064;11,2953832362;11,2953832362;9,6817570596;9,6817570596;9,6817570596;9,6817570596;1,6136261766;4,8408785298;1;8.3333333333, 0, 25, 66.6666666667, 0, 0, 0, 0;0, 8.3333333333, 0, 0, 25, 0, 41.6666666667, 25, 0, 0, 0, 0, 0, 0, 0, 0, 0, 0, 0, 0, 0, 0, 0, 0, 0;Europe/Paris;34,5
2022-08-29T09:00:00Z;-1;9000003703;hourly;0,5791666667;10,3597122302;48,3453237410;6,9064748201;3,4532374101;5,1798561151;5,1798561151;22,4460431655;25,8992805755;0,0000000000;6,9064748201;3,4532374101;0,0000000000;1;3.5714285714, 3.5714285714, 42.8571428571, 42.8571428571, 7.1428571429, 0, 0, 0;0, 3.5714285714, 3.5714285714, 0, 14.2857142857, 28.5714285714, 28.5714285714, 14.2857142857, 7.1428571429, 0, 0, 0, 0, 0, 0, 0, 0, 0, 0, 0, 0, 0, 0, 0, 0;Europe/Paris;34,5
2022-08-29T10:00:00Z;-1;9000003703;hourly;0,5972222222;13,3953488372;68,6511627907;6,6976744186;6,6976744186;3,3488372093;10,0465116279;25,1162790698;43,5348837209;0,0000000000;6,6976744186;1,6744186047;5,0232558140;1;0, 2.4390243902, 29.2682926829, 53.6585365854, 14.6341463415, 0, 0, 0;0, 0, 0, 2.4390243902, 21.9512195122, 7.3170731707, 29.2682926829, 24.3902439024, 14.6341463415, 0, 0, 0, 0, 0, 0, 0, 0, 0, 0, 0, 0, 0, 0, 0, 0;Europe/Paris;37,5
2022-08-29T11:00:00Z;-1;9000003703;hourly;0,5825000000;5,1502145923;29,1845493562;8,5836909871;3,4334763948;5,1502145923;0,0000000000;8,5836909871;20,6008583691;5,1502145923;3,4334763948;3,4334763948;0,0000000000;1;0, 0, 23.5294117647, 58.8235294118, 17.6470588235, 0, 0, 0;0, 0, 0, 0, 0, 23.5294117647, 41.1764705882, 17.6470588235, 11.7647058824, 5.8823529412, 0, 0, 0, 0, 0, 0, 0, 0, 0, 0, 0, 0, 0, 0, 0;Europe/Paris;38,5
2022-08-29T12:00:00Z;-1;9000003703;hourly;0,6747222222;2,9641827913;35,5701934953;14,8209139564;1,4820913956;0,0000000000;2,9641827913;17,7850967476;17,7850967476;5,9283655825;8,8925483738;0,0000000000;1,4820913956;1;0, 12.5, 33.3333333333, 45.8333333333, 8.3333333333, 0, 0, 0;0, 0, 4.1666666667, 8.3333333333, 8.3333333333, 25, 20.8333333333, 25, 8.3333333333, 0, 0, 0, 0, 0, 0, 0, 0, 0, 0, 0, 0, 0, 0, 0, 0;Europe/Paris;36,0
2022-08-29T13:00:00Z;-1;9000003703;hourly;0,6630555556;7,5408462505;43,7369082530;15,0816925010;0,0000000000;3,0163385002;4,5245077503;21,1143695015;22,6225387516;12,0653540008;3,0163385002;0,0000000000;0,0000000000;1;6.8965517241, 3.4482758621, 48.275862069, 34.4827586207, 6.8965517241, 0, 0, 0;3.4482758621, 3.4482758621, 0, 3.4482758621, 20.6896551724, 27.5862068966, 24.1379310345, 10.3448275862, 6.8965517241, 0, 0, 0, 0, 0, 0, 0, 0, 0, 0, 0, 0, 0, 0, 0, 0;Europe/Paris;33,5
2022-08-29T14:00:00Z;-1;9000003703;hourly;0,6461111111;1,5477214101;63,4565778160;9,2863284609;1,5477214101;0,0000000000;1,5477214101;29,4067067928;34,0498710232;3,0954428203;6,1908856406;1,5477214101;0,0000000000;1;0, 7.3170731707, 65.8536585366, 26.8292682927, 0, 0, 0, 0;0, 0, 2.4390243902, 4.8780487805, 29.2682926829, 36.5853658537, 14.6341463415, 12.1951219512, 0, 0, 0, 0, 0, 0, 0, 0, 0, 0, 0, 0, 0, 0, 0, 0, 0;Europe/Paris;31,5
2022-08-29T15:00:00Z;-1;9000003703;hourly;0,6663888889;0,0000000000;91,5381408920;27,0112546895;0,0000000000;0,0000000000;0,0000000000;30,0125052105;61,5256356815;6,0025010421;21,0087536474;0,0000000000;0,0000000000;1;1.6393442623, 9.8360655738, 50.8196721311, 26.2295081967, 9.8360655738, 1.6393442623, 0, 0;1.6393442623, 0, 1.6393442623, 8.1967213115, 11.4754098361, 39.3442622951, 19.6721311475, 6.5573770492, 8.1967213115, 1.6393442623, 1.6393442623, 0, 0, 0, 0, 0, 0, 0, 0, 0, 0, 0, 0, 0, 0;Europe/Paris;35,0
2022-08-29T16:00:00Z;-1;9000003703;hourly;0,6394444444;9,3831450912;73,5013032146;15,6385751520;4,6915725456;4,6915725456;4,6915725456;28,1494352737;45,3518679409;4,6915725456;10,9470026064;1,5638575152;3,1277150304;1;2.1276595745, 17.0212765957, 40.4255319149, 31.914893617, 8.5106382979, 0, 0, 0;2.1276595745, 0, 6.3829787234, 10.6382978723, 2.1276595745, 38.2978723404, 25.5319148936, 6.3829787234, 8.5106382979, 0, 0, 0, 0, 0, 0, 0, 0, 0, 0, 0, 0, 0, 0, 0, 0;Europe/Paris;32,5
2022-08-29T17:00:00Z;-1;9000003703;hourly;0,6216666667;1,6085790885;59,5174262735;16,0857908847;4,8257372654;0,0000000000;1,6085790885;14,4772117962;45,0402144772;6,4343163539;9,6514745308;1,6085790885;3,2171581769;1;0, 5.4054054054, 27.027027027, 54.0540540541, 8.1081081081, 5.4054054054, 0, 0;0, 0, 2.7027027027, 2.7027027027, 2.7027027027, 24.3243243243, 29.7297297297, 24.3243243243, 8.1081081081, 0, 5.4054054054, 0, 0, 0, 0, 0, 0, 0, 0, 0, 0, 0, 0, 0, 0;Europe/Paris;37,0
2022-08-29T18:00:00Z;-1;9000003703;hourly;0,6502777778;0,0000000000;33,8316958565;7,6890217856;7,6890217856;0,0000000000;0,0000000000;18,4536522853;15,3780435711;6,1512174284;1,5378043571;3,0756087142;4,6134130713;1;0, 4.5454545455, 45.4545454545, 31.8181818182, 13.6363636364, 4.5454545455, 0, 0;0, 0, 0, 4.5454545455, 18.1818181818, 27.2727272727, 22.7272727273, 9.0909090909, 9.0909090909, 4.5454545455, 4.5454545455, 0, 0, 0, 0, 0, 0, 0, 0, 0, 0, 0, 0, 0, 0;Europe/Paris;39,0
2022-08-29T19:00:00Z;-1;9000003703;hourly;0,0000000000;0,0000000000;0,0000000000;0,0000000000;0,0000000000;0,0000000000;0,0000000000;0,0000000000;0,0000000000;0,0000000000;0,0000000000;0,0000000000;0,0000000000;1;0, 0, 0, 0, 0, 0, 0, 0;0, 0, 0, 0, 0, 0, 0, 0, 0, 0, 0, 0, 0, 0, 0, 0, 0, 0, 0, 0, 0, 0, 0, 0, 0;Europe/Paris;NA
2022-08-29T20:00:00Z;-1;9000003703;hourly;0,0000000000;0,0000000000;0,0000000000;0,0000000000;0,0000000000;0,0000000000;0,0000000000;0,0000000000;0,0000000000;0,0000000000;0,0000000000;0,0000000000;0,0000000000;1;0, 0, 0, 0, 0, 0, 0, 0;0, 0, 0, 0, 0, 0, 0, 0, 0, 0, 0, 0, 0, 0, 0, 0, 0, 0, 0, 0, 0, 0, 0, 0, 0;Europe/Paris;NA
2022-08-29T21:00:00Z;-1;9000003703;hourly;0,0000000000;0,0000000000;0,0000000000;0,0000000000;0,0000000000;0,0000000000;0,0000000000;0,0000000000;0,0000000000;0,0000000000;0,0000000000;0,0000000000;0,0000000000;1;0, 0, 0, 0, 0, 0, 0, 0;0, 0, 0, 0, 0, 0, 0, 0, 0, 0, 0, 0, 0, 0, 0, 0, 0, 0, 0, 0, 0, 0, 0, 0, 0;Europe/Paris;NA
2022-08-29T23:00:00Z;-1;9000003703;hourly;0,0000000000;0,0000000000;0,0000000000;0,0000000000;0,0000000000;0,0000000000;0,0000000000;0,0000000000;0,0000000000;0,0000000000;0,0000000000;0,0000000000;0,0000000000;1;0, 0, 0, 0, 0, 0, 0, 0;0, 0, 0, 0, 0, 0, 0, 0, 0, 0, 0, 0, 0, 0, 0, 0, 0, 0, 0, 0, 0, 0, 0, 0, 0;Europe/Paris;NA
2022-08-30T00:00:00Z;-1;9000003703;hourly;0,0000000000;0,0000000000;0,0000000000;0,0000000000;0,0000000000;0,0000000000;0,0000000000;0,0000000000;0,0000000000;0,0000000000;0,0000000000;0,0000000000;0,0000000000;1;0, 0, 0, 0, 0, 0, 0, 0;0, 0, 0, 0, 0, 0, 0, 0, 0, 0, 0, 0, 0, 0, 0, 0, 0, 0, 0, 0, 0, 0, 0, 0, 0;Europe/Paris;NA
2022-08-30T01:00:00Z;-1;9000003703;hourly;0,0000000000;0,0000000000;0,0000000000;0,0000000000;0,0000000000;0,0000000000;0,0000000000;0,0000000000;0,0000000000;0,0000000000;0,0000000000;0,0000000000;0,0000000000;1;0, 0, 0, 0, 0, 0, 0, 0;0, 0, 0, 0, 0, 0, 0, 0, 0, 0, 0, 0, 0, 0, 0, 0, 0, 0, 0, 0, 0, 0, 0, 0, 0;Europe/Paris;NA
2022-08-30T02:00:00Z;-1;9000003703;hourly;0,0000000000;0,0000000000;0,0000000000;0,0000000000;0,0000000000;0,0000000000;0,0000000000;0,0000000000;0,0000000000;0,0000000000;0,0000000000;0,0000000000;0,0000000000;1;0, 0, 0, 0, 0, 0, 0, 0;0, 0, 0, 0, 0, 0, 0, 0, 0, 0, 0, 0, 0, 0, 0, 0, 0, 0, 0, 0, 0, 0, 0, 0, 0;Europe/Paris;NA
2022-08-30T03:00:00Z;-1;9000003703;hourly;0,0000000000;0,0000000000;0,0000000000;0,0000000000;0,0000000000;0,0000000000;0,0000000000;0,0000000000;0,0000000000;0,0000000000;0,0000000000;0,0000000000;0,0000000000;1;0, 0, 0, 0, 0, 0, 0, 0;0, 0, 0, 0, 0, 0, 0, 0, 0, 0, 0, 0, 0, 0, 0, 0, 0, 0, 0, 0, 0, 0, 0, 0, 0;Europe/Paris;NA
2022-08-30T04:00:00Z;-1;9000003703;hourly;0,0000000000;0,0000000000;0,0000000000;0,0000000000;0,0000000000;0,0000000000;0,0000000000;0,0000000000;0,0000000000;0,0000000000;0,0000000000;0,0000000000;0,0000000000;1;0, 0, 0, 0, 0, 0, 0, 0;0, 0, 0, 0, 0, 0, 0, 0, 0, 0, 0, 0, 0, 0, 0, 0, 0, 0, 0, 0, 0, 0, 0, 0, 0;Europe/Paris;NA
2022-08-30T05:00:00Z;-1;9000003703;hourly;0,3300000000;6,0606060606;48,4848484848;9,0909090909;3,0303030303;6,0606060606;0,0000000000;36,3636363636;12,1212121212;6,0606060606;3,0303030303;0,0000000000;3,0303030303;1;0, 0, 43.75, 25, 25, 6.25, 0, 0;0, 0, 0, 0, 6.25, 37.5, 12.5, 12.5, 18.75, 6.25, 6.25, 0, 0, 0, 0, 0, 0, 0, 0, 0, 0, 0, 0, 0, 0;Europe/Paris;42,0
2022-08-30T06:00:00Z;-1;9000003703;hourly;0,6180555556;14,5617977528;58,2471910112;14,5617977528;4,8539325843;9,7078651685;4,8539325843;32,3595505618;25,8876404494;9,7078651685;4,8539325843;4,8539325843;0,0000000000;1;0, 0, 27.7777777778, 47.2222222222, 16.6666666667, 0, 8.3333333333, 0;0, 0, 0, 0, 0, 27.7777777778, 22.2222222222, 25, 16.6666666667, 0, 0, 0, 2.7777777778, 5.5555555556, 0, 0, 0, 0, 0, 0, 0, 0, 0, 0, 0;Europe/Paris;40,5
2022-08-30T07:00:00Z;-1;9000003703;hourly;0,6300000000;36,5079365079;6,3492063492;9,5238095238;9,5238095238;15,8730158730;20,6349206349;3,1746031746;3,1746031746;4,7619047619;4,7619047619;4,7619047619;4,7619047619;1;0, 0, 25, 50, 25, 0, 0, 0;0, 0, 0, 0, 0, 25, 50, 0, 25, 0, 0, 0, 0, 0, 0, 0, 0, 0, 0, 0, 0, 0, 0, 0, 0;Europe/Paris;39,5
2022-08-30T08:00:00Z;-1;9000003703;hourly;0,6100000000;16,3934426230;16,3934426230;1,6393442623;14,7540983607;9,8360655738;6,5573770492;4,9180327869;11,4754098361;1,6393442623;0,0000000000;9,8360655738;4,9180327869;1;0, 10, 0, 60, 30, 0, 0, 0;0, 0, 0, 10, 0, 0, 30, 30, 20, 10, 0, 0, 0, 0, 0, 0, 0, 0, 0, 0, 0, 0, 0, 0, 0;Europe/Paris;41,0
2022-08-30T09:00:00Z;-1;9000003703;hourly;0,5638888889;14,1871921182;35,4679802956;3,5467980296;3,5467980296;10,6403940887;3,5467980296;12,4137931034;23,0541871921;3,5467980296;0,0000000000;3,5467980296;0,0000000000;1;0, 5, 20, 60, 15, 0, 0, 0;0, 0, 0, 5, 10, 10, 50, 10, 5, 10, 0, 0, 0, 0, 0, 0, 0, 0, 0, 0, 0, 0, 0, 0, 0;Europe/Paris;37,5
2022-08-30T10:00:00Z;-1;9000003703;hourly;0,5741666667;22,6415094340;66,1828737300;5,2249637155;0,0000000000;12,1915820029;10,4499274311;12,1915820029;53,9912917271;0,0000000000;5,2249637155;0,0000000000;0,0000000000;1;0, 2.6315789474, 23.6842105263, 44.7368421053, 23.6842105263, 5.2631578947, 0, 0;0, 0, 0, 2.6315789474, 7.8947368421, 15.7894736842, 26.3157894737, 18.4210526316, 15.7894736842, 7.8947368421, 2.6315789474, 2.6315789474, 0, 0, 0, 0, 0, 0, 0, 0, 0, 0, 0, 0, 0;Europe/Paris;42,0
2022-08-30T11:00:00Z;-1;9000003703;hourly;0,6069444444;11,5331807780;59,3135011442;8,2379862700;4,9427917620;8,2379862700;3,2951945080;32,9519450801;26,3615560641;6,5903890160;1,6475972540;4,9427917620;0,0000000000;1;0, 5.5555555556, 41.6666666667, 44.4444444444, 8.3333333333, 0, 0, 0;0, 0, 0, 5.5555555556, 8.3333333333, 33.3333333333, 19.4444444444, 25, 8.3333333333, 0, 0, 0, 0, 0, 0, 0, 0, 0, 0, 0, 0, 0, 0, 0, 0;Europe/Paris;36,0
2022-08-30T12:00:00Z;-1;9000003703;hourly;0,6900000000;7,2463768116;39,1304347826;14,4927536232;1,4492753623;2,8985507246;4,3478260870;17,3913043478;21,7391304348;7,2463768116;7,2463768116;1,4492753623;0,0000000000;1;0, 0, 33.3333333333, 44.4444444444, 18.5185185185, 3.7037037037, 0, 0;0, 0, 0, 0, 11.1111111111, 22.2222222222, 25.9259259259, 18.5185185185, 14.8148148148, 3.7037037037, 3.7037037037, 0, 0, 0, 0, 0, 0, 0, 0, 0, 0, 0, 0, 0, 0;Europe/Paris;40,0
2022-08-30T13:00:00Z;-1;9000003703;hourly;0,6447222222;4,6531667385;34,1232227488;7,7552778975;1,5510555795;0,0000000000;4,6531667385;13,9595002154;20,1637225334;3,1021111590;4,6531667385;0,0000000000;1,5510555795;1;0, 4.5454545455, 31.8181818182, 59.0909090909, 0, 4.5454545455, 0, 0;0, 0, 0, 4.5454545455, 13.6363636364, 18.1818181818, 50, 9.0909090909, 0, 0, 4.5454545455, 0, 0, 0, 0, 0, 0, 0, 0, 0, 0, 0, 0, 0, 0;Europe/Paris;32,5
2022-08-30T14:00:00Z;-1;9000003703;hourly;0,6563888889;6,0939483707;59,4159966145;7,6174354634;0,0000000000;4,5704612780;1,5234870927;27,4227676682;31,9932289463;1,5234870927;6,0939483707;0,0000000000;0,0000000000;1;0, 5.1282051282, 51.2820512821, 35.8974358974, 7.6923076923, 0, 0, 0;0, 0, 0, 5.1282051282, 20.5128205128, 30.7692307692, 17.9487179487, 17.9487179487, 2.5641025641, 5.1282051282, 0, 0, 0, 0, 0, 0, 0, 0, 0, 0, 0, 0, 0, 0, 0;Europe/Paris;35,5
2022-08-30T15:00:00Z;-1;9000003703;hourly;0,6683333333;8,9775561097;118,2044887781;17,9551122195;4,4887780549;4,4887780549;4,4887780549;23,9401496259;94,2643391521;5,9850374065;11,9700748130;0,0000000000;4,4887780549;1;3.7974683544, 7.5949367089, 37.9746835443, 39.2405063291, 11.3924050633, 0, 0, 0;3.7974683544, 0, 2.5316455696, 5.0632911392, 6.3291139241, 31.6455696203, 27.8481012658, 11.3924050633, 8.8607594937, 2.5316455696, 0, 0, 0, 0, 0, 0, 0, 0, 0, 0, 0, 0, 0, 0, 0;Europe/Paris;36,0
2022-08-30T16:00:00Z;-1;9000003703;hourly;0,6036111111;1,6566958122;127,5655775426;9,9401748734;3,3133916245;0,0000000000;1,6566958122;33,1339162448;94,4316612977;1,6566958122;8,2834790612;0,0000000000;3,3133916245;1;20.7792207792, 11.6883116883, 50.6493506494, 16.8831168831, 0, 0, 0, 0;14.2857142857, 6.4935064935, 2.5974025974, 9.0909090909, 27.2727272727, 23.3766233766, 12.987012987, 3.8961038961, 0, 0, 0, 0, 0, 0, 0, 0, 0, 0, 0, 0, 0, 0, 0, 0, 0;Europe/Paris;28,0
2022-08-30T17:00:00Z;-1;9000003703;hourly;0,6319444444;3,1648351648;55,3846153846;14,2417582418;6,3296703297;0,0000000000;3,1648351648;22,1538461538;33,2307692308;7,9120879121;6,3296703297;3,1648351648;3,1648351648;1;8.5714285714, 11.4285714286, 37.1428571429, 31.4285714286, 8.5714285714, 0, 0, 2.8571428571;8.5714285714, 0, 5.7142857143, 5.7142857143, 14.2857142857, 22.8571428571, 14.2857142857, 17.1428571429, 5.7142857143, 2.8571428571, 0, 0, 0, 0, 2.8571428571, 0, 0, 0, 0, 0, 0, 0, 0, 0, 0;Europe/Paris;36,5
2022-08-30T18:00:00Z;-1;9000003703;hourly;0,5686111111;1,7586712262;29,8974108451;8,7933561309;10,5520273571;1,7586712262;0,0000000000;14,0693698095;15,8280410357;1,7586712262;7,0346849047;3,5173424524;7,0346849047;1;5.8823529412, 5.8823529412, 52.9411764706, 23.5294117647, 11.7647058824, 0, 0, 0;5.8823529412, 0, 0, 5.8823529412, 11.7647058824, 41.1764705882, 23.5294117647, 0, 11.7647058824, 0, 0, 0, 0, 0, 0, 0, 0, 0, 0, 0, 0, 0, 0, 0, 0;Europe/Paris;32,0
2022-08-30T19:00:00Z;-1;9000003703;hourly;0,0000000000;0,0000000000;0,0000000000;0,0000000000;0,0000000000;0,0000000000;0,0000000000;0,0000000000;0,0000000000;0,0000000000;0,0000000000;0,0000000000;0,0000000000;1;0, 0, 0, 0, 0, 0, 0, 0;0, 0, 0, 0, 0, 0, 0, 0, 0, 0, 0, 0, 0, 0, 0, 0, 0, 0, 0, 0, 0, 0, 0, 0, 0;Europe/Paris;NA
2022-08-30T20:00:00Z;-1;9000003703;hourly;0,0000000000;0,0000000000;0,0000000000;0,0000000000;0,0000000000;0,0000000000;0,0000000000;0,0000000000;0,0000000000;0,0000000000;0,0000000000;0,0000000000;0,0000000000;1;0, 0, 0, 0, 0, 0, 0, 0;0, 0, 0, 0, 0, 0, 0, 0, 0, 0, 0, 0, 0, 0, 0, 0, 0, 0, 0, 0, 0, 0, 0, 0, 0;Europe/Paris;NA
2022-08-30T21:00:00Z;-1;9000003703;hourly;0,0000000000;0,0000000000;0,0000000000;0,0000000000;0,0000000000;0,0000000000;0,0000000000;0,0000000000;0,0000000000;0,0000000000;0,0000000000;0,0000000000;0,0000000000;1;0, 0, 0, 0, 0, 0, 0, 0;0, 0, 0, 0, 0, 0, 0, 0, 0, 0, 0, 0, 0, 0, 0, 0, 0, 0, 0, 0, 0, 0, 0, 0, 0;Europe/Paris;NA
2022-08-30T23:00:00Z;-1;9000003703;hourly;0,0000000000;0,0000000000;0,0000000000;0,0000000000;0,0000000000;0,0000000000;0,0000000000;0,0000000000;0,0000000000;0,0000000000;0,0000000000;0,0000000000;0,0000000000;1;0, 0, 0, 0, 0, 0, 0, 0;0, 0, 0, 0, 0, 0, 0, 0, 0, 0, 0, 0, 0, 0, 0, 0, 0, 0, 0, 0, 0, 0, 0, 0, 0;Europe/Paris;NA
2022-08-31T00:00:00Z;-1;9000003703;hourly;0,0000000000;0,0000000000;0,0000000000;0,0000000000;0,0000000000;0,0000000000;0,0000000000;0,0000000000;0,0000000000;0,0000000000;0,0000000000;0,0000000000;0,0000000000;1;0, 0, 0, 0, 0, 0, 0, 0;0, 0, 0, 0, 0, 0, 0, 0, 0, 0, 0, 0, 0, 0, 0, 0, 0, 0, 0, 0, 0, 0, 0, 0, 0;Europe/Paris;NA
2022-08-31T01:00:00Z;-1;9000003703;hourly;0,0000000000;0,0000000000;0,0000000000;0,0000000000;0,0000000000;0,0000000000;0,0000000000;0,0000000000;0,0000000000;0,0000000000;0,0000000000;0,0000000000;0,0000000000;1;0, 0, 0, 0, 0, 0, 0, 0;0, 0, 0, 0, 0, 0, 0, 0, 0, 0, 0, 0, 0, 0, 0, 0, 0, 0, 0, 0, 0, 0, 0, 0, 0;Europe/Paris;NA
2022-08-31T02:00:00Z;-1;9000003703;hourly;0,0000000000;0,0000000000;0,0000000000;0,0000000000;0,0000000000;0,0000000000;0,0000000000;0,0000000000;0,0000000000;0,0000000000;0,0000000000;0,0000000000;0,0000000000;1;0, 0, 0, 0, 0, 0, 0, 0;0, 0, 0, 0, 0, 0, 0, 0, 0, 0, 0, 0, 0, 0, 0, 0, 0, 0, 0, 0, 0, 0, 0, 0, 0;Europe/Paris;NA
2022-08-31T03:00:00Z;-1;9000003703;hourly;0,0000000000;0,0000000000;0,0000000000;0,0000000000;0,0000000000;0,0000000000;0,0000000000;0,0000000000;0,0000000000;0,0000000000;0,0000000000;0,0000000000;0,0000000000;1;0, 0, 0, 0, 0, 0, 0, 0;0, 0, 0, 0, 0, 0, 0, 0, 0, 0, 0, 0, 0, 0, 0, 0, 0, 0, 0, 0, 0, 0, 0, 0, 0;Europe/Paris;NA
2022-08-31T04:00:00Z;-1;9000003703;hourly;0,0000000000;0,0000000000;0,0000000000;0,0000000000;0,0000000000;0,0000000000;0,0000000000;0,0000000000;0,0000000000;0,0000000000;0,0000000000;0,0000000000;0,0000000000;1;0, 0, 0, 0, 0, 0, 0, 0;0, 0, 0, 0, 0, 0, 0, 0, 0, 0, 0, 0, 0, 0, 0, 0, 0, 0, 0, 0, 0, 0, 0, 0, 0;Europe/Paris;NA
2022-08-31T05:00:00Z;-1;9000003703;hourly;0,3063888889;0,0000000000;19,5829555757;3,2638259293;6,5276518586;0,0000000000;0,0000000000;6,5276518586;13,0553037171;3,2638259293;0,0000000000;0,0000000000;6,5276518586;1;0, 0, 0, 83.3333333333, 16.6666666667, 0, 0, 0;0, 0, 0, 0, 0, 0, 50, 33.3333333333, 0, 16.6666666667, 0, 0, 0, 0, 0, 0, 0, 0, 0, 0, 0, 0, 0, 0, 0;Europe/Paris;43,0
2022-08-31T06:00:00Z;-1;9000003703;hourly;0,6158333333;16,2381596752;12,9905277402;4,8714479026;11,3667117727;11,3667117727;4,8714479026;9,7428958051;3,2476319350;4,8714479026;0,0000000000;8,1190798376;3,2476319350;1;0, 0, 12.5, 50, 37.5, 0, 0, 0;0, 0, 0, 0, 0, 12.5, 25, 25, 25, 12.5, 0, 0, 0, 0, 0, 0, 0, 0, 0, 0, 0, 0, 0, 0, 0;Europe/Paris;42,0
2022-08-31T07:00:00Z;-1;9000003703;hourly;0,6477777778;20,0686106346;15,4373927959;7,7186963979;1,5437392796;13,8936535163;6,1749571184;4,6312178388;10,8061749571;3,0874785592;4,6312178388;0,0000000000;1,5437392796;1;10, 0, 20, 50, 20, 0, 0, 0;10, 0, 0, 0, 0, 20, 10, 40, 10, 10, 0, 0, 0, 0, 0, 0, 0, 0, 0, 0, 0, 0, 0, 0, 0;Europe/Paris;40,0
2022-08-31T08:00:00Z;-1;9000003703;hourly;0,6252777778;23,9893380720;25,5886272768;1,5992892048;3,1985784096;17,5921812528;6,3971568192;1,5992892048;23,9893380720;1,5992892048;0,0000000000;1,5992892048;1,5992892048;1;6.25, 6.25, 12.5, 50, 25, 0, 0, 0;6.25, 0, 0, 6.25, 0, 12.5, 37.5, 12.5, 12.5, 12.5, 0, 0, 0, 0, 0, 0, 0, 0, 0, 0, 0, 0, 0, 0, 0;Europe/Paris;41,5
2022-08-31T09:00:00Z;-1;9000003703;hourly;0,5700000000;22,8070175439;33,3333333333;3,5087719298;12,2807017544;12,2807017544;10,5263157895;10,5263157895;22,8070175439;1,7543859649;1,7543859649;5,2631578947;7,0175438596;1;0, 5.2631578947, 21.0526315789, 63.1578947368, 10.5263157895, 0, 0, 0;0, 0, 5.2631578947, 0, 0, 21.0526315789, 42.1052631579, 21.0526315789, 10.5263157895, 0, 0, 0, 0, 0, 0, 0, 0, 0, 0, 0, 0, 0, 0, 0, 0;Europe/Paris;36,5
2022-08-31T10:00:00Z;-1;9000003703;hourly;0,5758333333;20,8393632417;57,3082489146;5,2098408104;5,2098408104;15,6295224313;5,2098408104;8,6830680174;48,6251808973;3,4732272069;1,7366136035;3,4732272069;1,7366136035;1;3.0303030303, 0, 12.1212121212, 60.6060606061, 18.1818181818, 6.0606060606, 0, 0;3.0303030303, 0, 0, 0, 0, 12.1212121212, 27.2727272727, 33.3333333333, 9.0909090909, 9.0909090909, 6.0606060606, 0, 0, 0, 0, 0, 0, 0, 0, 0, 0, 0, 0, 0, 0;Europe/Paris;42,5
2022-08-31T11:00:00Z;-1;9000003703;hourly;0,6022222222;9,9630996310;39,8523985240;9,9630996310;6,6420664207;3,3210332103;6,6420664207;24,9077490775;14,9446494465;3,3210332103;6,6420664207;4,9815498155;1,6605166052;1;4.1666666667, 12.5, 20.8333333333, 54.1666666667, 8.3333333333, 0, 0, 0;4.1666666667, 0, 0, 12.5, 0, 20.8333333333, 16.6666666667, 37.5, 8.3333333333, 0, 0, 0, 0, 0, 0, 0, 0, 0, 0, 0, 0, 0, 0, 0, 0;Europe/Paris;36,5
2022-08-31T12:00:00Z;-1;9000003703;hourly;0,6486111111;4,6252676660;26,2098501071;16,9593147752;1,5417558887;3,0835117773;1,5417558887;15,4175588865;10,7922912206;7,7087794433;9,2505353319;1,5417558887;0,0000000000;1;5.8823529412, 0, 52.9411764706, 35.2941176471, 5.8823529412, 0, 0, 0;0, 5.8823529412, 0, 0, 11.7647058824, 41.1764705882, 17.6470588235, 17.6470588235, 5.8823529412, 0, 0, 0, 0, 0, 0, 0, 0, 0, 0, 0, 0, 0, 0, 0, 0;Europe/Paris;35,0
2022-08-31T13:00:00Z;-1;9000003703;hourly;0,6302777778;6,3464081093;33,3186425738;23,7990304099;3,1732040546;3,1732040546;3,1732040546;17,4526223006;15,8660202732;12,6928162186;11,1062141913;1,5866020273;1,5866020273;1;19.0476190476, 4.7619047619, 14.2857142857, 42.8571428571, 19.0476190476, 0, 0, 0;9.5238095238, 9.5238095238, 0, 4.7619047619, 9.5238095238, 4.7619047619, 28.5714285714, 14.2857142857, 14.2857142857, 4.7619047619, 0, 0, 0, 0, 0, 0, 0, 0, 0, 0, 0, 0, 0, 0, 0;Europe/Paris;39,0
2022-08-31T14:00:00Z;-1;9000003703;hourly;0,6355555556;6,2937062937;37,7622377622;17,3076923077;9,4405594406;0,0000000000;6,2937062937;20,4545454545;17,3076923077;9,4405594406;7,8671328671;6,2937062937;3,1468531469;1;0, 4.1666666667, 29.1666666667, 54.1666666667, 8.3333333333, 4.1666666667, 0, 0;0, 0, 0, 4.1666666667, 0, 29.1666666667, 41.6666666667, 12.5, 8.3333333333, 0, 4.1666666667, 0, 0, 0, 0, 0, 0, 0, 0, 0, 0, 0, 0, 0, 0;Europe/Paris;36,5
2022-08-31T15:00:00Z;-1;9000003703;hourly;0,6400000000;21,8750000000;109,3750000000;15,6250000000;7,8125000000;10,9375000000;10,9375000000;35,9375000000;73,4375000000;9,3750000000;6,2500000000;3,1250000000;4,6875000000;1;0, 4.2857142857, 35.7142857143, 47.1428571429, 11.4285714286, 0, 0, 1.4285714286;0, 0, 1.4285714286, 2.8571428571, 14.2857142857, 21.4285714286, 22.8571428571, 24.2857142857, 10, 1.4285714286, 0, 0, 0, 0, 1.4285714286, 0, 0, 0, 0, 0, 0, 0, 0, 0, 0;Europe/Paris;37,0
2022-08-31T16:00:00Z;-1;9000003703;hourly;0,5658333333;5,3019145803;120,1767304860;8,8365243004;10,6038291605;1,7673048601;3,5346097202;40,6480117820;79,5287187040;1,7673048601;7,0692194404;5,3019145803;5,3019145803;1;2.9411764706, 1.4705882353, 36.7647058824, 52.9411764706, 5.8823529412, 0, 0, 0;2.9411764706, 0, 1.4705882353, 0, 19.1176470588, 17.6470588235, 32.3529411765, 20.5882352941, 4.4117647059, 1.4705882353, 0, 0, 0, 0, 0, 0, 0, 0, 0, 0, 0, 0, 0, 0, 0;Europe/Paris;35,5
2022-08-31T17:00:00Z;-1;9000003703;hourly;0,5916666667;1,6901408451;87,8873239437;1,6901408451;0,0000000000;1,6901408451;0,0000000000;30,4225352113;57,4647887324;0,0000000000;1,6901408451;0,0000000000;0,0000000000;1;0, 5.7692307692, 42.3076923077, 42.3076923077, 7.6923076923, 1.9230769231, 0, 0;0, 0, 5.7692307692, 0, 13.4615384615, 28.8461538462, 28.8461538462, 13.4615384615, 3.8461538462, 3.8461538462, 1.9230769231, 0, 0, 0, 0, 0, 0, 0, 0, 0, 0, 0, 0, 0, 0;Europe/Paris;35,5
2022-08-31T18:00:00Z;-1;9000003703;hourly;0,1900000000;0,0000000000;15,7894736842;0,0000000000;5,2631578947;0,0000000000;0,0000000000;5,2631578947;10,5263157895;0,0000000000;0,0000000000;5,2631578947;0,0000000000;1;0, 0, 0, 33.3333333333, 33.3333333333, 0, 0, 33.3333333333;0, 0, 0, 0, 0, 0, 33.3333333333, 0, 0, 33.3333333333, 0, 0, 0, 0, 0, 33.3333333333, 0, 0, 0, 0, 0, 0, 0, 0, 0;Europe/Paris;75,5
2022-08-31T19:00:00Z;-1;9000003703;hourly;0,0000000000;0,0000000000;0,0000000000;0,0000000000;0,0000000000;0,0000000000;0,0000000000;0,0000000000;0,0000000000;0,0000000000;0,0000000000;0,0000000000;0,0000000000;1;0, 0, 0, 0, 0, 0, 0, 0;0, 0, 0, 0, 0, 0, 0, 0, 0, 0, 0, 0, 0, 0, 0, 0, 0, 0, 0, 0, 0, 0, 0, 0, 0;Europe/Paris;NA
2022-08-31T20:00:00Z;-1;9000003703;hourly;0,0000000000;0,0000000000;0,0000000000;0,0000000000;0,0000000000;0,0000000000;0,0000000000;0,0000000000;0,0000000000;0,0000000000;0,0000000000;0,0000000000;0,0000000000;1;0, 0, 0, 0, 0, 0, 0, 0;0, 0, 0, 0, 0, 0, 0, 0, 0, 0, 0, 0, 0, 0, 0, 0, 0, 0, 0, 0, 0, 0, 0, 0, 0;Europe/Paris;NA
2022-08-31T21:00:00Z;-1;9000003703;hourly;0,0000000000;0,0000000000;0,0000000000;0,0000000000;0,0000000000;0,0000000000;0,0000000000;0,0000000000;0,0000000000;0,0000000000;0,0000000000;0,0000000000;0,0000000000;1;0, 0, 0, 0, 0, 0, 0, 0;0, 0, 0, 0, 0, 0, 0, 0, 0, 0, 0, 0, 0, 0, 0, 0, 0, 0, 0, 0, 0, 0, 0, 0, 0;Europe/Paris;NA
2022-08-31T23:00:00Z;-1;9000003703;hourly;0,0000000000;0,0000000000;0,0000000000;0,0000000000;0,0000000000;0,0000000000;0,0000000000;0,0000000000;0,0000000000;0,0000000000;0,0000000000;0,0000000000;0,0000000000;1;0, 0, 0, 0, 0, 0, 0, 0;0, 0, 0, 0, 0, 0, 0, 0, 0, 0, 0, 0, 0, 0, 0, 0, 0, 0, 0, 0, 0, 0, 0, 0, 0;Europe/Paris;NA
2022-09-01T00:00:00Z;-1;9000003703;hourly;0,0000000000;0,0000000000;0,0000000000;0,0000000000;0,0000000000;0,0000000000;0,0000000000;0,0000000000;0,0000000000;0,0000000000;0,0000000000;0,0000000000;0,0000000000;1;0, 0, 0, 0, 0, 0, 0, 0;0, 0, 0, 0, 0, 0, 0, 0, 0, 0, 0, 0, 0, 0, 0, 0, 0, 0, 0, 0, 0, 0, 0, 0, 0;Europe/Paris;NA
2022-09-01T01:00:00Z;-1;9000003703;hourly;0,0000000000;0,0000000000;0,0000000000;0,0000000000;0,0000000000;0,0000000000;0,0000000000;0,0000000000;0,0000000000;0,0000000000;0,0000000000;0,0000000000;0,0000000000;1;0, 0, 0, 0, 0, 0, 0, 0;0, 0, 0, 0, 0, 0, 0, 0, 0, 0, 0, 0, 0, 0, 0, 0, 0, 0, 0, 0, 0, 0, 0, 0, 0;Europe/Paris;NA
2022-09-01T02:00:00Z;-1;9000003703;hourly;0,0000000000;0,0000000000;0,0000000000;0,0000000000;0,0000000000;0,0000000000;0,0000000000;0,0000000000;0,0000000000;0,0000000000;0,0000000000;0,0000000000;0,0000000000;1;0, 0, 0, 0, 0, 0, 0, 0;0, 0, 0, 0, 0, 0, 0, 0, 0, 0, 0, 0, 0, 0, 0, 0, 0, 0, 0, 0, 0, 0, 0, 0, 0;Europe/Paris;NA
2022-09-01T03:00:00Z;-1;9000003703;hourly;0,0000000000;0,0000000000;0,0000000000;0,0000000000;0,0000000000;0,0000000000;0,0000000000;0,0000000000;0,0000000000;0,0000000000;0,0000000000;0,0000000000;0,0000000000;1;0, 0, 0, 0, 0, 0, 0, 0;0, 0, 0, 0, 0, 0, 0, 0, 0, 0, 0, 0, 0, 0, 0, 0, 0, 0, 0, 0, 0, 0, 0, 0, 0;Europe/Paris;NA
2022-09-01T04:00:00Z;-1;9000003703;hourly;0,0000000000;0,0000000000;0,0000000000;0,0000000000;0,0000000000;0,0000000000;0,0000000000;0,0000000000;0,0000000000;0,0000000000;0,0000000000;0,0000000000;0,0000000000;1;0, 0, 0, 0, 0, 0, 0, 0;0, 0, 0, 0, 0, 0, 0, 0, 0, 0, 0, 0, 0, 0, 0, 0, 0, 0, 0, 0, 0, 0, 0, 0, 0;Europe/Paris;NA
2022-09-01T05:00:00Z;-1;9000003703;hourly;0,2791666667;10,7462686567;60,8955223881;0,0000000000;14,3283582090;7,1641791045;3,5820895522;42,9850746269;17,9104477612;0,0000000000;0,0000000000;10,7462686567;3,5820895522;1;0, 0, 29.4117647059, 58.8235294118, 11.7647058824, 0, 0, 0;0, 0, 0, 0, 5.8823529412, 23.5294117647, 23.5294117647, 35.2941176471, 5.8823529412, 5.8823529412, 0, 0, 0, 0, 0, 0, 0, 0, 0, 0, 0, 0, 0, 0, 0;Europe/Paris;37,0
2022-09-01T06:00:00Z;-1;9000003703;hourly;0,5966666667;21,7877094972;134,0782122905;13,4078212291;70,3910614525;3,3519553073;18,4357541899;51,9553072626;82,1229050279;3,3519553073;10,0558659218;41,8994413408;28,4916201117;1;2.5, 11.25, 66.25, 18.75, 1.25, 0, 0, 0;1.25, 1.25, 3.75, 7.5, 31.25, 35, 12.5, 6.25, 1.25, 0, 0, 0, 0, 0, 0, 0, 0, 0, 0, 0, 0, 0, 0, 0, 0;Europe/Paris;29,5
2022-09-01T07:00:00Z;-1;9000003703;hourly;0,6208333333;1,6107382550;93,4228187919;8,0536912752;14,4966442953;0,0000000000;1,6107382550;66,0402684564;27,3825503356;6,4429530201;1,6107382550;6,4429530201;8,0536912752;1;1.724137931, 10.3448275862, 58.6206896552, 25.8620689655, 3.4482758621, 0, 0, 0;1.724137931, 0, 1.724137931, 8.6206896552, 15.5172413793, 43.1034482759, 17.2413793103, 8.6206896552, 1.724137931, 1.724137931, 0, 0, 0, 0, 0, 0, 0, 0, 0, 0, 0, 0, 0, 0, 0;Europe/Paris;31,5
2022-09-01T08:00:00Z;-1;9000003703;hourly;0,6283333333;28,6472148541;39,7877984085;12,7320954907;19,0981432361;3,1830238727;25,4641909814;20,6896551724;19,0981432361;4,7745358090;7,9575596817;3,1830238727;15,9151193634;1;0, 8, 36, 48, 8, 0, 0, 0;0, 0, 0, 8, 16, 20, 40, 8, 8, 0, 0, 0, 0, 0, 0, 0, 0, 0, 0, 0, 0, 0, 0, 0, 0;Europe/Paris;33,0
2022-09-01T09:00:00Z;-1;9000003703;hourly;0,6313888889;4,7514298284;41,1790585130;9,5028596568;0,0000000000;3,1676198856;1,5838099428;17,4219093709;23,7571491421;7,9190497140;1,5838099428;0,0000000000;0,0000000000;1;7.6923076923, 3.8461538462, 46.1538461538, 38.4615384615, 3.8461538462, 0, 0, 0;3.8461538462, 3.8461538462, 0, 3.8461538462, 11.5384615385, 34.6153846154, 23.0769230769, 15.3846153846, 3.8461538462, 0, 0, 0, 0, 0, 0, 0, 0, 0, 0, 0, 0, 0, 0, 0, 0;Europe/Paris;34,0
2022-09-01T10:00:00Z;-1;9000003703;hourly;0,5902777778;3,3882352941;50,8235294118;5,0823529412;3,3882352941;1,6941176471;1,6941176471;15,2470588235;35,5764705882;1,6941176471;3,3882352941;1,6941176471;1,6941176471;1;6.6666666667, 6.6666666667, 33.3333333333, 40, 13.3333333333, 0, 0, 0;3.3333333333, 3.3333333333, 3.3333333333, 3.3333333333, 6.6666666667, 26.6666666667, 33.3333333333, 6.6666666667, 13.3333333333, 0, 0, 0, 0, 0, 0, 0, 0, 0, 0, 0, 0, 0, 0, 0, 0;Europe/Paris;36,5
2022-09-01T11:00:00Z;-1;9000003703;hourly;0,6094444444;6,5633546035;55,7885141294;8,2041932543;8,2041932543;1,6408386509;4,9225159526;27,8942570647;27,8942570647;3,2816773017;4,9225159526;1,6408386509;6,5633546035;1;5.8823529412, 5.8823529412, 32.3529411765, 41.1764705882, 14.7058823529, 0, 0, 0;5.8823529412, 0, 2.9411764706, 2.9411764706, 11.7647058824, 20.5882352941, 26.4705882353, 14.7058823529, 11.7647058824, 2.9411764706, 0, 0, 0, 0, 0, 0, 0, 0, 0, 0, 0, 0, 0, 0, 0;Europe/Paris;37,5
2022-09-01T12:00:00Z;-1;9000003703;hourly;0,6180555556;4,8539325843;33,9775280899;22,6516853933;1,6179775281;1,6179775281;3,2359550562;12,9438202247;21,0337078652;14,5617977528;8,0898876404;1,6179775281;0,0000000000;1;9.5238095238, 0, 42.8571428571, 33.3333333333, 9.5238095238, 4.7619047619, 0, 0;9.5238095238, 0, 0, 0, 19.0476190476, 23.8095238095, 14.2857142857, 19.0476190476, 9.5238095238, 0, 0, 4.7619047619, 0, 0, 0, 0, 0, 0, 0, 0, 0, 0, 0, 0, 0;Europe/Paris;37,5
2022-09-01T13:00:00Z;-1;9000003703;hourly;0,6533333333;0,0000000000;30,6122448980;27,5510204082;3,0612244898;0,0000000000;0,0000000000;13,7755102041;16,8367346939;4,5918367347;22,9591836735;3,0612244898;0,0000000000;1;10, 15, 35, 40, 0, 0, 0, 0;5, 5, 5, 10, 15, 20, 25, 15, 0, 0, 0, 0, 0, 0, 0, 0, 0, 0, 0, 0, 0, 0, 0, 0, 0;Europe/Paris;32,5
2022-09-01T14:00:00Z;-1;9000003703;hourly;0,6494444444;7,6988879384;52,3524379812;66,2104362703;6,1591103507;3,0795551754;4,6193327630;16,9375534645;35,4148845167;12,3182207015;53,8922155689;3,0795551754;3,0795551754;1;5.8823529412, 14.7058823529, 50, 29.4117647059, 0, 0, 0, 0;2.9411764706, 2.9411764706, 2.9411764706, 11.7647058824, 17.6470588235, 32.3529411765, 14.7058823529, 14.7058823529, 0, 0, 0, 0, 0, 0, 0, 0, 0, 0, 0, 0, 0, 0, 0, 0, 0;Europe/Paris;32,5
2022-09-01T15:00:00Z;-1;9000003703;hourly;0,6513888889;9,2110874200;93,6460554371;23,0277185501;16,8869936034;6,1407249467;3,0703624733;24,5628997868;69,0831556503;12,2814498934;10,7462686567;9,2110874200;7,6759061834;1;3.2786885246, 14.7540983607, 36.0655737705, 36.0655737705, 6.5573770492, 1.6393442623, 0, 1.6393442623;1.6393442623, 1.6393442623, 3.2786885246, 11.4754098361, 13.1147540984, 22.9508196721, 24.5901639344, 11.4754098361, 6.5573770492, 0, 0, 1.6393442623, 0, 0, 0, 0, 0, 0, 0, 1.6393442623, 0, 0, 0, 0, 0;Europe/Paris;35,0
2022-09-01T16:00:00Z;-1;9000003703;hourly;0,6741666667;8,8998763906;57,8491965389;4,4499381953;4,4499381953;1,4833127318;7,4165636588;13,3498145859;44,4993819530;4,4499381953;0,0000000000;4,4499381953;0,0000000000;1;7.6923076923, 5.1282051282, 43.5897435897, 35.8974358974, 7.6923076923, 0, 0, 0;5.1282051282, 2.5641025641, 2.5641025641, 2.5641025641, 15.3846153846, 28.2051282051, 23.0769230769, 12.8205128205, 5.1282051282, 2.5641025641, 0, 0, 0, 0, 0, 0, 0, 0, 0, 0, 0, 0, 0, 0, 0;Europe/Paris;34,5
2022-09-01T17:00:00Z;-1;9000003703;hourly;0,6402777778;1,5618221258;64,0347071584;4,6854663774;10,9327548807;1,5618221258;0,0000000000;15,6182212581;48,4164859002;3,1236442516;1,5618221258;6,2472885033;4,6854663774;1;0, 2.4390243902, 26.8292682927, 63.4146341463, 7.3170731707, 0, 0, 0;0, 0, 2.4390243902, 0, 7.3170731707, 19.512195122, 26.8292682927, 36.5853658537, 7.3170731707, 0, 0, 0, 0, 0, 0, 0, 0, 0, 0, 0, 0, 0, 0, 0, 0;Europe/Paris;36,5
2022-09-01T18:00:00Z;-1;9000003703;hourly;0,5175000000;1,9323671498;32,8502415459;1,9323671498;1,9323671498;1,9323671498;0,0000000000;13,5265700483;19,3236714976;0,0000000000;1,9323671498;1,9323671498;0,0000000000;1;0, 5.8823529412, 29.4117647059, 41.1764705882, 23.5294117647, 0, 0, 0;0, 0, 5.8823529412, 0, 5.8823529412, 23.5294117647, 29.4117647059, 11.7647058824, 17.6470588235, 5.8823529412, 0, 0, 0, 0, 0, 0, 0, 0, 0, 0, 0, 0, 0, 0, 0;Europe/Paris;40,0
2022-09-01T19:00:00Z;-1;9000003703;hourly;0,0000000000;0,0000000000;0,0000000000;0,0000000000;0,0000000000;0,0000000000;0,0000000000;0,0000000000;0,0000000000;0,0000000000;0,0000000000;0,0000000000;0,0000000000;1;0, 0, 0, 0, 0, 0, 0, 0;0, 0, 0, 0, 0, 0, 0, 0, 0, 0, 0, 0, 0, 0, 0, 0, 0, 0, 0, 0, 0, 0, 0, 0, 0;Europe/Paris;NA
2022-09-01T20:00:00Z;-1;9000003703;hourly;0,0000000000;0,0000000000;0,0000000000;0,0000000000;0,0000000000;0,0000000000;0,0000000000;0,0000000000;0,0000000000;0,0000000000;0,0000000000;0,0000000000;0,0000000000;1;0, 0, 0, 0, 0, 0, 0, 0;0, 0, 0, 0, 0, 0, 0, 0, 0, 0, 0, 0, 0, 0, 0, 0, 0, 0, 0, 0, 0, 0, 0, 0, 0;Europe/Paris;NA
2022-09-01T21:00:00Z;-1;9000003703;hourly;0,0000000000;0,0000000000;0,0000000000;0,0000000000;0,0000000000;0,0000000000;0,0000000000;0,0000000000;0,0000000000;0,0000000000;0,0000000000;0,0000000000;0,0000000000;1;0, 0, 0, 0, 0, 0, 0, 0;0, 0, 0, 0, 0, 0, 0, 0, 0, 0, 0, 0, 0, 0, 0, 0, 0, 0, 0, 0, 0, 0, 0, 0, 0;Europe/Paris;NA
2022-09-01T23:00:00Z;-1;9000003703;hourly;0,0000000000;0,0000000000;0,0000000000;0,0000000000;0,0000000000;0,0000000000;0,0000000000;0,0000000000;0,0000000000;0,0000000000;0,0000000000;0,0000000000;0,0000000000;1;0, 0, 0, 0, 0, 0, 0, 0;0, 0, 0, 0, 0, 0, 0, 0, 0, 0, 0, 0, 0, 0, 0, 0, 0, 0, 0, 0, 0, 0, 0, 0, 0;Europe/Paris;NA
2022-09-02T00:00:00Z;-1;9000003703;hourly;0,0000000000;0,0000000000;0,0000000000;0,0000000000;0,0000000000;0,0000000000;0,0000000000;0,0000000000;0,0000000000;0,0000000000;0,0000000000;0,0000000000;0,0000000000;1;0, 0, 0, 0, 0, 0, 0, 0;0, 0, 0, 0, 0, 0, 0, 0, 0, 0, 0, 0, 0, 0, 0, 0, 0, 0, 0, 0, 0, 0, 0, 0, 0;Europe/Paris;NA
2022-09-02T01:00:00Z;-1;9000003703;hourly;0,0000000000;0,0000000000;0,0000000000;0,0000000000;0,0000000000;0,0000000000;0,0000000000;0,0000000000;0,0000000000;0,0000000000;0,0000000000;0,0000000000;0,0000000000;1;0, 0, 0, 0, 0, 0, 0, 0;0, 0, 0, 0, 0, 0, 0, 0, 0, 0, 0, 0, 0, 0, 0, 0, 0, 0, 0, 0, 0, 0, 0, 0, 0;Europe/Paris;NA
2022-09-02T02:00:00Z;-1;9000003703;hourly;0,0000000000;0,0000000000;0,0000000000;0,0000000000;0,0000000000;0,0000000000;0,0000000000;0,0000000000;0,0000000000;0,0000000000;0,0000000000;0,0000000000;0,0000000000;1;0, 0, 0, 0, 0, 0, 0, 0;0, 0, 0, 0, 0, 0, 0, 0, 0, 0, 0, 0, 0, 0, 0, 0, 0, 0, 0, 0, 0, 0, 0, 0, 0;Europe/Paris;NA
2022-09-02T03:00:00Z;-1;9000003703;hourly;0,0000000000;0,0000000000;0,0000000000;0,0000000000;0,0000000000;0,0000000000;0,0000000000;0,0000000000;0,0000000000;0,0000000000;0,0000000000;0,0000000000;0,0000000000;1;0, 0, 0, 0, 0, 0, 0, 0;0, 0, 0, 0, 0, 0, 0, 0, 0, 0, 0, 0, 0, 0, 0, 0, 0, 0, 0, 0, 0, 0, 0, 0, 0;Europe/Paris;NA
2022-09-02T04:00:00Z;-1;9000003703;hourly;0,0000000000;0,0000000000;0,0000000000;0,0000000000;0,0000000000;0,0000000000;0,0000000000;0,0000000000;0,0000000000;0,0000000000;0,0000000000;0,0000000000;0,0000000000;1;0, 0, 0, 0, 0, 0, 0, 0;0, 0, 0, 0, 0, 0, 0, 0, 0, 0, 0, 0, 0, 0, 0, 0, 0, 0, 0, 0, 0, 0, 0, 0, 0;Europe/Paris;NA
2022-09-02T05:00:00Z;-1;9000003703;hourly;0,1402777778;0,0000000000;14,2574257426;7,1287128713;42,7722772277;0,0000000000;0,0000000000;7,1287128713;7,1287128713;7,1287128713;0,0000000000;21,3861386139;21,3861386139;1;0, 0, 50, 50, 0, 0, 0, 0;0, 0, 0, 0, 0, 50, 50, 0, 0, 0, 0, 0, 0, 0, 0, 0, 0, 0, 0, 0, 0, 0, 0, 0, 0;Europe/Paris;31,0
2022-09-02T06:00:00Z;-1;9000003703;hourly;0,5150000000;31,0679611650;116,5048543689;19,4174757282;50,4854368932;15,5339805825;15,5339805825;73,7864077670;42,7184466019;13,5922330097;5,8252427184;36,8932038835;13,5922330097;1;3.3333333333, 3.3333333333, 31.6666666667, 46.6666666667, 15, 0, 0, 0;3.3333333333, 0, 0, 3.3333333333, 10, 21.6666666667, 26.6666666667, 20, 11.6666666667, 3.3333333333, 0, 0, 0, 0, 0, 0, 0, 0, 0, 0, 0, 0, 0, 0, 0;Europe/Paris;37,5
2022-09-02T07:00:00Z;-1;9000003703;hourly;0,5775000000;31,1688311688;45,0216450216;8,6580086580;5,1948051948;15,5844155844;15,5844155844;13,8528138528;31,1688311688;5,1948051948;3,4632034632;3,4632034632;1,7316017316;1;7.6923076923, 0, 15.3846153846, 50, 26.9230769231, 0, 0, 0;7.6923076923, 0, 0, 0, 3.8461538462, 11.5384615385, 30.7692307692, 19.2307692308, 15.3846153846, 11.5384615385, 0, 0, 0, 0, 0, 0, 0, 0, 0, 0, 0, 0, 0, 0, 0;Europe/Paris;41,5
2022-09-02T08:00:00Z;-1;9000003703;hourly;0,6222222222;20,8928571429;36,9642857143;12,8571428571;35,3571428571;14,4642857143;6,4285714286;9,6428571429;27,3214285714;3,2142857143;9,6428571429;20,8928571429;14,4642857143;1;0, 0, 30.4347826087, 60.8695652174, 8.6956521739, 0, 0, 0;0, 0, 0, 0, 4.347826087, 26.0869565217, 39.1304347826, 21.7391304348, 4.347826087, 4.347826087, 0, 0, 0, 0, 0, 0, 0, 0, 0, 0, 0, 0, 0, 0, 0;Europe/Paris;36,0
2022-09-02T09:00:00Z;-1;9000003703;hourly;0,6400000000;17,1875000000;46,8750000000;12,5000000000;9,3750000000;10,9375000000;6,2500000000;18,7500000000;28,1250000000;9,3750000000;3,1250000000;4,6875000000;4,6875000000;1;3.3333333333, 0, 36.6666666667, 40, 20, 0, 0, 0;0, 3.3333333333, 0, 0, 10, 26.6666666667, 23.3333333333, 16.6666666667, 10, 10, 0, 0, 0, 0, 0, 0, 0, 0, 0, 0, 0, 0, 0, 0, 0;Europe/Paris;40,0
2022-09-02T10:00:00Z;-1;9000003703;hourly;0,5991666667;10,0139082058;61,7524339360;3,3379694019;3,3379694019;6,6759388039;3,3379694019;15,0208623088;46,7315716273;3,3379694019;0,0000000000;0,0000000000;3,3379694019;1;0, 2.7027027027, 29.7297297297, 54.0540540541, 10.8108108108, 2.7027027027, 0, 0;0, 0, 0, 2.7027027027, 5.4054054054, 24.3243243243, 35.1351351351, 18.9189189189, 5.4054054054, 5.4054054054, 2.7027027027, 0, 0, 0, 0, 0, 0, 0, 0, 0, 0, 0, 0, 0, 0;Europe/Paris;37,0
2022-09-02T11:00:00Z;-1;9000003703;hourly;0,6213888889;11,2650871703;45,0603486813;3,2185963344;4,8278945016;3,2185963344;8,0464908359;25,7487706750;19,3115780063;1,6092981672;1,6092981672;1,6092981672;3,2185963344;1;0, 0, 28.5714285714, 50, 21.4285714286, 0, 0, 0;0, 0, 0, 0, 10.7142857143, 17.8571428571, 32.1428571429, 17.8571428571, 21.4285714286, 0, 0, 0, 0, 0, 0, 0, 0, 0, 0, 0, 0, 0, 0, 0, 0;Europe/Paris;39,0
2022-09-02T12:00:00Z;-1;9000003703;hourly;0,6366666667;9,4240837696;51,8324607330;3,1413612565;3,1413612565;7,8534031414;1,5706806283;18,8481675393;32,9842931937;1,5706806283;1,5706806283;1,5706806283;1,5706806283;1;0, 3.0303030303, 24.2424242424, 57.5757575758, 15.1515151515, 0, 0, 0;0, 0, 0, 3.0303030303, 9.0909090909, 15.1515151515, 39.3939393939, 18.1818181818, 15.1515151515, 0, 0, 0, 0, 0, 0, 0, 0, 0, 0, 0, 0, 0, 0, 0, 0;Europe/Paris;37,5
2022-09-02T13:00:00Z;-1;9000003703;hourly;0,6502777778;12,3024348569;35,3695002136;26,1426740709;10,7646304998;7,6890217856;4,6134130713;13,8402392140;21,5292609996;12,3024348569;13,8402392140;3,0756087142;7,6890217856;1;0, 4.347826087, 43.4782608696, 43.4782608696, 8.6956521739, 0, 0, 0;0, 0, 0, 4.347826087, 13.0434782609, 30.4347826087, 21.7391304348, 21.7391304348, 4.347826087, 4.347826087, 0, 0, 0, 0, 0, 0, 0, 0, 0, 0, 0, 0, 0, 0, 0;Europe/Paris;36,0
2022-09-02T14:00:00Z;-1;9000003703;hourly;0,6336111111;20,5173169662;83,6475230162;47,3476545375;44,1911442350;14,2042963612;6,3130206050;37,8781236300;45,7693993862;15,7825515125;31,5651030250;14,2042963612;29,9868478737;1;3.7735849057, 15.0943396226, 35.8490566038, 43.3962264151, 1.8867924528, 0, 0, 0;1.8867924528, 1.8867924528, 5.6603773585, 9.4339622642, 26.4150943396, 9.4339622642, 26.4150943396, 16.9811320755, 1.8867924528, 0, 0, 0, 0, 0, 0, 0, 0, 0, 0, 0, 0, 0, 0, 0, 0;Europe/Paris;33,5
2022-09-02T15:00:00Z;-1;9000003703;hourly;0,6177777778;27,5179856115;103,5971223022;9,7122302158;19,4244604317;25,8992805755;1,6187050360;25,8992805755;77,6978417266;0,0000000000;9,7122302158;12,9496402878;6,4748201439;1;3.125, 4.6875, 25, 51.5625, 14.0625, 1.5625, 0, 0;3.125, 0, 1.5625, 3.125, 10.9375, 14.0625, 35.9375, 15.625, 9.375, 4.6875, 1.5625, 0, 0, 0, 0, 0, 0, 0, 0, 0, 0, 0, 0, 0, 0;Europe/Paris;38,0
2022-09-02T16:00:00Z;-1;9000003703;hourly;0,6266666667;15,9574468085;108,5106382979;15,9574468085;11,1702127660;4,7872340426;11,1702127660;46,2765957447;62,2340425532;4,7872340426;11,1702127660;6,3829787234;4,7872340426;1;14.7058823529, 20.5882352941, 36.7647058824, 22.0588235294, 5.8823529412, 0, 0, 0;11.7647058824, 2.9411764706, 4.4117647059, 16.1764705882, 16.1764705882, 20.5882352941, 14.7058823529, 7.3529411765, 5.8823529412, 0, 0, 0, 0, 0, 0, 0, 0, 0, 0, 0, 0, 0, 0, 0, 0;Europe/Paris;32,0
2022-09-02T17:00:00Z;-1;9000003703;hourly;0,6311111111;4,7535211268;98,2394366197;12,6760563380;9,5070422535;1,5845070423;3,1690140845;38,0281690141;60,2112676056;4,7535211268;7,9225352113;4,7535211268;4,7535211268;1;0, 1.6129032258, 40.3225806452, 48.3870967742, 8.064516129, 0, 1.6129032258, 0;0, 0, 0, 1.6129032258, 11.2903225806, 29.0322580645, 30.6451612903, 17.7419354839, 8.064516129, 0, 0, 0, 0, 1.6129032258, 0, 0, 0, 0, 0, 0, 0, 0, 0, 0, 0;Europe/Paris;36,0
2022-09-02T18:00:00Z;-1;9000003703;hourly;0,5561111111;0,0000000000;41,3586413586;1,7982017982;1,7982017982;0,0000000000;0,0000000000;14,3856143856;26,9730269730;0,0000000000;1,7982017982;1,7982017982;0,0000000000;1;4.347826087, 4.347826087, 13.0434782609, 78.2608695652, 0, 0, 0, 0;4.347826087, 0, 0, 4.347826087, 0, 13.0434782609, 43.4782608696, 34.7826086957, 0, 0, 0, 0, 0, 0, 0, 0, 0, 0, 0, 0, 0, 0, 0, 0, 0;Europe/Paris;35,5
2022-09-02T19:00:00Z;-1;9000003703;hourly;0,0000000000;0,0000000000;0,0000000000;0,0000000000;0,0000000000;0,0000000000;0,0000000000;0,0000000000;0,0000000000;0,0000000000;0,0000000000;0,0000000000;0,0000000000;1;0, 0, 0, 0, 0, 0, 0, 0;0, 0, 0, 0, 0, 0, 0, 0, 0, 0, 0, 0, 0, 0, 0, 0, 0, 0, 0, 0, 0, 0, 0, 0, 0;Europe/Paris;NA
2022-09-02T20:00:00Z;-1;9000003703;hourly;0,0000000000;0,0000000000;0,0000000000;0,0000000000;0,0000000000;0,0000000000;0,0000000000;0,0000000000;0,0000000000;0,0000000000;0,0000000000;0,0000000000;0,0000000000;1;0, 0, 0, 0, 0, 0, 0, 0;0, 0, 0, 0, 0, 0, 0, 0, 0, 0, 0, 0, 0, 0, 0, 0, 0, 0, 0, 0, 0, 0, 0, 0, 0;Europe/Paris;NA
2022-09-02T21:00:00Z;-1;9000003703;hourly;0,0000000000;0,0000000000;0,0000000000;0,0000000000;0,0000000000;0,0000000000;0,0000000000;0,0000000000;0,0000000000;0,0000000000;0,0000000000;0,0000000000;0,0000000000;1;0, 0, 0, 0, 0, 0, 0, 0;0, 0, 0, 0, 0, 0, 0, 0, 0, 0, 0, 0, 0, 0, 0, 0, 0, 0, 0, 0, 0, 0, 0, 0, 0;Europe/Paris;NA
2022-09-02T23:00:00Z;-1;9000003703;hourly;0,0000000000;0,0000000000;0,0000000000;0,0000000000;0,0000000000;0,0000000000;0,0000000000;0,0000000000;0,0000000000;0,0000000000;0,0000000000;0,0000000000;0,0000000000;1;0, 0, 0, 0, 0, 0, 0, 0;0, 0, 0, 0, 0, 0, 0, 0, 0, 0, 0, 0, 0, 0, 0, 0, 0, 0, 0, 0, 0, 0, 0, 0, 0;Europe/Paris;NA
2022-09-03T00:00:00Z;-1;9000003703;hourly;0,0000000000;0,0000000000;0,0000000000;0,0000000000;0,0000000000;0,0000000000;0,0000000000;0,0000000000;0,0000000000;0,0000000000;0,0000000000;0,0000000000;0,0000000000;1;0, 0, 0, 0, 0, 0, 0, 0;0, 0, 0, 0, 0, 0, 0, 0, 0, 0, 0, 0, 0, 0, 0, 0, 0, 0, 0, 0, 0, 0, 0, 0, 0;Europe/Paris;NA
2022-09-03T01:00:00Z;-1;9000003703;hourly;0,0000000000;0,0000000000;0,0000000000;0,0000000000;0,0000000000;0,0000000000;0,0000000000;0,0000000000;0,0000000000;0,0000000000;0,0000000000;0,0000000000;0,0000000000;1;0, 0, 0, 0, 0, 0, 0, 0;0, 0, 0, 0, 0, 0, 0, 0, 0, 0, 0, 0, 0, 0, 0, 0, 0, 0, 0, 0, 0, 0, 0, 0, 0;Europe/Paris;NA
2022-09-03T02:00:00Z;-1;9000003703;hourly;0,0000000000;0,0000000000;0,0000000000;0,0000000000;0,0000000000;0,0000000000;0,0000000000;0,0000000000;0,0000000000;0,0000000000;0,0000000000;0,0000000000;0,0000000000;1;0, 0, 0, 0, 0, 0, 0, 0;0, 0, 0, 0, 0, 0, 0, 0, 0, 0, 0, 0, 0, 0, 0, 0, 0, 0, 0, 0, 0, 0, 0, 0, 0;Europe/Paris;NA
2022-09-03T03:00:00Z;-1;9000003703;hourly;0,0000000000;0,0000000000;0,0000000000;0,0000000000;0,0000000000;0,0000000000;0,0000000000;0,0000000000;0,0000000000;0,0000000000;0,0000000000;0,0000000000;0,0000000000;1;0, 0, 0, 0, 0, 0, 0, 0;0, 0, 0, 0, 0, 0, 0, 0, 0, 0, 0, 0, 0, 0, 0, 0, 0, 0, 0, 0, 0, 0, 0, 0, 0;Europe/Paris;NA
2022-09-03T04:00:00Z;-1;9000003703;hourly;0,0000000000;0,0000000000;0,0000000000;0,0000000000;0,0000000000;0,0000000000;0,0000000000;0,0000000000;0,0000000000;0,0000000000;0,0000000000;0,0000000000;0,0000000000;1;0, 0, 0, 0, 0, 0, 0, 0;0, 0, 0, 0, 0, 0, 0, 0, 0, 0, 0, 0, 0, 0, 0, 0, 0, 0, 0, 0, 0, 0, 0, 0, 0;Europe/Paris;NA
2022-09-03T05:00:00Z;-1;9000003703;hourly;0,0975000000;0,0000000000;71,7948717949;0,0000000000;0,0000000000;0,0000000000;0,0000000000;30,7692307692;41,0256410256;0,0000000000;0,0000000000;0,0000000000;0,0000000000;1;0, 0, 28.5714285714, 42.8571428571, 28.5714285714, 0, 0, 0;0, 0, 0, 0, 14.2857142857, 14.2857142857, 42.8571428571, 0, 14.2857142857, 14.2857142857, 0, 0, 0, 0, 0, 0, 0, 0, 0, 0, 0, 0, 0, 0, 0;Europe/Paris;42,5
2022-09-03T06:00:00Z;-1;9000003703;hourly;0,5325000000;3,7558685446;76,9953051643;1,8779342723;13,1455399061;0,0000000000;3,7558685446;11,2676056338;65,7276995305;0,0000000000;1,8779342723;3,7558685446;9,3896713615;1;0, 7.3170731707, 31.7073170732, 46.3414634146, 14.6341463415, 0, 0, 0;0, 0, 2.4390243902, 4.8780487805, 4.8780487805, 26.8292682927, 29.2682926829, 17.0731707317, 12.1951219512, 2.4390243902, 0, 0, 0, 0, 0, 0, 0, 0, 0, 0, 0, 0, 0, 0, 0;Europe/Paris;37,5
2022-09-03T07:00:00Z;-1;9000003703;hourly;0,5427777778;49,7441146366;163,9713408393;18,4237461617;22,1084953941;33,1627430911;16,5813715455;58,9559877175;105,0153531218;3,6847492323;14,7389969294;7,3694984647;14,7389969294;1;5.6179775281, 17.9775280899, 47.191011236, 23.595505618, 5.6179775281, 0, 0, 0;2.2471910112, 3.3707865169, 5.6179775281, 12.3595505618, 25.8426966292, 21.3483146067, 15.7303370787, 7.8651685393, 3.3707865169, 2.2471910112, 0, 0, 0, 0, 0, 0, 0, 0, 0, 0, 0, 0, 0, 0, 0;Europe/Paris;32,0
2022-09-03T08:00:00Z;-1;9000003703;hourly;0,5966666667;55,3072625698;145,8100558659;38,5474860335;58,6592178771;36,8715083799;18,4357541899;72,0670391061;73,7430167598;25,1396648045;13,4078212291;30,1675977654;28,4916201117;1;3.4482758621, 13.7931034483, 52.8735632184, 26.4367816092, 3.4482758621, 0, 0, 0;1.1494252874, 2.2988505747, 1.1494252874, 12.6436781609, 24.1379310345, 28.7356321839, 20.6896551724, 5.7471264368, 1.1494252874, 2.2988505747, 0, 0, 0, 0, 0, 0, 0, 0, 0, 0, 0, 0, 0, 0, 0;Europe/Paris;31,0
2022-09-03T09:00:00Z;-1;9000003703;hourly;0,6036111111;16,5669581224;220,3405430281;102,7151403590;53,0142659917;6,6267832490;9,9401748734;110,9986194202;109,3419236079;49,7008743672;53,0142659917;41,4173953060;11,5968706857;1;10.5263157895, 13.5338345865, 54.1353383459, 18.7969924812, 2.2556390977, 0.7518796992, 0, 0;4.5112781955, 6.015037594, 6.015037594, 7.5187969925, 27.8195488722, 26.3157894737, 13.5338345865, 5.2631578947, 2.2556390977, 0, 0, 0.7518796992, 0, 0, 0, 0, 0, 0, 0, 0, 0, 0, 0, 0, 0;Europe/Paris;30,0
2022-09-03T10:00:00Z;-1;9000003703;hourly;0,5938888889;11,7867165575;127,9700654818;33,6763330215;35,3601496726;1,6838166511;10,1028999065;74,0879326473;53,8821328344;26,9410664172;6,7352666043;23,5734331151;11,7867165575;1;7.8947368421, 17.1052631579, 39.4736842105, 31.5789473684, 3.9473684211, 0, 0, 0;6.5789473684, 1.3157894737, 5.2631578947, 11.8421052632, 19.7368421053, 19.7368421053, 18.4210526316, 13.1578947368, 1.3157894737, 2.6315789474, 0, 0, 0, 0, 0, 0, 0, 0, 0, 0, 0, 0, 0, 0, 0;Europe/Paris;33,5
2022-09-03T11:00:00Z;-1;9000003703;hourly;0,5941666667;1,6830294530;55,5399719495;45,4417952314;13,4642356241;0,0000000000;1,6830294530;33,6605890603;21,8793828892;26,9284712482;18,5133239832;6,7321178121;6,7321178121;1;24.2424242424, 21.2121212121, 18.1818181818, 24.2424242424, 12.1212121212, 0, 0, 0;18.1818181818, 6.0606060606, 3.0303030303, 18.1818181818, 6.0606060606, 12.1212121212, 9.0909090909, 15.1515151515, 12.1212121212, 0, 0, 0, 0, 0, 0, 0, 0, 0, 0, 0, 0, 0, 0, 0, 0;Europe/Paris;36,5
2022-09-03T12:00:00Z;-1;9000003703;hourly;0,6577777778;6,0810810811;60,8108108108;18,2432432432;4,5608108108;1,5202702703;4,5608108108;21,2837837838;39,5270270270;6,0810810811;12,1621621622;4,5608108108;0,0000000000;1;5, 7.5, 40, 30, 10, 2.5, 0, 5;5, 0, 0, 7.5, 12.5, 27.5, 12.5, 17.5, 0, 10, 2.5, 0, 0, 0, 0, 2.5, 0, 0, 0, 0, 0, 0, 0, 0, 2.5;Europe/Paris;43,5
2022-09-03T13:00:00Z;-1;9000003703;hourly;0,6227777778;4,8171275647;38,5370205174;30,5084745763;3,2114183764;1,6057091882;3,2114183764;16,0570918822;22,4799286351;4,8171275647;25,6913470116;0,0000000000;3,2114183764;1;0, 4.1666666667, 41.6666666667, 50, 4.1666666667, 0, 0, 0;0, 0, 0, 4.1666666667, 16.6666666667, 25, 45.8333333333, 4.1666666667, 4.1666666667, 0, 0, 0, 0, 0, 0, 0, 0, 0, 0, 0, 0, 0, 0, 0, 0;Europe/Paris;32,0
2022-09-03T14:00:00Z;-1;9000003703;hourly;0,6436111111;4,6611998274;26,4134656884;32,6283987915;3,1074665516;0,0000000000;4,6611998274;9,3223996547;17,0910660337;3,1074665516;29,5209322400;1,5537332758;1,5537332758;1;5.8823529412, 29.4117647059, 35.2941176471, 17.6470588235, 11.7647058824, 0, 0, 0;0, 5.8823529412, 5.8823529412, 23.5294117647, 5.8823529412, 29.4117647059, 5.8823529412, 11.7647058824, 11.7647058824, 0, 0, 0, 0, 0, 0, 0, 0, 0, 0, 0, 0, 0, 0, 0, 0;Europe/Paris;36,0
2022-09-03T15:00:00Z;-1;9000003703;hourly;0,6375000000;7,8431372549;69,0196078431;9,4117647059;6,2745098039;1,5686274510;6,2745098039;29,8039215686;39,2156862745;6,2745098039;3,1372549020;4,7058823529;1,5686274510;1;2.2727272727, 18.1818181818, 43.1818181818, 31.8181818182, 4.5454545455, 0, 0, 0;0, 2.2727272727, 2.2727272727, 15.9090909091, 13.6363636364, 29.5454545455, 22.7272727273, 9.0909090909, 4.5454545455, 0, 0, 0, 0, 0, 0, 0, 0, 0, 0, 0, 0, 0, 0, 0, 0;Europe/Paris;32,0
2022-09-03T16:00:00Z;-1;9000003703;hourly;0,6427777778;3,1114952463;37,3379429559;12,4459809853;4,6672428695;0,0000000000;3,1114952463;18,6689714780;18,6689714780;6,2229904927;6,2229904927;3,1114952463;1,5557476232;1;16.6666666667, 20.8333333333, 41.6666666667, 20.8333333333, 0, 0, 0, 0;16.6666666667, 0, 4.1666666667, 16.6666666667, 20.8333333333, 20.8333333333, 16.6666666667, 4.1666666667, 0, 0, 0, 0, 0, 0, 0, 0, 0, 0, 0, 0, 0, 0, 0, 0, 0;Europe/Paris;29,0
2022-09-03T17:00:00Z;-1;9000003703;hourly;0,3813888889;5,2439912600;44,5739257101;5,2439912600;18,3539694101;0,0000000000;5,2439912600;13,1099781500;31,4639475601;5,2439912600;0,0000000000;7,8659868900;10,4879825200;1;5.8823529412, 0, 41.1764705882, 47.0588235294, 5.8823529412, 0, 0, 0;5.8823529412, 0, 0, 0, 5.8823529412, 35.2941176471, 35.2941176471, 11.7647058824, 0, 5.8823529412, 0, 0, 0, 0, 0, 0, 0, 0, 0, 0, 0, 0, 0, 0, 0;Europe/Paris;33,5
2022-09-03T18:00:00Z;-1;9000003703;hourly;0,0000000000;0,0000000000;0,0000000000;0,0000000000;0,0000000000;0,0000000000;0,0000000000;0,0000000000;0,0000000000;0,0000000000;0,0000000000;0,0000000000;0,0000000000;1;0, 0, 0, 0, 0, 0, 0, 0;0, 0, 0, 0, 0, 0, 0, 0, 0, 0, 0, 0, 0, 0, 0, 0, 0, 0, 0, 0, 0, 0, 0, 0, 0;Europe/Paris;NA
2022-09-03T19:00:00Z;-1;9000003703;hourly;0,0000000000;0,0000000000;0,0000000000;0,0000000000;0,0000000000;0,0000000000;0,0000000000;0,0000000000;0,0000000000;0,0000000000;0,0000000000;0,0000000000;0,0000000000;1;0, 0, 0, 0, 0, 0, 0, 0;0, 0, 0, 0, 0, 0, 0, 0, 0, 0, 0, 0, 0, 0, 0, 0, 0, 0, 0, 0, 0, 0, 0, 0, 0;Europe/Paris;NA
2022-09-03T20:00:00Z;-1;9000003703;hourly;0,0000000000;0,0000000000;0,0000000000;0,0000000000;0,0000000000;0,0000000000;0,0000000000;0,0000000000;0,0000000000;0,0000000000;0,0000000000;0,0000000000;0,0000000000;1;0, 0, 0, 0, 0, 0, 0, 0;0, 0, 0, 0, 0, 0, 0, 0, 0, 0, 0, 0, 0, 0, 0, 0, 0, 0, 0, 0, 0, 0, 0, 0, 0;Europe/Paris;NA
2022-09-03T21:00:00Z;-1;9000003703;hourly;0,0000000000;0,0000000000;0,0000000000;0,0000000000;0,0000000000;0,0000000000;0,0000000000;0,0000000000;0,0000000000;0,0000000000;0,0000000000;0,0000000000;0,0000000000;1;0, 0, 0, 0, 0, 0, 0, 0;0, 0, 0, 0, 0, 0, 0, 0, 0, 0, 0, 0, 0, 0, 0, 0, 0, 0, 0, 0, 0, 0, 0, 0, 0;Europe/Paris;NA
2022-09-03T23:00:00Z;-1;9000003703;hourly;0,0000000000;0,0000000000;0,0000000000;0,0000000000;0,0000000000;0,0000000000;0,0000000000;0,0000000000;0,0000000000;0,0000000000;0,0000000000;0,0000000000;0,0000000000;1;0, 0, 0, 0, 0, 0, 0, 0;0, 0, 0, 0, 0, 0, 0, 0, 0, 0, 0, 0, 0, 0, 0, 0, 0, 0, 0, 0, 0, 0, 0, 0, 0;Europe/Paris;NA
2022-09-04T00:00:00Z;-1;9000003703;hourly;0,0000000000;0,0000000000;0,0000000000;0,0000000000;0,0000000000;0,0000000000;0,0000000000;0,0000000000;0,0000000000;0,0000000000;0,0000000000;0,0000000000;0,0000000000;1;0, 0, 0, 0, 0, 0, 0, 0;0, 0, 0, 0, 0, 0, 0, 0, 0, 0, 0, 0, 0, 0, 0, 0, 0, 0, 0, 0, 0, 0, 0, 0, 0;Europe/Paris;NA
2022-09-04T01:00:00Z;-1;9000003703;hourly;0,0000000000;0,0000000000;0,0000000000;0,0000000000;0,0000000000;0,0000000000;0,0000000000;0,0000000000;0,0000000000;0,0000000000;0,0000000000;0,0000000000;0,0000000000;1;0, 0, 0, 0, 0, 0, 0, 0;0, 0, 0, 0, 0, 0, 0, 0, 0, 0, 0, 0, 0, 0, 0, 0, 0, 0, 0, 0, 0, 0, 0, 0, 0;Europe/Paris;NA
2022-09-04T02:00:00Z;-1;9000003703;hourly;0,0000000000;0,0000000000;0,0000000000;0,0000000000;0,0000000000;0,0000000000;0,0000000000;0,0000000000;0,0000000000;0,0000000000;0,0000000000;0,0000000000;0,0000000000;1;0, 0, 0, 0, 0, 0, 0, 0;0, 0, 0, 0, 0, 0, 0, 0, 0, 0, 0, 0, 0, 0, 0, 0, 0, 0, 0, 0, 0, 0, 0, 0, 0;Europe/Paris;NA
2022-09-04T03:00:00Z;-1;9000003703;hourly;0,0000000000;0,0000000000;0,0000000000;0,0000000000;0,0000000000;0,0000000000;0,0000000000;0,0000000000;0,0000000000;0,0000000000;0,0000000000;0,0000000000;0,0000000000;1;0, 0, 0, 0, 0, 0, 0, 0;0, 0, 0, 0, 0, 0, 0, 0, 0, 0, 0, 0, 0, 0, 0, 0, 0, 0, 0, 0, 0, 0, 0, 0, 0;Europe/Paris;NA
2022-09-04T04:00:00Z;-1;9000003703;hourly;0,0000000000;0,0000000000;0,0000000000;0,0000000000;0,0000000000;0,0000000000;0,0000000000;0,0000000000;0,0000000000;0,0000000000;0,0000000000;0,0000000000;0,0000000000;1;0, 0, 0, 0, 0, 0, 0, 0;0, 0, 0, 0, 0, 0, 0, 0, 0, 0, 0, 0, 0, 0, 0, 0, 0, 0, 0, 0, 0, 0, 0, 0, 0;Europe/Paris;NA
2022-09-04T05:00:00Z;-1;9000003703;hourly;0,0000000000;0,0000000000;0,0000000000;0,0000000000;0,0000000000;0,0000000000;0,0000000000;0,0000000000;0,0000000000;0,0000000000;0,0000000000;0,0000000000;0,0000000000;1;0, 0, 0, 0, 0, 0, 0, 0;0, 0, 0, 0, 0, 0, 0, 0, 0, 0, 0, 0, 0, 0, 0, 0, 0, 0, 0, 0, 0, 0, 0, 0, 0;Europe/Paris;NA
2022-09-04T06:00:00Z;-1;9000003703;hourly;0,0000000000;0,0000000000;0,0000000000;0,0000000000;0,0000000000;0,0000000000;0,0000000000;0,0000000000;0,0000000000;0,0000000000;0,0000000000;0,0000000000;0,0000000000;1;0, 0, 0, 0, 0, 0, 0, 0;0, 0, 0, 0, 0, 0, 0, 0, 0, 0, 0, 0, 0, 0, 0, 0, 0, 0, 0, 0, 0, 0, 0, 0, 0;Europe/Paris;NA
2022-09-04T07:00:00Z;-1;9000003703;hourly;0,0000000000;0,0000000000;0,0000000000;0,0000000000;0,0000000000;0,0000000000;0,0000000000;0,0000000000;0,0000000000;0,0000000000;0,0000000000;0,0000000000;0,0000000000;1;0, 0, 0, 0, 0, 0, 0, 0;0, 0, 0, 0, 0, 0, 0, 0, 0, 0, 0, 0, 0, 0, 0, 0, 0, 0, 0, 0, 0, 0, 0, 0, 0;Europe/Paris;NA
2022-09-04T08:00:00Z;-1;9000003703;hourly;0,5497222222;16,3719050025;36,3820111167;21,8292066700;18,1910055584;5,4573016675;10,9146033350;14,5528044467;21,8292066700;16,3719050025;5,4573016675;16,3719050025;1,8191005558;1;10, 15, 25, 40, 10, 0, 0, 0;5, 5, 0, 15, 5, 20, 30, 10, 10, 0, 0, 0, 0, 0, 0, 0, 0, 0, 0, 0, 0, 0, 0, 0, 0;Europe/Paris;35,0
2022-09-04T09:00:00Z;-1;9000003703;hourly;0,5905555556;1,6933207902;44,0263405456;23,7064910630;23,7064910630;1,6933207902;0,0000000000;18,6265286924;25,3998118532;10,1599247413;13,5465663217;8,4666039511;15,2398871119;1;0, 3.8461538462, 53.8461538462, 42.3076923077, 0, 0, 0, 0;0, 0, 0, 3.8461538462, 23.0769230769, 30.7692307692, 38.4615384615, 3.8461538462, 0, 0, 0, 0, 0, 0, 0, 0, 0, 0, 0, 0, 0, 0, 0, 0, 0;Europe/Paris;31,0
2022-09-04T10:00:00Z;-1;9000003703;hourly;0,5791666667;0,0000000000;53,5251798561;17,2661870504;1,7266187050;0,0000000000;0,0000000000;29,3525179856;24,1726618705;3,4532374101;13,8129496403;0,0000000000;1,7266187050;1;6.4516129032, 3.2258064516, 38.7096774194, 45.1612903226, 6.4516129032, 0, 0, 0;3.2258064516, 3.2258064516, 0, 3.2258064516, 16.1290322581, 22.5806451613, 22.5806451613, 22.5806451613, 3.2258064516, 3.2258064516, 0, 0, 0, 0, 0, 0, 0, 0, 0, 0, 0, 0, 0, 0, 0;Europe/Paris;35,5
2022-09-04T11:00:00Z;-1;9000003703;hourly;0,6263888889;9,5787139690;23,9467849224;4,7893569845;1,5964523282;0,0000000000;9,5787139690;3,1929046563;20,7538802661;3,1929046563;1,5964523282;0,0000000000;1,5964523282;1;6.6666666667, 13.3333333333, 33.3333333333, 46.6666666667, 0, 0, 0, 0;6.6666666667, 0, 6.6666666667, 6.6666666667, 13.3333333333, 20, 26.6666666667, 20, 0, 0, 0, 0, 0, 0, 0, 0, 0, 0, 0, 0, 0, 0, 0, 0, 0;Europe/Paris;33,5
2022-09-04T12:00:00Z;-1;9000003703;hourly;0,6322222222;3,1634446397;26,8892794376;49,0333919156;0,0000000000;1,5817223199;1,5817223199;7,9086115993;18,9806678383;11,0720562390;37,9613356766;0,0000000000;0,0000000000;1;29.4117647059, 5.8823529412, 29.4117647059, 23.5294117647, 11.7647058824, 0, 0, 0;23.5294117647, 5.8823529412, 0, 5.8823529412, 5.8823529412, 23.5294117647, 23.5294117647, 0, 11.7647058824, 0, 0, 0, 0, 0, 0, 0, 0, 0, 0, 0, 0, 0, 0, 0, 0;Europe/Paris;32,0
2022-09-04T13:00:00Z;-1;9000003703;hourly;0,6366666667;6,2827225131;31,4136125654;45,5497382199;1,5706806283;0,0000000000;6,2827225131;14,1361256545;17,2774869110;3,1413612565;42,4083769634;1,5706806283;0,0000000000;1;25, 5, 35, 30, 5, 0, 0, 0;20, 5, 0, 5, 15, 20, 30, 0, 0, 5, 0, 0, 0, 0, 0, 0, 0, 0, 0, 0, 0, 0, 0, 0, 0;Europe/Paris;31,0
2022-09-04T14:00:00Z;-1;9000003703;hourly;0,6466666667;7,7319587629;24,7422680412;35,5670103093;1,5463917526;1,5463917526;6,1855670103;15,4639175258;9,2783505155;7,7319587629;27,8350515464;1,5463917526;0,0000000000;1;6.25, 18.75, 37.5, 31.25, 6.25, 0, 0, 0;6.25, 0, 0, 18.75, 25, 12.5, 25, 6.25, 6.25, 0, 0, 0, 0, 0, 0, 0, 0, 0, 0, 0, 0, 0, 0, 0, 0;Europe/Paris;32,0
2022-09-04T15:00:00Z;-1;9000003703;hourly;0,6577777778;19,7635135135;22,8040540541;16,7229729730;6,0810810811;1,5202702703;18,2432432432;9,1216216216;13,6824324324;6,0810810811;10,6418918919;4,5608108108;1,5202702703;1;13.3333333333, 20, 40, 26.6666666667, 0, 0, 0, 0;6.6666666667, 6.6666666667, 13.3333333333, 6.6666666667, 20, 20, 6.6666666667, 20, 0, 0, 0, 0, 0, 0, 0, 0, 0, 0, 0, 0, 0, 0, 0, 0, 0;Europe/Paris;33,5
2022-09-04T16:00:00Z;-1;9000003703;hourly;0,6250000000;14,4000000000;30,4000000000;4,8000000000;3,2000000000;4,8000000000;9,6000000000;11,2000000000;19,2000000000;3,2000000000;1,6000000000;1,6000000000;1,6000000000;1;26.3157894737, 26.3157894737, 36.8421052632, 10.5263157895, 0, 0, 0, 0;21.0526315789, 5.2631578947, 15.7894736842, 10.5263157895, 10.5263157895, 26.3157894737, 10.5263157895, 0, 0, 0, 0, 0, 0, 0, 0, 0, 0, 0, 0, 0, 0, 0, 0, 0, 0;Europe/Paris;26,5
2022-09-04T17:00:00Z;-1;9000003703;hourly;0,6780555556;4,4244162229;39,8197460057;2,9496108152;2,9496108152;0,0000000000;4,4244162229;8,8488324457;30,9709135600;1,4748054076;1,4748054076;2,9496108152;0,0000000000;1;0, 11.1111111111, 25.9259259259, 44.4444444444, 11.1111111111, 7.4074074074, 0, 0;0, 0, 0, 11.1111111111, 3.7037037037, 22.2222222222, 7.4074074074, 37.037037037, 7.4074074074, 3.7037037037, 7.4074074074, 0, 0, 0, 0, 0, 0, 0, 0, 0, 0, 0, 0, 0, 0;Europe/Paris;40,0
2022-09-04T18:00:00Z;-1;9000003703;hourly;0,5083333333;0,0000000000;15,7377049180;5,9016393443;7,8688524590;0,0000000000;0,0000000000;3,9344262295;11,8032786885;1,9672131148;3,9344262295;1,9672131148;5,9016393443;1;0, 0, 75, 0, 12.5, 12.5, 0, 0;0, 0, 0, 0, 25, 50, 0, 0, 0, 12.5, 12.5, 0, 0, 0, 0, 0, 0, 0, 0, 0, 0, 0, 0, 0, 0;Europe/Paris;46,5
2022-09-04T19:00:00Z;-1;9000003703;hourly;0,0000000000;0,0000000000;0,0000000000;0,0000000000;0,0000000000;0,0000000000;0,0000000000;0,0000000000;0,0000000000;0,0000000000;0,0000000000;0,0000000000;0,0000000000;1;0, 0, 0, 0, 0, 0, 0, 0;0, 0, 0, 0, 0, 0, 0, 0, 0, 0, 0, 0, 0, 0, 0, 0, 0, 0, 0, 0, 0, 0, 0, 0, 0;Europe/Paris;NA
2022-09-04T20:00:00Z;-1;9000003703;hourly;0,0000000000;0,0000000000;0,0000000000;0,0000000000;0,0000000000;0,0000000000;0,0000000000;0,0000000000;0,0000000000;0,0000000000;0,0000000000;0,0000000000;0,0000000000;1;0, 0, 0, 0, 0, 0, 0, 0;0, 0, 0, 0, 0, 0, 0, 0, 0, 0, 0, 0, 0, 0, 0, 0, 0, 0, 0, 0, 0, 0, 0, 0, 0;Europe/Paris;NA
2022-09-04T21:00:00Z;-1;9000003703;hourly;0,0000000000;0,0000000000;0,0000000000;0,0000000000;0,0000000000;0,0000000000;0,0000000000;0,0000000000;0,0000000000;0,0000000000;0,0000000000;0,0000000000;0,0000000000;1;0, 0, 0, 0, 0, 0, 0, 0;0, 0, 0, 0, 0, 0, 0, 0, 0, 0, 0, 0, 0, 0, 0, 0, 0, 0, 0, 0, 0, 0, 0, 0, 0;Europe/Paris;NA
2022-09-04T23:00:00Z;-1;9000003703;hourly;0,0000000000;0,0000000000;0,0000000000;0,0000000000;0,0000000000;0,0000000000;0,0000000000;0,0000000000;0,0000000000;0,0000000000;0,0000000000;0,0000000000;0,0000000000;1;0, 0, 0, 0, 0, 0, 0, 0;0, 0, 0, 0, 0, 0, 0, 0, 0, 0, 0, 0, 0, 0, 0, 0, 0, 0, 0, 0, 0, 0, 0, 0, 0;Europe/Paris;NA
2022-09-05T00:00:00Z;-1;9000003703;hourly;0,0000000000;0,0000000000;0,0000000000;0,0000000000;0,0000000000;0,0000000000;0,0000000000;0,0000000000;0,0000000000;0,0000000000;0,0000000000;0,0000000000;0,0000000000;1;0, 0, 0, 0, 0, 0, 0, 0;0, 0, 0, 0, 0, 0, 0, 0, 0, 0, 0, 0, 0, 0, 0, 0, 0, 0, 0, 0, 0, 0, 0, 0, 0;Europe/Paris;NA
2022-09-05T01:00:00Z;-1;9000003703;hourly;0,0000000000;0,0000000000;0,0000000000;0,0000000000;0,0000000000;0,0000000000;0,0000000000;0,0000000000;0,0000000000;0,0000000000;0,0000000000;0,0000000000;0,0000000000;1;0, 0, 0, 0, 0, 0, 0, 0;0, 0, 0, 0, 0, 0, 0, 0, 0, 0, 0, 0, 0, 0, 0, 0, 0, 0, 0, 0, 0, 0, 0, 0, 0;Europe/Paris;NA
2022-09-05T02:00:00Z;-1;9000003703;hourly;0,0000000000;0,0000000000;0,0000000000;0,0000000000;0,0000000000;0,0000000000;0,0000000000;0,0000000000;0,0000000000;0,0000000000;0,0000000000;0,0000000000;0,0000000000;1;0, 0, 0, 0, 0, 0, 0, 0;0, 0, 0, 0, 0, 0, 0, 0, 0, 0, 0, 0, 0, 0, 0, 0, 0, 0, 0, 0, 0, 0, 0, 0, 0;Europe/Paris;NA
2022-09-05T03:00:00Z;-1;9000003703;hourly;0,0000000000;0,0000000000;0,0000000000;0,0000000000;0,0000000000;0,0000000000;0,0000000000;0,0000000000;0,0000000000;0,0000000000;0,0000000000;0,0000000000;0,0000000000;1;0, 0, 0, 0, 0, 0, 0, 0;0, 0, 0, 0, 0, 0, 0, 0, 0, 0, 0, 0, 0, 0, 0, 0, 0, 0, 0, 0, 0, 0, 0, 0, 0;Europe/Paris;NA
2022-09-05T04:00:00Z;-1;9000003703;hourly;0,0000000000;0,0000000000;0,0000000000;0,0000000000;0,0000000000;0,0000000000;0,0000000000;0,0000000000;0,0000000000;0,0000000000;0,0000000000;0,0000000000;0,0000000000;1;0, 0, 0, 0, 0, 0, 0, 0;0, 0, 0, 0, 0, 0, 0, 0, 0, 0, 0, 0, 0, 0, 0, 0, 0, 0, 0, 0, 0, 0, 0, 0, 0;Europe/Paris;NA
2022-09-05T05:00:00Z;-1;9000003703;hourly;0,2563888889;7,8006500542;78,0065005417;23,4019501625;27,3022751896;3,9003250271;3,9003250271;54,6045503792;23,4019501625;15,6013001083;7,8006500542;15,6013001083;11,7009750813;1;5, 0, 25, 55, 15, 0, 0, 0;5, 0, 0, 0, 10, 15, 25, 30, 15, 0, 0, 0, 0, 0, 0, 0, 0, 0, 0, 0, 0, 0, 0, 0, 0;Europe/Paris;37,5
2022-09-05T06:00:00Z;-1;9000003703;hourly;0,5838888889;11,9885823026;138,7250237869;20,5518553758;44,5290199810;3,4253092293;8,5632730733;77,0694576594;61,6555661275;17,1265461465;3,4253092293;34,2530922931;10,2759276879;1;2.4691358025, 6.1728395062, 41.975308642, 44.4444444444, 4.9382716049, 0, 0, 0;2.4691358025, 0, 1.2345679012, 4.9382716049, 13.5802469136, 28.3950617284, 30.8641975309, 13.5802469136, 3.7037037037, 1.2345679012, 0, 0, 0, 0, 0, 0, 0, 0, 0, 0, 0, 0, 0, 0, 0;Europe/Paris;34,0
2022-09-05T07:00:00Z;-1;9000003703;hourly;0,5872222222;8,5146641438;22,1381267739;6,8117313150;10,2175969726;3,4058656575;5,1087984863;15,3263954588;6,8117313150;3,4058656575;3,4058656575;6,8117313150;3,4058656575;1;23.0769230769, 0, 30.7692307692, 38.4615384615, 7.6923076923, 0, 0, 0;23.0769230769, 0, 0, 0, 7.6923076923, 23.0769230769, 30.7692307692, 7.6923076923, 7.6923076923, 0, 0, 0, 0, 0, 0, 0, 0, 0, 0, 0, 0, 0, 0, 0, 0;Europe/Paris;32,5
2022-09-05T08:00:00Z;-1;9000003703;hourly;0,5983333333;10,0278551532;35,0974930362;3,3426183844;3,3426183844;3,3426183844;6,6852367688;16,7130919220;18,3844011142;3,3426183844;0,0000000000;1,6713091922;1,6713091922;1;4.7619047619, 4.7619047619, 23.8095238095, 47.619047619, 4.7619047619, 9.5238095238, 0, 4.7619047619;4.7619047619, 0, 0, 4.7619047619, 14.2857142857, 9.5238095238, 23.8095238095, 23.8095238095, 4.7619047619, 0, 9.5238095238, 0, 0, 0, 0, 4.7619047619, 0, 0, 0, 0, 0, 0, 0, 0, 0;Europe/Paris;42,0
2022-09-05T09:00:00Z;-1;9000003703;hourly;0,5947222222;11,7702008407;43,7178888370;3,3629145259;10,0887435778;5,0443717889;6,7258290518;16,8145726296;26,9033162074;0,0000000000;3,3629145259;5,0443717889;5,0443717889;1;7.6923076923, 19.2307692308, 42.3076923077, 30.7692307692, 0, 0, 0, 0;7.6923076923, 0, 3.8461538462, 15.3846153846, 15.3846153846, 26.9230769231, 23.0769230769, 7.6923076923, 0, 0, 0, 0, 0, 0, 0, 0, 0, 0, 0, 0, 0, 0, 0, 0, 0;Europe/Paris;31,0
2022-09-05T10:00:00Z;-1;9000003703;hourly;0,5955555556;10,0746268657;65,4850746269;5,0373134328;8,3955223881;3,3582089552;6,7164179104;21,8283582090;43,6567164179;5,0373134328;0,0000000000;3,3582089552;5,0373134328;1;2.5641025641, 2.5641025641, 28.2051282051, 51.2820512821, 12.8205128205, 2.5641025641, 0, 0;2.5641025641, 0, 2.5641025641, 0, 12.8205128205, 15.3846153846, 25.641025641, 25.641025641, 7.6923076923, 5.1282051282, 2.5641025641, 0, 0, 0, 0, 0, 0, 0, 0, 0, 0, 0, 0, 0, 0;Europe/Paris;37,5
2022-09-05T11:00:00Z;-1;9000003703;hourly;0,6119444444;11,4389468906;62,0971402633;16,3413527009;4,9024058103;6,5365410803;4,9024058103;29,4144348616;32,6827054017;4,9024058103;11,4389468906;3,2682705402;1,6341352701;1;5.2631578947, 2.6315789474, 42.1052631579, 36.8421052632, 13.1578947368, 0, 0, 0;2.6315789474, 2.6315789474, 0, 2.6315789474, 18.4210526316, 23.6842105263, 21.0526315789, 15.7894736842, 7.8947368421, 5.2631578947, 0, 0, 0, 0, 0, 0, 0, 0, 0, 0, 0, 0, 0, 0, 0;Europe/Paris;37,0
2022-09-05T12:00:00Z;-1;9000003703;hourly;0,5800000000;5,1724137931;37,9310344828;41,3793103448;3,4482758621;1,7241379310;3,4482758621;17,2413793103;20,6896551724;13,7931034483;27,5862068966;3,4482758621;0,0000000000;1;9.0909090909, 4.5454545455, 27.2727272727, 50, 9.0909090909, 0, 0, 0;9.0909090909, 0, 0, 4.5454545455, 9.0909090909, 18.1818181818, 36.3636363636, 13.6363636364, 9.0909090909, 0, 0, 0, 0, 0, 0, 0, 0, 0, 0, 0, 0, 0, 0, 0, 0;Europe/Paris;35,5
2022-09-05T13:00:00Z;-1;9000003703;hourly;0,6475000000;6,1776061776;35,5212355212;33,9768339768;0,0000000000;3,0888030888;3,0888030888;12,3552123552;23,1660231660;6,1776061776;27,7992277992;0,0000000000;0,0000000000;1;4.347826087, 0, 56.5217391304, 30.4347826087, 4.347826087, 4.347826087, 0, 0;4.347826087, 0, 0, 0, 0, 56.5217391304, 26.0869565217, 4.347826087, 4.347826087, 0, 4.347826087, 0, 0, 0, 0, 0, 0, 0, 0, 0, 0, 0, 0, 0, 0;Europe/Paris;32,0
2022-09-05T14:00:00Z;-1;9000003703;hourly;0,6519444444;15,3387302940;69,0242863230;78,2275244994;12,2709842352;4,6016190882;10,7371112058;32,2113336174;36,8129527056;9,2032381764;69,0242863230;6,1354921176;6,1354921176;1;8.8888888889, 26.6666666667, 40, 24.4444444444, 0, 0, 0, 0;4.4444444444, 4.4444444444, 4.4444444444, 22.2222222222, 15.5555555556, 24.4444444444, 22.2222222222, 2.2222222222, 0, 0, 0, 0, 0, 0, 0, 0, 0, 0, 0, 0, 0, 0, 0, 0, 0;Europe/Paris;29,5
2022-09-05T15:00:00Z;-1;9000003703;hourly;0,6416666667;21,8181818182;77,9220779221;35,8441558442;9,3506493506;12,4675324675;9,3506493506;35,8441558442;42,0779220779;24,9350649351;10,9090909091;3,1168831169;6,2337662338;1;8, 22, 50, 20, 0, 0, 0, 0;6, 2, 4, 18, 22, 28, 14, 6, 0, 0, 0, 0, 0, 0, 0, 0, 0, 0, 0, 0, 0, 0, 0, 0, 0;Europe/Paris;29,5
2022-09-05T16:00:00Z;-1;9000003703;hourly;0,6405555556;17,1725932350;118,6470078057;12,4891587164;9,3668690373;3,1222896791;14,0503035559;35,9063313096;82,7406764961;3,1222896791;9,3668690373;1,5611448395;7,8057241977;1;21.0526315789, 7.8947368421, 34.2105263158, 28.9473684211, 7.8947368421, 0, 0, 0;17.1052631579, 3.9473684211, 1.3157894737, 6.5789473684, 13.1578947368, 21.0526315789, 19.7368421053, 9.2105263158, 2.6315789474, 5.2631578947, 0, 0, 0, 0, 0, 0, 0, 0, 0, 0, 0, 0, 0, 0, 0;Europe/Paris;33,5
2022-09-05T17:00:00Z;-1;9000003703;hourly;0,6408333333;26,5279583875;40,5721716515;12,4837451235;6,2418725618;9,3628088427;17,1651495449;18,7256176853;21,8465539662;4,6814044213;7,8023407022;1,5604681404;4,6814044213;1;3.8461538462, 7.6923076923, 38.4615384615, 38.4615384615, 7.6923076923, 3.8461538462, 0, 0;3.8461538462, 0, 0, 7.6923076923, 15.3846153846, 23.0769230769, 23.0769230769, 15.3846153846, 7.6923076923, 0, 0, 3.8461538462, 0, 0, 0, 0, 0, 0, 0, 0, 0, 0, 0, 0, 0;Europe/Paris;36,5
2022-09-05T18:00:00Z;-1;9000003703;hourly;0,5200000000;0,0000000000;48,0769230769;3,8461538462;3,8461538462;0,0000000000;0,0000000000;28,8461538462;19,2307692308;3,8461538462;0,0000000000;1,9230769231;1,9230769231;1;0, 0, 52, 36, 12, 0, 0, 0;0, 0, 0, 0, 24, 28, 28, 8, 4, 8, 0, 0, 0, 0, 0, 0, 0, 0, 0, 0, 0, 0, 0, 0, 0;Europe/Paris;35,5
2022-09-05T19:00:00Z;-1;9000003703;hourly;0,0000000000;0,0000000000;0,0000000000;0,0000000000;0,0000000000;0,0000000000;0,0000000000;0,0000000000;0,0000000000;0,0000000000;0,0000000000;0,0000000000;0,0000000000;1;0, 0, 0, 0, 0, 0, 0, 0;0, 0, 0, 0, 0, 0, 0, 0, 0, 0, 0, 0, 0, 0, 0, 0, 0, 0, 0, 0, 0, 0, 0, 0, 0;Europe/Paris;NA
2022-09-05T20:00:00Z;-1;9000003703;hourly;0,0000000000;0,0000000000;0,0000000000;0,0000000000;0,0000000000;0,0000000000;0,0000000000;0,0000000000;0,0000000000;0,0000000000;0,0000000000;0,0000000000;0,0000000000;1;0, 0, 0, 0, 0, 0, 0, 0;0, 0, 0, 0, 0, 0, 0, 0, 0, 0, 0, 0, 0, 0, 0, 0, 0, 0, 0, 0, 0, 0, 0, 0, 0;Europe/Paris;NA
2022-09-05T21:00:00Z;-1;9000003703;hourly;0,0000000000;0,0000000000;0,0000000000;0,0000000000;0,0000000000;0,0000000000;0,0000000000;0,0000000000;0,0000000000;0,0000000000;0,0000000000;0,0000000000;0,0000000000;1;0, 0, 0, 0, 0, 0, 0, 0;0, 0, 0, 0, 0, 0, 0, 0, 0, 0, 0, 0, 0, 0, 0, 0, 0, 0, 0, 0, 0, 0, 0, 0, 0;Europe/Paris;NA
2022-09-05T23:00:00Z;-1;9000003703;hourly;0,0000000000;0,0000000000;0,0000000000;0,0000000000;0,0000000000;0,0000000000;0,0000000000;0,0000000000;0,0000000000;0,0000000000;0,0000000000;0,0000000000;0,0000000000;1;0, 0, 0, 0, 0, 0, 0, 0;0, 0, 0, 0, 0, 0, 0, 0, 0, 0, 0, 0, 0, 0, 0, 0, 0, 0, 0, 0, 0, 0, 0, 0, 0;Europe/Paris;NA
2022-09-06T00:00:00Z;-1;9000003703;hourly;0,0000000000;0,0000000000;0,0000000000;0,0000000000;0,0000000000;0,0000000000;0,0000000000;0,0000000000;0,0000000000;0,0000000000;0,0000000000;0,0000000000;0,0000000000;1;0, 0, 0, 0, 0, 0, 0, 0;0, 0, 0, 0, 0, 0, 0, 0, 0, 0, 0, 0, 0, 0, 0, 0, 0, 0, 0, 0, 0, 0, 0, 0, 0;Europe/Paris;NA
2022-09-06T01:00:00Z;-1;9000003703;hourly;0,0000000000;0,0000000000;0,0000000000;0,0000000000;0,0000000000;0,0000000000;0,0000000000;0,0000000000;0,0000000000;0,0000000000;0,0000000000;0,0000000000;0,0000000000;1;0, 0, 0, 0, 0, 0, 0, 0;0, 0, 0, 0, 0, 0, 0, 0, 0, 0, 0, 0, 0, 0, 0, 0, 0, 0, 0, 0, 0, 0, 0, 0, 0;Europe/Paris;NA
2022-09-06T02:00:00Z;-1;9000003703;hourly;0,0000000000;0,0000000000;0,0000000000;0,0000000000;0,0000000000;0,0000000000;0,0000000000;0,0000000000;0,0000000000;0,0000000000;0,0000000000;0,0000000000;0,0000000000;1;0, 0, 0, 0, 0, 0, 0, 0;0, 0, 0, 0, 0, 0, 0, 0, 0, 0, 0, 0, 0, 0, 0, 0, 0, 0, 0, 0, 0, 0, 0, 0, 0;Europe/Paris;NA
2022-09-06T03:00:00Z;-1;9000003703;hourly;0,0000000000;0,0000000000;0,0000000000;0,0000000000;0,0000000000;0,0000000000;0,0000000000;0,0000000000;0,0000000000;0,0000000000;0,0000000000;0,0000000000;0,0000000000;1;0, 0, 0, 0, 0, 0, 0, 0;0, 0, 0, 0, 0, 0, 0, 0, 0, 0, 0, 0, 0, 0, 0, 0, 0, 0, 0, 0, 0, 0, 0, 0, 0;Europe/Paris;NA
2022-09-06T04:00:00Z;-1;9000003703;hourly;0,0000000000;0,0000000000;0,0000000000;0,0000000000;0,0000000000;0,0000000000;0,0000000000;0,0000000000;0,0000000000;0,0000000000;0,0000000000;0,0000000000;0,0000000000;1;0, 0, 0, 0, 0, 0, 0, 0;0, 0, 0, 0, 0, 0, 0, 0, 0, 0, 0, 0, 0, 0, 0, 0, 0, 0, 0, 0, 0, 0, 0, 0, 0;Europe/Paris;NA
2022-09-06T05:00:00Z;-1;9000003703;hourly;0,2280555556;4,3848964677;74,5432399513;39,4640682095;17,5395858709;4,3848964677;0,0000000000;57,0036540804;17,5395858709;30,6942752741;8,7697929354;4,3848964677;13,1546894032;1;17.6470588235, 5.8823529412, 17.6470588235, 47.0588235294, 11.7647058824, 0, 0, 0;17.6470588235, 0, 0, 5.8823529412, 0, 17.6470588235, 29.4117647059, 17.6470588235, 5.8823529412, 5.8823529412, 0, 0, 0, 0, 0, 0, 0, 0, 0, 0, 0, 0, 0, 0, 0;Europe/Paris;36,5
2022-09-06T06:00:00Z;-1;9000003703;hourly;0,6111111111;54,0000000000;70,3636363636;32,7272727273;63,8181818182;29,4545454545;24,5454545455;40,9090909091;29,4545454545;16,3636363636;16,3636363636;57,2727272727;6,5454545455;1;23.2558139535, 6.976744186, 18.6046511628, 34.8837209302, 11.6279069767, 4.6511627907, 0, 0;23.2558139535, 0, 2.3255813953, 4.6511627907, 4.6511627907, 13.9534883721, 18.6046511628, 16.2790697674, 9.3023255814, 2.3255813953, 4.6511627907, 0, 0, 0, 0, 0, 0, 0, 0, 0, 0, 0, 0, 0, 0;Europe/Paris;38,0
2022-09-06T07:00:00Z;-1;9000003703;hourly;0,5894444444;13,5721017908;8,4825636192;16,9651272385;1,6965127238;10,1790763431;3,3930254477;3,3930254477;5,0895381715;10,1790763431;6,7860508954;0,0000000000;1,6965127238;1;20, 0, 40, 40, 0, 0, 0, 0;20, 0, 0, 0, 0, 40, 0, 40, 0, 0, 0, 0, 0, 0, 0, 0, 0, 0, 0, 0, 0, 0, 0, 0, 0;Europe/Paris;35,5
2022-09-06T08:00:00Z;-1;9000003703;hourly;0,6386111111;20,3566768160;14,0930839495;7,8294910831;4,6976946498;14,0930839495;6,2635928665;7,8294910831;6,2635928665;1,5658982166;6,2635928665;1,5658982166;3,1317964332;1;0, 0, 22.2222222222, 55.5555555556, 22.2222222222, 0, 0, 0;0, 0, 0, 0, 0, 22.2222222222, 33.3333333333, 22.2222222222, 11.1111111111, 11.1111111111, 0, 0, 0, 0, 0, 0, 0, 0, 0, 0, 0, 0, 0, 0, 0;Europe/Paris;40,5
2022-09-06T09:00:00Z;-1;9000003703;hourly;0,6333333333;20,5263157895;15,7894736842;3,1578947368;15,7894736842;12,6315789474;7,8947368421;0,0000000000;15,7894736842;3,1578947368;0,0000000000;15,7894736842;0,0000000000;1;0, 0, 10, 50, 20, 20, 0, 0;0, 0, 0, 0, 0, 10, 40, 10, 20, 0, 20, 0, 0, 0, 0, 0, 0, 0, 0, 0, 0, 0, 0, 0, 0;Europe/Paris;49,0
2022-09-06T10:00:00Z;-1;9000003703;hourly;0,5958333333;11,7482517483;25,1748251748;10,0699300699;3,3566433566;6,7132867133;5,0349650350;3,3566433566;21,8181818182;1,6783216783;8,3916083916;0,0000000000;3,3566433566;1;6.6666666667, 0, 0, 53.3333333333, 40, 0, 0, 0;6.6666666667, 0, 0, 0, 0, 0, 13.3333333333, 40, 26.6666666667, 13.3333333333, 0, 0, 0, 0, 0, 0, 0, 0, 0, 0, 0, 0, 0, 0, 0;Europe/Paris;42,0
2022-09-06T11:00:00Z;-1;9000003703;hourly;0,6205555556;30,6177260519;32,2291853178;9,6687555953;6,4458370636;25,7833482543;4,8343777977;17,7260519248;14,5031333930;4,8343777977;4,8343777977;4,8343777977;1,6114592659;1;0, 10, 10, 40, 40, 0, 0, 0;0, 0, 5, 5, 10, 0, 35, 5, 25, 15, 0, 0, 0, 0, 0, 0, 0, 0, 0, 0, 0, 0, 0, 0, 0;Europe/Paris;42,5
2022-09-06T12:00:00Z;-1;9000003703;hourly;0,6150000000;3,2520325203;24,3902439024;1,6260162602;3,2520325203;1,6260162602;1,6260162602;11,3821138211;13,0081300813;1,6260162602;0,0000000000;1,6260162602;1,6260162602;1;6.6666666667, 0, 13.3333333333, 60, 13.3333333333, 6.6666666667, 0, 0;0, 6.6666666667, 0, 0, 0, 13.3333333333, 20, 40, 6.6666666667, 6.6666666667, 6.6666666667, 0, 0, 0, 0, 0, 0, 0, 0, 0, 0, 0, 0, 0, 0;Europe/Paris;41,5
2022-09-06T13:00:00Z;-1;9000003703;hourly;0,6511111111;12,2866894198;46,0750853242;3,0716723549;6,1433447099;9,2150170648;3,0716723549;21,5017064846;24,5733788396;3,0716723549;0,0000000000;6,1433447099;0,0000000000;1;6.6666666667, 3.3333333333, 33.3333333333, 43.3333333333, 13.3333333333, 0, 0, 0;6.6666666667, 0, 3.3333333333, 0, 6.6666666667, 26.6666666667, 20, 23.3333333333, 6.6666666667, 6.6666666667, 0, 0, 0, 0, 0, 0, 0, 0, 0, 0, 0, 0, 0, 0, 0;Europe/Paris;37,0
2022-09-06T14:00:00Z;-1;9000003703;hourly;0,6200000000;38,7096774194;46,7741935484;37,0967741935;37,0967741935;25,8064516129;12,9032258065;17,7419354839;29,0322580645;9,6774193548;27,4193548387;3,2258064516;33,8709677419;1;3.4482758621, 0, 41.3793103448, 41.3793103448, 10.3448275862, 3.4482758621, 0, 0;0, 3.4482758621, 0, 0, 10.3448275862, 31.0344827586, 24.1379310345, 17.2413793103, 10.3448275862, 0, 0, 3.4482758621, 0, 0, 0, 0, 0, 0, 0, 0, 0, 0, 0, 0, 0;Europe/Paris;37,0
2022-09-06T15:00:00Z;-1;9000003703;hourly;0,6111111111;26,1818181818;83,4545454545;27,8181818182;16,3636363636;14,7272727273;11,4545454545;18,0000000000;65,4545454545;13,0909090909;14,7272727273;11,4545454545;4,9090909091;1;17.6470588235, 1.9607843137, 39.2156862745, 25.4901960784, 13.7254901961, 1.9607843137, 0, 0;15.6862745098, 1.9607843137, 1.9607843137, 0, 9.8039215686, 29.4117647059, 17.6470588235, 7.8431372549, 9.8039215686, 3.9215686275, 1.9607843137, 0, 0, 0, 0, 0, 0, 0, 0, 0, 0, 0, 0, 0, 0;Europe/Paris;38,0
2022-09-06T16:00:00Z;-1;9000003703;hourly;0,5994444444;10,0092678406;60,0556070436;36,7006487488;11,6774791474;0,0000000000;10,0092678406;25,0231696015;35,0324374421;16,6821130677;20,0185356812;6,6728452271;5,0046339203;1;22.2222222222, 13.8888888889, 47.2222222222, 16.6666666667, 0, 0, 0, 0;19.4444444444, 2.7777777778, 5.5555555556, 8.3333333333, 25, 22.2222222222, 16.6666666667, 0, 0, 0, 0, 0, 0, 0, 0, 0, 0, 0, 0, 0, 0, 0, 0, 0, 0;Europe/Paris;28,0
2022-09-06T17:00:00Z;-1;9000003703;hourly;0,6316666667;7,9155672823;75,9894459103;6,3324538259;14,2480211082;3,1662269129;4,7493403694;22,1635883905;53,8258575198;4,7493403694;1,5831134565;6,3324538259;7,9155672823;1;2.0833333333, 8.3333333333, 37.5, 39.5833333333, 10.4166666667, 2.0833333333, 0, 0;0, 2.0833333333, 2.0833333333, 6.25, 14.5833333333, 22.9166666667, 25, 14.5833333333, 4.1666666667, 6.25, 2.0833333333, 0, 0, 0, 0, 0, 0, 0, 0, 0, 0, 0, 0, 0, 0;Europe/Paris;36,5
2022-09-06T18:00:00Z;-1;9000003703;hourly;0,4627777778;2,1608643457;56,1824729892;2,1608643457;2,1608643457;0,0000000000;2,1608643457;8,6434573830;47,5390156062;0,0000000000;2,1608643457;2,1608643457;0,0000000000;1;3.8461538462, 0, 15.3846153846, 69.2307692308, 7.6923076923, 3.8461538462, 0, 0;0, 3.8461538462, 0, 0, 3.8461538462, 11.5384615385, 46.1538461538, 23.0769230769, 3.8461538462, 3.8461538462, 3.8461538462, 0, 0, 0, 0, 0, 0, 0, 0, 0, 0, 0, 0, 0, 0;Europe/Paris;37,0
2022-09-06T19:00:00Z;-1;9000003703;hourly;0,0000000000;0,0000000000;0,0000000000;0,0000000000;0,0000000000;0,0000000000;0,0000000000;0,0000000000;0,0000000000;0,0000000000;0,0000000000;0,0000000000;0,0000000000;1;0, 0, 0, 0, 0, 0, 0, 0;0, 0, 0, 0, 0, 0, 0, 0, 0, 0, 0, 0, 0, 0, 0, 0, 0, 0, 0, 0, 0, 0, 0, 0, 0;Europe/Paris;NA
2022-09-06T20:00:00Z;-1;9000003703;hourly;0,0000000000;0,0000000000;0,0000000000;0,0000000000;0,0000000000;0,0000000000;0,0000000000;0,0000000000;0,0000000000;0,0000000000;0,0000000000;0,0000000000;0,0000000000;1;0, 0, 0, 0, 0, 0, 0, 0;0, 0, 0, 0, 0, 0, 0, 0, 0, 0, 0, 0, 0, 0, 0, 0, 0, 0, 0, 0, 0, 0, 0, 0, 0;Europe/Paris;NA
2022-09-06T21:00:00Z;-1;9000003703;hourly;0,0000000000;0,0000000000;0,0000000000;0,0000000000;0,0000000000;0,0000000000;0,0000000000;0,0000000000;0,0000000000;0,0000000000;0,0000000000;0,0000000000;0,0000000000;1;0, 0, 0, 0, 0, 0, 0, 0;0, 0, 0, 0, 0, 0, 0, 0, 0, 0, 0, 0, 0, 0, 0, 0, 0, 0, 0, 0, 0, 0, 0, 0, 0;Europe/Paris;NA
2022-09-06T23:00:00Z;-1;9000003703;hourly;0,0000000000;0,0000000000;0,0000000000;0,0000000000;0,0000000000;0,0000000000;0,0000000000;0,0000000000;0,0000000000;0,0000000000;0,0000000000;0,0000000000;0,0000000000;1;0, 0, 0, 0, 0, 0, 0, 0;0, 0, 0, 0, 0, 0, 0, 0, 0, 0, 0, 0, 0, 0, 0, 0, 0, 0, 0, 0, 0, 0, 0, 0, 0;Europe/Paris;NA
2022-09-07T00:00:00Z;-1;9000003703;hourly;0,0000000000;0,0000000000;0,0000000000;0,0000000000;0,0000000000;0,0000000000;0,0000000000;0,0000000000;0,0000000000;0,0000000000;0,0000000000;0,0000000000;0,0000000000;1;0, 0, 0, 0, 0, 0, 0, 0;0, 0, 0, 0, 0, 0, 0, 0, 0, 0, 0, 0, 0, 0, 0, 0, 0, 0, 0, 0, 0, 0, 0, 0, 0;Europe/Paris;NA
2022-09-07T01:00:00Z;-1;9000003703;hourly;0,0000000000;0,0000000000;0,0000000000;0,0000000000;0,0000000000;0,0000000000;0,0000000000;0,0000000000;0,0000000000;0,0000000000;0,0000000000;0,0000000000;0,0000000000;1;0, 0, 0, 0, 0, 0, 0, 0;0, 0, 0, 0, 0, 0, 0, 0, 0, 0, 0, 0, 0, 0, 0, 0, 0, 0, 0, 0, 0, 0, 0, 0, 0;Europe/Paris;NA
2022-09-07T02:00:00Z;-1;9000003703;hourly;0,0000000000;0,0000000000;0,0000000000;0,0000000000;0,0000000000;0,0000000000;0,0000000000;0,0000000000;0,0000000000;0,0000000000;0,0000000000;0,0000000000;0,0000000000;1;0, 0, 0, 0, 0, 0, 0, 0;0, 0, 0, 0, 0, 0, 0, 0, 0, 0, 0, 0, 0, 0, 0, 0, 0, 0, 0, 0, 0, 0, 0, 0, 0;Europe/Paris;NA
2022-09-07T03:00:00Z;-1;9000003703;hourly;0,0000000000;0,0000000000;0,0000000000;0,0000000000;0,0000000000;0,0000000000;0,0000000000;0,0000000000;0,0000000000;0,0000000000;0,0000000000;0,0000000000;0,0000000000;1;0, 0, 0, 0, 0, 0, 0, 0;0, 0, 0, 0, 0, 0, 0, 0, 0, 0, 0, 0, 0, 0, 0, 0, 0, 0, 0, 0, 0, 0, 0, 0, 0;Europe/Paris;NA
2022-09-07T04:00:00Z;-1;9000003703;hourly;0,0000000000;0,0000000000;0,0000000000;0,0000000000;0,0000000000;0,0000000000;0,0000000000;0,0000000000;0,0000000000;0,0000000000;0,0000000000;0,0000000000;0,0000000000;1;0, 0, 0, 0, 0, 0, 0, 0;0, 0, 0, 0, 0, 0, 0, 0, 0, 0, 0, 0, 0, 0, 0, 0, 0, 0, 0, 0, 0, 0, 0, 0, 0;Europe/Paris;NA
2022-09-07T05:00:00Z;-1;9000003703;hourly;0,2469444444;20,2474690664;44,5444319460;0,0000000000;8,0989876265;16,1979752531;4,0494938133;32,3959505062;12,1484814398;0,0000000000;0,0000000000;4,0494938133;4,0494938133;1;9.0909090909, 9.0909090909, 36.3636363636, 45.4545454545, 0, 0, 0, 0;9.0909090909, 0, 0, 9.0909090909, 9.0909090909, 27.2727272727, 27.2727272727, 18.1818181818, 0, 0, 0, 0, 0, 0, 0, 0, 0, 0, 0, 0, 0, 0, 0, 0, 0;Europe/Paris;33,5
2022-09-07T06:00:00Z;-1;9000003703;hourly;0,6213888889;43,4510505141;28,9673670094;6,4371926688;54,7161376844;20,9208761734;22,5301743406;14,4836835047;14,4836835047;6,4371926688;0,0000000000;46,6696468485;8,0464908359;1;5.5555555556, 0, 27.7777777778, 50, 16.6666666667, 0, 0, 0;5.5555555556, 0, 0, 0, 5.5555555556, 22.2222222222, 22.2222222222, 27.7777777778, 11.1111111111, 5.5555555556, 0, 0, 0, 0, 0, 0, 0, 0, 0, 0, 0, 0, 0, 0, 0;Europe/Paris;38,5
2022-09-07T07:00:00Z;-1;9000003703;hourly;0,6438888889;20,1898188093;15,5306298533;1,5530629853;4,6591889560;9,3183779120;10,8714408973;6,2122519413;9,3183779120;0,0000000000;1,5530629853;4,6591889560;0,0000000000;1;20, 0, 10, 50, 10, 10, 0, 0;10, 10, 0, 0, 0, 10, 30, 20, 10, 0, 10, 0, 0, 0, 0, 0, 0, 0, 0, 0, 0, 0, 0, 0, 0;Europe/Paris;40,0
2022-09-07T08:00:00Z;-1;9000003703;hourly;0,6327777778;6,3213345040;33,1870061457;6,3213345040;4,7410008780;6,3213345040;0,0000000000;17,3836698859;15,8033362599;6,3213345040;0,0000000000;1,5803336260;3,1606672520;1;0, 0, 47.619047619, 42.8571428571, 9.5238095238, 0, 0, 0;0, 0, 0, 0, 19.0476190476, 28.5714285714, 38.0952380952, 4.7619047619, 9.5238095238, 0, 0, 0, 0, 0, 0, 0, 0, 0, 0, 0, 0, 0, 0, 0, 0;Europe/Paris;32,5
2022-09-07T09:00:00Z;-1;9000003703;hourly;0,6263888889;9,5787139690;47,8935698448;7,9822616408;19,1574279379;4,7893569845;4,7893569845;20,7538802661;27,1396895787;3,1929046563;4,7893569845;6,3858093126;12,7716186253;1;3.3333333333, 3.3333333333, 33.3333333333, 56.6666666667, 3.3333333333, 0, 0, 0;0, 3.3333333333, 0, 3.3333333333, 0, 33.3333333333, 30, 26.6666666667, 3.3333333333, 0, 0, 0, 0, 0, 0, 0, 0, 0, 0, 0, 0, 0, 0, 0, 0;Europe/Paris;35,5
2022-09-07T10:00:00Z;-1;9000003703;hourly;0,5938888889;18,5219831618;87,5584658559;21,8896164640;45,4630495790;10,1028999065;8,4190832554;18,5219831618;69,0364826941;6,7352666043;15,1543498597;8,4190832554;37,0439663237;1;1.9230769231, 5.7692307692, 32.6923076923, 46.1538461538, 13.4615384615, 0, 0, 0;1.9230769231, 0, 0, 5.7692307692, 9.6153846154, 23.0769230769, 30.7692307692, 15.3846153846, 5.7692307692, 7.6923076923, 0, 0, 0, 0, 0, 0, 0, 0, 0, 0, 0, 0, 0, 0, 0;Europe/Paris;37,0
2022-09-07T11:00:00Z;-1;9000003703;hourly;0,6036111111;19,8803497469;57,9843534284;11,5968706857;18,2236539347;11,5968706857;8,2834790612;31,4772204326;26,5071329959;4,9700874367;6,6267832490;14,9102623102;3,3133916245;1;0, 2.8571428571, 31.4285714286, 48.5714285714, 17.1428571429, 0, 0, 0;0, 0, 0, 2.8571428571, 11.4285714286, 20, 28.5714285714, 20, 5.7142857143, 11.4285714286, 0, 0, 0, 0, 0, 0, 0, 0, 0, 0, 0, 0, 0, 0, 0;Europe/Paris;39,5
2022-09-07T12:00:00Z;-1;9000003703;hourly;0,6075000000;6,5843621399;49,3827160494;23,0452674897;3,2921810700;1,6460905350;4,9382716049;21,3991769547;27,9835390947;1,6460905350;21,3991769547;3,2921810700;0,0000000000;1;6.6666666667, 0, 43.3333333333, 30, 16.6666666667, 3.3333333333, 0, 0;6.6666666667, 0, 0, 0, 13.3333333333, 30, 20, 10, 3.3333333333, 13.3333333333, 3.3333333333, 0, 0, 0, 0, 0, 0, 0, 0, 0, 0, 0, 0, 0, 0;Europe/Paris;43,0
2022-09-07T13:00:00Z;-1;9000003703;hourly;0,6205555556;6,4458370636;49,9552372426;12,8916741271;14,5031333930;1,6114592659;4,8343777977;24,1718889884;25,7833482543;8,0572963295;4,8343777977;8,0572963295;6,4458370636;1;3.2258064516, 3.2258064516, 38.7096774194, 38.7096774194, 12.9032258065, 3.2258064516, 0, 0;3.2258064516, 0, 3.2258064516, 0, 3.2258064516, 35.4838709677, 16.1290322581, 22.5806451613, 6.4516129032, 6.4516129032, 0, 3.2258064516, 0, 0, 0, 0, 0, 0, 0, 0, 0, 0, 0, 0, 0;Europe/Paris;38,5
2022-09-07T14:00:00Z;-1;9000003703;hourly;0,6094444444;19,6900638104;88,6052871468;13,1267092069;13,1267092069;11,4858705561;8,2041932543;26,2534184139;62,3518687329;3,2816773017;9,8450319052;3,2816773017;9,8450319052;1;3.7037037037, 5.5555555556, 27.7777777778, 42.5925925926, 20.3703703704, 0, 0, 0;1.8518518519, 1.8518518519, 3.7037037037, 1.8518518519, 16.6666666667, 11.1111111111, 25.9259259259, 16.6666666667, 18.5185185185, 1.8518518519, 0, 0, 0, 0, 0, 0, 0, 0, 0, 0, 0, 0, 0, 0, 0;Europe/Paris;39,0
2022-09-07T15:00:00Z;-1;9000003703;hourly;0,6238888889;27,2484416741;104,1852181656;11,2199465717;6,4113980410;12,8227960819;14,4256455922;28,8512911843;75,3339269813;4,8085485307;6,4113980410;3,2056990205;3,2056990205;1;0, 6.1538461538, 23.0769230769, 58.4615384615, 12.3076923077, 0, 0, 0;0, 0, 3.0769230769, 3.0769230769, 4.6153846154, 18.4615384615, 33.8461538462, 24.6153846154, 12.3076923077, 0, 0, 0, 0, 0, 0, 0, 0, 0, 0, 0, 0, 0, 0, 0, 0;Europe/Paris;37,0
2022-09-07T16:00:00Z;-1;9000003703;hourly;0,6075000000;32,9218106996;98,7654320988;14,8148148148;13,1687242798;9,8765432099;23,0452674897;24,6913580247;74,0740740741;6,5843621399;8,2304526749;6,5843621399;6,5843621399;1;1.6666666667, 1.6666666667, 23.3333333333, 56.6666666667, 16.6666666667, 0, 0, 0;1.6666666667, 0, 0, 1.6666666667, 6.6666666667, 16.6666666667, 20, 36.6666666667, 11.6666666667, 5, 0, 0, 0, 0, 0, 0, 0, 0, 0, 0, 0, 0, 0, 0, 0;Europe/Paris;38,0
2022-09-07T17:00:00Z;-1;9000003703;hourly;0,6422222222;3,1141868512;98,0968858131;3,1141868512;3,1141868512;3,1141868512;0,0000000000;38,9273356401;59,1695501730;1,5570934256;1,5570934256;1,5570934256;1,5570934256;1;1.5873015873, 6.3492063492, 33.3333333333, 47.619047619, 9.5238095238, 1.5873015873, 0, 0;0, 1.5873015873, 0, 6.3492063492, 14.2857142857, 19.0476190476, 28.5714285714, 19.0476190476, 6.3492063492, 3.1746031746, 1.5873015873, 0, 0, 0, 0, 0, 0, 0, 0, 0, 0, 0, 0, 0, 0;Europe/Paris;36,5
2022-09-07T18:00:00Z;-1;9000003703;hourly;0,3594444444;0,0000000000;47,2952086553;0,0000000000;2,7820710974;0,0000000000;0,0000000000;5,5641421947;41,7310664606;0,0000000000;0,0000000000;0,0000000000;2,7820710974;1;0, 0, 17.6470588235, 47.0588235294, 35.2941176471, 0, 0, 0;0, 0, 0, 0, 5.8823529412, 11.7647058824, 35.2941176471, 11.7647058824, 29.4117647059, 5.8823529412, 0, 0, 0, 0, 0, 0, 0, 0, 0, 0, 0, 0, 0, 0, 0;Europe/Paris;41,0
2022-09-07T19:00:00Z;-1;9000003703;hourly;0,0000000000;0,0000000000;0,0000000000;0,0000000000;0,0000000000;0,0000000000;0,0000000000;0,0000000000;0,0000000000;0,0000000000;0,0000000000;0,0000000000;0,0000000000;1;0, 0, 0, 0, 0, 0, 0, 0;0, 0, 0, 0, 0, 0, 0, 0, 0, 0, 0, 0, 0, 0, 0, 0, 0, 0, 0, 0, 0, 0, 0, 0, 0;Europe/Paris;NA
2022-09-07T20:00:00Z;-1;9000003703;hourly;0,0000000000;0,0000000000;0,0000000000;0,0000000000;0,0000000000;0,0000000000;0,0000000000;0,0000000000;0,0000000000;0,0000000000;0,0000000000;0,0000000000;0,0000000000;1;0, 0, 0, 0, 0, 0, 0, 0;0, 0, 0, 0, 0, 0, 0, 0, 0, 0, 0, 0, 0, 0, 0, 0, 0, 0, 0, 0, 0, 0, 0, 0, 0;Europe/Paris;NA
2022-09-07T21:00:00Z;-1;9000003703;hourly;0,0000000000;0,0000000000;0,0000000000;0,0000000000;0,0000000000;0,0000000000;0,0000000000;0,0000000000;0,0000000000;0,0000000000;0,0000000000;0,0000000000;0,0000000000;1;0, 0, 0, 0, 0, 0, 0, 0;0, 0, 0, 0, 0, 0, 0, 0, 0, 0, 0, 0, 0, 0, 0, 0, 0, 0, 0, 0, 0, 0, 0, 0, 0;Europe/Paris;NA
2022-09-07T23:00:00Z;-1;9000003703;hourly;0,0000000000;0,0000000000;0,0000000000;0,0000000000;0,0000000000;0,0000000000;0,0000000000;0,0000000000;0,0000000000;0,0000000000;0,0000000000;0,0000000000;0,0000000000;1;0, 0, 0, 0, 0, 0, 0, 0;0, 0, 0, 0, 0, 0, 0, 0, 0, 0, 0, 0, 0, 0, 0, 0, 0, 0, 0, 0, 0, 0, 0, 0, 0;Europe/Paris;NA
2022-09-08T00:00:00Z;-1;9000003703;hourly;0,0000000000;0,0000000000;0,0000000000;0,0000000000;0,0000000000;0,0000000000;0,0000000000;0,0000000000;0,0000000000;0,0000000000;0,0000000000;0,0000000000;0,0000000000;1;0, 0, 0, 0, 0, 0, 0, 0;0, 0, 0, 0, 0, 0, 0, 0, 0, 0, 0, 0, 0, 0, 0, 0, 0, 0, 0, 0, 0, 0, 0, 0, 0;Europe/Paris;NA
2022-09-08T01:00:00Z;-1;9000003703;hourly;0,0000000000;0,0000000000;0,0000000000;0,0000000000;0,0000000000;0,0000000000;0,0000000000;0,0000000000;0,0000000000;0,0000000000;0,0000000000;0,0000000000;0,0000000000;1;0, 0, 0, 0, 0, 0, 0, 0;0, 0, 0, 0, 0, 0, 0, 0, 0, 0, 0, 0, 0, 0, 0, 0, 0, 0, 0, 0, 0, 0, 0, 0, 0;Europe/Paris;NA
2022-09-08T02:00:00Z;-1;9000003703;hourly;0,0000000000;0,0000000000;0,0000000000;0,0000000000;0,0000000000;0,0000000000;0,0000000000;0,0000000000;0,0000000000;0,0000000000;0,0000000000;0,0000000000;0,0000000000;1;0, 0, 0, 0, 0, 0, 0, 0;0, 0, 0, 0, 0, 0, 0, 0, 0, 0, 0, 0, 0, 0, 0, 0, 0, 0, 0, 0, 0, 0, 0, 0, 0;Europe/Paris;NA
2022-09-08T03:00:00Z;-1;9000003703;hourly;0,0000000000;0,0000000000;0,0000000000;0,0000000000;0,0000000000;0,0000000000;0,0000000000;0,0000000000;0,0000000000;0,0000000000;0,0000000000;0,0000000000;0,0000000000;1;0, 0, 0, 0, 0, 0, 0, 0;0, 0, 0, 0, 0, 0, 0, 0, 0, 0, 0, 0, 0, 0, 0, 0, 0, 0, 0, 0, 0, 0, 0, 0, 0;Europe/Paris;NA
2022-09-08T04:00:00Z;-1;9000003703;hourly;0,0000000000;0,0000000000;0,0000000000;0,0000000000;0,0000000000;0,0000000000;0,0000000000;0,0000000000;0,0000000000;0,0000000000;0,0000000000;0,0000000000;0,0000000000;1;0, 0, 0, 0, 0, 0, 0, 0;0, 0, 0, 0, 0, 0, 0, 0, 0, 0, 0, 0, 0, 0, 0, 0, 0, 0, 0, 0, 0, 0, 0, 0, 0;Europe/Paris;NA
2022-09-08T05:00:00Z;-1;9000003703;hourly;0,2841666667;14,0762463343;63,3431085044;7,0381231672;21,1143695015;3,5190615836;10,5571847507;59,8240469208;3,5190615836;3,5190615836;3,5190615836;17,5953079179;3,5190615836;1;5.5555555556, 0, 22.2222222222, 66.6666666667, 5.5555555556, 0, 0, 0;5.5555555556, 0, 0, 0, 5.5555555556, 16.6666666667, 33.3333333333, 33.3333333333, 5.5555555556, 0, 0, 0, 0, 0, 0, 0, 0, 0, 0, 0, 0, 0, 0, 0, 0;Europe/Paris;36,0
2022-09-08T06:00:00Z;-1;9000003703;hourly;0,6033333333;72,9281767956;41,4364640884;24,8618784530;46,4088397790;34,8066298343;38,1215469613;13,2596685083;28,1767955801;18,2320441989;6,6298342541;39,7790055249;6,6298342541;1;4, 0, 20, 64, 12, 0, 0, 0;4, 0, 0, 0, 4, 16, 20, 44, 12, 0, 0, 0, 0, 0, 0, 0, 0, 0, 0, 0, 0, 0, 0, 0, 0;Europe/Paris;37,0
2022-09-08T07:00:00Z;-1;9000003703;hourly;0,5769444444;22,5324987963;10,3996148291;13,8661531054;0,0000000000;13,8661531054;8,6663456909;5,1998074145;5,1998074145;5,1998074145;8,6663456909;0,0000000000;0,0000000000;1;50, 0, 16.6666666667, 0, 33.3333333333, 0, 0, 0;50, 0, 0, 0, 16.6666666667, 0, 0, 0, 16.6666666667, 16.6666666667, 0, 0, 0, 0, 0, 0, 0, 0, 0, 0, 0, 0, 0, 0, 0;Europe/Paris;43,0
2022-09-08T08:00:00Z;-1;9000003703;hourly;0,5644444444;10,6299212598;30,1181102362;12,4015748031;12,4015748031;7,0866141732;3,5433070866;10,6299212598;19,4881889764;10,6299212598;1,7716535433;10,6299212598;1,7716535433;1;11.7647058824, 23.5294117647, 11.7647058824, 47.0588235294, 5.8823529412, 0, 0, 0;11.7647058824, 0, 0, 23.5294117647, 0, 11.7647058824, 41.1764705882, 5.8823529412, 5.8823529412, 0, 0, 0, 0, 0, 0, 0, 0, 0, 0, 0, 0, 0, 0, 0, 0;Europe/Paris;32,0
2022-09-08T09:00:00Z;-1;9000003703;hourly;0,5591666667;5,3651266766;23,2488822653;12,5186289121;14,3070044709;3,5767511177;1,7883755589;14,3070044709;8,9418777943;3,5767511177;8,9418777943;7,1535022355;7,1535022355;1;0, 7.6923076923, 61.5384615385, 30.7692307692, 0, 0, 0, 0;0, 0, 0, 7.6923076923, 23.0769230769, 38.4615384615, 23.0769230769, 7.6923076923, 0, 0, 0, 0, 0, 0, 0, 0, 0, 0, 0, 0, 0, 0, 0, 0, 0;Europe/Paris;31,0
2022-09-08T10:00:00Z;-1;9000003703;hourly;0,5711111111;15,7587548638;38,5214007782;15,7587548638;12,2568093385;5,2529182879;10,5058365759;10,5058365759;28,0155642023;3,5019455253;12,2568093385;3,5019455253;8,7548638132;1;22.7272727273, 4.5454545455, 22.7272727273, 45.4545454545, 4.5454545455, 0, 0, 0;18.1818181818, 4.5454545455, 4.5454545455, 0, 9.0909090909, 13.6363636364, 18.1818181818, 27.2727272727, 4.5454545455, 0, 0, 0, 0, 0, 0, 0, 0, 0, 0, 0, 0, 0, 0, 0, 0;Europe/Paris;35,5
2022-09-08T11:00:00Z;-1;9000003703;hourly;0,5513888889;10,8816120907;50,7808564232;5,4408060453;10,8816120907;1,8136020151;9,0680100756;19,9496221662;30,8312342569;3,6272040302;1,8136020151;5,4408060453;5,4408060453;1;7.1428571429, 0, 46.4285714286, 35.7142857143, 7.1428571429, 0, 3.5714285714, 0;3.5714285714, 3.5714285714, 0, 0, 10.7142857143, 35.7142857143, 21.4285714286, 14.2857142857, 3.5714285714, 3.5714285714, 0, 0, 3.5714285714, 0, 0, 0, 0, 0, 0, 0, 0, 0, 0, 0, 0;Europe/Paris;36,0
2022-09-08T12:00:00Z;-1;9000003703;hourly;0,5397222222;14,8224395265;35,2032938755;27,7920741122;5,5584148224;1,8528049408;12,9696345857;11,1168296449;24,0864642306;11,1168296449;16,6752444673;3,7056098816;1,8528049408;1;10.5263157895, 15.7894736842, 26.3157894737, 31.5789473684, 15.7894736842, 0, 0, 0;10.5263157895, 0, 0, 15.7894736842, 15.7894736842, 10.5263157895, 15.7894736842, 15.7894736842, 10.5263157895, 5.2631578947, 0, 0, 0, 0, 0, 0, 0, 0, 0, 0, 0, 0, 0, 0, 0;Europe/Paris;38,0
2022-09-08T13:00:00Z;-1;9000003703;hourly;0,5902777778;3,3882352941;33,8823529412;15,2470588235;6,7764705882;1,6941176471;1,6941176471;20,3294117647;13,5529411765;5,0823529412;10,1647058824;3,3882352941;3,3882352941;1;5, 15, 55, 25, 0, 0, 0, 0;5, 0, 0, 15, 30, 25, 20, 5, 0, 0, 0, 0, 0, 0, 0, 0, 0, 0, 0, 0, 0, 0, 0, 0, 0;Europe/Paris;30,0
2022-09-08T14:00:00Z;-1;9000003703;hourly;0,6269444444;11,1652636243;44,6610544971;33,4957908728;9,5702259637;1,5950376606;9,5702259637;19,1404519273;25,5206025698;14,3553389455;19,1404519273;1,5950376606;7,9751883031;1;3.5714285714, 3.5714285714, 64.2857142857, 28.5714285714, 0, 0, 0, 0;3.5714285714, 0, 0, 3.5714285714, 35.7142857143, 28.5714285714, 25, 3.5714285714, 0, 0, 0, 0, 0, 0, 0, 0, 0, 0, 0, 0, 0, 0, 0, 0, 0;Europe/Paris;30,0
2022-09-08T15:00:00Z;-1;9000003703;hourly;0,6127777778;13,0553037171;94,6509519492;17,9510426111;1,6319129646;6,5276518586;6,5276518586;24,4786944696;70,1722574796;6,5276518586;11,4233907525;1,6319129646;0,0000000000;1;8.6206896552, 10.3448275862, 44.8275862069, 24.1379310345, 10.3448275862, 1.724137931, 0, 0;5.1724137931, 3.4482758621, 5.1724137931, 5.1724137931, 17.2413793103, 27.5862068966, 15.5172413793, 8.6206896552, 10.3448275862, 0, 1.724137931, 0, 0, 0, 0, 0, 0, 0, 0, 0, 0, 0, 0, 0, 0;Europe/Paris;36,0
2022-09-08T16:00:00Z;-1;9000003703;hourly;0,6547222222;12,2189223589;71,7861688587;10,6915570641;7,6368264743;3,0547305897;9,1641917692;24,4378447179;47,3483241409;3,0547305897;7,6368264743;4,5820958846;3,0547305897;1;6.3829787234, 2.1276595745, 46.8085106383, 25.5319148936, 19.1489361702, 0, 0, 0;4.2553191489, 2.1276595745, 0, 2.1276595745, 17.0212765957, 29.7872340426, 12.7659574468, 12.7659574468, 14.8936170213, 4.2553191489, 0, 0, 0, 0, 0, 0, 0, 0, 0, 0, 0, 0, 0, 0, 0;Europe/Paris;39,0
2022-09-08T17:00:00Z;-1;9000003703;hourly;0,6202777778;20,9583519928;106,4039408867;9,6730855352;4,8365427676;3,2243618451;17,7339901478;24,1827138379;82,2212270488;1,6121809225;8,0609046126;0,0000000000;4,8365427676;1;1.5151515152, 1.5151515152, 16.6666666667, 59.0909090909, 21.2121212121, 0, 0, 0;1.5151515152, 0, 1.5151515152, 0, 6.0606060606, 10.6060606061, 33.3333333333, 25.7575757576, 12.1212121212, 9.0909090909, 0, 0, 0, 0, 0, 0, 0, 0, 0, 0, 0, 0, 0, 0, 0;Europe/Paris;40,0
2022-09-08T18:00:00Z;-1;9000003703;hourly;0,4308333333;4,6421663443;76,5957446809;4,6421663443;6,9632495164;2,3210831721;2,3210831721;37,1373307544;39,4584139265;0,0000000000;4,6421663443;4,6421663443;2,3210831721;1;3.0303030303, 12.1212121212, 42.4242424242, 39.3939393939, 3.0303030303, 0, 0, 0;3.0303030303, 0, 3.0303030303, 9.0909090909, 12.1212121212, 30.303030303, 18.1818181818, 21.2121212121, 3.0303030303, 0, 0, 0, 0, 0, 0, 0, 0, 0, 0, 0, 0, 0, 0, 0, 0;Europe/Paris;34,5
2022-09-08T19:00:00Z;-1;9000003703;hourly;0,0000000000;0,0000000000;0,0000000000;0,0000000000;0,0000000000;0,0000000000;0,0000000000;0,0000000000;0,0000000000;0,0000000000;0,0000000000;0,0000000000;0,0000000000;1;0, 0, 0, 0, 0, 0, 0, 0;0, 0, 0, 0, 0, 0, 0, 0, 0, 0, 0, 0, 0, 0, 0, 0, 0, 0, 0, 0, 0, 0, 0, 0, 0;Europe/Paris;NA
2022-09-08T20:00:00Z;-1;9000003703;hourly;0,0000000000;0,0000000000;0,0000000000;0,0000000000;0,0000000000;0,0000000000;0,0000000000;0,0000000000;0,0000000000;0,0000000000;0,0000000000;0,0000000000;0,0000000000;1;0, 0, 0, 0, 0, 0, 0, 0;0, 0, 0, 0, 0, 0, 0, 0, 0, 0, 0, 0, 0, 0, 0, 0, 0, 0, 0, 0, 0, 0, 0, 0, 0;Europe/Paris;NA
2022-09-08T21:00:00Z;-1;9000003703;hourly;0,0000000000;0,0000000000;0,0000000000;0,0000000000;0,0000000000;0,0000000000;0,0000000000;0,0000000000;0,0000000000;0,0000000000;0,0000000000;0,0000000000;0,0000000000;1;0, 0, 0, 0, 0, 0, 0, 0;0, 0, 0, 0, 0, 0, 0, 0, 0, 0, 0, 0, 0, 0, 0, 0, 0, 0, 0, 0, 0, 0, 0, 0, 0;Europe/Paris;NA
2022-09-08T23:00:00Z;-1;9000003703;hourly;0,0000000000;0,0000000000;0,0000000000;0,0000000000;0,0000000000;0,0000000000;0,0000000000;0,0000000000;0,0000000000;0,0000000000;0,0000000000;0,0000000000;0,0000000000;1;0, 0, 0, 0, 0, 0, 0, 0;0, 0, 0, 0, 0, 0, 0, 0, 0, 0, 0, 0, 0, 0, 0, 0, 0, 0, 0, 0, 0, 0, 0, 0, 0;Europe/Paris;NA
2022-09-09T00:00:00Z;-1;9000003703;hourly;0,0000000000;0,0000000000;0,0000000000;0,0000000000;0,0000000000;0,0000000000;0,0000000000;0,0000000000;0,0000000000;0,0000000000;0,0000000000;0,0000000000;0,0000000000;1;0, 0, 0, 0, 0, 0, 0, 0;0, 0, 0, 0, 0, 0, 0, 0, 0, 0, 0, 0, 0, 0, 0, 0, 0, 0, 0, 0, 0, 0, 0, 0, 0;Europe/Paris;NA
2022-09-09T01:00:00Z;-1;9000003703;hourly;0,0000000000;0,0000000000;0,0000000000;0,0000000000;0,0000000000;0,0000000000;0,0000000000;0,0000000000;0,0000000000;0,0000000000;0,0000000000;0,0000000000;0,0000000000;1;0, 0, 0, 0, 0, 0, 0, 0;0, 0, 0, 0, 0, 0, 0, 0, 0, 0, 0, 0, 0, 0, 0, 0, 0, 0, 0, 0, 0, 0, 0, 0, 0;Europe/Paris;NA
2022-09-09T02:00:00Z;-1;9000003703;hourly;0,0000000000;0,0000000000;0,0000000000;0,0000000000;0,0000000000;0,0000000000;0,0000000000;0,0000000000;0,0000000000;0,0000000000;0,0000000000;0,0000000000;0,0000000000;1;0, 0, 0, 0, 0, 0, 0, 0;0, 0, 0, 0, 0, 0, 0, 0, 0, 0, 0, 0, 0, 0, 0, 0, 0, 0, 0, 0, 0, 0, 0, 0, 0;Europe/Paris;NA
2022-09-09T03:00:00Z;-1;9000003703;hourly;0,0000000000;0,0000000000;0,0000000000;0,0000000000;0,0000000000;0,0000000000;0,0000000000;0,0000000000;0,0000000000;0,0000000000;0,0000000000;0,0000000000;0,0000000000;1;0, 0, 0, 0, 0, 0, 0, 0;0, 0, 0, 0, 0, 0, 0, 0, 0, 0, 0, 0, 0, 0, 0, 0, 0, 0, 0, 0, 0, 0, 0, 0, 0;Europe/Paris;NA
2022-09-09T04:00:00Z;-1;9000003703;hourly;0,0000000000;0,0000000000;0,0000000000;0,0000000000;0,0000000000;0,0000000000;0,0000000000;0,0000000000;0,0000000000;0,0000000000;0,0000000000;0,0000000000;0,0000000000;1;0, 0, 0, 0, 0, 0, 0, 0;0, 0, 0, 0, 0, 0, 0, 0, 0, 0, 0, 0, 0, 0, 0, 0, 0, 0, 0, 0, 0, 0, 0, 0, 0;Europe/Paris;NA
2022-09-09T05:00:00Z;-1;9000003703;hourly;0,3094444444;19,3895870736;74,3267504488;3,2315978456;22,6211849192;9,6947935368;9,6947935368;51,7055655296;22,6211849192;3,2315978456;0,0000000000;6,4631956912;16,1579892280;1;0, 4.347826087, 39.1304347826, 47.8260869565, 8.6956521739, 0, 0, 0;0, 0, 0, 4.347826087, 8.6956521739, 30.4347826087, 21.7391304348, 26.0869565217, 8.6956521739, 0, 0, 0, 0, 0, 0, 0, 0, 0, 0, 0, 0, 0, 0, 0, 0;Europe/Paris;36,5
2022-09-09T06:00:00Z;-1;9000003703;hourly;0,6016666667;39,8891966759;79,7783933518;16,6204986150;56,5096952909;18,2825484765;21,6066481994;34,9030470914;44,8753462604;14,9584487535;1,6620498615;51,5235457064;4,9861495845;1;4.1666666667, 2.0833333333, 33.3333333333, 45.8333333333, 14.5833333333, 0, 0, 0;4.1666666667, 0, 2.0833333333, 0, 6.25, 27.0833333333, 27.0833333333, 18.75, 10.4166666667, 4.1666666667, 0, 0, 0, 0, 0, 0, 0, 0, 0, 0, 0, 0, 0, 0, 0;Europe/Paris;37,5
2022-09-09T07:00:00Z;-1;9000003703;hourly;0,6041666667;24,8275862069;38,0689655172;11,5862068966;1,6551724138;16,5517241379;8,2758620690;14,8965517241;23,1724137931;8,2758620690;3,3103448276;1,6551724138;0,0000000000;1;17.3913043478, 0, 26.0869565217, 52.1739130435, 4.347826087, 0, 0, 0;17.3913043478, 0, 0, 0, 4.347826087, 21.7391304348, 26.0869565217, 26.0869565217, 4.347826087, 0, 0, 0, 0, 0, 0, 0, 0, 0, 0, 0, 0, 0, 0, 0, 0;Europe/Paris;35,5
2022-09-09T08:00:00Z;-1;9000003703;hourly;0,5955555556;20,1492537313;23,5074626866;21,8283582090;20,1492537313;11,7537313433;8,3955223881;5,0373134328;18,4701492537;3,3582089552;18,4701492537;3,3582089552;16,7910447761;1;7.1428571429, 0, 28.5714285714, 64.2857142857, 0, 0, 0, 0;7.1428571429, 0, 0, 0, 14.2857142857, 14.2857142857, 50, 14.2857142857, 0, 0, 0, 0, 0, 0, 0, 0, 0, 0, 0, 0, 0, 0, 0, 0, 0;Europe/Paris;32,5
2022-09-09T09:00:00Z;-1;9000003703;hourly;0,5705555556;15,7740993184;35,0535540409;17,5267770204;5,2580331061;14,0214216164;1,7526777020;14,0214216164;21,0321324245;0,0000000000;17,5267770204;1,7526777020;3,5053554041;1;0, 5, 25, 60, 5, 0, 0, 5;0, 0, 0, 5, 15, 10, 40, 20, 0, 5, 0, 0, 0, 0, 0, 5, 0, 0, 0, 0, 0, 0, 0, 0, 0;Europe/Paris;36,0
2022-09-09T10:00:00Z;-1;9000003703;hourly;0,5725000000;24,4541484716;43,6681222707;13,9737991266;6,9868995633;6,9868995633;17,4672489083;12,2270742358;31,4410480349;3,4934497817;10,4803493450;3,4934497817;3,4934497817;1;12, 0, 8, 64, 12, 0, 0, 4;8, 4, 0, 0, 4, 4, 36, 28, 4, 8, 0, 0, 0, 0, 0, 0, 0, 0, 0, 4, 0, 0, 0, 0, 0;Europe/Paris;38,5
2022-09-09T11:00:00Z;-1;9000003703;hourly;0,5925000000;16,8776371308;62,4472573840;15,1898734177;10,1265822785;6,7510548523;10,1265822785;25,3164556962;37,1308016878;5,0632911392;10,1265822785;5,0632911392;5,0632911392;1;18.9189189189, 2.7027027027, 10.8108108108, 48.6486486486, 16.2162162162, 2.7027027027, 0, 0;18.9189189189, 0, 0, 2.7027027027, 2.7027027027, 8.1081081081, 32.4324324324, 16.2162162162, 8.1081081081, 8.1081081081, 0, 2.7027027027, 0, 0, 0, 0, 0, 0, 0, 0, 0, 0, 0, 0, 0;Europe/Paris;40,0
2022-09-09T12:00:00Z;-1;9000003703;hourly;0,6336111111;9,4695309075;47,3476545375;4,7347654537;6,3130206050;4,7347654537;4,7347654537;26,8303375712;20,5173169662;3,1565103025;1,5782551512;3,1565103025;3,1565103025;1;0, 0, 26.6666666667, 63.3333333333, 10, 0, 0, 0;0, 0, 0, 0, 16.6666666667, 10, 26.6666666667, 36.6666666667, 3.3333333333, 6.6666666667, 0, 0, 0, 0, 0, 0, 0, 0, 0, 0, 0, 0, 0, 0, 0;Europe/Paris;37,0
2022-09-09T13:00:00Z;-1;9000003703;hourly;0,6261111111;17,5687666371;28,7488908607;33,5403726708;6,3886424135;11,1801242236;6,3886424135;15,9716060337;12,7772848270;15,9716060337;17,5687666371;1,5971606034;4,7914818101;1;5.5555555556, 11.1111111111, 38.8888888889, 44.4444444444, 0, 0, 0, 0;5.5555555556, 0, 0, 11.1111111111, 27.7777777778, 11.1111111111, 27.7777777778, 16.6666666667, 0, 0, 0, 0, 0, 0, 0, 0, 0, 0, 0, 0, 0, 0, 0, 0, 0;Europe/Paris;33,0
2022-09-09T14:00:00Z;-1;9000003703;hourly;0,5969444444;21,7775709632;75,3838994881;60,3071195905;20,1023731968;8,3759888320;13,4015821312;28,4783620289;46,9055374593;30,1535597953;30,1535597953;8,3759888320;11,7263843648;1;4.4444444444, 11.1111111111, 42.2222222222, 40, 2.2222222222, 0, 0, 0;4.4444444444, 0, 4.4444444444, 6.6666666667, 22.2222222222, 20, 22.2222222222, 17.7777777778, 0, 2.2222222222, 0, 0, 0, 0, 0, 0, 0, 0, 0, 0, 0, 0, 0, 0, 0;Europe/Paris;34,0
2022-09-09T15:00:00Z;-1;9000003703;hourly;0,6394444444;26,5855777585;159,5134665508;20,3301476977;15,6385751520;15,6385751520;10,9470026064;46,9157254561;112,5977410947;12,5108601216;7,8192875760;9,3831450912;6,2554300608;1;4.9019607843, 4.9019607843, 41.1764705882, 37.2549019608, 11.7647058824, 0, 0, 0;3.9215686275, 0.9803921569, 1.9607843137, 2.9411764706, 10.7843137255, 30.3921568627, 20.5882352941, 16.6666666667, 10.7843137255, 0.9803921569, 0, 0, 0, 0, 0, 0, 0, 0, 0, 0, 0, 0, 0, 0, 0;Europe/Paris;36,5
2022-09-09T16:00:00Z;-1;9000003703;hourly;0,6572222222;24,3448858833;82,1639898563;6,0862214708;15,2155536771;10,6508875740;13,6939983094;28,9095519865;53,2544378698;6,0862214708;0,0000000000;7,6077768385;7,6077768385;1;7.4074074074, 9.2592592593, 25.9259259259, 48.1481481481, 9.2592592593, 0, 0, 0;7.4074074074, 0, 0, 9.2592592593, 7.4074074074, 18.5185185185, 24.0740740741, 24.0740740741, 9.2592592593, 0, 0, 0, 0, 0, 0, 0, 0, 0, 0, 0, 0, 0, 0, 0, 0;Europe/Paris;36,5
2022-09-09T17:00:00Z;-1;9000003703;hourly;0,6255555556;7,9928952043;107,1047957371;6,3943161634;7,9928952043;4,7957371226;3,1971580817;59,1474245115;47,9573712256;3,1971580817;3,1971580817;4,7957371226;3,1971580817;1;5.9701492537, 2.9850746269, 35.8208955224, 43.2835820896, 10.447761194, 0, 1.4925373134, 0;4.4776119403, 1.4925373134, 0, 2.9850746269, 17.9104477612, 17.9104477612, 25.3731343284, 17.9104477612, 7.4626865672, 2.9850746269, 0, 0, 1.4925373134, 0, 0, 0, 0, 0, 0, 0, 0, 0, 0, 0, 0;Europe/Paris;36,5
2022-09-09T18:00:00Z;-1;9000003703;hourly;0,2844444444;0,0000000000;42,1875000000;10,5468750000;7,0312500000;0,0000000000;0,0000000000;7,0312500000;35,1562500000;3,5156250000;7,0312500000;0,0000000000;7,0312500000;1;0, 0, 8.3333333333, 66.6666666667, 16.6666666667, 0, 0, 8.3333333333;0, 0, 0, 0, 8.3333333333, 0, 50, 16.6666666667, 16.6666666667, 0, 0, 0, 0, 0, 0, 0, 0, 0, 0, 0, 8.3333333333, 0, 0, 0, 0;Europe/Paris;40,5
2022-09-09T19:00:00Z;-1;9000003703;hourly;0,0000000000;0,0000000000;0,0000000000;0,0000000000;0,0000000000;0,0000000000;0,0000000000;0,0000000000;0,0000000000;0,0000000000;0,0000000000;0,0000000000;0,0000000000;1;0, 0, 0, 0, 0, 0, 0, 0;0, 0, 0, 0, 0, 0, 0, 0, 0, 0, 0, 0, 0, 0, 0, 0, 0, 0, 0, 0, 0, 0, 0, 0, 0;Europe/Paris;NA
2022-09-09T20:00:00Z;-1;9000003703;hourly;0,0000000000;0,0000000000;0,0000000000;0,0000000000;0,0000000000;0,0000000000;0,0000000000;0,0000000000;0,0000000000;0,0000000000;0,0000000000;0,0000000000;0,0000000000;1;0, 0, 0, 0, 0, 0, 0, 0;0, 0, 0, 0, 0, 0, 0, 0, 0, 0, 0, 0, 0, 0, 0, 0, 0, 0, 0, 0, 0, 0, 0, 0, 0;Europe/Paris;NA
2022-09-09T21:00:00Z;-1;9000003703;hourly;0,0000000000;0,0000000000;0,0000000000;0,0000000000;0,0000000000;0,0000000000;0,0000000000;0,0000000000;0,0000000000;0,0000000000;0,0000000000;0,0000000000;0,0000000000;1;0, 0, 0, 0, 0, 0, 0, 0;0, 0, 0, 0, 0, 0, 0, 0, 0, 0, 0, 0, 0, 0, 0, 0, 0, 0, 0, 0, 0, 0, 0, 0, 0;Europe/Paris;NA
2022-09-09T23:00:00Z;-1;9000003703;hourly;0,0000000000;0,0000000000;0,0000000000;0,0000000000;0,0000000000;0,0000000000;0,0000000000;0,0000000000;0,0000000000;0,0000000000;0,0000000000;0,0000000000;0,0000000000;1;0, 0, 0, 0, 0, 0, 0, 0;0, 0, 0, 0, 0, 0, 0, 0, 0, 0, 0, 0, 0, 0, 0, 0, 0, 0, 0, 0, 0, 0, 0, 0, 0;Europe/Paris;NA
2022-09-10T00:00:00Z;-1;9000003703;hourly;0,0000000000;0,0000000000;0,0000000000;0,0000000000;0,0000000000;0,0000000000;0,0000000000;0,0000000000;0,0000000000;0,0000000000;0,0000000000;0,0000000000;0,0000000000;1;0, 0, 0, 0, 0, 0, 0, 0;0, 0, 0, 0, 0, 0, 0, 0, 0, 0, 0, 0, 0, 0, 0, 0, 0, 0, 0, 0, 0, 0, 0, 0, 0;Europe/Paris;NA
2022-09-10T01:00:00Z;-1;9000003703;hourly;0,0000000000;0,0000000000;0,0000000000;0,0000000000;0,0000000000;0,0000000000;0,0000000000;0,0000000000;0,0000000000;0,0000000000;0,0000000000;0,0000000000;0,0000000000;1;0, 0, 0, 0, 0, 0, 0, 0;0, 0, 0, 0, 0, 0, 0, 0, 0, 0, 0, 0, 0, 0, 0, 0, 0, 0, 0, 0, 0, 0, 0, 0, 0;Europe/Paris;NA
2022-09-10T02:00:00Z;-1;9000003703;hourly;0,0000000000;0,0000000000;0,0000000000;0,0000000000;0,0000000000;0,0000000000;0,0000000000;0,0000000000;0,0000000000;0,0000000000;0,0000000000;0,0000000000;0,0000000000;1;0, 0, 0, 0, 0, 0, 0, 0;0, 0, 0, 0, 0, 0, 0, 0, 0, 0, 0, 0, 0, 0, 0, 0, 0, 0, 0, 0, 0, 0, 0, 0, 0;Europe/Paris;NA
2022-09-10T03:00:00Z;-1;9000003703;hourly;0,0000000000;0,0000000000;0,0000000000;0,0000000000;0,0000000000;0,0000000000;0,0000000000;0,0000000000;0,0000000000;0,0000000000;0,0000000000;0,0000000000;0,0000000000;1;0, 0, 0, 0, 0, 0, 0, 0;0, 0, 0, 0, 0, 0, 0, 0, 0, 0, 0, 0, 0, 0, 0, 0, 0, 0, 0, 0, 0, 0, 0, 0, 0;Europe/Paris;NA
2022-09-10T04:00:00Z;-1;9000003703;hourly;0,0000000000;0,0000000000;0,0000000000;0,0000000000;0,0000000000;0,0000000000;0,0000000000;0,0000000000;0,0000000000;0,0000000000;0,0000000000;0,0000000000;0,0000000000;1;0, 0, 0, 0, 0, 0, 0, 0;0, 0, 0, 0, 0, 0, 0, 0, 0, 0, 0, 0, 0, 0, 0, 0, 0, 0, 0, 0, 0, 0, 0, 0, 0;Europe/Paris;NA
2022-09-10T05:00:00Z;-1;9000003703;hourly;0,2108333333;0,0000000000;9,4861660079;0,0000000000;0,0000000000;0,0000000000;0,0000000000;9,4861660079;0,0000000000;0,0000000000;0,0000000000;0,0000000000;0,0000000000;1;0, 0, 50, 50, 0, 0, 0, 0;0, 0, 0, 0, 0, 50, 0, 50, 0, 0, 0, 0, 0, 0, 0, 0, 0, 0, 0, 0, 0, 0, 0, 0, 0;Europe/Paris;36,0
2022-09-10T06:00:00Z;-1;9000003703;hourly;0,6344444444;0,0000000000;26,7950963222;0,0000000000;1,5761821366;0,0000000000;0,0000000000;14,1856392294;12,6094570928;0,0000000000;0,0000000000;1,5761821366;0,0000000000;1;11.7647058824, 0, 41.1764705882, 35.2941176471, 11.7647058824, 0, 0, 0;5.8823529412, 5.8823529412, 0, 0, 11.7647058824, 29.4117647059, 11.7647058824, 23.5294117647, 5.8823529412, 5.8823529412, 0, 0, 0, 0, 0, 0, 0, 0, 0, 0, 0, 0, 0, 0, 0;Europe/Paris;37,0
2022-09-10T07:00:00Z;-1;9000003703;hourly;0,5986111111;21,7169373550;36,7517401392;11,6937354988;8,3526682135;11,6937354988;10,0232018561;16,7053364269;20,0464037123;10,0232018561;1,6705336427;6,6821345708;1,6705336427;1;27.2727272727, 0, 9.0909090909, 40.9090909091, 13.6363636364, 4.5454545455, 4.5454545455, 0;18.1818181818, 9.0909090909, 0, 0, 4.5454545455, 4.5454545455, 22.7272727273, 18.1818181818, 9.0909090909, 4.5454545455, 0, 4.5454545455, 4.5454545455, 0, 0, 0, 0, 0, 0, 0, 0, 0, 0, 0, 0;Europe/Paris;42,0
2022-09-10T08:00:00Z;-1;9000003703;hourly;0,5811111111;34,4168260038;118,7380497132;10,3250478011;13,7667304015;15,4875717017;18,9292543021;48,1835564054;70,5544933078;1,7208413002;8,6042065010;8,6042065010;5,1625239006;1;5.7971014493, 10.1449275362, 40.5797101449, 26.0869565217, 14.4927536232, 2.8985507246, 0, 0;5.7971014493, 0, 1.4492753623, 8.6956521739, 10.1449275362, 30.4347826087, 13.0434782609, 13.0434782609, 7.2463768116, 7.2463768116, 2.8985507246, 0, 0, 0, 0, 0, 0, 0, 0, 0, 0, 0, 0, 0, 0;Europe/Paris;39,0
2022-09-10T09:00:00Z;-1;9000003703;hourly;0,5966666667;18,4357541899;87,1508379888;11,7318435754;6,7039106145;10,0558659218;8,3798882682;38,5474860335;48,6033519553;5,0279329609;6,7039106145;3,3519553073;3,3519553073;1;9.6153846154, 5.7692307692, 36.5384615385, 36.5384615385, 7.6923076923, 3.8461538462, 0, 0;7.6923076923, 1.9230769231, 3.8461538462, 1.9230769231, 11.5384615385, 25, 25, 11.5384615385, 7.6923076923, 0, 1.9230769231, 1.9230769231, 0, 0, 0, 0, 0, 0, 0, 0, 0, 0, 0, 0, 0;Europe/Paris;36,0
2022-09-10T10:00:00Z;-1;9000003703;hourly;0,5975000000;18,4100418410;122,1757322176;16,7364016736;13,3891213389;5,0209205021;13,3891213389;61,9246861925;60,2510460251;11,7154811715;5,0209205021;6,6945606695;6,6945606695;1;1.3698630137, 6.8493150685, 46.5753424658, 35.6164383562, 8.2191780822, 1.3698630137, 0, 0;1.3698630137, 0, 2.7397260274, 4.1095890411, 12.3287671233, 34.2465753425, 24.6575342466, 10.9589041096, 5.4794520548, 2.7397260274, 1.3698630137, 0, 0, 0, 0, 0, 0, 0, 0, 0, 0, 0, 0, 0, 0;Europe/Paris;35,0
2022-09-10T11:00:00Z;-1;9000003703;hourly;0,5497222222;0,0000000000;43,6584133401;7,2764022233;3,6382011117;0,0000000000;0,0000000000;10,9146033350;32,7438100051;0,0000000000;7,2764022233;3,6382011117;0,0000000000;1;0, 4.1666666667, 41.6666666667, 45.8333333333, 8.3333333333, 0, 0, 0;0, 0, 0, 4.1666666667, 16.6666666667, 25, 33.3333333333, 12.5, 8.3333333333, 0, 0, 0, 0, 0, 0, 0, 0, 0, 0, 0, 0, 0, 0, 0, 0;Europe/Paris;35,0
2022-09-10T12:00:00Z;-1;9000003703;hourly;0,6552777778;1,5260703688;38,1517592200;19,8389147944;1,5260703688;1,5260703688;0,0000000000;18,3128444256;19,8389147944;16,7867740568;3,0521407376;0,0000000000;1,5260703688;1;0, 8, 44, 40, 8, 0, 0, 0;0, 0, 4, 4, 24, 20, 16, 24, 4, 4, 0, 0, 0, 0, 0, 0, 0, 0, 0, 0, 0, 0, 0, 0, 0;Europe/Paris;36,0
2022-09-10T13:00:00Z;-1;9000003703;hourly;0,6502777778;4,6134130713;58,4365655703;39,9829132849;1,5378043571;1,5378043571;3,0756087142;35,3695002136;23,0670653567;29,2182827851;10,7646304998;0,0000000000;1,5378043571;1;5.2631578947, 10.5263157895, 63.1578947368, 18.4210526316, 2.6315789474, 0, 0, 0;2.6315789474, 2.6315789474, 5.2631578947, 5.2631578947, 21.0526315789, 42.1052631579, 15.7894736842, 2.6315789474, 2.6315789474, 0, 0, 0, 0, 0, 0, 0, 0, 0, 0, 0, 0, 0, 0, 0, 0;Europe/Paris;29,5
2022-09-10T14:00:00Z;-1;9000003703;hourly;0,6488888889;1,5410958904;35,4452054795;23,1164383562;0,0000000000;0,0000000000;1,5410958904;15,4109589041;20,0342465753;13,8698630137;9,2465753425;0,0000000000;0,0000000000;1;4.347826087, 0, 56.5217391304, 34.7826086957, 4.347826087, 0, 0, 0;4.347826087, 0, 0, 0, 17.3913043478, 39.1304347826, 13.0434782609, 21.7391304348, 4.347826087, 0, 0, 0, 0, 0, 0, 0, 0, 0, 0, 0, 0, 0, 0, 0, 0;Europe/Paris;35,0
2022-09-10T15:00:00Z;-1;9000003703;hourly;0,6408333333;1,5604681404;56,1768530559;9,3628088427;1,5604681404;0,0000000000;1,5604681404;24,9674902471;31,2093628088;3,1209362809;6,2418725618;0,0000000000;1,5604681404;1;5.5555555556, 5.5555555556, 47.2222222222, 33.3333333333, 5.5555555556, 2.7777777778, 0, 0;2.7777777778, 2.7777777778, 0, 5.5555555556, 27.7777777778, 19.4444444444, 30.5555555556, 2.7777777778, 5.5555555556, 0, 0, 2.7777777778, 0, 0, 0, 0, 0, 0, 0, 0, 0, 0, 0, 0, 0;Europe/Paris;32,0
2022-09-10T16:00:00Z;-1;9000003703;hourly;0,6500000000;1,5384615385;60,0000000000;4,6153846154;3,0769230769;1,5384615385;0,0000000000;12,3076923077;47,6923076923;1,5384615385;3,0769230769;1,5384615385;1,5384615385;1;17.9487179487, 2.5641025641, 43.5897435897, 28.2051282051, 5.1282051282, 2.5641025641, 0, 0;17.9487179487, 0, 2.5641025641, 0, 10.2564102564, 33.3333333333, 25.641025641, 2.5641025641, 5.1282051282, 0, 2.5641025641, 0, 0, 0, 0, 0, 0, 0, 0, 0, 0, 0, 0, 0, 0;Europe/Paris;31,5
2022-09-10T17:00:00Z;-1;9000003703;hourly;0,6355555556;4,7202797203;55,0699300699;6,2937062937;7,8671328671;0,0000000000;4,7202797203;20,4545454545;34,6153846154;1,5734265734;4,7202797203;3,1468531469;4,7202797203;1;5.7142857143, 2.8571428571, 20, 65.7142857143, 5.7142857143, 0, 0, 0;2.8571428571, 2.8571428571, 0, 2.8571428571, 5.7142857143, 14.2857142857, 45.7142857143, 20, 5.7142857143, 0, 0, 0, 0, 0, 0, 0, 0, 0, 0, 0, 0, 0, 0, 0, 0;Europe/Paris;35,0
2022-09-10T18:00:00Z;-1;9000003703;hourly;0,3225000000;0,0000000000;27,9069767442;6,2015503876;12,4031007752;0,0000000000;0,0000000000;3,1007751938;24,8062015504;6,2015503876;0,0000000000;6,2015503876;6,2015503876;1;0, 0, 22.2222222222, 44.4444444444, 33.3333333333, 0, 0, 0;0, 0, 0, 0, 11.1111111111, 11.1111111111, 0, 44.4444444444, 11.1111111111, 22.2222222222, 0, 0, 0, 0, 0, 0, 0, 0, 0, 0, 0, 0, 0, 0, 0;Europe/Paris;44,0
2022-09-10T19:00:00Z;-1;9000003703;hourly;0,0000000000;0,0000000000;0,0000000000;0,0000000000;0,0000000000;0,0000000000;0,0000000000;0,0000000000;0,0000000000;0,0000000000;0,0000000000;0,0000000000;0,0000000000;1;0, 0, 0, 0, 0, 0, 0, 0;0, 0, 0, 0, 0, 0, 0, 0, 0, 0, 0, 0, 0, 0, 0, 0, 0, 0, 0, 0, 0, 0, 0, 0, 0;Europe/Paris;NA
2022-09-10T20:00:00Z;-1;9000003703;hourly;0,0000000000;0,0000000000;0,0000000000;0,0000000000;0,0000000000;0,0000000000;0,0000000000;0,0000000000;0,0000000000;0,0000000000;0,0000000000;0,0000000000;0,0000000000;1;0, 0, 0, 0, 0, 0, 0, 0;0, 0, 0, 0, 0, 0, 0, 0, 0, 0, 0, 0, 0, 0, 0, 0, 0, 0, 0, 0, 0, 0, 0, 0, 0;Europe/Paris;NA
2022-09-10T21:00:00Z;-1;9000003703;hourly;0,0000000000;0,0000000000;0,0000000000;0,0000000000;0,0000000000;0,0000000000;0,0000000000;0,0000000000;0,0000000000;0,0000000000;0,0000000000;0,0000000000;0,0000000000;1;0, 0, 0, 0, 0, 0, 0, 0;0, 0, 0, 0, 0, 0, 0, 0, 0, 0, 0, 0, 0, 0, 0, 0, 0, 0, 0, 0, 0, 0, 0, 0, 0;Europe/Paris;NA
2022-09-10T23:00:00Z;-1;9000003703;hourly;0,0000000000;0,0000000000;0,0000000000;0,0000000000;0,0000000000;0,0000000000;0,0000000000;0,0000000000;0,0000000000;0,0000000000;0,0000000000;0,0000000000;0,0000000000;1;0, 0, 0, 0, 0, 0, 0, 0;0, 0, 0, 0, 0, 0, 0, 0, 0, 0, 0, 0, 0, 0, 0, 0, 0, 0, 0, 0, 0, 0, 0, 0, 0;Europe/Paris;NA
2022-09-11T00:00:00Z;-1;9000003703;hourly;0,0000000000;0,0000000000;0,0000000000;0,0000000000;0,0000000000;0,0000000000;0,0000000000;0,0000000000;0,0000000000;0,0000000000;0,0000000000;0,0000000000;0,0000000000;1;0, 0, 0, 0, 0, 0, 0, 0;0, 0, 0, 0, 0, 0, 0, 0, 0, 0, 0, 0, 0, 0, 0, 0, 0, 0, 0, 0, 0, 0, 0, 0, 0;Europe/Paris;NA
2022-09-11T01:00:00Z;-1;9000003703;hourly;0,0000000000;0,0000000000;0,0000000000;0,0000000000;0,0000000000;0,0000000000;0,0000000000;0,0000000000;0,0000000000;0,0000000000;0,0000000000;0,0000000000;0,0000000000;1;0, 0, 0, 0, 0, 0, 0, 0;0, 0, 0, 0, 0, 0, 0, 0, 0, 0, 0, 0, 0, 0, 0, 0, 0, 0, 0, 0, 0, 0, 0, 0, 0;Europe/Paris;NA
2022-09-11T02:00:00Z;-1;9000003703;hourly;0,0000000000;0,0000000000;0,0000000000;0,0000000000;0,0000000000;0,0000000000;0,0000000000;0,0000000000;0,0000000000;0,0000000000;0,0000000000;0,0000000000;0,0000000000;1;0, 0, 0, 0, 0, 0, 0, 0;0, 0, 0, 0, 0, 0, 0, 0, 0, 0, 0, 0, 0, 0, 0, 0, 0, 0, 0, 0, 0, 0, 0, 0, 0;Europe/Paris;NA
2022-09-11T03:00:00Z;-1;9000003703;hourly;0,0000000000;0,0000000000;0,0000000000;0,0000000000;0,0000000000;0,0000000000;0,0000000000;0,0000000000;0,0000000000;0,0000000000;0,0000000000;0,0000000000;0,0000000000;1;0, 0, 0, 0, 0, 0, 0, 0;0, 0, 0, 0, 0, 0, 0, 0, 0, 0, 0, 0, 0, 0, 0, 0, 0, 0, 0, 0, 0, 0, 0, 0, 0;Europe/Paris;NA
2022-09-11T04:00:00Z;-1;9000003703;hourly;0,0000000000;0,0000000000;0,0000000000;0,0000000000;0,0000000000;0,0000000000;0,0000000000;0,0000000000;0,0000000000;0,0000000000;0,0000000000;0,0000000000;0,0000000000;1;0, 0, 0, 0, 0, 0, 0, 0;0, 0, 0, 0, 0, 0, 0, 0, 0, 0, 0, 0, 0, 0, 0, 0, 0, 0, 0, 0, 0, 0, 0, 0, 0;Europe/Paris;NA
2022-09-11T05:00:00Z;-1;9000003703;hourly;0,1575000000;0,0000000000;19,0476190476;0,0000000000;0,0000000000;0,0000000000;0,0000000000;0,0000000000;19,0476190476;0,0000000000;0,0000000000;0,0000000000;0,0000000000;1;0, 0, 0, 100, 0, 0, 0, 0;0, 0, 0, 0, 0, 0, 66.6666666667, 33.3333333333, 0, 0, 0, 0, 0, 0, 0, 0, 0, 0, 0, 0, 0, 0, 0, 0, 0;Europe/Paris;35,5
2022-09-11T06:00:00Z;-1;9000003703;hourly;0,6061111111;0,0000000000;3,2997250229;1,6498625115;1,6498625115;0,0000000000;0,0000000000;1,6498625115;1,6498625115;1,6498625115;0,0000000000;0,0000000000;1,6498625115;1;0, 0, 0, 50, 50, 0, 0, 0;0, 0, 0, 0, 0, 0, 50, 0, 50, 0, 0, 0, 0, 0, 0, 0, 0, 0, 0, 0, 0, 0, 0, 0, 0;Europe/Paris;41,0
2022-09-11T07:00:00Z;-1;9000003703;hourly;0,5952777778;5,0396640224;13,4391040597;13,4391040597;6,7195520299;3,3597760149;1,6798880075;6,7195520299;6,7195520299;11,7592160523;1,6798880075;3,3597760149;3,3597760149;1;0, 0, 25, 62.5, 12.5, 0, 0, 0;0, 0, 0, 0, 0, 25, 62.5, 0, 12.5, 0, 0, 0, 0, 0, 0, 0, 0, 0, 0, 0, 0, 0, 0, 0, 0;Europe/Paris;32,5
2022-09-11T08:00:00Z;-1;9000003703;hourly;0,6561111111;10,6689246401;33,5309060119;13,7171888230;7,6206604572;4,5723962743;6,0965283658;13,7171888230;19,8137171888;10,6689246401;3,0482641829;3,0482641829;4,5723962743;1;9.0909090909, 0, 45.4545454545, 31.8181818182, 13.6363636364, 0, 0, 0;9.0909090909, 0, 0, 0, 27.2727272727, 18.1818181818, 27.2727272727, 4.5454545455, 13.6363636364, 0, 0, 0, 0, 0, 0, 0, 0, 0, 0, 0, 0, 0, 0, 0, 0;Europe/Paris;36,0
2022-09-11T09:00:00Z;-1;9000003703;hourly;0,6747222222;5,9283655825;38,5343762865;13,3388225607;5,9283655825;4,4462741869;1,4820913956;14,8209139564;23,7134623302;5,9283655825;7,4104569782;1,4820913956;4,4462741869;1;0, 7.6923076923, 34.6153846154, 50, 7.6923076923, 0, 0, 0;0, 0, 3.8461538462, 3.8461538462, 11.5384615385, 23.0769230769, 30.7692307692, 19.2307692308, 7.6923076923, 0, 0, 0, 0, 0, 0, 0, 0, 0, 0, 0, 0, 0, 0, 0, 0;Europe/Paris;35,5
2022-09-11T10:00:00Z;-1;9000003703;hourly;0,6355555556;1,5734265734;51,9230769231;15,7342657343;3,1468531469;0,0000000000;1,5734265734;14,1608391608;37,7622377622;4,7202797203;11,0139860140;3,1468531469;0,0000000000;1;3.0303030303, 0, 27.2727272727, 60.6060606061, 6.0606060606, 0, 0, 3.0303030303;0, 3.0303030303, 0, 0, 9.0909090909, 18.1818181818, 45.4545454545, 15.1515151515, 6.0606060606, 0, 0, 0, 0, 0, 0, 3.0303030303, 0, 0, 0, 0, 0, 0, 0, 0, 0;Europe/Paris;35,5
2022-09-11T11:00:00Z;-1;9000003703;hourly;0,6261111111;0,0000000000;23,9574090506;20,7630878438;3,1943212067;0,0000000000;0,0000000000;7,9858030169;15,9716060337;17,5687666371;3,1943212067;3,1943212067;0,0000000000;1;6.6666666667, 0, 26.6666666667, 60, 6.6666666667, 0, 0, 0;0, 6.6666666667, 0, 0, 0, 26.6666666667, 40, 20, 6.6666666667, 0, 0, 0, 0, 0, 0, 0, 0, 0, 0, 0, 0, 0, 0, 0, 0;Europe/Paris;35,5
2022-09-11T12:00:00Z;-1;9000003703;hourly;0,6863888889;0,0000000000;49,5346013760;7,2845002023;2,9138000809;0,0000000000;0,0000000000;29,1380008094;20,3966005666;2,9138000809;4,3707001214;0,0000000000;2,9138000809;1;2.9411764706, 2.9411764706, 44.1176470588, 35.2941176471, 14.7058823529, 0, 0, 0;2.9411764706, 0, 0, 2.9411764706, 17.6470588235, 26.4705882353, 23.5294117647, 11.7647058824, 11.7647058824, 2.9411764706, 0, 0, 0, 0, 0, 0, 0, 0, 0, 0, 0, 0, 0, 0, 0;Europe/Paris;37,5
2022-09-11T13:00:00Z;-1;9000003703;hourly;0,6930555556;0,0000000000;53,3867735471;15,8717434870;0,0000000000;0,0000000000;0,0000000000;23,0861723447;30,3006012024;7,2144288577;8,6573146293;0,0000000000;0,0000000000;1;0, 0, 43.2432432432, 43.2432432432, 13.5135135135, 0, 0, 0;0, 0, 0, 0, 8.1081081081, 35.1351351351, 21.6216216216, 21.6216216216, 8.1081081081, 5.4054054054, 0, 0, 0, 0, 0, 0, 0, 0, 0, 0, 0, 0, 0, 0, 0;Europe/Paris;37,0
2022-09-11T14:00:00Z;-1;9000003703;hourly;0,6916666667;0,0000000000;60,7228915663;11,5662650602;1,4457831325;0,0000000000;0,0000000000;39,0361445783;21,6867469880;11,5662650602;0,0000000000;1,4457831325;0,0000000000;1;0, 9.5238095238, 50, 33.3333333333, 4.7619047619, 0, 0, 2.380952381;0, 0, 4.7619047619, 4.7619047619, 16.6666666667, 33.3333333333, 26.1904761905, 7.1428571429, 2.380952381, 2.380952381, 0, 0, 0, 0, 0, 2.380952381, 0, 0, 0, 0, 0, 0, 0, 0, 0;Europe/Paris;32,5
2022-09-11T15:00:00Z;-1;9000003703;hourly;0,6655555556;0,0000000000;52,5876460768;19,5325542571;1,5025041736;0,0000000000;0,0000000000;9,0150250417;43,5726210351;9,0150250417;10,5175292154;1,5025041736;0,0000000000;1;8.5714285714, 14.2857142857, 22.8571428571, 48.5714285714, 2.8571428571, 2.8571428571, 0, 0;8.5714285714, 0, 5.7142857143, 8.5714285714, 2.8571428571, 20, 14.2857142857, 34.2857142857, 2.8571428571, 0, 0, 2.8571428571, 0, 0, 0, 0, 0, 0, 0, 0, 0, 0, 0, 0, 0;Europe/Paris;36,0
2022-09-11T16:00:00Z;-1;9000003703;hourly;0,6563888889;0,0000000000;33,5167160389;4,5704612780;6,0939483707;0,0000000000;0,0000000000;10,6644096488;22,8523063902;1,5234870927;3,0469741854;1,5234870927;4,5704612780;1;13.6363636364, 27.2727272727, 40.9090909091, 18.1818181818, 0, 0, 0, 0;13.6363636364, 0, 18.1818181818, 9.0909090909, 18.1818181818, 22.7272727273, 13.6363636364, 4.5454545455, 0, 0, 0, 0, 0, 0, 0, 0, 0, 0, 0, 0, 0, 0, 0, 0, 0;Europe/Paris;28,5
2022-09-11T17:00:00Z;-1;9000003703;hourly;0,6566666667;1,5228426396;47,2081218274;13,7055837563;3,0456852792;0,0000000000;1,5228426396;22,8426395939;24,3654822335;7,6142131980;6,0913705584;1,5228426396;1,5228426396;1;3.2258064516, 0, 32.2580645161, 58.064516129, 6.4516129032, 0, 0, 0;3.2258064516, 0, 0, 0, 12.9032258065, 19.3548387097, 32.2580645161, 25.8064516129, 6.4516129032, 0, 0, 0, 0, 0, 0, 0, 0, 0, 0, 0, 0, 0, 0, 0, 0;Europe/Paris;36,0
2022-09-11T18:00:00Z;-1;9000003703;hourly;0,4025000000;4,9689440994;27,3291925466;0,0000000000;2,4844720497;0,0000000000;4,9689440994;7,4534161491;19,8757763975;0,0000000000;0,0000000000;2,4844720497;0,0000000000;1;0, 9.0909090909, 36.3636363636, 27.2727272727, 9.0909090909, 0, 0, 18.1818181818;0, 0, 0, 9.0909090909, 0, 36.3636363636, 18.1818181818, 9.0909090909, 9.0909090909, 0, 0, 0, 0, 0, 18.1818181818, 0, 0, 0, 0, 0, 0, 0, 0, 0, 0;Europe/Paris;68,5
2022-09-11T19:00:00Z;-1;9000003703;hourly;0,0000000000;0,0000000000;0,0000000000;0,0000000000;0,0000000000;0,0000000000;0,0000000000;0,0000000000;0,0000000000;0,0000000000;0,0000000000;0,0000000000;0,0000000000;1;0, 0, 0, 0, 0, 0, 0, 0;0, 0, 0, 0, 0, 0, 0, 0, 0, 0, 0, 0, 0, 0, 0, 0, 0, 0, 0, 0, 0, 0, 0, 0, 0;Europe/Paris;NA
2022-09-11T20:00:00Z;-1;9000003703;hourly;0,0000000000;0,0000000000;0,0000000000;0,0000000000;0,0000000000;0,0000000000;0,0000000000;0,0000000000;0,0000000000;0,0000000000;0,0000000000;0,0000000000;0,0000000000;1;0, 0, 0, 0, 0, 0, 0, 0;0, 0, 0, 0, 0, 0, 0, 0, 0, 0, 0, 0, 0, 0, 0, 0, 0, 0, 0, 0, 0, 0, 0, 0, 0;Europe/Paris;NA
2022-09-11T21:00:00Z;-1;9000003703;hourly;0,0000000000;0,0000000000;0,0000000000;0,0000000000;0,0000000000;0,0000000000;0,0000000000;0,0000000000;0,0000000000;0,0000000000;0,0000000000;0,0000000000;0,0000000000;1;0, 0, 0, 0, 0, 0, 0, 0;0, 0, 0, 0, 0, 0, 0, 0, 0, 0, 0, 0, 0, 0, 0, 0, 0, 0, 0, 0, 0, 0, 0, 0, 0;Europe/Paris;NA
2022-09-11T23:00:00Z;-1;9000003703;hourly;0,0000000000;0,0000000000;0,0000000000;0,0000000000;0,0000000000;0,0000000000;0,0000000000;0,0000000000;0,0000000000;0,0000000000;0,0000000000;0,0000000000;0,0000000000;1;0, 0, 0, 0, 0, 0, 0, 0;0, 0, 0, 0, 0, 0, 0, 0, 0, 0, 0, 0, 0, 0, 0, 0, 0, 0, 0, 0, 0, 0, 0, 0, 0;Europe/Paris;NA
2022-09-12T00:00:00Z;-1;9000003703;hourly;0,0000000000;0,0000000000;0,0000000000;0,0000000000;0,0000000000;0,0000000000;0,0000000000;0,0000000000;0,0000000000;0,0000000000;0,0000000000;0,0000000000;0,0000000000;1;0, 0, 0, 0, 0, 0, 0, 0;0, 0, 0, 0, 0, 0, 0, 0, 0, 0, 0, 0, 0, 0, 0, 0, 0, 0, 0, 0, 0, 0, 0, 0, 0;Europe/Paris;NA
2022-09-12T01:00:00Z;-1;9000003703;hourly;0,0000000000;0,0000000000;0,0000000000;0,0000000000;0,0000000000;0,0000000000;0,0000000000;0,0000000000;0,0000000000;0,0000000000;0,0000000000;0,0000000000;0,0000000000;1;0, 0, 0, 0, 0, 0, 0, 0;0, 0, 0, 0, 0, 0, 0, 0, 0, 0, 0, 0, 0, 0, 0, 0, 0, 0, 0, 0, 0, 0, 0, 0, 0;Europe/Paris;NA
2022-09-12T02:00:00Z;-1;9000003703;hourly;0,0000000000;0,0000000000;0,0000000000;0,0000000000;0,0000000000;0,0000000000;0,0000000000;0,0000000000;0,0000000000;0,0000000000;0,0000000000;0,0000000000;0,0000000000;1;0, 0, 0, 0, 0, 0, 0, 0;0, 0, 0, 0, 0, 0, 0, 0, 0, 0, 0, 0, 0, 0, 0, 0, 0, 0, 0, 0, 0, 0, 0, 0, 0;Europe/Paris;NA
2022-09-12T03:00:00Z;-1;9000003703;hourly;0,0000000000;0,0000000000;0,0000000000;0,0000000000;0,0000000000;0,0000000000;0,0000000000;0,0000000000;0,0000000000;0,0000000000;0,0000000000;0,0000000000;0,0000000000;1;0, 0, 0, 0, 0, 0, 0, 0;0, 0, 0, 0, 0, 0, 0, 0, 0, 0, 0, 0, 0, 0, 0, 0, 0, 0, 0, 0, 0, 0, 0, 0, 0;Europe/Paris;NA
2022-09-12T04:00:00Z;-1;9000003703;hourly;0,0000000000;0,0000000000;0,0000000000;0,0000000000;0,0000000000;0,0000000000;0,0000000000;0,0000000000;0,0000000000;0,0000000000;0,0000000000;0,0000000000;0,0000000000;1;0, 0, 0, 0, 0, 0, 0, 0;0, 0, 0, 0, 0, 0, 0, 0, 0, 0, 0, 0, 0, 0, 0, 0, 0, 0, 0, 0, 0, 0, 0, 0, 0;Europe/Paris;NA
2022-09-12T05:00:00Z;-1;9000003703;hourly;0,2236111111;13,4161490683;58,1366459627;4,4720496894;8,9440993789;4,4720496894;8,9440993789;40,2484472050;17,8881987578;4,4720496894;0,0000000000;0,0000000000;8,9440993789;1;0, 0, 38.4615384615, 53.8461538462, 7.6923076923, 0, 0, 0;0, 0, 0, 0, 0, 38.4615384615, 38.4615384615, 15.3846153846, 7.6923076923, 0, 0, 0, 0, 0, 0, 0, 0, 0, 0, 0, 0, 0, 0, 0, 0;Europe/Paris;35,0
2022-09-12T06:00:00Z;-1;9000003703;hourly;0,6230555556;14,4449398128;78,6446723139;22,4699063754;56,1747659385;3,2099866251;11,2349531877;51,3597860009;27,2848863130;19,2599197503;3,2099866251;49,7547926884;6,4199732501;1;6.1224489796, 10.2040816327, 44.8979591837, 30.612244898, 6.1224489796, 0, 2.0408163265, 0;0, 6.1224489796, 2.0408163265, 8.1632653061, 12.2448979592, 32.6530612245, 16.3265306122, 14.2857142857, 4.0816326531, 2.0408163265, 0, 0, 2.0408163265, 0, 0, 0, 0, 0, 0, 0, 0, 0, 0, 0, 0;Europe/Paris;35,0
2022-09-12T07:00:00Z;-1;9000003703;hourly;0,6255555556;17,5843694494;12,7886323268;15,9857904085;4,7957371226;9,5914742451;7,9928952043;9,5914742451;3,1971580817;12,7886323268;3,1971580817;3,1971580817;1,5985790409;1;12.5, 12.5, 12.5, 50, 12.5, 0, 0, 0;12.5, 0, 12.5, 0, 0, 12.5, 12.5, 37.5, 12.5, 0, 0, 0, 0, 0, 0, 0, 0, 0, 0, 0, 0, 0, 0, 0, 0;Europe/Paris;37,0
2022-09-12T08:00:00Z;-1;9000003703;hourly;0,6211111111;20,9302325581;33,8103756708;3,2200357782;4,8300536673;9,6601073345;11,2701252236;16,1001788909;17,7101967800;3,2200357782;0,0000000000;0,0000000000;4,8300536673;1;0, 4.7619047619, 42.8571428571, 28.5714285714, 23.8095238095, 0, 0, 0;0, 0, 0, 4.7619047619, 14.2857142857, 28.5714285714, 19.0476190476, 9.5238095238, 23.8095238095, 0, 0, 0, 0, 0, 0, 0, 0, 0, 0, 0, 0, 0, 0, 0, 0;Europe/Paris;39,5
2022-09-12T09:00:00Z;-1;9000003703;hourly;0,6150000000;4,8780487805;32,5203252033;8,1300813008;3,2520325203;3,2520325203;1,6260162602;21,1382113821;11,3821138211;3,2520325203;4,8780487805;1,6260162602;1,6260162602;1;5, 15, 35, 45, 0, 0, 0, 0;0, 5, 0, 15, 10, 25, 35, 10, 0, 0, 0, 0, 0, 0, 0, 0, 0, 0, 0, 0, 0, 0, 0, 0, 0;Europe/Paris;32,0
2022-09-12T10:00:00Z;-1;9000003703;hourly;0,6327777778;7,9016681299;61,6330114135;6,3213345040;1,5803336260;1,5803336260;6,3213345040;23,7050043898;37,9280070237;0,0000000000;6,3213345040;1,5803336260;0,0000000000;1;2.5641025641, 5.1282051282, 30.7692307692, 41.0256410256, 17.9487179487, 2.5641025641, 0, 0;0, 2.5641025641, 2.5641025641, 2.5641025641, 12.8205128205, 17.9487179487, 20.5128205128, 20.5128205128, 12.8205128205, 5.1282051282, 0, 2.5641025641, 0, 0, 0, 0, 0, 0, 0, 0, 0, 0, 0, 0, 0;Europe/Paris;39,5
2022-09-12T11:00:00Z;-1;9000003703;hourly;0,6363888889;6,2854648625;45,5696202532;6,2854648625;14,1422959406;1,5713662156;4,7140986469;28,2845918813;17,2850283719;4,7140986469;1,5713662156;9,4281972938;4,7140986469;1;0, 3.4482758621, 51.724137931, 44.8275862069, 0, 0, 0, 0;0, 0, 0, 3.4482758621, 17.2413793103, 34.4827586207, 27.5862068966, 17.2413793103, 0, 0, 0, 0, 0, 0, 0, 0, 0, 0, 0, 0, 0, 0, 0, 0, 0;Europe/Paris;33,0
2022-09-12T12:00:00Z;-1;9000003703;hourly;0,6761111111;5,9161873459;32,5390304026;5,9161873459;1,4790468365;2,9580936730;2,9580936730;13,3114215283;19,2276088743;1,4790468365;4,4371405094;1,4790468365;0,0000000000;1;0, 13.6363636364, 36.3636363636, 31.8181818182, 13.6363636364, 4.5454545455, 0, 0;0, 0, 4.5454545455, 9.0909090909, 4.5454545455, 31.8181818182, 22.7272727273, 9.0909090909, 13.6363636364, 0, 4.5454545455, 0, 0, 0, 0, 0, 0, 0, 0, 0, 0, 0, 0, 0, 0;Europe/Paris;38,5
2022-09-12T13:00:00Z;-1;9000003703;hourly;0,6727777778;4,4591246903;23,7819983485;17,8364987614;5,9454995871;1,4863748968;2,9727497936;8,9182493807;14,8637489678;5,9454995871;11,8909991742;2,9727497936;2,9727497936;1;0, 6.25, 37.5, 56.25, 0, 0, 0, 0;0, 0, 0, 6.25, 31.25, 6.25, 37.5, 18.75, 0, 0, 0, 0, 0, 0, 0, 0, 0, 0, 0, 0, 0, 0, 0, 0, 0;Europe/Paris;33,5
2022-09-12T14:00:00Z;-1;9000003703;hourly;0,6163888889;12,9788192880;55,1599819739;32,4470482199;1,6223524110;6,4894096440;6,4894096440;30,8246958089;24,3352861649;16,2235241100;16,2235241100;1,6223524110;0,0000000000;1;2.9411764706, 11.7647058824, 55.8823529412, 23.5294117647, 5.8823529412, 0, 0, 0;0, 2.9411764706, 5.8823529412, 5.8823529412, 26.4705882353, 29.4117647059, 11.7647058824, 11.7647058824, 2.9411764706, 2.9411764706, 0, 0, 0, 0, 0, 0, 0, 0, 0, 0, 0, 0, 0, 0, 0;Europe/Paris;33,5
2022-09-12T15:00:00Z;-1;9000003703;hourly;0,6633333333;18,0904522613;91,9597989950;15,0753768844;19,5979899497;16,5829145729;1,5075376884;33,1658291457;58,7939698492;7,5376884422;7,5376884422;10,5527638191;9,0452261307;1;3.2786885246, 6.5573770492, 50.8196721311, 32.7868852459, 3.2786885246, 1.6393442623, 1.6393442623, 0;3.2786885246, 0, 1.6393442623, 4.9180327869, 18.0327868852, 32.7868852459, 26.2295081967, 6.5573770492, 3.2786885246, 0, 1.6393442623, 0, 1.6393442623, 0, 0, 0, 0, 0, 0, 0, 0, 0, 0, 0, 0;Europe/Paris;32,0
2022-09-12T16:00:00Z;-1;9000003703;hourly;0,6366666667;29,8429319372;138,2198952880;12,5654450262;17,2774869110;9,4240837696;20,4188481675;31,4136125654;106,8062827225;1,5706806283;10,9947643979;7,8534031414;9,4240837696;1;0, 6.8181818182, 30.6818181818, 53.4090909091, 9.0909090909, 0, 0, 0;0, 0, 0, 6.8181818182, 7.9545454545, 22.7272727273, 30.6818181818, 22.7272727273, 5.6818181818, 3.4090909091, 0, 0, 0, 0, 0, 0, 0, 0, 0, 0, 0, 0, 0, 0, 0;Europe/Paris;36,0
2022-09-12T17:00:00Z;-1;9000003703;hourly;0,5888888889;5,0943396226;98,4905660377;5,0943396226;10,1886792453;3,3962264151;1,6981132075;44,1509433962;54,3396226415;3,3962264151;1,6981132075;10,1886792453;0,0000000000;1;0, 1.724137931, 36.2068965517, 50, 12.0689655172, 0, 0, 0;0, 0, 0, 1.724137931, 13.7931034483, 22.4137931034, 25.8620689655, 24.1379310345, 5.1724137931, 6.8965517241, 0, 0, 0, 0, 0, 0, 0, 0, 0, 0, 0, 0, 0, 0, 0;Europe/Paris;37,0
2022-09-12T18:00:00Z;-1;9000003703;hourly;0,1916666667;0,0000000000;62,6086956522;10,4347826087;10,4347826087;0,0000000000;0,0000000000;15,6521739130;46,9565217391;0,0000000000;10,4347826087;0,0000000000;10,4347826087;1;0, 16.6666666667, 41.6666666667, 25, 16.6666666667, 0, 0, 0;0, 0, 8.3333333333, 8.3333333333, 0, 41.6666666667, 8.3333333333, 16.6666666667, 8.3333333333, 8.3333333333, 0, 0, 0, 0, 0, 0, 0, 0, 0, 0, 0, 0, 0, 0, 0;Europe/Paris;38,5
2022-09-12T19:00:00Z;-1;9000003703;hourly;0,0000000000;0,0000000000;0,0000000000;0,0000000000;0,0000000000;0,0000000000;0,0000000000;0,0000000000;0,0000000000;0,0000000000;0,0000000000;0,0000000000;0,0000000000;1;0, 0, 0, 0, 0, 0, 0, 0;0, 0, 0, 0, 0, 0, 0, 0, 0, 0, 0, 0, 0, 0, 0, 0, 0, 0, 0, 0, 0, 0, 0, 0, 0;Europe/Paris;NA
2022-09-12T20:00:00Z;-1;9000003703;hourly;0,0000000000;0,0000000000;0,0000000000;0,0000000000;0,0000000000;0,0000000000;0,0000000000;0,0000000000;0,0000000000;0,0000000000;0,0000000000;0,0000000000;0,0000000000;1;0, 0, 0, 0, 0, 0, 0, 0;0, 0, 0, 0, 0, 0, 0, 0, 0, 0, 0, 0, 0, 0, 0, 0, 0, 0, 0, 0, 0, 0, 0, 0, 0;Europe/Paris;NA
2022-09-12T21:00:00Z;-1;9000003703;hourly;0,0000000000;0,0000000000;0,0000000000;0,0000000000;0,0000000000;0,0000000000;0,0000000000;0,0000000000;0,0000000000;0,0000000000;0,0000000000;0,0000000000;0,0000000000;1;0, 0, 0, 0, 0, 0, 0, 0;0, 0, 0, 0, 0, 0, 0, 0, 0, 0, 0, 0, 0, 0, 0, 0, 0, 0, 0, 0, 0, 0, 0, 0, 0;Europe/Paris;NA
2022-09-12T23:00:00Z;-1;9000003703;hourly;0,0000000000;0,0000000000;0,0000000000;0,0000000000;0,0000000000;0,0000000000;0,0000000000;0,0000000000;0,0000000000;0,0000000000;0,0000000000;0,0000000000;0,0000000000;1;0, 0, 0, 0, 0, 0, 0, 0;0, 0, 0, 0, 0, 0, 0, 0, 0, 0, 0, 0, 0, 0, 0, 0, 0, 0, 0, 0, 0, 0, 0, 0, 0;Europe/Paris;NA
2022-09-13T00:00:00Z;-1;9000003703;hourly;0,0000000000;0,0000000000;0,0000000000;0,0000000000;0,0000000000;0,0000000000;0,0000000000;0,0000000000;0,0000000000;0,0000000000;0,0000000000;0,0000000000;0,0000000000;1;0, 0, 0, 0, 0, 0, 0, 0;0, 0, 0, 0, 0, 0, 0, 0, 0, 0, 0, 0, 0, 0, 0, 0, 0, 0, 0, 0, 0, 0, 0, 0, 0;Europe/Paris;NA
2022-09-13T01:00:00Z;-1;9000003703;hourly;0,0000000000;0,0000000000;0,0000000000;0,0000000000;0,0000000000;0,0000000000;0,0000000000;0,0000000000;0,0000000000;0,0000000000;0,0000000000;0,0000000000;0,0000000000;1;0, 0, 0, 0, 0, 0, 0, 0;0, 0, 0, 0, 0, 0, 0, 0, 0, 0, 0, 0, 0, 0, 0, 0, 0, 0, 0, 0, 0, 0, 0, 0, 0;Europe/Paris;NA
2022-09-13T02:00:00Z;-1;9000003703;hourly;0,0000000000;0,0000000000;0,0000000000;0,0000000000;0,0000000000;0,0000000000;0,0000000000;0,0000000000;0,0000000000;0,0000000000;0,0000000000;0,0000000000;0,0000000000;1;0, 0, 0, 0, 0, 0, 0, 0;0, 0, 0, 0, 0, 0, 0, 0, 0, 0, 0, 0, 0, 0, 0, 0, 0, 0, 0, 0, 0, 0, 0, 0, 0;Europe/Paris;NA
2022-09-13T03:00:00Z;-1;9000003703;hourly;0,0000000000;0,0000000000;0,0000000000;0,0000000000;0,0000000000;0,0000000000;0,0000000000;0,0000000000;0,0000000000;0,0000000000;0,0000000000;0,0000000000;0,0000000000;1;0, 0, 0, 0, 0, 0, 0, 0;0, 0, 0, 0, 0, 0, 0, 0, 0, 0, 0, 0, 0, 0, 0, 0, 0, 0, 0, 0, 0, 0, 0, 0, 0;Europe/Paris;NA
2022-09-13T04:00:00Z;-1;9000003703;hourly;0,0000000000;0,0000000000;0,0000000000;0,0000000000;0,0000000000;0,0000000000;0,0000000000;0,0000000000;0,0000000000;0,0000000000;0,0000000000;0,0000000000;0,0000000000;1;0, 0, 0, 0, 0, 0, 0, 0;0, 0, 0, 0, 0, 0, 0, 0, 0, 0, 0, 0, 0, 0, 0, 0, 0, 0, 0, 0, 0, 0, 0, 0, 0;Europe/Paris;NA
2022-09-13T05:00:00Z;-1;9000003703;hourly;0,0688888889;0,0000000000;145,1612903226;0,0000000000;29,0322580645;0,0000000000;0,0000000000;130,6451612903;14,5161290323;0,0000000000;0,0000000000;14,5161290323;14,5161290323;1;0, 0, 60, 40, 0, 0, 0, 0;0, 0, 0, 0, 30, 30, 40, 0, 0, 0, 0, 0, 0, 0, 0, 0, 0, 0, 0, 0, 0, 0, 0, 0, 0;Europe/Paris;30,5
2022-09-13T06:00:00Z;-1;9000003703;hourly;0,4661111111;4,2908224076;70,7985697259;23,5995232420;10,7270560191;2,1454112038;2,1454112038;47,1990464839;23,5995232420;21,4541120381;2,1454112038;6,4362336114;4,2908224076;1;6.0606060606, 6.0606060606, 45.4545454545, 39.3939393939, 3.0303030303, 0, 0, 0;3.0303030303, 3.0303030303, 6.0606060606, 0, 12.1212121212, 33.3333333333, 27.2727272727, 12.1212121212, 3.0303030303, 0, 0, 0, 0, 0, 0, 0, 0, 0, 0, 0, 0, 0, 0, 0, 0;Europe/Paris;32,5
2022-09-13T07:00:00Z;-1;9000003703;hourly;0,6522222222;10,7325383305;47,5298126065;9,1993185690;4,5996592845;6,1328790460;4,5996592845;24,5315161840;22,9982964225;9,1993185690;0,0000000000;3,0664395230;1,5332197615;1;0, 6.4516129032, 32.2580645161, 45.1612903226, 16.1290322581, 0, 0, 0;0, 0, 0, 6.4516129032, 3.2258064516, 29.0322580645, 29.0322580645, 16.1290322581, 6.4516129032, 9.6774193548, 0, 0, 0, 0, 0, 0, 0, 0, 0, 0, 0, 0, 0, 0, 0;Europe/Paris;38,5
2022-09-13T08:00:00Z;-1;9000003703;hourly;0,6325000000;9,4861660079;37,9446640316;11,0671936759;11,0671936759;3,1620553360;6,3241106719;17,3913043478;20,5533596838;4,7430830040;6,3241106719;7,9051383399;3,1620553360;1;0, 4.1666666667, 50, 29.1666666667, 12.5, 0, 0, 4.1666666667;0, 0, 4.1666666667, 0, 8.3333333333, 41.6666666667, 16.6666666667, 12.5, 8.3333333333, 4.1666666667, 0, 0, 0, 0, 4.1666666667, 0, 0, 0, 0, 0, 0, 0, 0, 0, 0;Europe/Paris;38,5
2022-09-13T09:00:00Z;-1;9000003703;hourly;0,6091666667;11,4911080711;47,6060191518;1,6415868673;1,6415868673;4,9247606019;6,5663474692;18,0574555404;29,5485636115;0,0000000000;1,6415868673;0,0000000000;1,6415868673;1;3.4482758621, 3.4482758621, 34.4827586207, 44.8275862069, 10.3448275862, 3.4482758621, 0, 0;3.4482758621, 0, 3.4482758621, 0, 10.3448275862, 24.1379310345, 13.7931034483, 31.0344827586, 10.3448275862, 0, 3.4482758621, 0, 0, 0, 0, 0, 0, 0, 0, 0, 0, 0, 0, 0, 0;Europe/Paris;37,5
2022-09-13T10:00:00Z;-1;9000003703;hourly;0,6088888889;8,2116788321;54,1970802920;3,2846715328;6,5693430657;4,9270072993;3,2846715328;19,7080291971;34,4890510949;0,0000000000;3,2846715328;3,2846715328;3,2846715328;1;0, 0, 15.1515151515, 57.5757575758, 24.2424242424, 3.0303030303, 0, 0;0, 0, 0, 0, 0, 15.1515151515, 36.3636363636, 21.2121212121, 21.2121212121, 3.0303030303, 0, 3.0303030303, 0, 0, 0, 0, 0, 0, 0, 0, 0, 0, 0, 0, 0;Europe/Paris;40,5
2022-09-13T11:00:00Z;-1;9000003703;hourly;0,5869444444;6,8149550402;56,2233790819;3,4074775201;13,6299100805;0,0000000000;6,8149550402;22,1486038807;34,0747752011;1,7037387601;1,7037387601;8,5186938003;5,1112162802;1;0, 3.0303030303, 24.2424242424, 42.4242424242, 30.303030303, 0, 0, 0;0, 0, 3.0303030303, 0, 9.0909090909, 15.1515151515, 24.2424242424, 18.1818181818, 15.1515151515, 15.1515151515, 0, 0, 0, 0, 0, 0, 0, 0, 0, 0, 0, 0, 0, 0, 0;Europe/Paris;42,5
2022-09-13T12:00:00Z;-1;9000003703;hourly;0,6355555556;9,4405594406;39,3356643357;9,4405594406;1,5734265734;6,2937062937;3,1468531469;9,4405594406;29,8951048951;7,8671328671;1,5734265734;1,5734265734;0,0000000000;1;4, 0, 8, 64, 16, 8, 0, 0;4, 0, 0, 0, 0, 8, 24, 40, 4, 12, 4, 4, 0, 0, 0, 0, 0, 0, 0, 0, 0, 0, 0, 0, 0;Europe/Paris;44,5
2022-09-13T13:00:00Z;-1;9000003703;hourly;0,6188888889;14,5421903052;43,6265709156;24,2369838420;0,0000000000;8,0789946140;6,4631956912;14,5421903052;29,0843806104;3,2315978456;21,0053859964;0,0000000000;0,0000000000;1;11.1111111111, 3.7037037037, 40.7407407407, 40.7407407407, 3.7037037037, 0, 0, 0;11.1111111111, 0, 3.7037037037, 0, 7.4074074074, 33.3333333333, 25.9259259259, 14.8148148148, 3.7037037037, 0, 0, 0, 0, 0, 0, 0, 0, 0, 0, 0, 0, 0, 0, 0, 0;Europe/Paris;33,5
2022-09-13T14:00:00Z;-1;9000003703;hourly;0,6108333333;14,7339699864;72,0327421555;40,9276944065;40,9276944065;1,6371077763;13,0968622101;27,8308321965;44,2019099591;14,7339699864;26,1937244202;13,0968622101;27,8308321965;1;4.5454545455, 4.5454545455, 45.4545454545, 45.4545454545, 0, 0, 0, 0;2.2727272727, 2.2727272727, 4.5454545455, 0, 13.6363636364, 31.8181818182, 27.2727272727, 18.1818181818, 0, 0, 0, 0, 0, 0, 0, 0, 0, 0, 0, 0, 0, 0, 0, 0, 0;Europe/Paris;33,5
2022-09-13T15:00:00Z;-1;9000003703;hourly;0,6186111111;17,7817691962;106,6906151774;8,0826223619;29,0974405029;14,5487202515;3,2330489448;29,0974405029;77,5931746744;3,2330489448;4,8495734172;22,6313426134;6,4660978895;1;0, 3.0303030303, 34.8484848485, 37.8787878788, 24.2424242424, 0, 0, 0;0, 0, 0, 3.0303030303, 9.0909090909, 25.7575757576, 13.6363636364, 24.2424242424, 16.6666666667, 7.5757575758, 0, 0, 0, 0, 0, 0, 0, 0, 0, 0, 0, 0, 0, 0, 0;Europe/Paris;40,5
2022-09-13T16:00:00Z;-1;9000003703;hourly;0,6413888889;28,0640970117;116,9337375487;7,7955825032;24,9458640104;12,4729320052;15,5911650065;18,7093980078;98,2243395409;1,5591165006;6,2364660026;14,0320485058;10,9138155045;1;4, 2.6666666667, 18.6666666667, 49.3333333333, 25.3333333333, 0, 0, 0;2.6666666667, 1.3333333333, 1.3333333333, 1.3333333333, 2.6666666667, 16, 22.6666666667, 26.6666666667, 20, 5.3333333333, 0, 0, 0, 0, 0, 0, 0, 0, 0, 0, 0, 0, 0, 0, 0;Europe/Paris;40,0
2022-09-13T17:00:00Z;-1;9000003703;hourly;0,6641666667;1,5056461731;109,9121706399;6,0225846926;16,5621079046;1,5056461731;0,0000000000;42,1580928482;67,7540777917;1,5056461731;4,5169385194;6,0225846926;10,5395232120;1;0, 2.7397260274, 24.6575342466, 54.7945205479, 13.698630137, 2.7397260274, 1.3698630137, 0;0, 0, 0, 2.7397260274, 1.3698630137, 23.2876712329, 34.2465753425, 20.5479452055, 10.9589041096, 2.7397260274, 2.7397260274, 0, 1.3698630137, 0, 0, 0, 0, 0, 0, 0, 0, 0, 0, 0, 0;Europe/Paris;39,0
2022-09-13T18:00:00Z;-1;9000003703;hourly;0,3297222222;3,0328559393;78,8542544229;0,0000000000;6,0657118787;3,0328559393;0,0000000000;18,1971356361;60,6571187869;0,0000000000;0,0000000000;6,0657118787;0,0000000000;1;0, 0, 23.0769230769, 57.6923076923, 19.2307692308, 0, 0, 0;0, 0, 0, 0, 15.3846153846, 7.6923076923, 34.6153846154, 23.0769230769, 15.3846153846, 3.8461538462, 0, 0, 0, 0, 0, 0, 0, 0, 0, 0, 0, 0, 0, 0, 0;Europe/Paris;39,0
2022-09-13T19:00:00Z;-1;9000003703;hourly;0,0000000000;0,0000000000;0,0000000000;0,0000000000;0,0000000000;0,0000000000;0,0000000000;0,0000000000;0,0000000000;0,0000000000;0,0000000000;0,0000000000;0,0000000000;1;0, 0, 0, 0, 0, 0, 0, 0;0, 0, 0, 0, 0, 0, 0, 0, 0, 0, 0, 0, 0, 0, 0, 0, 0, 0, 0, 0, 0, 0, 0, 0, 0;Europe/Paris;NA
2022-09-13T20:00:00Z;-1;9000003703;hourly;0,0000000000;0,0000000000;0,0000000000;0,0000000000;0,0000000000;0,0000000000;0,0000000000;0,0000000000;0,0000000000;0,0000000000;0,0000000000;0,0000000000;0,0000000000;1;0, 0, 0, 0, 0, 0, 0, 0;0, 0, 0, 0, 0, 0, 0, 0, 0, 0, 0, 0, 0, 0, 0, 0, 0, 0, 0, 0, 0, 0, 0, 0, 0;Europe/Paris;NA
2022-09-13T21:00:00Z;-1;9000003703;hourly;0,0000000000;0,0000000000;0,0000000000;0,0000000000;0,0000000000;0,0000000000;0,0000000000;0,0000000000;0,0000000000;0,0000000000;0,0000000000;0,0000000000;0,0000000000;1;0, 0, 0, 0, 0, 0, 0, 0;0, 0, 0, 0, 0, 0, 0, 0, 0, 0, 0, 0, 0, 0, 0, 0, 0, 0, 0, 0, 0, 0, 0, 0, 0;Europe/Paris;NA
2022-09-13T23:00:00Z;-1;9000003703;hourly;0,0000000000;0,0000000000;0,0000000000;0,0000000000;0,0000000000;0,0000000000;0,0000000000;0,0000000000;0,0000000000;0,0000000000;0,0000000000;0,0000000000;0,0000000000;1;0, 0, 0, 0, 0, 0, 0, 0;0, 0, 0, 0, 0, 0, 0, 0, 0, 0, 0, 0, 0, 0, 0, 0, 0, 0, 0, 0, 0, 0, 0, 0, 0;Europe/Paris;NA
2022-09-14T00:00:00Z;-1;9000003703;hourly;0,0000000000;0,0000000000;0,0000000000;0,0000000000;0,0000000000;0,0000000000;0,0000000000;0,0000000000;0,0000000000;0,0000000000;0,0000000000;0,0000000000;0,0000000000;1;0, 0, 0, 0, 0, 0, 0, 0;0, 0, 0, 0, 0, 0, 0, 0, 0, 0, 0, 0, 0, 0, 0, 0, 0, 0, 0, 0, 0, 0, 0, 0, 0;Europe/Paris;NA
2022-09-14T01:00:00Z;-1;9000003703;hourly;0,0000000000;0,0000000000;0,0000000000;0,0000000000;0,0000000000;0,0000000000;0,0000000000;0,0000000000;0,0000000000;0,0000000000;0,0000000000;0,0000000000;0,0000000000;1;0, 0, 0, 0, 0, 0, 0, 0;0, 0, 0, 0, 0, 0, 0, 0, 0, 0, 0, 0, 0, 0, 0, 0, 0, 0, 0, 0, 0, 0, 0, 0, 0;Europe/Paris;NA
2022-09-14T02:00:00Z;-1;9000003703;hourly;0,0000000000;0,0000000000;0,0000000000;0,0000000000;0,0000000000;0,0000000000;0,0000000000;0,0000000000;0,0000000000;0,0000000000;0,0000000000;0,0000000000;0,0000000000;1;0, 0, 0, 0, 0, 0, 0, 0;0, 0, 0, 0, 0, 0, 0, 0, 0, 0, 0, 0, 0, 0, 0, 0, 0, 0, 0, 0, 0, 0, 0, 0, 0;Europe/Paris;NA
2022-09-14T03:00:00Z;-1;9000003703;hourly;0,0000000000;0,0000000000;0,0000000000;0,0000000000;0,0000000000;0,0000000000;0,0000000000;0,0000000000;0,0000000000;0,0000000000;0,0000000000;0,0000000000;0,0000000000;1;0, 0, 0, 0, 0, 0, 0, 0;0, 0, 0, 0, 0, 0, 0, 0, 0, 0, 0, 0, 0, 0, 0, 0, 0, 0, 0, 0, 0, 0, 0, 0, 0;Europe/Paris;NA
2022-09-14T04:00:00Z;-1;9000003703;hourly;0,0000000000;0,0000000000;0,0000000000;0,0000000000;0,0000000000;0,0000000000;0,0000000000;0,0000000000;0,0000000000;0,0000000000;0,0000000000;0,0000000000;0,0000000000;1;0, 0, 0, 0, 0, 0, 0, 0;0, 0, 0, 0, 0, 0, 0, 0, 0, 0, 0, 0, 0, 0, 0, 0, 0, 0, 0, 0, 0, 0, 0, 0, 0;Europe/Paris;NA
2022-09-14T05:00:00Z;-1;9000003703;hourly;0,0622222222;0,0000000000;64,2857142857;0,0000000000;32,1428571429;0,0000000000;0,0000000000;64,2857142857;0,0000000000;0,0000000000;0,0000000000;0,0000000000;32,1428571429;1;0, 0, 25, 75, 0, 0, 0, 0;0, 0, 0, 0, 0, 25, 50, 25, 0, 0, 0, 0, 0, 0, 0, 0, 0, 0, 0, 0, 0, 0, 0, 0, 0;Europe/Paris;34,5
2022-09-14T06:00:00Z;-1;9000003703;hourly;0,5733333333;19,1860465116;73,2558139535;6,9767441860;33,1395348837;3,4883720930;15,6976744186;47,0930232558;26,1627906977;5,2325581395;1,7441860465;33,1395348837;0,0000000000;1;4.7619047619, 9.5238095238, 38.0952380952, 38.0952380952, 9.5238095238, 0, 0, 0;4.7619047619, 0, 2.380952381, 7.1428571429, 19.0476190476, 19.0476190476, 33.3333333333, 4.7619047619, 9.5238095238, 0, 0, 0, 0, 0, 0, 0, 0, 0, 0, 0, 0, 0, 0, 0, 0;Europe/Paris;32,5
2022-09-14T07:00:00Z;-1;9000003703;hourly;0,6297222222;1,5880017644;41,2880458756;3,1760035289;7,9400088222;0,0000000000;1,5880017644;26,9960299956;14,2920158800;1,5880017644;1,5880017644;3,1760035289;4,7640052933;1;0, 0, 53.8461538462, 46.1538461538, 0, 0, 0, 0;0, 0, 0, 0, 34.6153846154, 19.2307692308, 30.7692307692, 15.3846153846, 0, 0, 0, 0, 0, 0, 0, 0, 0, 0, 0, 0, 0, 0, 0, 0, 0;Europe/Paris;32,5
2022-09-14T08:00:00Z;-1;9000003703;hourly;0,6258333333;25,5659121172;31,9573901465;11,1850865513;7,9893475366;19,1744340879;6,3914780293;25,5659121172;6,3914780293;7,9893475366;3,1957390146;1,5978695073;6,3914780293;1;5, 0, 60, 25, 10, 0, 0, 0;5, 0, 0, 0, 25, 35, 10, 15, 10, 0, 0, 0, 0, 0, 0, 0, 0, 0, 0, 0, 0, 0, 0, 0, 0;Europe/Paris;36,0
2022-09-14T09:00:00Z;-1;9000003703;hourly;0,6227777778;28,9027653880;28,9027653880;6,4228367529;11,2399643176;17,6628010705;11,2399643176;14,4513826940;14,4513826940;3,2114183764;3,2114183764;3,2114183764;8,0285459411;1;0, 0, 27.7777777778, 38.8888888889, 27.7777777778, 5.5555555556, 0, 0;0, 0, 0, 0, 0, 27.7777777778, 27.7777777778, 11.1111111111, 16.6666666667, 11.1111111111, 5.5555555556, 0, 0, 0, 0, 0, 0, 0, 0, 0, 0, 0, 0, 0, 0;Europe/Paris;43,0
2022-09-14T10:00:00Z;-1;9000003703;hourly;0,6352777778;33,0564057718;64,5386969829;14,1670310450;31,4822912112;18,8893747267;14,1670310450;18,8893747267;45,6493222562;1,5741145606;12,5929164845;14,1670310450;17,3152601662;1;0, 12.1951219512, 31.7073170732, 46.3414634146, 9.756097561, 0, 0, 0;0, 0, 2.4390243902, 9.756097561, 9.756097561, 21.9512195122, 26.8292682927, 19.512195122, 7.3170731707, 2.4390243902, 0, 0, 0, 0, 0, 0, 0, 0, 0, 0, 0, 0, 0, 0, 0;Europe/Paris;36,0
2022-09-14T11:00:00Z;-1;9000003703;hourly;0,6158333333;12,9905277402;71,4479025710;11,3667117727;11,3667117727;3,2476319350;9,7428958051;38,9715832206;32,4763193505;6,4952638701;4,8714479026;6,4952638701;4,8714479026;1;0, 4.5454545455, 45.4545454545, 31.8181818182, 18.1818181818, 0, 0, 0;0, 0, 0, 4.5454545455, 11.3636363636, 34.0909090909, 15.9090909091, 15.9090909091, 11.3636363636, 6.8181818182, 0, 0, 0, 0, 0, 0, 0, 0, 0, 0, 0, 0, 0, 0, 0;Europe/Paris;39,0
2022-09-14T12:00:00Z;-1;9000003703;hourly;0,6388888889;10,9565217391;68,8695652174;9,3913043478;3,1304347826;7,8260869565;3,1304347826;31,3043478261;37,5652173913;6,2608695652;3,1304347826;0,0000000000;3,1304347826;1;0, 4.5454545455, 47.7272727273, 38.6363636364, 6.8181818182, 2.2727272727, 0, 0;0, 0, 0, 4.5454545455, 22.7272727273, 25, 25, 13.6363636364, 6.8181818182, 0, 0, 2.2727272727, 0, 0, 0, 0, 0, 0, 0, 0, 0, 0, 0, 0, 0;Europe/Paris;35,5
2022-09-14T13:00:00Z;-1;9000003703;hourly;0,6405555556;10,9280138768;56,2012142238;21,8560277537;4,6834345186;6,2445793582;4,6834345186;26,5394622723;29,6617519514;10,9280138768;10,9280138768;4,6834345186;0,0000000000;1;0, 16.6666666667, 47.2222222222, 36.1111111111, 0, 0, 0, 0;0, 0, 2.7777777778, 13.8888888889, 19.4444444444, 27.7777777778, 25, 11.1111111111, 0, 0, 0, 0, 0, 0, 0, 0, 0, 0, 0, 0, 0, 0, 0, 0, 0;Europe/Paris;31,5
2022-09-14T14:00:00Z;-1;9000003703;hourly;0,6391666667;6,2581486310;71,9687092568;26,5971316819;10,9517601043;4,6936114733;1,5645371578;32,8552803129;39,1134289439;10,9517601043;15,6453715776;4,6936114733;6,2581486310;1;0, 2.1739130435, 52.1739130435, 43.4782608696, 2.1739130435, 0, 0, 0;0, 0, 2.1739130435, 0, 10.8695652174, 41.3043478261, 30.4347826087, 13.0434782609, 2.1739130435, 0, 0, 0, 0, 0, 0, 0, 0, 0, 0, 0, 0, 0, 0, 0, 0;Europe/Paris;32,5
2022-09-14T15:00:00Z;-1;9000003703;hourly;0,5619444444;62,2837370242;140,5832921404;12,4567474048;3,5590706871;21,3544241226;40,9293129016;49,8269896194;90,7563025210;3,5590706871;8,8976767177;1,7795353435;1,7795353435;1;3.7974683544, 7.5949367089, 31.6455696203, 37.9746835443, 17.7215189873, 1.2658227848, 0, 0;1.2658227848, 2.5316455696, 1.2658227848, 6.3291139241, 6.3291139241, 25.3164556962, 22.7848101266, 15.1898734177, 15.1898734177, 2.5316455696, 1.2658227848, 0, 0, 0, 0, 0, 0, 0, 0, 0, 0, 0, 0, 0, 0;Europe/Paris;39,0
2022-09-14T16:00:00Z;-1;9000003703;hourly;0,5369444444;37,2478013451;50,2845318158;39,1101914123;3,7247801345;5,5871702018;31,6606311433;14,8991205380;35,3854112778;18,6239006725;20,4862907398;0,0000000000;3,7247801345;1;7.4074074074, 11.1111111111, 14.8148148148, 44.4444444444, 22.2222222222, 0, 0, 0;0, 7.4074074074, 0, 11.1111111111, 11.1111111111, 3.7037037037, 37.037037037, 7.4074074074, 22.2222222222, 0, 0, 0, 0, 0, 0, 0, 0, 0, 0, 0, 0, 0, 0, 0, 0;Europe/Paris;39,0
2022-09-14T17:00:00Z;-1;9000003703;hourly;0,6311111111;1,5845070423;76,0563380282;39,6126760563;0,0000000000;1,5845070423;0,0000000000;14,2605633803;61,7957746479;7,9225352113;31,6901408451;0,0000000000;0,0000000000;1;0, 2.0833333333, 16.6666666667, 45.8333333333, 29.1666666667, 6.25, 0, 0;0, 0, 0, 2.0833333333, 6.25, 10.4166666667, 18.75, 27.0833333333, 27.0833333333, 2.0833333333, 6.25, 0, 0, 0, 0, 0, 0, 0, 0, 0, 0, 0, 0, 0, 0;Europe/Paris;41,5
2022-09-14T18:00:00Z;-1;9000003703;hourly;0,1941666667;0,0000000000;46,3519313305;5,1502145923;0,0000000000;0,0000000000;0,0000000000;10,3004291845;36,0515021459;5,1502145923;0,0000000000;0,0000000000;0,0000000000;1;0, 0, 22.2222222222, 77.7777777778, 0, 0, 0, 0;0, 0, 0, 0, 11.1111111111, 11.1111111111, 44.4444444444, 33.3333333333, 0, 0, 0, 0, 0, 0, 0, 0, 0, 0, 0, 0, 0, 0, 0, 0, 0;Europe/Paris;35,0
2022-09-14T19:00:00Z;-1;9000003703;hourly;0,0000000000;0,0000000000;0,0000000000;0,0000000000;0,0000000000;0,0000000000;0,0000000000;0,0000000000;0,0000000000;0,0000000000;0,0000000000;0,0000000000;0,0000000000;1;0, 0, 0, 0, 0, 0, 0, 0;0, 0, 0, 0, 0, 0, 0, 0, 0, 0, 0, 0, 0, 0, 0, 0, 0, 0, 0, 0, 0, 0, 0, 0, 0;Europe/Paris;NA
2022-09-14T20:00:00Z;-1;9000003703;hourly;0,0000000000;0,0000000000;0,0000000000;0,0000000000;0,0000000000;0,0000000000;0,0000000000;0,0000000000;0,0000000000;0,0000000000;0,0000000000;0,0000000000;0,0000000000;1;0, 0, 0, 0, 0, 0, 0, 0;0, 0, 0, 0, 0, 0, 0, 0, 0, 0, 0, 0, 0, 0, 0, 0, 0, 0, 0, 0, 0, 0, 0, 0, 0;Europe/Paris;NA
2022-09-14T21:00:00Z;-1;9000003703;hourly;0,0000000000;0,0000000000;0,0000000000;0,0000000000;0,0000000000;0,0000000000;0,0000000000;0,0000000000;0,0000000000;0,0000000000;0,0000000000;0,0000000000;0,0000000000;1;0, 0, 0, 0, 0, 0, 0, 0;0, 0, 0, 0, 0, 0, 0, 0, 0, 0, 0, 0, 0, 0, 0, 0, 0, 0, 0, 0, 0, 0, 0, 0, 0;Europe/Paris;NA
2022-09-14T23:00:00Z;-1;9000003703;hourly;0,0000000000;0,0000000000;0,0000000000;0,0000000000;0,0000000000;0,0000000000;0,0000000000;0,0000000000;0,0000000000;0,0000000000;0,0000000000;0,0000000000;0,0000000000;1;0, 0, 0, 0, 0, 0, 0, 0;0, 0, 0, 0, 0, 0, 0, 0, 0, 0, 0, 0, 0, 0, 0, 0, 0, 0, 0, 0, 0, 0, 0, 0, 0;Europe/Paris;NA
2022-09-15T00:00:00Z;-1;9000003703;hourly;0,0000000000;0,0000000000;0,0000000000;0,0000000000;0,0000000000;0,0000000000;0,0000000000;0,0000000000;0,0000000000;0,0000000000;0,0000000000;0,0000000000;0,0000000000;1;0, 0, 0, 0, 0, 0, 0, 0;0, 0, 0, 0, 0, 0, 0, 0, 0, 0, 0, 0, 0, 0, 0, 0, 0, 0, 0, 0, 0, 0, 0, 0, 0;Europe/Paris;NA
2022-09-15T01:00:00Z;-1;9000003703;hourly;0,0000000000;0,0000000000;0,0000000000;0,0000000000;0,0000000000;0,0000000000;0,0000000000;0,0000000000;0,0000000000;0,0000000000;0,0000000000;0,0000000000;0,0000000000;1;0, 0, 0, 0, 0, 0, 0, 0;0, 0, 0, 0, 0, 0, 0, 0, 0, 0, 0, 0, 0, 0, 0, 0, 0, 0, 0, 0, 0, 0, 0, 0, 0;Europe/Paris;NA
2022-09-15T02:00:00Z;-1;9000003703;hourly;0,0000000000;0,0000000000;0,0000000000;0,0000000000;0,0000000000;0,0000000000;0,0000000000;0,0000000000;0,0000000000;0,0000000000;0,0000000000;0,0000000000;0,0000000000;1;0, 0, 0, 0, 0, 0, 0, 0;0, 0, 0, 0, 0, 0, 0, 0, 0, 0, 0, 0, 0, 0, 0, 0, 0, 0, 0, 0, 0, 0, 0, 0, 0;Europe/Paris;NA
2022-09-15T03:00:00Z;-1;9000003703;hourly;0,0000000000;0,0000000000;0,0000000000;0,0000000000;0,0000000000;0,0000000000;0,0000000000;0,0000000000;0,0000000000;0,0000000000;0,0000000000;0,0000000000;0,0000000000;1;0, 0, 0, 0, 0, 0, 0, 0;0, 0, 0, 0, 0, 0, 0, 0, 0, 0, 0, 0, 0, 0, 0, 0, 0, 0, 0, 0, 0, 0, 0, 0, 0;Europe/Paris;NA
2022-09-15T04:00:00Z;-1;9000003703;hourly;0,0000000000;0,0000000000;0,0000000000;0,0000000000;0,0000000000;0,0000000000;0,0000000000;0,0000000000;0,0000000000;0,0000000000;0,0000000000;0,0000000000;0,0000000000;1;0, 0, 0, 0, 0, 0, 0, 0;0, 0, 0, 0, 0, 0, 0, 0, 0, 0, 0, 0, 0, 0, 0, 0, 0, 0, 0, 0, 0, 0, 0, 0, 0;Europe/Paris;NA
2022-09-15T05:00:00Z;-1;9000003703;hourly;0,1980555556;15,1472650771;116,1290322581;5,0490883590;35,3436185133;5,0490883590;10,0981767181;80,7854137447;35,3436185133;0,0000000000;5,0490883590;20,1963534362;15,1472650771;1;4.347826087, 0, 21.7391304348, 56.5217391304, 13.0434782609, 0, 0, 4.347826087;4.347826087, 0, 0, 0, 8.6956521739, 13.0434782609, 43.4782608696, 13.0434782609, 13.0434782609, 0, 0, 0, 0, 0, 0, 0, 0, 0, 0, 0, 0, 0, 0, 4.347826087, 0;Europe/Paris;38,5
2022-09-15T06:00:00Z;-1;9000003703;hourly;0,5572222222;17,9461615155;75,3738783649;19,7407776670;44,8654037886;12,5623130608;5,3838484546;50,2492522433;25,1246261216;7,1784646062;12,5623130608;37,6869391825;7,1784646062;1;7.1428571429, 9.5238095238, 23.8095238095, 54.7619047619, 4.7619047619, 0, 0, 0;4.7619047619, 2.380952381, 2.380952381, 7.1428571429, 9.5238095238, 14.2857142857, 30.9523809524, 23.8095238095, 2.380952381, 2.380952381, 0, 0, 0, 0, 0, 0, 0, 0, 0, 0, 0, 0, 0, 0, 0;Europe/Paris;35,5
2022-09-15T07:00:00Z;-1;9000003703;hourly;0,6019444444;13,2902630365;34,8869404707;6,6451315182;8,3064143978;6,6451315182;6,6451315182;14,9515459160;19,9353945547;4,9838486387;1,6612828796;4,9838486387;3,3225657591;1;14.2857142857, 19.0476190476, 14.2857142857, 33.3333333333, 19.0476190476, 0, 0, 0;14.2857142857, 0, 14.2857142857, 4.7619047619, 4.7619047619, 9.5238095238, 14.2857142857, 19.0476190476, 19.0476190476, 0, 0, 0, 0, 0, 0, 0, 0, 0, 0, 0, 0, 0, 0, 0, 0;Europe/Paris;38,5
2022-09-15T08:00:00Z;-1;9000003703;hourly;0,6216666667;14,4772117962;32,1715817694;6,4343163539;3,2171581769;6,4343163539;8,0428954424;8,0428954424;24,1286863271;4,8257372654;1,6085790885;3,2171581769;0,0000000000;1;20, 5, 15, 35, 20, 0, 0, 5;10, 10, 0, 5, 0, 15, 30, 5, 15, 5, 0, 0, 0, 0, 0, 0, 0, 5, 0, 0, 0, 0, 0, 0, 0;Europe/Paris;41,0
2022-09-15T09:00:00Z;-1;9000003703;hourly;0,5788888889;3,4548944338;39,7312859885;13,8195777351;6,9097888676;1,7274472169;1,7274472169;20,7293666027;19,0019193858;8,6372360845;5,1823416507;3,4548944338;3,4548944338;1;8.6956521739, 4.347826087, 13.0434782609, 47.8260869565, 8.6956521739, 8.6956521739, 8.6956521739, 0;4.347826087, 4.347826087, 0, 4.347826087, 0, 13.0434782609, 26.0869565217, 21.7391304348, 4.347826087, 4.347826087, 4.347826087, 4.347826087, 4.347826087, 4.347826087, 0, 0, 0, 0, 0, 0, 0, 0, 0, 0, 0;Europe/Paris;50,0
2022-09-15T10:00:00Z;-1;9000003703;hourly;0,6072222222;6,5873741995;47,7584629460;14,8215919488;4,9405306496;3,2936870997;3,2936870997;16,4684354986;31,2900274474;6,5873741995;8,2342177493;1,6468435499;3,2936870997;1;6.8965517241, 3.4482758621, 27.5862068966, 51.724137931, 10.3448275862, 0, 0, 0;0, 6.8965517241, 0, 3.4482758621, 3.4482758621, 24.1379310345, 37.9310344828, 13.7931034483, 10.3448275862, 0, 0, 0, 0, 0, 0, 0, 0, 0, 0, 0, 0, 0, 0, 0, 0;Europe/Paris;36,0
2022-09-15T11:00:00Z;-1;9000003703;hourly;0,5919444444;0,0000000000;30,4082590333;30,4082590333;10,1360863444;0,0000000000;0,0000000000;21,9615204130;8,4467386204;21,9615204130;8,4467386204;8,4467386204;1,6893477241;1;11.1111111111, 5.5555555556, 44.4444444444, 38.8888888889, 0, 0, 0, 0;11.1111111111, 0, 5.5555555556, 0, 5.5555555556, 38.8888888889, 22.2222222222, 16.6666666667, 0, 0, 0, 0, 0, 0, 0, 0, 0, 0, 0, 0, 0, 0, 0, 0, 0;Europe/Paris;33,0
2022-09-15T12:00:00Z;-1;9000003703;hourly;0,6105555556;3,2757051865;31,1191992721;8,1892629663;1,6378525933;1,6378525933;1,6378525933;13,1028207461;18,0163785259;8,1892629663;0,0000000000;1,6378525933;0,0000000000;1;10.5263157895, 10.5263157895, 47.3684210526, 21.0526315789, 5.2631578947, 0, 5.2631578947, 0;5.2631578947, 5.2631578947, 0, 10.5263157895, 21.0526315789, 26.3157894737, 5.2631578947, 15.7894736842, 5.2631578947, 0, 0, 0, 5.2631578947, 0, 0, 0, 0, 0, 0, 0, 0, 0, 0, 0, 0;Europe/Paris;36,0
2022-09-15T13:00:00Z;-1;9000003703;hourly;0,6422222222;1,5570934256;38,9273356401;23,3564013841;1,5570934256;1,5570934256;0,0000000000;21,7993079585;17,1280276817;14,0138408304;9,3425605536;1,5570934256;0,0000000000;1;0, 12, 64, 24, 0, 0, 0, 0;0, 0, 4, 8, 32, 32, 20, 4, 0, 0, 0, 0, 0, 0, 0, 0, 0, 0, 0, 0, 0, 0, 0, 0, 0;Europe/Paris;29,5
2022-09-15T14:00:00Z;-1;9000003703;hourly;0,6341666667;17,3455978975;74,1130091984;72,5361366623;4,7306176084;7,8843626807;9,4612352168;33,1143232589;40,9986859396;18,9224704336;53,6136662286;3,1537450723;1,5768725361;1;8.5106382979, 38.2978723404, 42.5531914894, 10.6382978723, 0, 0, 0, 0;6.3829787234, 2.1276595745, 10.6382978723, 27.6595744681, 17.0212765957, 25.5319148936, 8.5106382979, 2.1276595745, 0, 0, 0, 0, 0, 0, 0, 0, 0, 0, 0, 0, 0, 0, 0, 0, 0;Europe/Paris;26,5
2022-09-15T15:00:00Z;-1;9000003703;hourly;0,6311111111;12,6760563380;122,0070422535;28,5211267606;4,7535211268;9,5070422535;3,1690140845;42,7816901408;79,2253521127;7,9225352113;20,5985915493;1,5845070423;3,1690140845;1;20.7792207792, 16.8831168831, 41.5584415584, 19.4805194805, 0, 1.2987012987, 0, 0;12.987012987, 7.7922077922, 10.3896103896, 6.4935064935, 29.8701298701, 11.6883116883, 12.987012987, 6.4935064935, 0, 0, 0, 1.2987012987, 0, 0, 0, 0, 0, 0, 0, 0, 0, 0, 0, 0, 0;Europe/Paris;29,5
2022-09-15T16:00:00Z;-1;9000003703;hourly;0,6341666667;7,8843626807;89,8817345598;11,0381077530;9,4612352168;1,5768725361;6,3074901445;31,5374507227;58,3442838371;6,3074901445;4,7306176084;1,5768725361;7,8843626807;1;15.7894736842, 10.5263157895, 43.8596491228, 24.5614035088, 3.5087719298, 1.7543859649, 0, 0;12.2807017544, 3.5087719298, 3.5087719298, 7.0175438596, 21.0526315789, 22.8070175439, 17.5438596491, 7.0175438596, 1.7543859649, 1.7543859649, 1.7543859649, 0, 0, 0, 0, 0, 0, 0, 0, 0, 0, 0, 0, 0, 0;Europe/Paris;31,5
2022-09-15T17:00:00Z;-1;9000003703;hourly;0,6233333333;3,2085561497;93,0481283422;12,8342245989;12,8342245989;1,6042780749;1,6042780749;40,1069518717;52,9411764706;9,6256684492;3,2085561497;3,2085561497;9,6256684492;1;0, 20.6896551724, 43.1034482759, 34.4827586207, 0, 1.724137931, 0, 0;0, 0, 8.6206896552, 12.0689655172, 12.0689655172, 31.0344827586, 24.1379310345, 10.3448275862, 0, 0, 1.724137931, 0, 0, 0, 0, 0, 0, 0, 0, 0, 0, 0, 0, 0, 0;Europe/Paris;32,0
2022-09-15T18:00:00Z;-1;9000003703;hourly;0,2872222222;0,0000000000;76,5957446809;0,0000000000;0,0000000000;0,0000000000;0,0000000000;20,8897485493;55,7059961315;0,0000000000;0,0000000000;0,0000000000;0,0000000000;1;0, 4.5454545455, 45.4545454545, 45.4545454545, 4.5454545455, 0, 0, 0;0, 0, 0, 4.5454545455, 13.6363636364, 31.8181818182, 36.3636363636, 9.0909090909, 4.5454545455, 0, 0, 0, 0, 0, 0, 0, 0, 0, 0, 0, 0, 0, 0, 0, 0;Europe/Paris;32,5
2022-09-15T19:00:00Z;-1;9000003703;hourly;0,0000000000;0,0000000000;0,0000000000;0,0000000000;0,0000000000;0,0000000000;0,0000000000;0,0000000000;0,0000000000;0,0000000000;0,0000000000;0,0000000000;0,0000000000;1;0, 0, 0, 0, 0, 0, 0, 0;0, 0, 0, 0, 0, 0, 0, 0, 0, 0, 0, 0, 0, 0, 0, 0, 0, 0, 0, 0, 0, 0, 0, 0, 0;Europe/Paris;NA
2022-09-15T20:00:00Z;-1;9000003703;hourly;0,0000000000;0,0000000000;0,0000000000;0,0000000000;0,0000000000;0,0000000000;0,0000000000;0,0000000000;0,0000000000;0,0000000000;0,0000000000;0,0000000000;0,0000000000;1;0, 0, 0, 0, 0, 0, 0, 0;0, 0, 0, 0, 0, 0, 0, 0, 0, 0, 0, 0, 0, 0, 0, 0, 0, 0, 0, 0, 0, 0, 0, 0, 0;Europe/Paris;NA
2022-09-15T21:00:00Z;-1;9000003703;hourly;0,0000000000;0,0000000000;0,0000000000;0,0000000000;0,0000000000;0,0000000000;0,0000000000;0,0000000000;0,0000000000;0,0000000000;0,0000000000;0,0000000000;0,0000000000;1;0, 0, 0, 0, 0, 0, 0, 0;0, 0, 0, 0, 0, 0, 0, 0, 0, 0, 0, 0, 0, 0, 0, 0, 0, 0, 0, 0, 0, 0, 0, 0, 0;Europe/Paris;NA
2022-09-15T23:00:00Z;-1;9000003703;hourly;0,0000000000;0,0000000000;0,0000000000;0,0000000000;0,0000000000;0,0000000000;0,0000000000;0,0000000000;0,0000000000;0,0000000000;0,0000000000;0,0000000000;0,0000000000;1;0, 0, 0, 0, 0, 0, 0, 0;0, 0, 0, 0, 0, 0, 0, 0, 0, 0, 0, 0, 0, 0, 0, 0, 0, 0, 0, 0, 0, 0, 0, 0, 0;Europe/Paris;NA
2022-09-16T00:00:00Z;-1;9000003703;hourly;0,0000000000;0,0000000000;0,0000000000;0,0000000000;0,0000000000;0,0000000000;0,0000000000;0,0000000000;0,0000000000;0,0000000000;0,0000000000;0,0000000000;0,0000000000;1;0, 0, 0, 0, 0, 0, 0, 0;0, 0, 0, 0, 0, 0, 0, 0, 0, 0, 0, 0, 0, 0, 0, 0, 0, 0, 0, 0, 0, 0, 0, 0, 0;Europe/Paris;NA
2022-09-16T01:00:00Z;-1;9000003703;hourly;0,0000000000;0,0000000000;0,0000000000;0,0000000000;0,0000000000;0,0000000000;0,0000000000;0,0000000000;0,0000000000;0,0000000000;0,0000000000;0,0000000000;0,0000000000;1;0, 0, 0, 0, 0, 0, 0, 0;0, 0, 0, 0, 0, 0, 0, 0, 0, 0, 0, 0, 0, 0, 0, 0, 0, 0, 0, 0, 0, 0, 0, 0, 0;Europe/Paris;NA
2022-09-16T02:00:00Z;-1;9000003703;hourly;0,0000000000;0,0000000000;0,0000000000;0,0000000000;0,0000000000;0,0000000000;0,0000000000;0,0000000000;0,0000000000;0,0000000000;0,0000000000;0,0000000000;0,0000000000;1;0, 0, 0, 0, 0, 0, 0, 0;0, 0, 0, 0, 0, 0, 0, 0, 0, 0, 0, 0, 0, 0, 0, 0, 0, 0, 0, 0, 0, 0, 0, 0, 0;Europe/Paris;NA
2022-09-16T03:00:00Z;-1;9000003703;hourly;0,0000000000;0,0000000000;0,0000000000;0,0000000000;0,0000000000;0,0000000000;0,0000000000;0,0000000000;0,0000000000;0,0000000000;0,0000000000;0,0000000000;0,0000000000;1;0, 0, 0, 0, 0, 0, 0, 0;0, 0, 0, 0, 0, 0, 0, 0, 0, 0, 0, 0, 0, 0, 0, 0, 0, 0, 0, 0, 0, 0, 0, 0, 0;Europe/Paris;NA
2022-09-16T04:00:00Z;-1;9000003703;hourly;0,0000000000;0,0000000000;0,0000000000;0,0000000000;0,0000000000;0,0000000000;0,0000000000;0,0000000000;0,0000000000;0,0000000000;0,0000000000;0,0000000000;0,0000000000;1;0, 0, 0, 0, 0, 0, 0, 0;0, 0, 0, 0, 0, 0, 0, 0, 0, 0, 0, 0, 0, 0, 0, 0, 0, 0, 0, 0, 0, 0, 0, 0, 0;Europe/Paris;NA
2022-09-16T05:00:00Z;-1;9000003703;hourly;0,1555555556;6,4285714286;90,0000000000;19,2857142857;45,0000000000;6,4285714286;0,0000000000;57,8571428571;32,1428571429;6,4285714286;12,8571428571;12,8571428571;32,1428571429;1;0, 7.1428571429, 42.8571428571, 42.8571428571, 7.1428571429, 0, 0, 0;0, 0, 0, 7.1428571429, 7.1428571429, 35.7142857143, 42.8571428571, 0, 0, 7.1428571429, 0, 0, 0, 0, 0, 0, 0, 0, 0, 0, 0, 0, 0, 0, 0;Europe/Paris;31,5
2022-09-16T06:00:00Z;-1;9000003703;hourly;0,6297222222;42,8760476401;82,5760917512;25,4080282311;50,8160564623;25,4080282311;17,4680194089;33,3480370534;49,2280546978;19,0560211734;6,3520070578;39,7000441112;11,1160123511;1;1.9230769231, 3.8461538462, 34.6153846154, 40.3846153846, 17.3076923077, 1.9230769231, 0, 0;1.9230769231, 0, 1.9230769231, 1.9230769231, 7.6923076923, 26.9230769231, 23.0769230769, 17.3076923077, 15.3846153846, 1.9230769231, 1.9230769231, 0, 0, 0, 0, 0, 0, 0, 0, 0, 0, 0, 0, 0, 0;Europe/Paris;39,0
2022-09-16T07:00:00Z;-1;9000003703;hourly;0,6302777778;9,5196121639;36,4918466285;6,3464081093;11,1062141913;7,9330101366;1,5866020273;17,4526223006;19,0392243279;3,1732040546;3,1732040546;9,5196121639;1,5866020273;1;0, 4.347826087, 34.7826086957, 43.4782608696, 13.0434782609, 4.347826087, 0, 0;0, 0, 0, 4.347826087, 4.347826087, 30.4347826087, 26.0869565217, 17.3913043478, 4.347826087, 8.6956521739, 0, 4.347826087, 0, 0, 0, 0, 0, 0, 0, 0, 0, 0, 0, 0, 0;Europe/Paris;40,0
2022-09-16T08:00:00Z;-1;9000003703;hourly;0,6250000000;4,8000000000;44,8000000000;12,8000000000;9,6000000000;3,2000000000;1,6000000000;20,8000000000;24,0000000000;4,8000000000;8,0000000000;1,6000000000;8,0000000000;1;10.7142857143, 3.5714285714, 32.1428571429, 42.8571428571, 7.1428571429, 3.5714285714, 0, 0;3.5714285714, 7.1428571429, 0, 3.5714285714, 10.7142857143, 21.4285714286, 28.5714285714, 14.2857142857, 7.1428571429, 0, 0, 3.5714285714, 0, 0, 0, 0, 0, 0, 0, 0, 0, 0, 0, 0, 0;Europe/Paris;36,0
2022-09-16T09:00:00Z;-1;9000003703;hourly;0,5641666667;15,9527326440;49,6307237814;28,3604135894;15,9527326440;12,4076809453;3,5450516987;17,7252584934;31,9054652880;19,4977843427;8,8626292467;14,1802067947;1,7725258493;1;21.4285714286, 0, 25, 46.4285714286, 7.1428571429, 0, 0, 0;21.4285714286, 0, 0, 0, 3.5714285714, 21.4285714286, 25, 21.4285714286, 3.5714285714, 3.5714285714, 0, 0, 0, 0, 0, 0, 0, 0, 0, 0, 0, 0, 0, 0, 0;Europe/Paris;35,5
2022-09-16T10:00:00Z;-1;9000003703;hourly;0,6344444444;9,4570928196;53,5901926445;9,4570928196;12,6094570928;7,8809106830;1,5761821366;20,4903677758;33,0998248687;4,7285464098;4,7285464098;6,3047285464;6,3047285464;1;2.9411764706, 0, 23.5294117647, 55.8823529412, 14.7058823529, 2.9411764706, 0, 0;2.9411764706, 0, 0, 0, 11.7647058824, 11.7647058824, 38.2352941176, 17.6470588235, 11.7647058824, 2.9411764706, 2.9411764706, 0, 0, 0, 0, 0, 0, 0, 0, 0, 0, 0, 0, 0, 0;Europe/Paris;38,5
2022-09-16T11:00:00Z;-1;9000003703;hourly;0,5927777778;18,5567010309;47,2352389878;20,2436738519;10,1218369260;16,8697282099;1,6869728210;26,9915651359;20,2436738519;15,1827553889;5,0609184630;8,4348641050;1,6869728210;1;21.4285714286, 0, 32.1428571429, 39.2857142857, 3.5714285714, 0, 0, 3.5714285714;21.4285714286, 0, 0, 0, 14.2857142857, 17.8571428571, 21.4285714286, 17.8571428571, 3.5714285714, 0, 0, 0, 0, 0, 3.5714285714, 0, 0, 0, 0, 0, 0, 0, 0, 0, 0;Europe/Paris;35,5
2022-09-16T12:00:00Z;-1;9000003703;hourly;0,5877777778;13,6105860113;22,1172022684;10,2079395085;3,4026465028;8,5066162571;5,1039697543;11,9092627599;10,2079395085;6,8052930057;3,4026465028;3,4026465028;0,0000000000;1;7.6923076923, 0, 23.0769230769, 61.5384615385, 7.6923076923, 0, 0, 0;7.6923076923, 0, 0, 0, 0, 23.0769230769, 46.1538461538, 15.3846153846, 7.6923076923, 0, 0, 0, 0, 0, 0, 0, 0, 0, 0, 0, 0, 0, 0, 0, 0;Europe/Paris;35,0
2022-09-16T13:00:00Z;-1;9000003703;hourly;0,6150000000;4,8780487805;24,3902439024;32,5203252033;1,6260162602;3,2520325203;1,6260162602;11,3821138211;13,0081300813;26,0162601626;6,5040650407;0,0000000000;1,6260162602;1;0, 0, 40, 40, 13.3333333333, 0, 6.6666666667, 0;0, 0, 0, 0, 6.6666666667, 33.3333333333, 20, 20, 0, 13.3333333333, 0, 0, 6.6666666667, 0, 0, 0, 0, 0, 0, 0, 0, 0, 0, 0, 0;Europe/Paris;44,5
2022-09-16T14:00:00Z;-1;9000003703;hourly;0,6377777778;26,6550522648;92,5087108014;40,7665505226;26,6550522648;21,9512195122;4,7038327526;31,3588850174;61,1498257840;18,8153310105;21,9512195122;10,9756097561;15,6794425087;1;6.7796610169, 25.4237288136, 42.3728813559, 23.7288135593, 1.6949152542, 0, 0, 0;5.0847457627, 1.6949152542, 5.0847457627, 20.3389830508, 18.6440677966, 23.7288135593, 20.3389830508, 3.3898305085, 1.6949152542, 0, 0, 0, 0, 0, 0, 0, 0, 0, 0, 0, 0, 0, 0, 0, 0;Europe/Paris;30,0
2022-09-16T15:00:00Z;-1;9000003703;hourly;0,6230555556;30,4948729380;120,3744984396;19,2599197503;4,8149799376;25,6798930004;4,8149799376;24,0748996879;96,2995987517;12,8399465002;6,4199732501;1,6049933125;3,2099866251;1;5.3333333333, 17.3333333333, 42.6666666667, 30.6666666667, 2.6666666667, 1.3333333333, 0, 0;4, 1.3333333333, 4, 13.3333333333, 12, 30.6666666667, 22.6666666667, 8, 1.3333333333, 1.3333333333, 1.3333333333, 0, 0, 0, 0, 0, 0, 0, 0, 0, 0, 0, 0, 0, 0;Europe/Paris;32,0
2022-09-16T16:00:00Z;-1;9000003703;hourly;0,6625000000;19,6226415094;70,9433962264;6,0377358491;4,5283018868;7,5471698113;12,0754716981;40,7547169811;30,1886792453;1,5094339623;4,5283018868;3,0188679245;1,5094339623;1;31.914893617, 19.1489361702, 21.2765957447, 19.1489361702, 8.5106382979, 0, 0, 0;29.7872340426, 2.1276595745, 0, 19.1489361702, 8.5106382979, 12.7659574468, 14.8936170213, 4.2553191489, 4.2553191489, 4.2553191489, 0, 0, 0, 0, 0, 0, 0, 0, 0, 0, 0, 0, 0, 0, 0;Europe/Paris;31,5
2022-09-16T17:00:00Z;-1;9000003703;hourly;0,6952777778;7,1913703556;128,0063923292;10,0679184978;8,6296444267;2,8765481422;4,3148222133;64,7223332002;63,2840591290;2,8765481422;7,1913703556;2,8765481422;5,7530962845;1;0, 4.4943820225, 35.9550561798, 49.4382022472, 8.9887640449, 0, 1.1235955056, 0;0, 0, 1.1235955056, 3.3707865169, 13.4831460674, 22.4719101124, 26.9662921348, 22.4719101124, 7.8651685393, 1.1235955056, 0, 0, 1.1235955056, 0, 0, 0, 0, 0, 0, 0, 0, 0, 0, 0, 0;Europe/Paris;36,5
2022-09-16T18:00:00Z;-1;9000003703;hourly;0,2677777778;0,0000000000;44,8132780083;0,0000000000;3,7344398340;0,0000000000;0,0000000000;11,2033195021;33,6099585062;0,0000000000;0,0000000000;0,0000000000;3,7344398340;1;0, 0, 25, 33.3333333333, 41.6666666667, 0, 0, 0;0, 0, 0, 0, 8.3333333333, 16.6666666667, 16.6666666667, 16.6666666667, 33.3333333333, 8.3333333333, 0, 0, 0, 0, 0, 0, 0, 0, 0, 0, 0, 0, 0, 0, 0;Europe/Paris;41,5
2022-09-16T19:00:00Z;-1;9000003703;hourly;0,0000000000;0,0000000000;0,0000000000;0,0000000000;0,0000000000;0,0000000000;0,0000000000;0,0000000000;0,0000000000;0,0000000000;0,0000000000;0,0000000000;0,0000000000;1;0, 0, 0, 0, 0, 0, 0, 0;0, 0, 0, 0, 0, 0, 0, 0, 0, 0, 0, 0, 0, 0, 0, 0, 0, 0, 0, 0, 0, 0, 0, 0, 0;Europe/Paris;NA
2022-09-16T20:00:00Z;-1;9000003703;hourly;0,0000000000;0,0000000000;0,0000000000;0,0000000000;0,0000000000;0,0000000000;0,0000000000;0,0000000000;0,0000000000;0,0000000000;0,0000000000;0,0000000000;0,0000000000;1;0, 0, 0, 0, 0, 0, 0, 0;0, 0, 0, 0, 0, 0, 0, 0, 0, 0, 0, 0, 0, 0, 0, 0, 0, 0, 0, 0, 0, 0, 0, 0, 0;Europe/Paris;NA
2022-09-16T21:00:00Z;-1;9000003703;hourly;0,0000000000;0,0000000000;0,0000000000;0,0000000000;0,0000000000;0,0000000000;0,0000000000;0,0000000000;0,0000000000;0,0000000000;0,0000000000;0,0000000000;0,0000000000;1;0, 0, 0, 0, 0, 0, 0, 0;0, 0, 0, 0, 0, 0, 0, 0, 0, 0, 0, 0, 0, 0, 0, 0, 0, 0, 0, 0, 0, 0, 0, 0, 0;Europe/Paris;NA
2022-09-16T23:00:00Z;-1;9000003703;hourly;0,0000000000;0,0000000000;0,0000000000;0,0000000000;0,0000000000;0,0000000000;0,0000000000;0,0000000000;0,0000000000;0,0000000000;0,0000000000;0,0000000000;0,0000000000;1;0, 0, 0, 0, 0, 0, 0, 0;0, 0, 0, 0, 0, 0, 0, 0, 0, 0, 0, 0, 0, 0, 0, 0, 0, 0, 0, 0, 0, 0, 0, 0, 0;Europe/Paris;NA
2022-09-17T00:00:00Z;-1;9000003703;hourly;0,0000000000;0,0000000000;0,0000000000;0,0000000000;0,0000000000;0,0000000000;0,0000000000;0,0000000000;0,0000000000;0,0000000000;0,0000000000;0,0000000000;0,0000000000;1;0, 0, 0, 0, 0, 0, 0, 0;0, 0, 0, 0, 0, 0, 0, 0, 0, 0, 0, 0, 0, 0, 0, 0, 0, 0, 0, 0, 0, 0, 0, 0, 0;Europe/Paris;NA
2022-09-17T01:00:00Z;-1;9000003703;hourly;0,0000000000;0,0000000000;0,0000000000;0,0000000000;0,0000000000;0,0000000000;0,0000000000;0,0000000000;0,0000000000;0,0000000000;0,0000000000;0,0000000000;0,0000000000;1;0, 0, 0, 0, 0, 0, 0, 0;0, 0, 0, 0, 0, 0, 0, 0, 0, 0, 0, 0, 0, 0, 0, 0, 0, 0, 0, 0, 0, 0, 0, 0, 0;Europe/Paris;NA
2022-09-17T02:00:00Z;-1;9000003703;hourly;0,0000000000;0,0000000000;0,0000000000;0,0000000000;0,0000000000;0,0000000000;0,0000000000;0,0000000000;0,0000000000;0,0000000000;0,0000000000;0,0000000000;0,0000000000;1;0, 0, 0, 0, 0, 0, 0, 0;0, 0, 0, 0, 0, 0, 0, 0, 0, 0, 0, 0, 0, 0, 0, 0, 0, 0, 0, 0, 0, 0, 0, 0, 0;Europe/Paris;NA
2022-09-17T03:00:00Z;-1;9000003703;hourly;0,0000000000;0,0000000000;0,0000000000;0,0000000000;0,0000000000;0,0000000000;0,0000000000;0,0000000000;0,0000000000;0,0000000000;0,0000000000;0,0000000000;0,0000000000;1;0, 0, 0, 0, 0, 0, 0, 0;0, 0, 0, 0, 0, 0, 0, 0, 0, 0, 0, 0, 0, 0, 0, 0, 0, 0, 0, 0, 0, 0, 0, 0, 0;Europe/Paris;NA
2022-09-17T04:00:00Z;-1;9000003703;hourly;0,0000000000;0,0000000000;0,0000000000;0,0000000000;0,0000000000;0,0000000000;0,0000000000;0,0000000000;0,0000000000;0,0000000000;0,0000000000;0,0000000000;0,0000000000;1;0, 0, 0, 0, 0, 0, 0, 0;0, 0, 0, 0, 0, 0, 0, 0, 0, 0, 0, 0, 0, 0, 0, 0, 0, 0, 0, 0, 0, 0, 0, 0, 0;Europe/Paris;NA
2022-09-17T05:00:00Z;-1;9000003703;hourly;0,0000000000;0,0000000000;0,0000000000;0,0000000000;0,0000000000;0,0000000000;0,0000000000;0,0000000000;0,0000000000;0,0000000000;0,0000000000;0,0000000000;0,0000000000;1;0, 0, 0, 0, 0, 0, 0, 0;0, 0, 0, 0, 0, 0, 0, 0, 0, 0, 0, 0, 0, 0, 0, 0, 0, 0, 0, 0, 0, 0, 0, 0, 0;Europe/Paris;NA
2022-09-17T06:00:00Z;-1;9000003703;hourly;0,3722222222;5,3731343284;24,1791044776;2,6865671642;8,0597014925;2,6865671642;2,6865671642;8,0597014925;16,1194029851;0,0000000000;2,6865671642;2,6865671642;5,3731343284;1;0, 0, 0, 33.3333333333, 44.4444444444, 0, 22.2222222222, 0;0, 0, 0, 0, 0, 0, 22.2222222222, 11.1111111111, 22.2222222222, 22.2222222222, 0, 0, 11.1111111111, 11.1111111111, 0, 0, 0, 0, 0, 0, 0, 0, 0, 0, 0;Europe/Paris;60,5
2022-09-17T07:00:00Z;-1;9000003703;hourly;0,6375000000;21,9607843137;25,0980392157;15,6862745098;3,1372549020;4,7058823529;17,2549019608;10,9803921569;14,1176470588;7,8431372549;7,8431372549;0,0000000000;3,1372549020;1;6.25, 0, 18.75, 43.75, 18.75, 6.25, 6.25, 0;6.25, 0, 0, 0, 12.5, 6.25, 18.75, 25, 0, 18.75, 6.25, 0, 0, 6.25, 0, 0, 0, 0, 0, 0, 0, 0, 0, 0, 0;Europe/Paris;47,0
2022-09-17T08:00:00Z;-1;9000003703;hourly;0,6275000000;44,6215139442;81,2749003984;22,3107569721;19,1235059761;28,6852589641;15,9362549801;35,0597609562;46,2151394422;11,1553784861;11,1553784861;3,1872509960;15,9362549801;1;1.9607843137, 1.9607843137, 47.0588235294, 31.3725490196, 11.7647058824, 1.9607843137, 1.9607843137, 1.9607843137;1.9607843137, 0, 0, 1.9607843137, 11.7647058824, 35.2941176471, 25.4901960784, 5.8823529412, 7.8431372549, 3.9215686275, 1.9607843137, 0, 1.9607843137, 0, 0, 0, 0, 0, 0, 1.9607843137, 0, 0, 0, 0, 0;Europe/Paris;39,0
2022-09-17T09:00:00Z;-1;9000003703;hourly;0,6569444444;9,1331923890;114,1649048626;18,2663847780;6,0887949260;4,5665961945;4,5665961945;63,9323467230;50,2325581395;12,1775898520;6,0887949260;6,0887949260;0,0000000000;1;0, 5.3333333333, 57.3333333333, 33.3333333333, 4, 0, 0, 0;0, 0, 0, 5.3333333333, 16, 41.3333333333, 18.6666666667, 14.6666666667, 2.6666666667, 1.3333333333, 0, 0, 0, 0, 0, 0, 0, 0, 0, 0, 0, 0, 0, 0, 0;Europe/Paris;33,5
2022-09-17T10:00:00Z;-1;9000003703;hourly;0,5736111111;13,9467312349;106,3438256659;12,2033898305;3,4866828087;13,9467312349;0,0000000000;66,2469733656;40,0968523002;8,7167070218;3,4866828087;3,4866828087;0,0000000000;1;0, 4.9180327869, 57.3770491803, 32.7868852459, 3.2786885246, 0, 1.6393442623, 0;0, 0, 1.6393442623, 3.2786885246, 27.868852459, 29.5081967213, 21.3114754098, 11.4754098361, 3.2786885246, 0, 0, 0, 1.6393442623, 0, 0, 0, 0, 0, 0, 0, 0, 0, 0, 0, 0;Europe/Paris;33,0
2022-09-17T11:00:00Z;-1;9000003703;hourly;0,6250000000;3,2000000000;68,8000000000;8,0000000000;4,8000000000;0,0000000000;3,2000000000;24,0000000000;44,8000000000;3,2000000000;4,8000000000;3,2000000000;1,6000000000;1;0, 2.3255813953, 23.2558139535, 58.1395348837, 16.2790697674, 0, 0, 0;0, 0, 0, 2.3255813953, 2.3255813953, 20.9302325581, 41.8604651163, 16.2790697674, 13.9534883721, 2.3255813953, 0, 0, 0, 0, 0, 0, 0, 0, 0, 0, 0, 0, 0, 0, 0;Europe/Paris;38,0
2022-09-17T12:00:00Z;-1;9000003703;hourly;0,7019444444;7,1230708350;42,7384250099;24,2184408389;2,8492283340;2,8492283340;4,2738425010;21,3692125049;21,3692125049;18,5199841710;5,6984566680;1,4246141670;1,4246141670;1;0, 23.3333333333, 30, 40, 6.6666666667, 0, 0, 0;0, 0, 0, 23.3333333333, 16.6666666667, 13.3333333333, 20, 20, 3.3333333333, 3.3333333333, 0, 0, 0, 0, 0, 0, 0, 0, 0, 0, 0, 0, 0, 0, 0;Europe/Paris;35,5
2022-09-17T13:00:00Z;-1;9000003703;hourly;0,5527777778;5,4271356784;52,4623115578;28,9447236181;1,8090452261;0,0000000000;5,4271356784;18,0904522613;34,3718592965;14,4723618090;14,4723618090;0,0000000000;1,8090452261;1;3.4482758621, 6.8965517241, 31.0344827586, 41.3793103448, 17.2413793103, 0, 0, 0;0, 3.4482758621, 0, 6.8965517241, 10.3448275862, 20.6896551724, 24.1379310345, 17.2413793103, 13.7931034483, 3.4482758621, 0, 0, 0, 0, 0, 0, 0, 0, 0, 0, 0, 0, 0, 0, 0;Europe/Paris;38,5
2022-09-17T14:00:00Z;-1;9000003703;hourly;0,3602777778;16,6538164996;44,4101773323;19,4294525829;0,0000000000;13,8781804163;2,7756360833;30,5319969160;13,8781804163;13,8781804163;5,5512721665;0,0000000000;0,0000000000;1;0, 18.75, 50, 31.25, 0, 0, 0, 0;0, 0, 6.25, 12.5, 31.25, 18.75, 25, 6.25, 0, 0, 0, 0, 0, 0, 0, 0, 0, 0, 0, 0, 0, 0, 0, 0, 0;Europe/Paris;30,5
2022-09-18T03:00:00Z;-1;9000003703;hourly;0,0000000000;0,0000000000;0,0000000000;0,0000000000;0,0000000000;0,0000000000;0,0000000000;0,0000000000;0,0000000000;0,0000000000;0,0000000000;0,0000000000;0,0000000000;1;0, 0, 0, 0, 0, 0, 0, 0;0, 0, 0, 0, 0, 0, 0, 0, 0, 0, 0, 0, 0, 0, 0, 0, 0, 0, 0, 0, 0, 0, 0, 0, 0;Europe/Paris;NA
2022-09-18T04:00:00Z;-1;9000003703;hourly;0,0000000000;0,0000000000;0,0000000000;0,0000000000;0,0000000000;0,0000000000;0,0000000000;0,0000000000;0,0000000000;0,0000000000;0,0000000000;0,0000000000;0,0000000000;1;0, 0, 0, 0, 0, 0, 0, 0;0, 0, 0, 0, 0, 0, 0, 0, 0, 0, 0, 0, 0, 0, 0, 0, 0, 0, 0, 0, 0, 0, 0, 0, 0;Europe/Paris;NA
2022-09-18T05:00:00Z;-1;9000003703;hourly;0,0000000000;0,0000000000;0,0000000000;0,0000000000;0,0000000000;0,0000000000;0,0000000000;0,0000000000;0,0000000000;0,0000000000;0,0000000000;0,0000000000;0,0000000000;1;0, 0, 0, 0, 0, 0, 0, 0;0, 0, 0, 0, 0, 0, 0, 0, 0, 0, 0, 0, 0, 0, 0, 0, 0, 0, 0, 0, 0, 0, 0, 0, 0;Europe/Paris;NA
2022-09-18T06:00:00Z;-1;9000003703;hourly;0,0000000000;0,0000000000;0,0000000000;0,0000000000;0,0000000000;0,0000000000;0,0000000000;0,0000000000;0,0000000000;0,0000000000;0,0000000000;0,0000000000;0,0000000000;1;0, 0, 0, 0, 0, 0, 0, 0;0, 0, 0, 0, 0, 0, 0, 0, 0, 0, 0, 0, 0, 0, 0, 0, 0, 0, 0, 0, 0, 0, 0, 0, 0;Europe/Paris;NA
2022-09-18T07:00:00Z;-1;9000003703;hourly;0,0000000000;0,0000000000;0,0000000000;0,0000000000;0,0000000000;0,0000000000;0,0000000000;0,0000000000;0,0000000000;0,0000000000;0,0000000000;0,0000000000;0,0000000000;1;0, 0, 0, 0, 0, 0, 0, 0;0, 0, 0, 0, 0, 0, 0, 0, 0, 0, 0, 0, 0, 0, 0, 0, 0, 0, 0, 0, 0, 0, 0, 0, 0;Europe/Paris;NA
2022-09-18T08:00:00Z;-1;9000003703;hourly;0,0225000000;0,0000000000;88,8888888889;44,4444444444;0,0000000000;0,0000000000;0,0000000000;44,4444444444;44,4444444444;44,4444444444;0,0000000000;0,0000000000;0,0000000000;1;0, 0, 100, 0, 0, 0, 0, 0;0, 0, 0, 0, 50, 50, 0, 0, 0, 0, 0, 0, 0, 0, 0, 0, 0, 0, 0, 0, 0, 0, 0, 0, 0;Europe/Paris;26,0
2022-09-18T09:00:00Z;-1;9000003703;hourly;0,7963888889;7,5340076735;101,7091035926;47,7153819323;43,9483780956;6,2783397279;1,2556679456;46,4597139867;55,2493896059;26,3690268573;21,3463550750;26,3690268573;17,5793512382;1;0, 11.1111111111, 50.6172839506, 28.3950617284, 9.8765432099, 0, 0, 0;0, 0, 0, 11.1111111111, 17.2839506173, 33.3333333333, 18.5185185185, 9.8765432099, 6.1728395062, 3.7037037037, 0, 0, 0, 0, 0, 0, 0, 0, 0, 0, 0, 0, 0, 0, 0;Europe/Paris;35,0
2022-09-18T10:00:00Z;-1;9000003703;hourly;0,7911111111;7,5842696629;123,8764044944;29,0730337079;21,4887640449;6,3202247191;1,2640449438;65,7303370787;58,1460674157;15,1685393258;13,9044943820;5,0561797753;16,4325842697;1;2.0408163265, 7.1428571429, 46.9387755102, 38.7755102041, 5.1020408163, 0, 0, 0;0, 2.0408163265, 1.0204081633, 6.1224489796, 19.387755102, 27.5510204082, 26.5306122449, 12.2448979592, 4.0816326531, 1.0204081633, 0, 0, 0, 0, 0, 0, 0, 0, 0, 0, 0, 0, 0, 0, 0;Europe/Paris;33,5
2022-09-18T11:00:00Z;-1;9000003703;hourly;0,8011111111;1,2482662968;67,4063800277;28,7101248266;13,7309292649;0,0000000000;1,2482662968;32,4549237171;34,9514563107;7,4895977809;21,2205270458;4,9930651872;8,7378640777;1;3.7037037037, 11.1111111111, 46.2962962963, 29.6296296296, 9.2592592593, 0, 0, 0;3.7037037037, 0, 3.7037037037, 7.4074074074, 16.6666666667, 29.6296296296, 24.0740740741, 5.5555555556, 9.2592592593, 0, 0, 0, 0, 0, 0, 0, 0, 0, 0, 0, 0, 0, 0, 0, 0;Europe/Paris;32,5
2022-09-18T12:00:00Z;-1;9000003703;hourly;0,7908333333;1,2644889357;87,2497365648;140,3582718651;12,6448893572;0,0000000000;1,2644889357;69,5468914647;17,7028451001;131,5068493151;8,8514225501;11,3804004215;1,2644889357;1;1.4492753623, 14.4927536232, 71.0144927536, 13.0434782609, 0, 0, 0, 0;0, 1.4492753623, 5.7971014493, 8.6956521739, 30.4347826087, 40.5797101449, 10.1449275362, 2.8985507246, 0, 0, 0, 0, 0, 0, 0, 0, 0, 0, 0, 0, 0, 0, 0, 0, 0;Europe/Paris;27,5
2022-09-18T13:00:00Z;-1;9000003703;hourly;0,8041666667;2,4870466321;70,8808290155;24,8704663212;3,7305699482;0,0000000000;2,4870466321;46,0103626943;24,8704663212;13,6787564767;11,1917098446;3,7305699482;0,0000000000;1;1.7543859649, 3.5087719298, 61.4035087719, 24.5614035088, 8.7719298246, 0, 0, 0;1.7543859649, 0, 1.7543859649, 1.7543859649, 26.3157894737, 35.0877192982, 14.0350877193, 10.5263157895, 7.0175438596, 1.7543859649, 0, 0, 0, 0, 0, 0, 0, 0, 0, 0, 0, 0, 0, 0, 0;Europe/Paris;34,5
2022-09-18T14:00:00Z;-1;9000003703;hourly;0,7730555556;0,0000000000;59,5041322314;36,2199065756;0,0000000000;0,0000000000;0,0000000000;31,0456342077;28,4584980237;15,5228171038;20,6970894718;0,0000000000;0,0000000000;1;2.1739130435, 4.347826087, 45.652173913, 43.4782608696, 4.347826087, 0, 0, 0;2.1739130435, 0, 0, 4.347826087, 23.9130434783, 21.7391304348, 34.7826086957, 8.6956521739, 2.1739130435, 2.1739130435, 0, 0, 0, 0, 0, 0, 0, 0, 0, 0, 0, 0, 0, 0, 0;Europe/Paris;32,0
2022-09-18T15:00:00Z;-1;9000003703;hourly;0,7816666667;1,2793176972;75,4797441365;20,4690831557;5,1172707889;1,2793176972;0,0000000000;44,7761194030;30,7036247335;7,6759061834;12,7931769723;1,2793176972;3,8379530917;1;13.5593220339, 27.1186440678, 47.4576271186, 10.1694915254, 1.6949152542, 0, 0, 0;5.0847457627, 8.4745762712, 6.7796610169, 20.3389830508, 27.1186440678, 20.3389830508, 5.0847457627, 5.0847457627, 1.6949152542, 0, 0, 0, 0, 0, 0, 0, 0, 0, 0, 0, 0, 0, 0, 0, 0;Europe/Paris;26,5
2022-09-18T16:00:00Z;-1;9000003703;hourly;0,7736111111;2,5852782765;89,1921005386;10,3411131059;7,7558348294;1,2926391382;1,2926391382;46,5350089767;42,6570915619;2,5852782765;7,7558348294;5,1705565530;2,5852782765;1;36.231884058, 4.347826087, 36.231884058, 20.2898550725, 2.8985507246, 0, 0, 0;34.7826086957, 1.4492753623, 1.4492753623, 2.8985507246, 15.9420289855, 20.2898550725, 11.5942028986, 8.6956521739, 1.4492753623, 1.4492753623, 0, 0, 0, 0, 0, 0, 0, 0, 0, 0, 0, 0, 0, 0, 0;Europe/Paris;31,0
2022-09-18T17:00:00Z;-1;9000003703;hourly;0,7913888889;0,0000000000;58,1256581257;2,5272025272;3,7908037908;0,0000000000;0,0000000000;26,5356265356;31,5900315900;1,2636012636;1,2636012636;1,2636012636;2,5272025272;1;0, 13.0434782609, 19.5652173913, 47.8260869565, 13.0434782609, 2.1739130435, 2.1739130435, 2.1739130435;0, 0, 0, 13.0434782609, 4.347826087, 15.2173913043, 26.0869565217, 21.7391304348, 8.6956521739, 4.347826087, 2.1739130435, 0, 2.1739130435, 0, 0, 0, 0, 0, 0, 0, 0, 2.1739130435, 0, 0, 0;Europe/Paris;40,0
2022-09-18T18:00:00Z;-1;9000003703;hourly;0,2500000000;8,0000000000;28,0000000000;0,0000000000;0,0000000000;0,0000000000;8,0000000000;8,0000000000;20,0000000000;0,0000000000;0,0000000000;0,0000000000;0,0000000000;1;0, 0, 28.5714285714, 57.1428571429, 14.2857142857, 0, 0, 0;0, 0, 0, 0, 0, 28.5714285714, 57.1428571429, 0, 14.2857142857, 0, 0, 0, 0, 0, 0, 0, 0, 0, 0, 0, 0, 0, 0, 0, 0;Europe/Paris;32,5
2022-09-18T19:00:00Z;-1;9000003703;hourly;0,0000000000;0,0000000000;0,0000000000;0,0000000000;0,0000000000;0,0000000000;0,0000000000;0,0000000000;0,0000000000;0,0000000000;0,0000000000;0,0000000000;0,0000000000;1;0, 0, 0, 0, 0, 0, 0, 0;0, 0, 0, 0, 0, 0, 0, 0, 0, 0, 0, 0, 0, 0, 0, 0, 0, 0, 0, 0, 0, 0, 0, 0, 0;Europe/Paris;NA
2022-09-18T20:00:00Z;-1;9000003703;hourly;0,0000000000;0,0000000000;0,0000000000;0,0000000000;0,0000000000;0,0000000000;0,0000000000;0,0000000000;0,0000000000;0,0000000000;0,0000000000;0,0000000000;0,0000000000;1;0, 0, 0, 0, 0, 0, 0, 0;0, 0, 0, 0, 0, 0, 0, 0, 0, 0, 0, 0, 0, 0, 0, 0, 0, 0, 0, 0, 0, 0, 0, 0, 0;Europe/Paris;NA
2022-09-19T03:00:00Z;-1;9000003703;hourly;0,0000000000;0,0000000000;0,0000000000;0,0000000000;0,0000000000;0,0000000000;0,0000000000;0,0000000000;0,0000000000;0,0000000000;0,0000000000;0,0000000000;0,0000000000;1;0, 0, 0, 0, 0, 0, 0, 0;0, 0, 0, 0, 0, 0, 0, 0, 0, 0, 0, 0, 0, 0, 0, 0, 0, 0, 0, 0, 0, 0, 0, 0, 0;Europe/Paris;NA
2022-09-19T04:00:00Z;-1;9000003703;hourly;0,0000000000;0,0000000000;0,0000000000;0,0000000000;0,0000000000;0,0000000000;0,0000000000;0,0000000000;0,0000000000;0,0000000000;0,0000000000;0,0000000000;0,0000000000;1;0, 0, 0, 0, 0, 0, 0, 0;0, 0, 0, 0, 0, 0, 0, 0, 0, 0, 0, 0, 0, 0, 0, 0, 0, 0, 0, 0, 0, 0, 0, 0, 0;Europe/Paris;NA
2022-09-19T05:00:00Z;-1;9000003703;hourly;0,0630555556;0,0000000000;63,4361233480;15,8590308370;15,8590308370;0,0000000000;0,0000000000;63,4361233480;0,0000000000;0,0000000000;15,8590308370;15,8590308370;0,0000000000;1;0, 0, 25, 50, 25, 0, 0, 0;0, 0, 0, 0, 0, 25, 0, 50, 25, 0, 0, 0, 0, 0, 0, 0, 0, 0, 0, 0, 0, 0, 0, 0, 0;Europe/Paris;39,5
2022-09-19T06:00:00Z;-1;9000003703;hourly;0,6455555556;12,3924268503;97,5903614458;13,9414802065;58,8640275387;0,0000000000;12,3924268503;55,7659208262;41,8244406196;7,7452667814;6,1962134251;49,5697074010;9,2943201377;1;3.1746031746, 4.7619047619, 41.2698412698, 38.0952380952, 9.5238095238, 1.5873015873, 1.5873015873, 0;0, 3.1746031746, 3.1746031746, 1.5873015873, 14.2857142857, 26.9841269841, 26.9841269841, 11.1111111111, 1.5873015873, 7.9365079365, 1.5873015873, 0, 1.5873015873, 0, 0, 0, 0, 0, 0, 0, 0, 0, 0, 0, 0;Europe/Paris;36,5
2022-09-19T07:00:00Z;-1;9000003703;hourly;0,6483333333;21,5938303342;7,7120822622;16,9665809769;7,7120822622;6,1696658098;15,4241645244;7,7120822622;0,0000000000;1,5424164524;15,4241645244;1,5424164524;6,1696658098;1;40, 0, 20, 40, 0, 0, 0, 0;40, 0, 0, 0, 0, 20, 20, 20, 0, 0, 0, 0, 0, 0, 0, 0, 0, 0, 0, 0, 0, 0, 0, 0, 0;Europe/Paris;33,5
2022-09-19T08:00:00Z;-1;9000003703;hourly;0,6288888889;36,5724381625;20,6713780919;9,5406360424;3,1802120141;14,3109540636;22,2614840989;15,9010600707;4,7703180212;3,1802120141;6,3604240283;1,5901060071;1,5901060071;1;0, 15.3846153846, 69.2307692308, 15.3846153846, 0, 0, 0, 0;0, 0, 7.6923076923, 7.6923076923, 23.0769230769, 46.1538461538, 15.3846153846, 0, 0, 0, 0, 0, 0, 0, 0, 0, 0, 0, 0, 0, 0, 0, 0, 0, 0;Europe/Paris;27,5
2022-09-19T09:00:00Z;-1;9000003703;hourly;0,6475000000;23,1660231660;30,8880308880;13,8996138996;13,8996138996;7,7220077220;15,4440154440;15,4440154440;15,4440154440;6,1776061776;7,7220077220;9,2664092664;4,6332046332;1;5, 20, 35, 35, 5, 0, 0, 0;5, 0, 0, 20, 10, 25, 30, 5, 0, 5, 0, 0, 0, 0, 0, 0, 0, 0, 0, 0, 0, 0, 0, 0, 0;Europe/Paris;31,5
2022-09-19T10:00:00Z;-1;9000003703;hourly;0,6302777778;1,5866020273;66,6372851476;6,3464081093;6,3464081093;0,0000000000;1,5866020273;20,6258263552;46,0114587924;1,5866020273;4,7598060820;0,0000000000;6,3464081093;1;0, 4.7619047619, 28.5714285714, 57.1428571429, 9.5238095238, 0, 0, 0;0, 0, 0, 4.7619047619, 7.1428571429, 21.4285714286, 33.3333333333, 23.8095238095, 9.5238095238, 0, 0, 0, 0, 0, 0, 0, 0, 0, 0, 0, 0, 0, 0, 0, 0;Europe/Paris;36,5
2022-09-19T11:00:00Z;-1;9000003703;hourly;0,6336111111;14,2042963612;45,7693993862;23,6738272687;4,7347654537;7,8912757562;6,3130206050;28,4085927225;17,3608066637;11,0477860587;12,6260412100;3,1565103025;1,5782551512;1;3.4482758621, 6.8965517241, 44.8275862069, 41.3793103448, 3.4482758621, 0, 0, 0;3.4482758621, 0, 0, 6.8965517241, 13.7931034483, 31.0344827586, 17.2413793103, 24.1379310345, 3.4482758621, 0, 0, 0, 0, 0, 0, 0, 0, 0, 0, 0, 0, 0, 0, 0, 0;Europe/Paris;35,0
2022-09-19T12:00:00Z;-1;9000003703;hourly;0,6444444444;9,3103448276;21,7241379310;23,2758620690;3,1034482759;9,3103448276;0,0000000000;15,5172413793;6,2068965517;12,4137931034;10,8620689655;3,1034482759;0,0000000000;1;14.2857142857, 7.1428571429, 42.8571428571, 28.5714285714, 7.1428571429, 0, 0, 0;14.2857142857, 0, 0, 7.1428571429, 21.4285714286, 21.4285714286, 21.4285714286, 7.1428571429, 7.1428571429, 0, 0, 0, 0, 0, 0, 0, 0, 0, 0, 0, 0, 0, 0, 0, 0;Europe/Paris;32,5
2022-09-19T13:00:00Z;-1;9000003703;hourly;0,6377777778;7,8397212544;42,3344947735;15,6794425087;1,5679442509;6,2717770035;1,5679442509;21,9512195122;20,3832752613;10,9756097561;4,7038327526;0,0000000000;1,5679442509;1;7.4074074074, 11.1111111111, 55.5555555556, 18.5185185185, 3.7037037037, 3.7037037037, 0, 0;3.7037037037, 3.7037037037, 3.7037037037, 7.4074074074, 29.6296296296, 25.9259259259, 7.4074074074, 11.1111111111, 3.7037037037, 0, 3.7037037037, 0, 0, 0, 0, 0, 0, 0, 0, 0, 0, 0, 0, 0, 0;Europe/Paris;34,0
2022-09-19T14:00:00Z;-1;9000003703;hourly;0,5963888889;11,7373078714;62,0400558919;38,5654401490;45,2724732184;6,7070330694;5,0302748020;21,7978574755;40,2421984164;5,0302748020;33,5351653470;8,3837913367;36,8886818817;1;5.4054054054, 10.8108108108, 37.8378378378, 45.9459459459, 0, 0, 0, 0;2.7027027027, 2.7027027027, 5.4054054054, 5.4054054054, 10.8108108108, 27.027027027, 40.5405405405, 5.4054054054, 0, 0, 0, 0, 0, 0, 0, 0, 0, 0, 0, 0, 0, 0, 0, 0, 0;Europe/Paris;31,5
2022-09-19T15:00:00Z;-1;9000003703;hourly;0,6672222222;14,9875104080;70,4412989176;20,9825145712;13,4887593672;8,9925062448;5,9950041632;17,9850124896;52,4562864280;11,9900083264;8,9925062448;5,9950041632;7,4937552040;1;6.3829787234, 12.7659574468, 40.4255319149, 36.170212766, 4.2553191489, 0, 0, 0;4.2553191489, 2.1276595745, 4.2553191489, 8.5106382979, 4.2553191489, 36.170212766, 23.4042553191, 12.7659574468, 4.2553191489, 0, 0, 0, 0, 0, 0, 0, 0, 0, 0, 0, 0, 0, 0, 0, 0;Europe/Paris;33,5
2022-09-19T16:00:00Z;-1;9000003703;hourly;0,6513888889;4,6055437100;145,8422174840;7,6759061834;13,8166311301;0,0000000000;4,6055437100;44,5202558635;101,3219616205;4,6055437100;3,0703624733;7,6759061834;6,1407249467;1;20, 6.3157894737, 33.6842105263, 35.7894736842, 3.1578947368, 1.0526315789, 0, 0;15.7894736842, 4.2105263158, 1.0526315789, 5.2631578947, 11.5789473684, 22.1052631579, 23.1578947368, 12.6315789474, 3.1578947368, 0, 1.0526315789, 0, 0, 0, 0, 0, 0, 0, 0, 0, 0, 0, 0, 0, 0;Europe/Paris;33,0
2022-09-19T17:00:00Z;-1;9000003703;hourly;0,6227777778;9,6342551293;109,1882247993;6,4228367529;8,0285459411;4,8171275647;4,8171275647;56,1998215879;52,9884032114;1,6057091882;4,8171275647;6,4228367529;1,6057091882;1;5.8823529412, 2.9411764706, 38.2352941176, 45.5882352941, 7.3529411765, 0, 0, 0;5.8823529412, 0, 0, 2.9411764706, 11.7647058824, 26.4705882353, 27.9411764706, 17.6470588235, 7.3529411765, 0, 0, 0, 0, 0, 0, 0, 0, 0, 0, 0, 0, 0, 0, 0, 0;Europe/Paris;35,5
2022-09-19T18:00:00Z;-1;9000003703;hourly;0,1888888889;0,0000000000;26,4705882353;0,0000000000;0,0000000000;0,0000000000;0,0000000000;10,5882352941;15,8823529412;0,0000000000;0,0000000000;0,0000000000;0,0000000000;1;0, 0, 0, 60, 40, 0, 0, 0;0, 0, 0, 0, 0, 0, 60, 0, 40, 0, 0, 0, 0, 0, 0, 0, 0, 0, 0, 0, 0, 0, 0, 0, 0;Europe/Paris;40,5
2022-09-19T19:00:00Z;-1;9000003703;hourly;0,0000000000;0,0000000000;0,0000000000;0,0000000000;0,0000000000;0,0000000000;0,0000000000;0,0000000000;0,0000000000;0,0000000000;0,0000000000;0,0000000000;0,0000000000;1;0, 0, 0, 0, 0, 0, 0, 0;0, 0, 0, 0, 0, 0, 0, 0, 0, 0, 0, 0, 0, 0, 0, 0, 0, 0, 0, 0, 0, 0, 0, 0, 0;Europe/Paris;NA
2022-09-19T20:00:00Z;-1;9000003703;hourly;0,0000000000;0,0000000000;0,0000000000;0,0000000000;0,0000000000;0,0000000000;0,0000000000;0,0000000000;0,0000000000;0,0000000000;0,0000000000;0,0000000000;0,0000000000;1;0, 0, 0, 0, 0, 0, 0, 0;0, 0, 0, 0, 0, 0, 0, 0, 0, 0, 0, 0, 0, 0, 0, 0, 0, 0, 0, 0, 0, 0, 0, 0, 0;Europe/Paris;NA
2022-09-20T03:00:00Z;-1;9000003703;hourly;0,0000000000;0,0000000000;0,0000000000;0,0000000000;0,0000000000;0,0000000000;0,0000000000;0,0000000000;0,0000000000;0,0000000000;0,0000000000;0,0000000000;0,0000000000;1;0, 0, 0, 0, 0, 0, 0, 0;0, 0, 0, 0, 0, 0, 0, 0, 0, 0, 0, 0, 0, 0, 0, 0, 0, 0, 0, 0, 0, 0, 0, 0, 0;Europe/Paris;NA
2022-09-20T04:00:00Z;-1;9000003703;hourly;0,0000000000;0,0000000000;0,0000000000;0,0000000000;0,0000000000;0,0000000000;0,0000000000;0,0000000000;0,0000000000;0,0000000000;0,0000000000;0,0000000000;0,0000000000;1;0, 0, 0, 0, 0, 0, 0, 0;0, 0, 0, 0, 0, 0, 0, 0, 0, 0, 0, 0, 0, 0, 0, 0, 0, 0, 0, 0, 0, 0, 0, 0, 0;Europe/Paris;NA
2022-09-20T05:00:00Z;-1;9000003703;hourly;0,0555555556;18,0000000000;54,0000000000;36,0000000000;0,0000000000;0,0000000000;18,0000000000;36,0000000000;18,0000000000;18,0000000000;18,0000000000;0,0000000000;0,0000000000;1;0, 0, 66.6666666667, 0, 33.3333333333, 0, 0, 0;0, 0, 0, 0, 0, 66.6666666667, 0, 0, 33.3333333333, 0, 0, 0, 0, 0, 0, 0, 0, 0, 0, 0, 0, 0, 0, 0, 0;Europe/Paris;40,5
2022-09-20T06:00:00Z;-1;9000003703;hourly;0,5958333333;21,8181818182;110,7692307692;16,7832167832;45,3146853147;11,7482517483;10,0699300699;57,0629370629;53,7062937063;11,7482517483;5,0349650350;36,9230769231;8,3916083916;1;3.0303030303, 12.1212121212, 27.2727272727, 40.9090909091, 10.6060606061, 6.0606060606, 0, 0;1.5151515152, 1.5151515152, 7.5757575758, 4.5454545455, 7.5757575758, 19.696969697, 22.7272727273, 18.1818181818, 7.5757575758, 3.0303030303, 3.0303030303, 3.0303030303, 0, 0, 0, 0, 0, 0, 0, 0, 0, 0, 0, 0, 0;Europe/Paris;38,5
2022-09-20T07:00:00Z;-1;9000003703;hourly;0,6516666667;10,7416879795;15,3452685422;15,3452685422;1,5345268542;7,6726342711;3,0690537084;4,6035805627;10,7416879795;10,7416879795;4,6035805627;1,5345268542;0,0000000000;1;50, 10, 0, 30, 0, 10, 0, 0;40, 10, 10, 0, 0, 0, 20, 10, 0, 0, 0, 10, 0, 0, 0, 0, 0, 0, 0, 0, 0, 0, 0, 0, 0;Europe/Paris;35,0
2022-09-20T08:00:00Z;-1;9000003703;hourly;0,6258333333;17,5765645806;12,7829560586;3,1957390146;1,5978695073;11,1850865513;6,3914780293;3,1957390146;9,5872170439;3,1957390146;0,0000000000;1,5978695073;0,0000000000;1;0, 0, 25, 50, 12.5, 12.5, 0, 0;0, 0, 0, 0, 25, 0, 37.5, 12.5, 0, 12.5, 12.5, 0, 0, 0, 0, 0, 0, 0, 0, 0, 0, 0, 0, 0, 0;Europe/Paris;46,5
2022-09-20T09:00:00Z;-1;9000003703;hourly;0,6027777778;21,5668202765;33,1797235023;4,9769585253;8,2949308756;14,9308755760;6,6359447005;8,2949308756;24,8847926267;1,6589861751;3,3179723502;4,9769585253;3,3179723502;1;20, 0, 20, 55, 5, 0, 0, 0;20, 0, 0, 0, 0, 20, 25, 30, 5, 0, 0, 0, 0, 0, 0, 0, 0, 0, 0, 0, 0, 0, 0, 0, 0;Europe/Paris;36,0
2022-09-20T10:00:00Z;-1;9000003703;hourly;0,5588888889;14,3141153082;48,3101391650;1,7892644135;14,3141153082;8,9463220676;5,3677932406;12,5248508946;35,7852882704;0,0000000000;1,7892644135;7,1570576541;7,1570576541;1;0, 0, 18.5185185185, 48.1481481481, 29.6296296296, 3.7037037037, 0, 0;0, 0, 0, 0, 7.4074074074, 11.1111111111, 33.3333333333, 14.8148148148, 25.9259259259, 3.7037037037, 3.7037037037, 0, 0, 0, 0, 0, 0, 0, 0, 0, 0, 0, 0, 0, 0;Europe/Paris;41,0
2022-09-20T11:00:00Z;-1;9000003703;hourly;0,6108333333;4,9113233288;39,2905866303;6,5484311050;11,4597544338;3,2742155525;1,6371077763;22,9195088677;16,3710777626;1,6371077763;4,9113233288;8,1855388813;3,2742155525;1;0, 0, 54.1666666667, 41.6666666667, 4.1666666667, 0, 0, 0;0, 0, 0, 0, 29.1666666667, 25, 20.8333333333, 20.8333333333, 0, 4.1666666667, 0, 0, 0, 0, 0, 0, 0, 0, 0, 0, 0, 0, 0, 0, 0;Europe/Paris;35,0
2022-09-20T12:00:00Z;-1;9000003703;hourly;0,6191666667;14,5356662180;24,2261103634;11,3055181696;3,2301480485;12,9205921938;1,6150740242;6,4602960969;17,7658142665;8,0753701211;3,2301480485;0,0000000000;3,2301480485;1;6.6666666667, 0, 53.3333333333, 20, 13.3333333333, 6.6666666667, 0, 0;6.6666666667, 0, 0, 0, 26.6666666667, 26.6666666667, 13.3333333333, 6.6666666667, 6.6666666667, 6.6666666667, 6.6666666667, 0, 0, 0, 0, 0, 0, 0, 0, 0, 0, 0, 0, 0, 0;Europe/Paris;41,0
2022-09-20T13:00:00Z;-1;9000003703;hourly;0,6697222222;7,4657818333;31,3562836997;22,3973454998;2,9863127333;7,4657818333;0,0000000000;10,4520945666;20,9041891331;17,9178763998;4,4794691000;2,9863127333;0,0000000000;1;4.7619047619, 9.5238095238, 33.3333333333, 42.8571428571, 9.5238095238, 0, 0, 0;4.7619047619, 0, 4.7619047619, 4.7619047619, 0, 33.3333333333, 28.5714285714, 14.2857142857, 9.5238095238, 0, 0, 0, 0, 0, 0, 0, 0, 0, 0, 0, 0, 0, 0, 0, 0;Europe/Paris;35,5
2022-09-20T14:00:00Z;-1;9000003703;hourly;0,6552777778;18,3128444256;64,0949554896;59,5167443832;33,5735481136;7,6303518440;10,6824925816;16,7867740568;47,3081814328;13,7346333192;45,7821110640;13,7346333192;19,8389147944;1;2.380952381, 7.1428571429, 50, 28.5714285714, 11.9047619048, 0, 0, 0;2.380952381, 0, 0, 7.1428571429, 14.2857142857, 35.7142857143, 14.2857142857, 14.2857142857, 7.1428571429, 4.7619047619, 0, 0, 0, 0, 0, 0, 0, 0, 0, 0, 0, 0, 0, 0, 0;Europe/Paris;36,5
2022-09-20T15:00:00Z;-1;9000003703;hourly;0,5813888889;24,0802675585;111,8012422360;22,3602484472;25,8002866699;18,9202102246;5,1600573340;20,6402293359;91,1610129001;13,7601528906;8,6000955566;20,6402293359;5,1600573340;1;1.5384615385, 6.1538461538, 27.6923076923, 55.3846153846, 7.6923076923, 1.5384615385, 0, 0;1.5384615385, 0, 1.5384615385, 4.6153846154, 9.2307692308, 18.4615384615, 38.4615384615, 16.9230769231, 7.6923076923, 0, 1.5384615385, 0, 0, 0, 0, 0, 0, 0, 0, 0, 0, 0, 0, 0, 0;Europe/Paris;36,0
2022-09-20T16:00:00Z;-1;9000003703;hourly;0,6638888889;15,0627615063;122,0083682008;7,5313807531;28,6192468619;6,0251046025;9,0376569038;42,1757322176;79,8326359833;1,5062761506;6,0251046025;10,5439330544;18,0753138075;1;6.1728395062, 11.1111111111, 39.5061728395, 32.0987654321, 11.1111111111, 0, 0, 0;3.7037037037, 2.4691358025, 3.7037037037, 7.4074074074, 12.3456790123, 27.1604938272, 18.5185185185, 13.5802469136, 8.6419753086, 2.4691358025, 0, 0, 0, 0, 0, 0, 0, 0, 0, 0, 0, 0, 0, 0, 0;Europe/Paris;36,0
2022-09-20T17:00:00Z;-1;9000003703;hourly;0,6277777778;1,5929203540;101,9469026549;12,7433628319;11,1504424779;1,5929203540;0,0000000000;27,0796460177;74,8672566372;3,1858407080;9,5575221239;3,1858407080;7,9646017699;1;0, 0, 51.5625, 37.5, 9.375, 1.5625, 0, 0;0, 0, 0, 0, 9.375, 42.1875, 23.4375, 14.0625, 7.8125, 1.5625, 1.5625, 0, 0, 0, 0, 0, 0, 0, 0, 0, 0, 0, 0, 0, 0;Europe/Paris;36,0
2022-09-20T18:00:00Z;-1;9000003703;hourly;0,2008333333;0,0000000000;74,6887966805;0,0000000000;4,9792531120;0,0000000000;0,0000000000;19,9170124481;54,7717842324;0,0000000000;0,0000000000;4,9792531120;0,0000000000;1;0, 0, 33.3333333333, 46.6666666667, 20, 0, 0, 0;0, 0, 0, 0, 13.3333333333, 20, 20, 26.6666666667, 13.3333333333, 6.6666666667, 0, 0, 0, 0, 0, 0, 0, 0, 0, 0, 0, 0, 0, 0, 0;Europe/Paris;39,5
2022-09-20T19:00:00Z;-1;9000003703;hourly;0,0000000000;0,0000000000;0,0000000000;0,0000000000;0,0000000000;0,0000000000;0,0000000000;0,0000000000;0,0000000000;0,0000000000;0,0000000000;0,0000000000;0,0000000000;1;0, 0, 0, 0, 0, 0, 0, 0;0, 0, 0, 0, 0, 0, 0, 0, 0, 0, 0, 0, 0, 0, 0, 0, 0, 0, 0, 0, 0, 0, 0, 0, 0;Europe/Paris;NA
2022-09-20T20:00:00Z;-1;9000003703;hourly;0,0000000000;0,0000000000;0,0000000000;0,0000000000;0,0000000000;0,0000000000;0,0000000000;0,0000000000;0,0000000000;0,0000000000;0,0000000000;0,0000000000;0,0000000000;1;0, 0, 0, 0, 0, 0, 0, 0;0, 0, 0, 0, 0, 0, 0, 0, 0, 0, 0, 0, 0, 0, 0, 0, 0, 0, 0, 0, 0, 0, 0, 0, 0;Europe/Paris;NA
2022-09-21T03:00:00Z;-1;9000003703;hourly;0,0000000000;0,0000000000;0,0000000000;0,0000000000;0,0000000000;0,0000000000;0,0000000000;0,0000000000;0,0000000000;0,0000000000;0,0000000000;0,0000000000;0,0000000000;1;0, 0, 0, 0, 0, 0, 0, 0;0, 0, 0, 0, 0, 0, 0, 0, 0, 0, 0, 0, 0, 0, 0, 0, 0, 0, 0, 0, 0, 0, 0, 0, 0;Europe/Paris;NA
2022-09-21T04:00:00Z;-1;9000003703;hourly;0,0000000000;0,0000000000;0,0000000000;0,0000000000;0,0000000000;0,0000000000;0,0000000000;0,0000000000;0,0000000000;0,0000000000;0,0000000000;0,0000000000;0,0000000000;1;0, 0, 0, 0, 0, 0, 0, 0;0, 0, 0, 0, 0, 0, 0, 0, 0, 0, 0, 0, 0, 0, 0, 0, 0, 0, 0, 0, 0, 0, 0, 0, 0;Europe/Paris;NA
2022-09-21T05:00:00Z;-1;9000003703;hourly;0,1008333333;0,0000000000;119,0082644628;0,0000000000;29,7520661157;0,0000000000;0,0000000000;89,2561983471;29,7520661157;0,0000000000;0,0000000000;0,0000000000;29,7520661157;1;0, 0, 50, 41.6666666667, 8.3333333333, 0, 0, 0;0, 0, 0, 0, 8.3333333333, 41.6666666667, 33.3333333333, 8.3333333333, 8.3333333333, 0, 0, 0, 0, 0, 0, 0, 0, 0, 0, 0, 0, 0, 0, 0, 0;Europe/Paris;33,5
2022-09-21T06:00:00Z;-1;9000003703;hourly;0,4891666667;18,3986371380;40,8858603066;14,3100511073;20,4429301533;4,0885860307;14,3100511073;22,4872231687;18,3986371380;8,1771720613;6,1328790460;18,3986371380;2,0442930153;1;5, 0, 30, 40, 25, 0, 0, 0;5, 0, 0, 0, 10, 20, 15, 25, 15, 10, 0, 0, 0, 0, 0, 0, 0, 0, 0, 0, 0, 0, 0, 0, 0;Europe/Paris;41,0
2022-09-21T07:00:00Z;-1;9000003703;hourly;0,6433333333;7,7720207254;17,0984455959;17,0984455959;4,6632124352;7,7720207254;0,0000000000;10,8808290155;6,2176165803;9,3264248705;7,7720207254;4,6632124352;0,0000000000;1;45.4545454545, 18.1818181818, 9.0909090909, 18.1818181818, 9.0909090909, 0, 0, 0;36.3636363636, 9.0909090909, 0, 18.1818181818, 0, 9.0909090909, 9.0909090909, 9.0909090909, 0, 9.0909090909, 0, 0, 0, 0, 0, 0, 0, 0, 0, 0, 0, 0, 0, 0, 0;Europe/Paris;34,0
2022-09-21T08:00:00Z;-1;9000003703;hourly;0,6516666667;16,8797953964;19,9488491049;7,6726342711;6,1381074169;12,2762148338;4,6035805627;3,0690537084;16,8797953964;4,6035805627;3,0690537084;4,6035805627;1,5345268542;1;0, 7.6923076923, 30.7692307692, 46.1538461538, 15.3846153846, 0, 0, 0;0, 0, 0, 7.6923076923, 15.3846153846, 15.3846153846, 38.4615384615, 7.6923076923, 7.6923076923, 7.6923076923, 0, 0, 0, 0, 0, 0, 0, 0, 0, 0, 0, 0, 0, 0, 0;Europe/Paris;37,5
2022-09-21T09:00:00Z;-1;9000003703;hourly;0,6280555556;33,4365325077;39,8053958425;3,1844316674;7,9610791685;27,0676691729;6,3688633348;6,3688633348;33,4365325077;1,5922158337;1,5922158337;0,0000000000;7,9610791685;1;0, 4, 32, 44, 16, 4, 0, 0;0, 0, 0, 4, 8, 24, 32, 12, 16, 0, 4, 0, 0, 0, 0, 0, 0, 0, 0, 0, 0, 0, 0, 0, 0;Europe/Paris;39,0
2022-09-21T10:00:00Z;-1;9000003703;hourly;0,5663888889;28,2491417361;67,0917116233;17,6557135851;30,0147130947;19,4212849436;8,8278567925;10,5934281511;56,4982834723;3,5311427170;14,1245708681;8,8278567925;21,1868563021;1;0, 0, 36.8421052632, 44.7368421053, 15.7894736842, 2.6315789474, 0, 0;0, 0, 0, 0, 10.5263157895, 26.3157894737, 31.5789473684, 13.1578947368, 13.1578947368, 2.6315789474, 2.6315789474, 0, 0, 0, 0, 0, 0, 0, 0, 0, 0, 0, 0, 0, 0;Europe/Paris;39,0
2022-09-21T11:00:00Z;-1;9000003703;hourly;0,5916666667;23,6619718310;92,9577464789;18,5915492958;5,0704225352;15,2112676056;8,4507042254;35,4929577465;57,4647887324;13,5211267606;5,0704225352;3,3802816901;1,6901408451;1;0, 1.8181818182, 45.4545454545, 40, 10.9090909091, 1.8181818182, 0, 0;0, 0, 0, 1.8181818182, 9.0909090909, 36.3636363636, 29.0909090909, 10.9090909091, 7.2727272727, 3.6363636364, 1.8181818182, 0, 0, 0, 0, 0, 0, 0, 0, 0, 0, 0, 0, 0, 0;Europe/Paris;36,5
2022-09-21T12:00:00Z;-1;9000003703;hourly;0,6830555556;5,8560390403;128,8328588857;7,3200488003;0,0000000000;4,3920292802;1,4640097601;46,8483123221;81,9845465636;7,3200488003;0,0000000000;0,0000000000;0,0000000000;1;0, 4.5454545455, 50, 35.2272727273, 10.2272727273, 0, 0, 0;0, 0, 1.1363636364, 3.4090909091, 22.7272727273, 27.2727272727, 19.3181818182, 15.9090909091, 6.8181818182, 3.4090909091, 0, 0, 0, 0, 0, 0, 0, 0, 0, 0, 0, 0, 0, 0, 0;Europe/Paris;36,0
2022-09-21T13:00:00Z;-1;9000003703;hourly;0,6969444444;18,6528497409;100,4384216819;21,5225189318;5,7393383818;15,7831805500;2,8696691909;48,7843762455;51,6540454364;7,1741729773;14,3483459546;1,4348345955;4,3045037864;1;2.8571428571, 5.7142857143, 54.2857142857, 35.7142857143, 0, 1.4285714286, 0, 0;2.8571428571, 0, 0, 5.7142857143, 24.2857142857, 30, 27.1428571429, 8.5714285714, 0, 0, 1.4285714286, 0, 0, 0, 0, 0, 0, 0, 0, 0, 0, 0, 0, 0, 0;Europe/Paris;31,5
2022-09-21T14:00:00Z;-1;9000003703;hourly;0,6902777778;10,1408450704;149,2152917505;40,5633802817;0,0000000000;8,6921529175;1,4486921529;63,7424547284;85,4728370221;18,8329979879;21,7303822938;0,0000000000;0,0000000000;1;0.9708737864, 17.4757281553, 48.5436893204, 30.0970873786, 2.9126213592, 0, 0, 0;0.9708737864, 0, 3.8834951456, 13.5922330097, 23.3009708738, 25.2427184466, 19.4174757282, 10.6796116505, 2.9126213592, 0, 0, 0, 0, 0, 0, 0, 0, 0, 0, 0, 0, 0, 0, 0, 0;Europe/Paris;32,0
2022-09-21T15:00:00Z;-1;9000003703;hourly;0,6816666667;4,4009779951;142,2982885086;19,0709046455;7,3349633252;1,4669926650;2,9339853301;35,2078239609;107,0904645477;5,8679706601;13,2029339853;1,4669926650;5,8679706601;1;15.4639175258, 17.5257731959, 35.0515463918, 20.618556701, 4.1237113402, 3.0927835052, 1.0309278351, 3.0927835052;14.4329896907, 1.0309278351, 3.0927835052, 14.4329896907, 16.4948453608, 18.5567010309, 12.3711340206, 8.2474226804, 4.1237113402, 0, 2.0618556701, 1.0309278351, 0, 1.0309278351, 1.0309278351, 0, 0, 1.0309278351, 0, 0, 0, 1.0309278351, 0, 0, 0;Europe/Paris;35,5
2022-09-21T16:00:00Z;-1;9000003703;hourly;0,6688888889;5,9800664452;115,1162790698;14,9501661130;11,9601328904;1,4950166113;4,4850498339;40,3654485050;74,7508305648;5,9800664452;8,9700996678;4,4850498339;7,4750830565;1;28.5714285714, 7.7922077922, 33.7662337662, 23.3766233766, 5.1948051948, 1.2987012987, 0, 0;27.2727272727, 1.2987012987, 2.5974025974, 5.1948051948, 14.2857142857, 19.4805194805, 14.2857142857, 9.0909090909, 3.8961038961, 1.2987012987, 1.2987012987, 0, 0, 0, 0, 0, 0, 0, 0, 0, 0, 0, 0, 0, 0;Europe/Paris;33,0
2022-09-21T17:00:00Z;-1;9000003703;hourly;0,6694444444;7,4688796680;89,6265560166;2,9875518672;7,4688796680;4,4813278008;2,9875518672;37,3443983402;52,2821576763;1,4937759336;1,4937759336;5,9751037344;1,4937759336;1;1.6666666667, 1.6666666667, 43.3333333333, 41.6666666667, 10, 1.6666666667, 0, 0;1.6666666667, 0, 0, 1.6666666667, 11.6666666667, 31.6666666667, 20, 21.6666666667, 8.3333333333, 1.6666666667, 1.6666666667, 0, 0, 0, 0, 0, 0, 0, 0, 0, 0, 0, 0, 0, 0;Europe/Paris;36,5
2022-09-21T18:00:00Z;-1;9000003703;hourly;0,1672222222;0,0000000000;11,9601328904;0,0000000000;11,9601328904;0,0000000000;0,0000000000;0,0000000000;11,9601328904;0,0000000000;0,0000000000;11,9601328904;0,0000000000;1;0, 0, 50, 50, 0, 0, 0, 0;0, 0, 0, 0, 0, 50, 50, 0, 0, 0, 0, 0, 0, 0, 0, 0, 0, 0, 0, 0, 0, 0, 0, 0, 0;Europe/Paris;31,0
2022-09-21T19:00:00Z;-1;9000003703;hourly;0,0000000000;0,0000000000;0,0000000000;0,0000000000;0,0000000000;0,0000000000;0,0000000000;0,0000000000;0,0000000000;0,0000000000;0,0000000000;0,0000000000;0,0000000000;1;0, 0, 0, 0, 0, 0, 0, 0;0, 0, 0, 0, 0, 0, 0, 0, 0, 0, 0, 0, 0, 0, 0, 0, 0, 0, 0, 0, 0, 0, 0, 0, 0;Europe/Paris;NA
2022-09-21T20:00:00Z;-1;9000003703;hourly;0,0000000000;0,0000000000;0,0000000000;0,0000000000;0,0000000000;0,0000000000;0,0000000000;0,0000000000;0,0000000000;0,0000000000;0,0000000000;0,0000000000;0,0000000000;1;0, 0, 0, 0, 0, 0, 0, 0;0, 0, 0, 0, 0, 0, 0, 0, 0, 0, 0, 0, 0, 0, 0, 0, 0, 0, 0, 0, 0, 0, 0, 0, 0;Europe/Paris;NA
2022-09-22T03:00:00Z;-1;9000003703;hourly;0,0000000000;0,0000000000;0,0000000000;0,0000000000;0,0000000000;0,0000000000;0,0000000000;0,0000000000;0,0000000000;0,0000000000;0,0000000000;0,0000000000;0,0000000000;1;0, 0, 0, 0, 0, 0, 0, 0;0, 0, 0, 0, 0, 0, 0, 0, 0, 0, 0, 0, 0, 0, 0, 0, 0, 0, 0, 0, 0, 0, 0, 0, 0;Europe/Paris;NA
2022-09-22T04:00:00Z;-1;9000003703;hourly;0,0000000000;0,0000000000;0,0000000000;0,0000000000;0,0000000000;0,0000000000;0,0000000000;0,0000000000;0,0000000000;0,0000000000;0,0000000000;0,0000000000;0,0000000000;1;0, 0, 0, 0, 0, 0, 0, 0;0, 0, 0, 0, 0, 0, 0, 0, 0, 0, 0, 0, 0, 0, 0, 0, 0, 0, 0, 0, 0, 0, 0, 0, 0;Europe/Paris;NA
2022-09-22T05:00:00Z;-1;9000003703;hourly;0,0586111111;17,0616113744;119,4312796209;0,0000000000;17,0616113744;17,0616113744;0,0000000000;119,4312796209;0,0000000000;0,0000000000;0,0000000000;0,0000000000;17,0616113744;1;0, 28.5714285714, 28.5714285714, 42.8571428571, 0, 0, 0, 0;0, 0, 0, 28.5714285714, 14.2857142857, 14.2857142857, 28.5714285714, 14.2857142857, 0, 0, 0, 0, 0, 0, 0, 0, 0, 0, 0, 0, 0, 0, 0, 0, 0;Europe/Paris;32,5
2022-09-22T06:00:00Z;-1;9000003703;hourly;0,5911111111;16,9172932331;60,9022556391;18,6090225564;16,9172932331;3,3834586466;13,5338345865;33,8345864662;27,0676691729;15,2255639098;3,3834586466;16,9172932331;0,0000000000;1;5.5555555556, 13.8888888889, 25, 41.6666666667, 8.3333333333, 2.7777777778, 0, 2.7777777778;2.7777777778, 2.7777777778, 11.1111111111, 2.7777777778, 8.3333333333, 16.6666666667, 30.5555555556, 11.1111111111, 2.7777777778, 5.5555555556, 2.7777777778, 0, 0, 0, 0, 2.7777777778, 0, 0, 0, 0, 0, 0, 0, 0, 0;Europe/Paris;37,0
2022-09-22T07:00:00Z;-1;9000003703;hourly;0,6075000000;11,5226337449;14,8148148148;19,7530864198;0,0000000000;3,2921810700;8,2304526749;6,5843621399;8,2304526749;11,5226337449;8,2304526749;0,0000000000;0,0000000000;1;22.2222222222, 11.1111111111, 33.3333333333, 11.1111111111, 22.2222222222, 0, 0, 0;0, 22.2222222222, 0, 11.1111111111, 11.1111111111, 22.2222222222, 11.1111111111, 0, 11.1111111111, 11.1111111111, 0, 0, 0, 0, 0, 0, 0, 0, 0, 0, 0, 0, 0, 0, 0;Europe/Paris;40,5
2022-09-22T08:00:00Z;-1;9000003703;hourly;0,6152777778;17,8781038375;34,1309255079;3,2505643341;1,6252821670;9,7516930023;8,1264108352;16,2528216704;17,8781038375;3,2505643341;0,0000000000;0,0000000000;1,6252821670;1;0, 4.7619047619, 33.3333333333, 47.619047619, 14.2857142857, 0, 0, 0;0, 0, 0, 4.7619047619, 14.2857142857, 19.0476190476, 28.5714285714, 19.0476190476, 14.2857142857, 0, 0, 0, 0, 0, 0, 0, 0, 0, 0, 0, 0, 0, 0, 0, 0;Europe/Paris;37,5
2022-09-22T09:00:00Z;-1;9000003703;hourly;0,6505555556;18,4457728437;39,9658411614;10,7600341588;3,0742954740;6,1485909479;12,2971818958;18,4457728437;21,5200683177;4,6114432109;6,1485909479;0,0000000000;3,0742954740;1;0, 0, 50, 46.1538461538, 3.8461538462, 0, 0, 0;0, 0, 0, 0, 11.5384615385, 38.4615384615, 34.6153846154, 11.5384615385, 0, 3.8461538462, 0, 0, 0, 0, 0, 0, 0, 0, 0, 0, 0, 0, 0, 0, 0;Europe/Paris;32,5
2022-09-22T10:00:00Z;-1;9000003703;hourly;0,6150000000;4,8780487805;66,6666666667;13,0081300813;11,3821138211;3,2520325203;1,6260162602;21,1382113821;45,5284552846;4,8780487805;8,1300813008;4,8780487805;6,5040650407;1;0, 0, 39.0243902439, 48.7804878049, 12.1951219512, 0, 0, 0;0, 0, 0, 0, 4.8780487805, 34.1463414634, 26.8292682927, 21.9512195122, 9.756097561, 2.4390243902, 0, 0, 0, 0, 0, 0, 0, 0, 0, 0, 0, 0, 0, 0, 0;Europe/Paris;37,0
2022-09-22T11:00:00Z;-1;9000003703;hourly;0,6461111111;10,8340498710;51,0748065348;9,2863284609;6,1908856406;9,2863284609;1,5477214101;29,4067067928;21,6680997420;7,7386070507;1,5477214101;3,0954428203;3,0954428203;1;0, 3.0303030303, 42.4242424242, 48.4848484848, 6.0606060606, 0, 0, 0;0, 0, 0, 3.0303030303, 15.1515151515, 27.2727272727, 36.3636363636, 12.1212121212, 6.0606060606, 0, 0, 0, 0, 0, 0, 0, 0, 0, 0, 0, 0, 0, 0, 0, 0;Europe/Paris;34,0
2022-09-22T12:00:00Z;-1;9000003703;hourly;0,6725000000;5,9479553903;37,1747211896;8,9219330855;4,4609665428;4,4609665428;1,4869888476;17,8438661710;19,3308550186;2,9739776952;5,9479553903;2,9739776952;1,4869888476;1;0, 8, 56, 32, 4, 0, 0, 0;0, 0, 0, 8, 32, 24, 20, 12, 4, 0, 0, 0, 0, 0, 0, 0, 0, 0, 0, 0, 0, 0, 0, 0, 0;Europe/Paris;33,0
2022-09-22T13:00:00Z;-1;9000003703;hourly;0,6458333333;9,2903225806;35,6129032258;10,8387096774;0,0000000000;3,0967741935;6,1935483871;12,3870967742;23,2258064516;3,0967741935;7,7419354839;0,0000000000;0,0000000000;1;4.347826087, 8.6956521739, 43.4782608696, 43.4782608696, 0, 0, 0, 0;4.347826087, 0, 0, 8.6956521739, 13.0434782609, 30.4347826087, 34.7826086957, 8.6956521739, 0, 0, 0, 0, 0, 0, 0, 0, 0, 0, 0, 0, 0, 0, 0, 0, 0;Europe/Paris;31,5
2022-09-22T14:00:00Z;-1;9000003703;hourly;0,6408333333;12,4837451235;68,6605981795;82,7048114434;1,5604681404;6,2418725618;6,2418725618;26,5279583875;42,1326397919;12,4837451235;70,2210663199;0,0000000000;1,5604681404;1;13.6363636364, 15.9090909091, 56.8181818182, 11.3636363636, 2.2727272727, 0, 0, 0;9.0909090909, 4.5454545455, 2.2727272727, 13.6363636364, 31.8181818182, 25, 11.3636363636, 0, 2.2727272727, 0, 0, 0, 0, 0, 0, 0, 0, 0, 0, 0, 0, 0, 0, 0, 0;Europe/Paris;27,0
2022-09-22T15:00:00Z;-1;9000003703;hourly;0,6775000000;13,2841328413;110,7011070111;23,6162361624;16,2361623616;10,3321033210;2,9520295203;47,2324723247;63,4686346863;11,8081180812;11,8081180812;2,9520295203;13,2841328413;1;16, 12, 53.3333333333, 17.3333333333, 1.3333333333, 0, 0, 0;9.3333333333, 6.6666666667, 1.3333333333, 10.6666666667, 29.3333333333, 24, 10.6666666667, 6.6666666667, 1.3333333333, 0, 0, 0, 0, 0, 0, 0, 0, 0, 0, 0, 0, 0, 0, 0, 0;Europe/Paris;29,0
2022-09-22T16:00:00Z;-1;9000003703;hourly;0,6450000000;9,3023255814;156,5891472868;20,1550387597;17,0542635659;3,1007751938;6,2015503876;51,1627906977;105,4263565891;3,1007751938;17,0542635659;10,8527131783;6,2015503876;1;6.9306930693, 12.8712871287, 39.603960396, 34.6534653465, 4.9504950495, 0.9900990099, 0, 0;4.9504950495, 1.9801980198, 5.9405940594, 6.9306930693, 20.7920792079, 18.8118811881, 23.7623762376, 10.8910891089, 2.9702970297, 1.9801980198, 0, 0.9900990099, 0, 0, 0, 0, 0, 0, 0, 0, 0, 0, 0, 0, 0;Europe/Paris;33,5
2022-09-22T17:00:00Z;-1;9000003703;hourly;0,5975000000;5,0209205021;70,2928870293;13,3891213389;10,0418410042;0,0000000000;5,0209205021;23,4309623431;46,8619246862;10,0418410042;3,3472803347;5,0209205021;5,0209205021;1;0, 7.1428571429, 35.7142857143, 42.8571428571, 11.9047619048, 2.380952381, 0, 0;0, 0, 0, 7.1428571429, 9.5238095238, 26.1904761905, 28.5714285714, 14.2857142857, 11.9047619048, 0, 2.380952381, 0, 0, 0, 0, 0, 0, 0, 0, 0, 0, 0, 0, 0, 0;Europe/Paris;37,0
2022-09-22T18:00:00Z;-1;9000003703;hourly;0,0936111111;21,3649851632;32,0474777448;0,0000000000;0,0000000000;10,6824925816;10,6824925816;10,6824925816;21,3649851632;0,0000000000;0,0000000000;0,0000000000;0,0000000000;1;0, 0, 0, 66.6666666667, 33.3333333333, 0, 0, 0;0, 0, 0, 0, 0, 0, 66.6666666667, 0, 0, 33.3333333333, 0, 0, 0, 0, 0, 0, 0, 0, 0, 0, 0, 0, 0, 0, 0;Europe/Paris;45,5
2022-09-22T19:00:00Z;-1;9000003703;hourly;0,0000000000;0,0000000000;0,0000000000;0,0000000000;0,0000000000;0,0000000000;0,0000000000;0,0000000000;0,0000000000;0,0000000000;0,0000000000;0,0000000000;0,0000000000;1;0, 0, 0, 0, 0, 0, 0, 0;0, 0, 0, 0, 0, 0, 0, 0, 0, 0, 0, 0, 0, 0, 0, 0, 0, 0, 0, 0, 0, 0, 0, 0, 0;Europe/Paris;NA
2022-09-22T20:00:00Z;-1;9000003703;hourly;0,0000000000;0,0000000000;0,0000000000;0,0000000000;0,0000000000;0,0000000000;0,0000000000;0,0000000000;0,0000000000;0,0000000000;0,0000000000;0,0000000000;0,0000000000;1;0, 0, 0, 0, 0, 0, 0, 0;0, 0, 0, 0, 0, 0, 0, 0, 0, 0, 0, 0, 0, 0, 0, 0, 0, 0, 0, 0, 0, 0, 0, 0, 0;Europe/Paris;NA
2022-09-23T03:00:00Z;-1;9000003703;hourly;0,0000000000;0,0000000000;0,0000000000;0,0000000000;0,0000000000;0,0000000000;0,0000000000;0,0000000000;0,0000000000;0,0000000000;0,0000000000;0,0000000000;0,0000000000;1;0, 0, 0, 0, 0, 0, 0, 0;0, 0, 0, 0, 0, 0, 0, 0, 0, 0, 0, 0, 0, 0, 0, 0, 0, 0, 0, 0, 0, 0, 0, 0, 0;Europe/Paris;NA
2022-09-23T04:00:00Z;-1;9000003703;hourly;0,0000000000;0,0000000000;0,0000000000;0,0000000000;0,0000000000;0,0000000000;0,0000000000;0,0000000000;0,0000000000;0,0000000000;0,0000000000;0,0000000000;0,0000000000;1;0, 0, 0, 0, 0, 0, 0, 0;0, 0, 0, 0, 0, 0, 0, 0, 0, 0, 0, 0, 0, 0, 0, 0, 0, 0, 0, 0, 0, 0, 0, 0, 0;Europe/Paris;NA
2022-09-23T05:00:00Z;-1;9000003703;hourly;0,0000000000;0,0000000000;0,0000000000;0,0000000000;0,0000000000;0,0000000000;0,0000000000;0,0000000000;0,0000000000;0,0000000000;0,0000000000;0,0000000000;0,0000000000;1;0, 0, 0, 0, 0, 0, 0, 0;0, 0, 0, 0, 0, 0, 0, 0, 0, 0, 0, 0, 0, 0, 0, 0, 0, 0, 0, 0, 0, 0, 0, 0, 0;Europe/Paris;NA
2022-09-23T06:00:00Z;-1;9000003703;hourly;0,4633333333;21,5827338129;82,0143884892;17,2661870504;36,6906474820;10,7913669065;10,7913669065;47,4820143885;34,5323741007;15,1079136691;2,1582733813;34,5323741007;2,1582733813;1;2.6315789474, 0, 28.9473684211, 55.2631578947, 13.1578947368, 0, 0, 0;2.6315789474, 0, 0, 0, 10.5263157895, 18.4210526316, 21.0526315789, 34.2105263158, 7.8947368421, 5.2631578947, 0, 0, 0, 0, 0, 0, 0, 0, 0, 0, 0, 0, 0, 0, 0;Europe/Paris;37,0
2022-09-23T07:00:00Z;-1;9000003703;hourly;0,6241666667;9,6128170895;41,6555407210;12,8170894526;8,0106809079;8,0106809079;1,6021361816;19,2256341789;22,4299065421;9,6128170895;3,2042723632;8,0106809079;0,0000000000;1;0, 0, 30.7692307692, 57.6923076923, 11.5384615385, 0, 0, 0;0, 0, 0, 0, 15.3846153846, 15.3846153846, 42.3076923077, 15.3846153846, 11.5384615385, 0, 0, 0, 0, 0, 0, 0, 0, 0, 0, 0, 0, 0, 0, 0, 0;Europe/Paris;36,5
2022-09-23T08:00:00Z;-1;9000003703;hourly;0,6750000000;13,3333333333;37,0370370370;5,9259259259;16,2962962963;7,4074074074;5,9259259259;10,3703703704;26,6666666667;1,4814814815;4,4444444444;7,4074074074;8,8888888889;1;0, 0, 20, 68, 12, 0, 0, 0;0, 0, 0, 0, 8, 12, 48, 20, 8, 4, 0, 0, 0, 0, 0, 0, 0, 0, 0, 0, 0, 0, 0, 0, 0;Europe/Paris;36,5
2022-09-23T09:00:00Z;-1;9000003703;hourly;0,6161111111;8,1154192967;55,1848512173;1,6230838593;8,1154192967;6,4923354373;1,6230838593;27,5924256087;27,5924256087;1,6230838593;0,0000000000;4,8692515780;3,2461677187;1;0, 2.9411764706, 17.6470588235, 61.7647058824, 17.6470588235, 0, 0, 0;0, 0, 0, 2.9411764706, 0, 17.6470588235, 35.2941176471, 26.4705882353, 17.6470588235, 0, 0, 0, 0, 0, 0, 0, 0, 0, 0, 0, 0, 0, 0, 0, 0;Europe/Paris;38,0
2022-09-23T10:00:00Z;-1;9000003703;hourly;0,5844444444;18,8212927757;76,9961977186;6,8441064639;11,9771863118;8,5551330798;10,2661596958;15,3992395437;61,5969581749;3,4220532319;3,4220532319;3,4220532319;8,5551330798;1;0, 2.2222222222, 15.5555555556, 64.4444444444, 17.7777777778, 0, 0, 0;0, 0, 0, 2.2222222222, 4.4444444444, 11.1111111111, 26.6666666667, 37.7777777778, 11.1111111111, 6.6666666667, 0, 0, 0, 0, 0, 0, 0, 0, 0, 0, 0, 0, 0, 0, 0;Europe/Paris;38,5
2022-09-23T11:00:00Z;-1;9000003703;hourly;0,5958333333;3,3566433566;58,7412587413;5,0349650350;13,4265734266;0,0000000000;3,3566433566;36,9230769231;21,8181818182;1,6783216783;3,3566433566;8,3916083916;5,0349650350;1;0, 5.7142857143, 22.8571428571, 57.1428571429, 14.2857142857, 0, 0, 0;0, 0, 0, 5.7142857143, 2.8571428571, 20, 31.4285714286, 25.7142857143, 14.2857142857, 0, 0, 0, 0, 0, 0, 0, 0, 0, 0, 0, 0, 0, 0, 0, 0;Europe/Paris;37,5
2022-09-23T12:00:00Z;-1;9000003703;hourly;0,5905555556;8,4666039511;59,2662276576;5,0799623706;3,3866415804;3,3866415804;5,0799623706;27,0931326435;32,1730950141;5,0799623706;0,0000000000;1,6933207902;1,6933207902;1;0, 2.8571428571, 17.1428571429, 42.8571428571, 31.4285714286, 5.7142857143, 0, 0;0, 0, 0, 2.8571428571, 5.7142857143, 11.4285714286, 25.7142857143, 17.1428571429, 20, 11.4285714286, 5.7142857143, 0, 0, 0, 0, 0, 0, 0, 0, 0, 0, 0, 0, 0, 0;Europe/Paris;43,5
2022-09-23T13:00:00Z;-1;9000003703;hourly;0,6133333333;9,7826086957;40,7608695652;8,1521739130;14,6739130435;6,5217391304;3,2608695652;14,6739130435;26,0869565217;3,2608695652;4,8913043478;1,6304347826;13,0434782609;1;0, 4, 28, 60, 8, 0, 0, 0;0, 0, 0, 4, 8, 20, 24, 36, 4, 4, 0, 0, 0, 0, 0, 0, 0, 0, 0, 0, 0, 0, 0, 0, 0;Europe/Paris;36,5
2022-09-23T14:00:00Z;-1;9000003703;hourly;0,5919444444;18,5828249648;96,2928202722;55,7484748944;64,1952135148;8,4467386204;10,1360863444;30,4082590333;65,8845612389;20,2721726889;35,4763022055;15,2041295167;48,9910839981;1;0, 7.0175438596, 43.8596491228, 31.5789473684, 14.0350877193, 3.5087719298, 0, 0;0, 0, 3.5087719298, 3.5087719298, 14.0350877193, 29.8245614035, 14.0350877193, 17.5438596491, 14.0350877193, 0, 3.5087719298, 0, 0, 0, 0, 0, 0, 0, 0, 0, 0, 0, 0, 0, 0;Europe/Paris;38,5
2022-09-23T15:00:00Z;-1;9000003703;hourly;0,6452777778;18,5966422729;165,8200602669;17,0469220835;17,0469220835;15,4972018941;3,0994403788;60,4390873870;105,3809728799;3,0994403788;13,9474817047;7,7486009471;9,2983211365;1;0.9345794393, 5.6074766355, 31.7757009346, 54.2056074766, 6.5420560748, 0.9345794393, 0, 0;0.9345794393, 0, 1.8691588785, 3.738317757, 10.2803738318, 21.4953271028, 31.7757009346, 22.4299065421, 4.6728971963, 1.8691588785, 0.9345794393, 0, 0, 0, 0, 0, 0, 0, 0, 0, 0, 0, 0, 0, 0;Europe/Paris;36,0
2022-09-23T16:00:00Z;-1;9000003703;hourly;0,6136111111;14,6672702580;143,4133091897;3,2593933907;11,4078768674;4,8890900860;9,7781801720;63,5581711182;79,8551380715;0,0000000000;3,2593933907;3,2593933907;8,1484834767;1;1.1363636364, 3.4090909091, 43.1818181818, 45.4545454545, 6.8181818182, 0, 0, 0;1.1363636364, 0, 2.2727272727, 1.1363636364, 17.0454545455, 26.1363636364, 29.5454545455, 15.9090909091, 3.4090909091, 3.4090909091, 0, 0, 0, 0, 0, 0, 0, 0, 0, 0, 0, 0, 0, 0, 0;Europe/Paris;35,0
2022-09-23T17:00:00Z;-1;9000003703;hourly;0,4575000000;26,2295081967;122,4043715847;0,0000000000;15,3005464481;4,3715846995;21,8579234973;50,2732240437;72,1311475410;0,0000000000;0,0000000000;4,3715846995;10,9289617486;1;3.5714285714, 3.5714285714, 39.2857142857, 44.6428571429, 8.9285714286, 0, 0, 0;1.7857142857, 1.7857142857, 0, 3.5714285714, 12.5, 26.7857142857, 23.2142857143, 21.4285714286, 5.3571428571, 3.5714285714, 0, 0, 0, 0, 0, 0, 0, 0, 0, 0, 0, 0, 0, 0, 0;Europe/Paris;36,0
2022-09-23T18:00:00Z;-1;9000003703;hourly;0,0000000000;0,0000000000;0,0000000000;0,0000000000;0,0000000000;0,0000000000;0,0000000000;0,0000000000;0,0000000000;0,0000000000;0,0000000000;0,0000000000;0,0000000000;1;0, 0, 0, 0, 0, 0, 0, 0;0, 0, 0, 0, 0, 0, 0, 0, 0, 0, 0, 0, 0, 0, 0, 0, 0, 0, 0, 0, 0, 0, 0, 0, 0;Europe/Paris;NA
2022-09-23T19:00:00Z;-1;9000003703;hourly;0,0000000000;0,0000000000;0,0000000000;0,0000000000;0,0000000000;0,0000000000;0,0000000000;0,0000000000;0,0000000000;0,0000000000;0,0000000000;0,0000000000;0,0000000000;1;0, 0, 0, 0, 0, 0, 0, 0;0, 0, 0, 0, 0, 0, 0, 0, 0, 0, 0, 0, 0, 0, 0, 0, 0, 0, 0, 0, 0, 0, 0, 0, 0;Europe/Paris;NA
2022-09-23T20:00:00Z;-1;9000003703;hourly;0,0000000000;0,0000000000;0,0000000000;0,0000000000;0,0000000000;0,0000000000;0,0000000000;0,0000000000;0,0000000000;0,0000000000;0,0000000000;0,0000000000;0,0000000000;1;0, 0, 0, 0, 0, 0, 0, 0;0, 0, 0, 0, 0, 0, 0, 0, 0, 0, 0, 0, 0, 0, 0, 0, 0, 0, 0, 0, 0, 0, 0, 0, 0;Europe/Paris;NA
2022-09-24T03:00:00Z;-1;9000003703;hourly;0,0000000000;0,0000000000;0,0000000000;0,0000000000;0,0000000000;0,0000000000;0,0000000000;0,0000000000;0,0000000000;0,0000000000;0,0000000000;0,0000000000;0,0000000000;1;0, 0, 0, 0, 0, 0, 0, 0;0, 0, 0, 0, 0, 0, 0, 0, 0, 0, 0, 0, 0, 0, 0, 0, 0, 0, 0, 0, 0, 0, 0, 0, 0;Europe/Paris;NA
2022-09-24T04:00:00Z;-1;9000003703;hourly;0,0000000000;0,0000000000;0,0000000000;0,0000000000;0,0000000000;0,0000000000;0,0000000000;0,0000000000;0,0000000000;0,0000000000;0,0000000000;0,0000000000;0,0000000000;1;0, 0, 0, 0, 0, 0, 0, 0;0, 0, 0, 0, 0, 0, 0, 0, 0, 0, 0, 0, 0, 0, 0, 0, 0, 0, 0, 0, 0, 0, 0, 0, 0;Europe/Paris;NA
2022-09-24T05:00:00Z;-1;9000003703;hourly;0,0000000000;0,0000000000;0,0000000000;0,0000000000;0,0000000000;0,0000000000;0,0000000000;0,0000000000;0,0000000000;0,0000000000;0,0000000000;0,0000000000;0,0000000000;1;0, 0, 0, 0, 0, 0, 0, 0;0, 0, 0, 0, 0, 0, 0, 0, 0, 0, 0, 0, 0, 0, 0, 0, 0, 0, 0, 0, 0, 0, 0, 0, 0;Europe/Paris;NA
2022-09-24T06:00:00Z;-1;9000003703;hourly;0,3511111111;5,6962025316;28,4810126582;0,0000000000;5,6962025316;2,8481012658;2,8481012658;11,3924050633;17,0886075949;0,0000000000;0,0000000000;2,8481012658;2,8481012658;1;0, 0, 30, 30, 40, 0, 0, 0;0, 0, 0, 0, 10, 20, 10, 20, 30, 10, 0, 0, 0, 0, 0, 0, 0, 0, 0, 0, 0, 0, 0, 0, 0;Europe/Paris;41,5
2022-09-24T07:00:00Z;-1;9000003703;hourly;0,5308333333;26,3736263736;65,9340659341;0,0000000000;3,7676609105;9,4191522763;16,9544740973;16,9544740973;48,9795918367;0,0000000000;0,0000000000;1,8838304553;1,8838304553;1;0, 0, 14.2857142857, 48.5714285714, 31.4285714286, 5.7142857143, 0, 0;0, 0, 0, 0, 0, 14.2857142857, 22.8571428571, 25.7142857143, 20, 11.4285714286, 5.7142857143, 0, 0, 0, 0, 0, 0, 0, 0, 0, 0, 0, 0, 0, 0;Europe/Paris;43,5
2022-09-24T08:00:00Z;-1;9000003703;hourly;0,6030555556;72,9617687702;44,7719944726;11,6075541225;3,3164440350;49,7466605251;23,2151082450;6,6328880700;38,1391064026;8,2911100875;3,3164440350;0,0000000000;3,3164440350;1;0, 3.7037037037, 14.8148148148, 62.962962963, 11.1111111111, 7.4074074074, 0, 0;0, 0, 0, 3.7037037037, 3.7037037037, 11.1111111111, 40.7407407407, 22.2222222222, 11.1111111111, 0, 3.7037037037, 3.7037037037, 0, 0, 0, 0, 0, 0, 0, 0, 0, 0, 0, 0, 0;Europe/Paris;39,0
2022-09-24T09:00:00Z;-1;9000003703;hourly;0,5875000000;61,2765957447;51,0638297872;27,2340425532;10,2127659574;42,5531914894;18,7234042553;15,3191489362;35,7446808511;18,7234042553;8,5106382979;6,8085106383;3,4042553191;1;13.3333333333, 3.3333333333, 16.6666666667, 60, 6.6666666667, 0, 0, 0;10, 3.3333333333, 0, 3.3333333333, 3.3333333333, 13.3333333333, 40, 20, 6.6666666667, 0, 0, 0, 0, 0, 0, 0, 0, 0, 0, 0, 0, 0, 0, 0, 0;Europe/Paris;35,5
2022-09-24T10:00:00Z;-1;9000003703;hourly;0,6327777778;33,1870061457;118,5250219491;11,0623353819;6,3213345040;26,8656716418;6,3213345040;53,7313432836;64,7936786655;7,9016681299;3,1606672520;1,5803336260;4,7410008780;1;6.6666666667, 4, 33.3333333333, 42.6666666667, 10.6666666667, 1.3333333333, 1.3333333333, 0;2.6666666667, 4, 0, 4, 14.6666666667, 18.6666666667, 34.6666666667, 8, 8, 2.6666666667, 1.3333333333, 0, 0, 1.3333333333, 0, 0, 0, 0, 0, 0, 0, 0, 0, 0, 0;Europe/Paris;36,5
2022-09-24T11:00:00Z;-1;9000003703;hourly;0,6072222222;9,8810612992;47,7584629460;18,1152790485;3,2936870997;8,2342177493;1,6468435499;26,3494967978;21,4089661482;8,2342177493;9,8810612992;3,2936870997;0,0000000000;1;17.2413793103, 10.3448275862, 24.1379310345, 20.6896551724, 17.2413793103, 3.4482758621, 0, 6.8965517241;10.3448275862, 6.8965517241, 6.8965517241, 3.4482758621, 3.4482758621, 20.6896551724, 13.7931034483, 6.8965517241, 10.3448275862, 6.8965517241, 3.4482758621, 0, 0, 0, 0, 0, 0, 0, 3.4482758621, 0, 3.4482758621, 0, 0, 0, 0;Europe/Paris;44,0
2022-09-24T12:00:00Z;-1;9000003703;hourly;0,6463888889;12,3764503653;60,3351955307;15,4705629566;0,0000000000;6,1882251826;6,1882251826;24,7529007306;35,5822948002;9,2823377740;6,1882251826;0,0000000000;0,0000000000;1;2.5641025641, 10.2564102564, 51.2820512821, 30.7692307692, 5.1282051282, 0, 0, 0;2.5641025641, 0, 5.1282051282, 5.1282051282, 12.8205128205, 38.4615384615, 12.8205128205, 17.9487179487, 2.5641025641, 2.5641025641, 0, 0, 0, 0, 0, 0, 0, 0, 0, 0, 0, 0, 0, 0, 0;Europe/Paris;34,5
2022-09-24T13:00:00Z;-1;9000003703;hourly;0,6122222222;4,9001814882;32,6678765880;22,8675136116;6,5335753176;3,2667876588;1,6333938294;19,6007259528;13,0671506352;19,6007259528;3,2667876588;1,6333938294;4,9001814882;1;10, 0, 40, 50, 0, 0, 0, 0;10, 0, 0, 0, 15, 25, 45, 5, 0, 0, 0, 0, 0, 0, 0, 0, 0, 0, 0, 0, 0, 0, 0, 0, 0;Europe/Paris;31,5
2022-09-24T14:00:00Z;-1;9000003703;hourly;0,6569444444;22,8329809725;65,4545454545;18,2663847780;7,6109936575;19,7885835095;3,0443974630;35,0105708245;30,4439746300;10,6553911205;7,6109936575;3,0443974630;4,5665961945;1;2.3255813953, 6.976744186, 53.488372093, 32.5581395349, 4.6511627907, 0, 0, 0;2.3255813953, 0, 2.3255813953, 4.6511627907, 27.9069767442, 25.5813953488, 20.9302325581, 11.6279069767, 4.6511627907, 0, 0, 0, 0, 0, 0, 0, 0, 0, 0, 0, 0, 0, 0, 0, 0;Europe/Paris;33,0
2022-09-24T15:00:00Z;-1;9000003703;hourly;0,6669444444;10,4956268222;41,9825072886;13,4943773428;4,4981257809;8,9962515618;1,4993752603;14,9937526031;26,9887546855;7,4968763015;5,9975010412;1,4993752603;2,9987505206;1;14.2857142857, 7.1428571429, 35.7142857143, 35.7142857143, 7.1428571429, 0, 0, 0;10.7142857143, 3.5714285714, 0, 7.1428571429, 10.7142857143, 25, 28.5714285714, 7.1428571429, 3.5714285714, 3.5714285714, 0, 0, 0, 0, 0, 0, 0, 0, 0, 0, 0, 0, 0, 0, 0;Europe/Paris;32,5
2022-09-24T16:00:00Z;-1;9000003703;hourly;0,6580555556;9,1177712115;44,0692275222;7,5981426762;0,0000000000;7,5981426762;1,5196285352;16,7159138877;27,3533136344;4,5588856057;3,0392570705;0,0000000000;0,0000000000;1;24.1379310345, 10.3448275862, 37.9310344828, 27.5862068966, 0, 0, 0, 0;17.2413793103, 6.8965517241, 10.3448275862, 0, 10.3448275862, 27.5862068966, 24.1379310345, 3.4482758621, 0, 0, 0, 0, 0, 0, 0, 0, 0, 0, 0, 0, 0, 0, 0, 0, 0;Europe/Paris;30,0
2022-09-24T17:00:00Z;-1;9000003703;hourly;0,6025000000;6,6390041494;59,7510373444;6,6390041494;6,6390041494;3,3195020747;3,3195020747;31,5352697095;28,2157676349;3,3195020747;3,3195020747;3,3195020747;3,3195020747;1;0, 8.3333333333, 38.8888888889, 41.6666666667, 11.1111111111, 0, 0, 0;0, 0, 0, 8.3333333333, 19.4444444444, 19.4444444444, 16.6666666667, 25, 5.5555555556, 5.5555555556, 0, 0, 0, 0, 0, 0, 0, 0, 0, 0, 0, 0, 0, 0, 0;Europe/Paris;36,5
2022-09-24T18:00:00Z;-1;9000003703;hourly;0,0933333333;0,0000000000;10,7142857143;10,7142857143;0,0000000000;0,0000000000;0,0000000000;0,0000000000;10,7142857143;0,0000000000;10,7142857143;0,0000000000;0,0000000000;1;0, 0, 0, 100, 0, 0, 0, 0;0, 0, 0, 0, 0, 0, 100, 0, 0, 0, 0, 0, 0, 0, 0, 0, 0, 0, 0, 0, 0, 0, 0, 0, 0;Europe/Paris;31,5
2022-09-24T19:00:00Z;-1;9000003703;hourly;0,0000000000;0,0000000000;0,0000000000;0,0000000000;0,0000000000;0,0000000000;0,0000000000;0,0000000000;0,0000000000;0,0000000000;0,0000000000;0,0000000000;0,0000000000;1;0, 0, 0, 0, 0, 0, 0, 0;0, 0, 0, 0, 0, 0, 0, 0, 0, 0, 0, 0, 0, 0, 0, 0, 0, 0, 0, 0, 0, 0, 0, 0, 0;Europe/Paris;NA
2022-09-24T20:00:00Z;-1;9000003703;hourly;0,0000000000;0,0000000000;0,0000000000;0,0000000000;0,0000000000;0,0000000000;0,0000000000;0,0000000000;0,0000000000;0,0000000000;0,0000000000;0,0000000000;0,0000000000;1;0, 0, 0, 0, 0, 0, 0, 0;0, 0, 0, 0, 0, 0, 0, 0, 0, 0, 0, 0, 0, 0, 0, 0, 0, 0, 0, 0, 0, 0, 0, 0, 0;Europe/Paris;NA
2022-09-25T03:00:00Z;-1;9000003703;hourly;0,0000000000;0,0000000000;0,0000000000;0,0000000000;0,0000000000;0,0000000000;0,0000000000;0,0000000000;0,0000000000;0,0000000000;0,0000000000;0,0000000000;0,0000000000;1;0, 0, 0, 0, 0, 0, 0, 0;0, 0, 0, 0, 0, 0, 0, 0, 0, 0, 0, 0, 0, 0, 0, 0, 0, 0, 0, 0, 0, 0, 0, 0, 0;Europe/Paris;NA
2022-09-25T04:00:00Z;-1;9000003703;hourly;0,0000000000;0,0000000000;0,0000000000;0,0000000000;0,0000000000;0,0000000000;0,0000000000;0,0000000000;0,0000000000;0,0000000000;0,0000000000;0,0000000000;0,0000000000;1;0, 0, 0, 0, 0, 0, 0, 0;0, 0, 0, 0, 0, 0, 0, 0, 0, 0, 0, 0, 0, 0, 0, 0, 0, 0, 0, 0, 0, 0, 0, 0, 0;Europe/Paris;NA
2022-09-25T05:00:00Z;-1;9000003703;hourly;0,0011111111;0,0000000000;0,0000000000;0,0000000000;0,0000000000;0,0000000000;0,0000000000;0,0000000000;0,0000000000;0,0000000000;0,0000000000;0,0000000000;0,0000000000;1;0, 0, 0, 0, 0, 0, 0, 0;0, 0, 0, 0, 0, 0, 0, 0, 0, 0, 0, 0, 0, 0, 0, 0, 0, 0, 0, 0, 0, 0, 0, 0, 0;Europe/Paris;NA
2022-09-25T06:00:00Z;-1;9000003703;hourly;0,5500000000;0,0000000000;3,6363636364;0,0000000000;1,8181818182;0,0000000000;0,0000000000;1,8181818182;1,8181818182;0,0000000000;0,0000000000;0,0000000000;1,8181818182;1;0, 0, 50, 50, 0, 0, 0, 0;0, 0, 0, 0, 50, 0, 0, 50, 0, 0, 0, 0, 0, 0, 0, 0, 0, 0, 0, 0, 0, 0, 0, 0, 0;Europe/Paris;36,0
2022-09-25T07:00:00Z;-1;9000003703;hourly;0,5819444444;6,8735083532;5,1551312649;3,4367541766;5,1551312649;1,7183770883;5,1551312649;1,7183770883;3,4367541766;1,7183770883;1,7183770883;5,1551312649;0,0000000000;1;66.6666666667, 0, 0, 33.3333333333, 0, 0, 0, 0;66.6666666667, 0, 0, 0, 0, 0, 0, 33.3333333333, 0, 0, 0, 0, 0, 0, 0, 0, 0, 0, 0, 0, 0, 0, 0, 0, 0;Europe/Paris;35,0
2022-09-25T08:00:00Z;-1;9000003703;hourly;0,6475000000;13,8996138996;21,6216216216;1,5444015444;4,6332046332;7,7220077220;6,1776061776;12,3552123552;9,2664092664;1,5444015444;0,0000000000;4,6332046332;0,0000000000;1;7.1428571429, 14.2857142857, 50, 28.5714285714, 0, 0, 0, 0;7.1428571429, 0, 7.1428571429, 7.1428571429, 0, 50, 28.5714285714, 0, 0, 0, 0, 0, 0, 0, 0, 0, 0, 0, 0, 0, 0, 0, 0, 0, 0;Europe/Paris;30,0
2022-09-25T09:00:00Z;-1;9000003703;hourly;0,6080555556;6,5783462768;52,6267702147;21,3796253997;11,5121059845;6,5783462768;0,0000000000;19,7350388305;32,8917313842;9,8675194153;11,5121059845;4,9337597076;6,5783462768;1;18.75, 12.5, 31.25, 28.125, 6.25, 0, 3.125, 0;18.75, 0, 3.125, 9.375, 9.375, 21.875, 21.875, 6.25, 3.125, 3.125, 0, 0, 3.125, 0, 0, 0, 0, 0, 0, 0, 0, 0, 0, 0, 0;Europe/Paris;33,0
2022-09-25T10:00:00Z;-1;9000003703;hourly;0,5850000000;11,9658119658;34,1880341880;29,0598290598;8,5470085470;11,9658119658;0,0000000000;6,8376068376;27,3504273504;17,0940170940;11,9658119658;3,4188034188;5,1282051282;1;10, 5, 45, 40, 0, 0, 0, 0;10, 0, 0, 5, 5, 40, 30, 10, 0, 0, 0, 0, 0, 0, 0, 0, 0, 0, 0, 0, 0, 0, 0, 0, 0;Europe/Paris;31,5
2022-09-25T11:00:00Z;-1;9000003703;hourly;0,6511111111;3,0716723549;24,5733788396;6,1433447099;3,0716723549;0,0000000000;3,0716723549;16,8941979522;7,6791808874;0,0000000000;6,1433447099;3,0716723549;0,0000000000;1;0, 12.5, 25, 56.25, 0, 6.25, 0, 0;0, 0, 0, 12.5, 6.25, 18.75, 25, 31.25, 0, 0, 6.25, 0, 0, 0, 0, 0, 0, 0, 0, 0, 0, 0, 0, 0, 0;Europe/Paris;36,0
2022-09-25T12:00:00Z;-1;9000003703;hourly;0,6541666667;1,5286624204;33,6305732484;9,1719745223;1,5286624204;1,5286624204;0,0000000000;22,9299363057;10,7006369427;9,1719745223;0,0000000000;0,0000000000;1,5286624204;1;0, 4.5454545455, 22.7272727273, 63.6363636364, 9.0909090909, 0, 0, 0;0, 0, 4.5454545455, 0, 4.5454545455, 18.1818181818, 36.3636363636, 27.2727272727, 9.0909090909, 0, 0, 0, 0, 0, 0, 0, 0, 0, 0, 0, 0, 0, 0, 0, 0;Europe/Paris;36,5
2022-09-25T13:00:00Z;-1;9000003703;hourly;0,6052777778;6,6085360257;39,6512161542;0,0000000000;9,9128040385;1,6521340064;4,9564020193;21,4777420835;18,1734740707;0,0000000000;0,0000000000;4,9564020193;4,9564020193;1;4.1666666667, 0, 41.6666666667, 41.6666666667, 12.5, 0, 0, 0;0, 4.1666666667, 0, 0, 20.8333333333, 20.8333333333, 37.5, 4.1666666667, 12.5, 0, 0, 0, 0, 0, 0, 0, 0, 0, 0, 0, 0, 0, 0, 0, 0;Europe/Paris;34,5
2022-09-25T14:00:00Z;-1;9000003703;hourly;0,6230555556;1,6049933125;22,4699063754;3,2099866251;6,4199732501;1,6049933125;0,0000000000;12,8399465002;9,6299598752;0,0000000000;3,2099866251;3,2099866251;3,2099866251;1;7.1428571429, 7.1428571429, 42.8571428571, 28.5714285714, 14.2857142857, 0, 0, 0;0, 7.1428571429, 0, 7.1428571429, 21.4285714286, 21.4285714286, 21.4285714286, 7.1428571429, 7.1428571429, 7.1428571429, 0, 0, 0, 0, 0, 0, 0, 0, 0, 0, 0, 0, 0, 0, 0;Europe/Paris;37,0
2022-09-25T15:00:00Z;-1;9000003703;hourly;0,6430555556;0,0000000000;31,1015118790;9,3304535637;4,6652267819;0,0000000000;0,0000000000;13,9956803456;17,1058315335;9,3304535637;0,0000000000;1,5550755940;3,1101511879;1;25, 30, 20, 15, 5, 0, 5, 0;25, 0, 10, 20, 0, 20, 0, 15, 5, 0, 0, 0, 0, 5, 0, 0, 0, 0, 0, 0, 0, 0, 0, 0, 0;Europe/Paris;36,0
2022-09-25T16:00:00Z;-1;9000003703;hourly;0,6450000000;1,5503875969;35,6589147287;1,5503875969;4,6511627907;1,5503875969;0,0000000000;20,1550387597;15,5038759690;0,0000000000;1,5503875969;3,1007751938;1,5503875969;1;39.1304347826, 0, 26.0869565217, 26.0869565217, 8.6956521739, 0, 0, 0;39.1304347826, 0, 0, 0, 17.3913043478, 8.6956521739, 21.7391304348, 4.347826087, 4.347826087, 4.347826087, 0, 0, 0, 0, 0, 0, 0, 0, 0, 0, 0, 0, 0, 0, 0;Europe/Paris;32,0
2022-09-25T17:00:00Z;-1;9000003703;hourly;0,6347222222;1,5754923414;44,1137855580;0,0000000000;0,0000000000;1,5754923414;0,0000000000;7,8774617068;36,2363238512;0,0000000000;0,0000000000;0,0000000000;0,0000000000;1;0, 3.5714285714, 39.2857142857, 42.8571428571, 14.2857142857, 0, 0, 0;0, 0, 3.5714285714, 0, 7.1428571429, 32.1428571429, 32.1428571429, 10.7142857143, 7.1428571429, 7.1428571429, 0, 0, 0, 0, 0, 0, 0, 0, 0, 0, 0, 0, 0, 0, 0;Europe/Paris;37,0
2022-09-25T18:00:00Z;-1;9000003703;hourly;0,0547222222;0,0000000000;36,5482233503;0,0000000000;0,0000000000;0,0000000000;0,0000000000;36,5482233503;0,0000000000;0,0000000000;0,0000000000;0,0000000000;0,0000000000;1;0, 50, 50, 0, 0, 0, 0, 0;0, 0, 0, 50, 0, 50, 0, 0, 0, 0, 0, 0, 0, 0, 0, 0, 0, 0, 0, 0, 0, 0, 0, 0, 0;Europe/Paris;26,0
2022-09-25T19:00:00Z;-1;9000003703;hourly;0,0000000000;0,0000000000;0,0000000000;0,0000000000;0,0000000000;0,0000000000;0,0000000000;0,0000000000;0,0000000000;0,0000000000;0,0000000000;0,0000000000;0,0000000000;1;0, 0, 0, 0, 0, 0, 0, 0;0, 0, 0, 0, 0, 0, 0, 0, 0, 0, 0, 0, 0, 0, 0, 0, 0, 0, 0, 0, 0, 0, 0, 0, 0;Europe/Paris;NA
2022-09-25T20:00:00Z;-1;9000003703;hourly;0,0000000000;0,0000000000;0,0000000000;0,0000000000;0,0000000000;0,0000000000;0,0000000000;0,0000000000;0,0000000000;0,0000000000;0,0000000000;0,0000000000;0,0000000000;1;0, 0, 0, 0, 0, 0, 0, 0;0, 0, 0, 0, 0, 0, 0, 0, 0, 0, 0, 0, 0, 0, 0, 0, 0, 0, 0, 0, 0, 0, 0, 0, 0;Europe/Paris;NA
2022-09-26T03:00:00Z;-1;9000003703;hourly;0,0000000000;0,0000000000;0,0000000000;0,0000000000;0,0000000000;0,0000000000;0,0000000000;0,0000000000;0,0000000000;0,0000000000;0,0000000000;0,0000000000;0,0000000000;1;0, 0, 0, 0, 0, 0, 0, 0;0, 0, 0, 0, 0, 0, 0, 0, 0, 0, 0, 0, 0, 0, 0, 0, 0, 0, 0, 0, 0, 0, 0, 0, 0;Europe/Paris;NA
2022-09-26T04:00:00Z;-1;9000003703;hourly;0,0000000000;0,0000000000;0,0000000000;0,0000000000;0,0000000000;0,0000000000;0,0000000000;0,0000000000;0,0000000000;0,0000000000;0,0000000000;0,0000000000;0,0000000000;1;0, 0, 0, 0, 0, 0, 0, 0;0, 0, 0, 0, 0, 0, 0, 0, 0, 0, 0, 0, 0, 0, 0, 0, 0, 0, 0, 0, 0, 0, 0, 0, 0;Europe/Paris;NA
2022-09-26T05:00:00Z;-1;9000003703;hourly;0,0000000000;0,0000000000;0,0000000000;0,0000000000;0,0000000000;0,0000000000;0,0000000000;0,0000000000;0,0000000000;0,0000000000;0,0000000000;0,0000000000;0,0000000000;1;0, 0, 0, 0, 0, 0, 0, 0;0, 0, 0, 0, 0, 0, 0, 0, 0, 0, 0, 0, 0, 0, 0, 0, 0, 0, 0, 0, 0, 0, 0, 0, 0;Europe/Paris;NA
2022-09-26T06:00:00Z;-1;9000003703;hourly;0,4050000000;17,2839506173;93,8271604938;19,7530864198;17,2839506173;0,0000000000;17,2839506173;61,7283950617;32,0987654321;14,8148148148;4,9382716049;17,2839506173;0,0000000000;1;10.5263157895, 0, 31.5789473684, 47.3684210526, 10.5263157895, 0, 0, 0;7.8947368421, 2.6315789474, 0, 0, 5.2631578947, 26.3157894737, 31.5789473684, 15.7894736842, 7.8947368421, 2.6315789474, 0, 0, 0, 0, 0, 0, 0, 0, 0, 0, 0, 0, 0, 0, 0;Europe/Paris;36,0
2022-09-26T07:00:00Z;-1;9000003703;hourly;0,5750000000;8,6956521739;41,7391304348;0,0000000000;5,2173913043;8,6956521739;0,0000000000;24,3478260870;17,3913043478;0,0000000000;0,0000000000;3,4782608696;1,7391304348;1;0, 12.5, 16.6666666667, 50, 20.8333333333, 0, 0, 0;0, 0, 4.1666666667, 8.3333333333, 12.5, 4.1666666667, 25, 25, 16.6666666667, 4.1666666667, 0, 0, 0, 0, 0, 0, 0, 0, 0, 0, 0, 0, 0, 0, 0;Europe/Paris;39,0
2022-09-26T08:00:00Z;-1;9000003703;hourly;0,5963888889;1,6767582673;33,5351653470;0,0000000000;6,7070330694;0,0000000000;1,6767582673;15,0908244061;18,4443409408;0,0000000000;0,0000000000;3,3535165347;3,3535165347;1;5, 5, 30, 55, 5, 0, 0, 0;0, 5, 0, 5, 15, 15, 40, 15, 0, 5, 0, 0, 0, 0, 0, 0, 0, 0, 0, 0, 0, 0, 0, 0, 0;Europe/Paris;34,0
2022-09-26T09:00:00Z;-1;9000003703;hourly;0,6177777778;11,3309352518;43,7050359712;16,1870503597;1,6187050360;4,8561151079;6,4748201439;22,6618705036;21,0431654676;9,7122302158;6,4748201439;0,0000000000;1,6187050360;1;3.7037037037, 3.7037037037, 40.7407407407, 51.8518518519, 0, 0, 0, 0;3.7037037037, 0, 0, 3.7037037037, 7.4074074074, 33.3333333333, 29.6296296296, 22.2222222222, 0, 0, 0, 0, 0, 0, 0, 0, 0, 0, 0, 0, 0, 0, 0, 0, 0;Europe/Paris;34,0
2022-09-26T10:00:00Z;-1;9000003703;hourly;0,5925000000;6,7510548523;70,8860759494;8,4388185654;3,3755274262;1,6877637131;5,0632911392;33,7552742616;37,1308016878;5,0632911392;3,3755274262;0,0000000000;3,3755274262;1;11.9047619048, 9.5238095238, 26.1904761905, 42.8571428571, 9.5238095238, 0, 0, 0;9.5238095238, 2.380952381, 2.380952381, 7.1428571429, 4.7619047619, 21.4285714286, 28.5714285714, 14.2857142857, 7.1428571429, 2.380952381, 0, 0, 0, 0, 0, 0, 0, 0, 0, 0, 0, 0, 0, 0, 0;Europe/Paris;35,5
2022-09-26T11:00:00Z;-1;9000003703;hourly;0,5713888889;7,0004861449;40,2527953330;7,0004861449;8,7506076811;7,0004861449;0,0000000000;21,0014584346;19,2513368984;3,5002430724;3,5002430724;3,5002430724;5,2503646087;1;8.6956521739, 8.6956521739, 8.6956521739, 34.7826086957, 34.7826086957, 0, 4.347826087, 0;4.347826087, 4.347826087, 0, 8.6956521739, 0, 8.6956521739, 21.7391304348, 13.0434782609, 30.4347826087, 4.347826087, 0, 0, 4.347826087, 0, 0, 0, 0, 0, 0, 0, 0, 0, 0, 0, 0;Europe/Paris;41,5
2022-09-26T12:00:00Z;-1;9000003703;hourly;0,6052777778;4,9564020193;34,6948141349;9,9128040385;3,3042680128;0,0000000000;4,9564020193;11,5649380450;23,1298760899;9,9128040385;0,0000000000;1,6521340064;1,6521340064;1;0, 0, 19.0476190476, 57.1428571429, 19.0476190476, 4.7619047619, 0, 0;0, 0, 0, 0, 9.5238095238, 9.5238095238, 28.5714285714, 28.5714285714, 4.7619047619, 14.2857142857, 4.7619047619, 0, 0, 0, 0, 0, 0, 0, 0, 0, 0, 0, 0, 0, 0;Europe/Paris;44,0
2022-09-26T13:00:00Z;-1;9000003703;hourly;0,6219444444;3,2157213042;35,3729343457;3,2157213042;1,6078606521;3,2157213042;0,0000000000;17,6864671728;17,6864671728;1,6078606521;1,6078606521;1,6078606521;0,0000000000;1;4.5454545455, 0, 36.3636363636, 50, 9.0909090909, 0, 0, 0;4.5454545455, 0, 0, 0, 0, 36.3636363636, 22.7272727273, 27.2727272727, 0, 9.0909090909, 0, 0, 0, 0, 0, 0, 0, 0, 0, 0, 0, 0, 0, 0, 0;Europe/Paris;36,5
2022-09-26T14:00:00Z;-1;9000003703;hourly;0,6477777778;12,3499142367;60,2058319039;20,0686106346;44,7684391081;7,7186963979;4,6312178388;23,1560891938;37,0497427101;7,7186963979;12,3499142367;4,6312178388;40,1372212693;1;2.5641025641, 5.1282051282, 56.4102564103, 30.7692307692, 2.5641025641, 2.5641025641, 0, 0;0, 2.5641025641, 0, 5.1282051282, 25.641025641, 30.7692307692, 20.5128205128, 10.2564102564, 0, 2.5641025641, 0, 2.5641025641, 0, 0, 0, 0, 0, 0, 0, 0, 0, 0, 0, 0, 0;Europe/Paris;32,5
2022-09-26T15:00:00Z;-1;9000003703;hourly;0,6216666667;16,0857908847;93,2975871314;27,3458445040;22,5201072386;9,6514745308;6,4343163539;20,9115281501;72,3860589812;12,8686327078;14,4772117962;8,0428954424;14,4772117962;1;6.8965517241, 6.8965517241, 41.3793103448, 39.6551724138, 3.4482758621, 1.724137931, 0, 0;5.1724137931, 1.724137931, 0, 6.8965517241, 13.7931034483, 27.5862068966, 31.0344827586, 8.6206896552, 3.4482758621, 0, 1.724137931, 0, 0, 0, 0, 0, 0, 0, 0, 0, 0, 0, 0, 0, 0;Europe/Paris;32,5
2022-09-26T16:00:00Z;-1;9000003703;hourly;0,5808333333;20,6599713056;158,3931133429;6,8866571019;18,9383070301;10,3299856528;10,3299856528;53,3715925395;105,0215208034;1,7216642755;5,1649928264;8,6083213773;10,3299856528;1;5.4347826087, 4.347826087, 40.2173913043, 43.4782608696, 6.5217391304, 0, 0, 0;4.347826087, 1.0869565217, 0, 4.347826087, 18.4782608696, 21.7391304348, 28.2608695652, 15.2173913043, 3.2608695652, 3.2608695652, 0, 0, 0, 0, 0, 0, 0, 0, 0, 0, 0, 0, 0, 0, 0;Europe/Paris;34,5
2022-09-26T17:00:00Z;-1;9000003703;hourly;0,6272222222;3,1886625332;95,6598759965;6,3773250664;7,9716563330;1,5943312666;1,5943312666;35,0752878654;60,5845881311;3,1886625332;3,1886625332;4,7829937998;3,1886625332;1;5, 6.6666666667, 36.6666666667, 38.3333333333, 11.6666666667, 1.6666666667, 0, 0;3.3333333333, 1.6666666667, 0, 6.6666666667, 13.3333333333, 23.3333333333, 28.3333333333, 10, 10, 1.6666666667, 0, 1.6666666667, 0, 0, 0, 0, 0, 0, 0, 0, 0, 0, 0, 0, 0;Europe/Paris;36,5
2022-09-26T18:00:00Z;-1;9000003703;hourly;0,0000000000;0,0000000000;0,0000000000;0,0000000000;0,0000000000;0,0000000000;0,0000000000;0,0000000000;0,0000000000;0,0000000000;0,0000000000;0,0000000000;0,0000000000;1;0, 0, 0, 0, 0, 0, 0, 0;0, 0, 0, 0, 0, 0, 0, 0, 0, 0, 0, 0, 0, 0, 0, 0, 0, 0, 0, 0, 0, 0, 0, 0, 0;Europe/Paris;NA
2022-09-26T19:00:00Z;-1;9000003703;hourly;0,0000000000;0,0000000000;0,0000000000;0,0000000000;0,0000000000;0,0000000000;0,0000000000;0,0000000000;0,0000000000;0,0000000000;0,0000000000;0,0000000000;0,0000000000;1;0, 0, 0, 0, 0, 0, 0, 0;0, 0, 0, 0, 0, 0, 0, 0, 0, 0, 0, 0, 0, 0, 0, 0, 0, 0, 0, 0, 0, 0, 0, 0, 0;Europe/Paris;NA
2022-09-26T20:00:00Z;-1;9000003703;hourly;0,0000000000;0,0000000000;0,0000000000;0,0000000000;0,0000000000;0,0000000000;0,0000000000;0,0000000000;0,0000000000;0,0000000000;0,0000000000;0,0000000000;0,0000000000;1;0, 0, 0, 0, 0, 0, 0, 0;0, 0, 0, 0, 0, 0, 0, 0, 0, 0, 0, 0, 0, 0, 0, 0, 0, 0, 0, 0, 0, 0, 0, 0, 0;Europe/Paris;NA
2022-09-27T03:00:00Z;-1;9000003703;hourly;0,0000000000;0,0000000000;0,0000000000;0,0000000000;0,0000000000;0,0000000000;0,0000000000;0,0000000000;0,0000000000;0,0000000000;0,0000000000;0,0000000000;0,0000000000;1;0, 0, 0, 0, 0, 0, 0, 0;0, 0, 0, 0, 0, 0, 0, 0, 0, 0, 0, 0, 0, 0, 0, 0, 0, 0, 0, 0, 0, 0, 0, 0, 0;Europe/Paris;NA
2022-09-27T04:00:00Z;-1;9000003703;hourly;0,0000000000;0,0000000000;0,0000000000;0,0000000000;0,0000000000;0,0000000000;0,0000000000;0,0000000000;0,0000000000;0,0000000000;0,0000000000;0,0000000000;0,0000000000;1;0, 0, 0, 0, 0, 0, 0, 0;0, 0, 0, 0, 0, 0, 0, 0, 0, 0, 0, 0, 0, 0, 0, 0, 0, 0, 0, 0, 0, 0, 0, 0, 0;Europe/Paris;NA
2022-09-27T05:00:00Z;-1;9000003703;hourly;0,0000000000;0,0000000000;0,0000000000;0,0000000000;0,0000000000;0,0000000000;0,0000000000;0,0000000000;0,0000000000;0,0000000000;0,0000000000;0,0000000000;0,0000000000;1;0, 0, 0, 0, 0, 0, 0, 0;0, 0, 0, 0, 0, 0, 0, 0, 0, 0, 0, 0, 0, 0, 0, 0, 0, 0, 0, 0, 0, 0, 0, 0, 0;Europe/Paris;NA
2022-09-27T06:00:00Z;-1;9000003703;hourly;0,5327777778;48,8008342023;48,8008342023;16,8925964546;20,6465067779;35,6621480709;13,1386861314;24,4004171011;24,4004171011;13,1386861314;3,7539103233;16,8925964546;3,7539103233;1;42.3076923077, 3.8461538462, 15.3846153846, 30.7692307692, 7.6923076923, 0, 0, 0;34.6153846154, 7.6923076923, 0, 3.8461538462, 3.8461538462, 11.5384615385, 19.2307692308, 11.5384615385, 3.8461538462, 3.8461538462, 0, 0, 0, 0, 0, 0, 0, 0, 0, 0, 0, 0, 0, 0, 0;Europe/Paris;34,5
2022-09-27T07:00:00Z;-1;9000003703;hourly;0,5786111111;12,0979356697;27,6524243879;6,9131060970;5,1848295727;12,0979356697;0,0000000000;13,8262121940;13,8262121940;5,1848295727;1,7282765242;1,7282765242;3,4565530485;1;31.25, 0, 18.75, 31.25, 18.75, 0, 0, 0;31.25, 0, 0, 0, 0, 18.75, 18.75, 12.5, 12.5, 6.25, 0, 0, 0, 0, 0, 0, 0, 0, 0, 0, 0, 0, 0, 0, 0;Europe/Paris;39,0
2022-09-27T08:00:00Z;-1;9000003703;hourly;0,6061111111;16,4986251146;18,1484876260;6,5994500458;3,2997250229;8,2493125573;8,2493125573;11,5490375802;6,5994500458;3,2997250229;3,2997250229;1,6498625115;1,6498625115;1;9.0909090909, 0, 27.2727272727, 45.4545454545, 18.1818181818, 0, 0, 0;9.0909090909, 0, 0, 0, 9.0909090909, 18.1818181818, 27.2727272727, 18.1818181818, 9.0909090909, 9.0909090909, 0, 0, 0, 0, 0, 0, 0, 0, 0, 0, 0, 0, 0, 0, 0;Europe/Paris;39,0
2022-09-27T09:00:00Z;-1;9000003703;hourly;0,5975000000;10,0418410042;10,0418410042;5,0209205021;16,7364016736;8,3682008368;1,6736401674;5,0209205021;5,0209205021;0,0000000000;5,0209205021;1,6736401674;15,0627615063;1;0, 0, 50, 50, 0, 0, 0, 0;0, 0, 0, 0, 0, 50, 33.3333333333, 16.6666666667, 0, 0, 0, 0, 0, 0, 0, 0, 0, 0, 0, 0, 0, 0, 0, 0, 0;Europe/Paris;33,0
2022-09-27T10:00:00Z;-1;9000003703;hourly;0,6141666667;9,7693351425;52,1031207598;9,7693351425;4,8846675712;8,1411126187;1,6282225237;6,5128900950;45,5902306649;0,0000000000;9,7693351425;1,6282225237;3,2564450475;1;0, 3.125, 12.5, 59.375, 25, 0, 0, 0;0, 0, 3.125, 0, 0, 12.5, 18.75, 40.625, 12.5, 12.5, 0, 0, 0, 0, 0, 0, 0, 0, 0, 0, 0, 0, 0, 0, 0;Europe/Paris;41,5
2022-09-27T11:00:00Z;-1;9000003703;hourly;0,5997222222;21,6767021769;53,3580361278;20,0092635479;3,3348772580;15,0069476610;6,6697545160;40,0185270959;13,3395090320;8,3371931450;11,6720704030;3,3348772580;0,0000000000;1;12.5, 3.125, 40.625, 34.375, 9.375, 0, 0, 0;9.375, 3.125, 0, 3.125, 9.375, 31.25, 18.75, 15.625, 6.25, 3.125, 0, 0, 0, 0, 0, 0, 0, 0, 0, 0, 0, 0, 0, 0, 0;Europe/Paris;35,5
2022-09-27T12:00:00Z;-1;9000003703;hourly;0,6255555556;9,5914742451;33,5701598579;11,1900532860;1,5985790409;6,3943161634;3,1971580817;17,5843694494;15,9857904085;6,3943161634;4,7957371226;0,0000000000;1,5985790409;1;0, 4.7619047619, 28.5714285714, 52.380952381, 14.2857142857, 0, 0, 0;0, 0, 4.7619047619, 0, 9.5238095238, 19.0476190476, 14.2857142857, 38.0952380952, 9.5238095238, 4.7619047619, 0, 0, 0, 0, 0, 0, 0, 0, 0, 0, 0, 0, 0, 0, 0;Europe/Paris;37,5
2022-09-27T13:00:00Z;-1;9000003703;hourly;0,5988888889;10,0185528757;40,0742115028;3,3395176252;8,3487940631;10,0185528757;0,0000000000;15,0278293135;25,0463821892;0,0000000000;3,3395176252;3,3395176252;5,0092764378;1;0, 0, 37.5, 50, 12.5, 0, 0, 0;0, 0, 0, 0, 12.5, 25, 37.5, 12.5, 8.3333333333, 4.1666666667, 0, 0, 0, 0, 0, 0, 0, 0, 0, 0, 0, 0, 0, 0, 0;Europe/Paris;36,5
2022-09-27T14:00:00Z;-1;9000003703;hourly;0,6258333333;39,9467376831;67,1105193076;20,7723035952;52,7296937417;23,9680426099;15,9786950732;20,7723035952;46,3382157124;4,7936085220;15,9786950732;11,1850865513;41,5446071904;1;9.5238095238, 16.6666666667, 19.0476190476, 47.619047619, 4.7619047619, 2.380952381, 0, 0;7.1428571429, 2.380952381, 4.7619047619, 11.9047619048, 7.1428571429, 11.9047619048, 26.1904761905, 21.4285714286, 2.380952381, 2.380952381, 2.380952381, 0, 0, 0, 0, 0, 0, 0, 0, 0, 0, 0, 0, 0, 0;Europe/Paris;35,5
2022-09-27T15:00:00Z;-1;9000003703;hourly;0,6186111111;61,4279299506;75,9766502021;14,5487202515;21,0148181410;27,4809160305;33,9470139201;22,6313426134;53,3453075887;9,6991468343;4,8495734172;17,7817691962;3,2330489448;1;4.2553191489, 2.1276595745, 10.6382978723, 59.5744680851, 14.8936170213, 6.3829787234, 2.1276595745, 0;4.2553191489, 0, 0, 2.1276595745, 2.1276595745, 8.5106382979, 27.6595744681, 31.914893617, 12.7659574468, 2.1276595745, 6.3829787234, 0, 2.1276595745, 0, 0, 0, 0, 0, 0, 0, 0, 0, 0, 0, 0;Europe/Paris;41,0
2022-09-27T16:00:00Z;-1;9000003703;hourly;0,6425000000;59,1439688716;113,6186770428;10,8949416342;14,0077821012;20,2334630350;38,9105058366;38,9105058366;74,7081712062;1,5564202335;9,3385214008;6,2256809339;7,7821011673;1;0, 2.7397260274, 24.6575342466, 49.3150684932, 21.9178082192, 1.3698630137, 0, 0;0, 0, 1.3698630137, 1.3698630137, 10.9589041096, 13.698630137, 19.1780821918, 30.1369863014, 13.698630137, 8.2191780822, 0, 1.3698630137, 0, 0, 0, 0, 0, 0, 0, 0, 0, 0, 0, 0, 0;Europe/Paris;40,5
2022-09-27T17:00:00Z;-1;9000003703;hourly;0,3380555556;29,5809367297;91,7009038620;8,8742810189;8,8742810189;14,7904683648;14,7904683648;20,7066557108;70,9942481512;5,9161873459;2,9580936730;0,0000000000;8,8742810189;1;3.2258064516, 3.2258064516, 9.6774193548, 54.8387096774, 25.8064516129, 3.2258064516, 0, 0;3.2258064516, 0, 0, 3.2258064516, 0, 9.6774193548, 32.2580645161, 22.5806451613, 19.3548387097, 6.4516129032, 3.2258064516, 0, 0, 0, 0, 0, 0, 0, 0, 0, 0, 0, 0, 0, 0;Europe/Paris;41,0
2022-09-27T18:00:00Z;-1;9000003703;hourly;0,0000000000;0,0000000000;0,0000000000;0,0000000000;0,0000000000;0,0000000000;0,0000000000;0,0000000000;0,0000000000;0,0000000000;0,0000000000;0,0000000000;0,0000000000;1;0, 0, 0, 0, 0, 0, 0, 0;0, 0, 0, 0, 0, 0, 0, 0, 0, 0, 0, 0, 0, 0, 0, 0, 0, 0, 0, 0, 0, 0, 0, 0, 0;Europe/Paris;NA
2022-09-27T19:00:00Z;-1;9000003703;hourly;0,0000000000;0,0000000000;0,0000000000;0,0000000000;0,0000000000;0,0000000000;0,0000000000;0,0000000000;0,0000000000;0,0000000000;0,0000000000;0,0000000000;0,0000000000;1;0, 0, 0, 0, 0, 0, 0, 0;0, 0, 0, 0, 0, 0, 0, 0, 0, 0, 0, 0, 0, 0, 0, 0, 0, 0, 0, 0, 0, 0, 0, 0, 0;Europe/Paris;NA
2022-09-27T20:00:00Z;-1;9000003703;hourly;0,0000000000;0,0000000000;0,0000000000;0,0000000000;0,0000000000;0,0000000000;0,0000000000;0,0000000000;0,0000000000;0,0000000000;0,0000000000;0,0000000000;0,0000000000;1;0, 0, 0, 0, 0, 0, 0, 0;0, 0, 0, 0, 0, 0, 0, 0, 0, 0, 0, 0, 0, 0, 0, 0, 0, 0, 0, 0, 0, 0, 0, 0, 0;Europe/Paris;NA
2022-09-28T03:00:00Z;-1;9000003703;hourly;0,0000000000;0,0000000000;0,0000000000;0,0000000000;0,0000000000;0,0000000000;0,0000000000;0,0000000000;0,0000000000;0,0000000000;0,0000000000;0,0000000000;0,0000000000;1;0, 0, 0, 0, 0, 0, 0, 0;0, 0, 0, 0, 0, 0, 0, 0, 0, 0, 0, 0, 0, 0, 0, 0, 0, 0, 0, 0, 0, 0, 0, 0, 0;Europe/Paris;NA
2022-09-28T04:00:00Z;-1;9000003703;hourly;0,0000000000;0,0000000000;0,0000000000;0,0000000000;0,0000000000;0,0000000000;0,0000000000;0,0000000000;0,0000000000;0,0000000000;0,0000000000;0,0000000000;0,0000000000;1;0, 0, 0, 0, 0, 0, 0, 0;0, 0, 0, 0, 0, 0, 0, 0, 0, 0, 0, 0, 0, 0, 0, 0, 0, 0, 0, 0, 0, 0, 0, 0, 0;Europe/Paris;NA
2022-09-28T05:00:00Z;-1;9000003703;hourly;0,0000000000;0,0000000000;0,0000000000;0,0000000000;0,0000000000;0,0000000000;0,0000000000;0,0000000000;0,0000000000;0,0000000000;0,0000000000;0,0000000000;0,0000000000;1;0, 0, 0, 0, 0, 0, 0, 0;0, 0, 0, 0, 0, 0, 0, 0, 0, 0, 0, 0, 0, 0, 0, 0, 0, 0, 0, 0, 0, 0, 0, 0, 0;Europe/Paris;NA
2022-09-28T06:00:00Z;-1;9000003703;hourly;0,3652777778;32,8517110266;30,1140684411;2,7376425856;13,6882129278;19,1634980989;13,6882129278;24,6387832700;5,4752851711;0,0000000000;2,7376425856;10,9505703422;2,7376425856;1;0, 0, 9.0909090909, 72.7272727273, 9.0909090909, 9.0909090909, 0, 0;0, 0, 0, 0, 9.0909090909, 0, 45.4545454545, 27.2727272727, 9.0909090909, 0, 0, 9.0909090909, 0, 0, 0, 0, 0, 0, 0, 0, 0, 0, 0, 0, 0;Europe/Paris;39,0
2022-09-28T07:00:00Z;-1;9000003703;hourly;0,5952777778;23,5184321045;25,1983201120;0,0000000000;3,3597760149;15,1189920672;8,3994400373;11,7592160523;13,4391040597;0,0000000000;0,0000000000;1,6798880075;1,6798880075;1;0, 0, 6.6666666667, 73.3333333333, 20, 0, 0, 0;0, 0, 0, 0, 0, 6.6666666667, 33.3333333333, 40, 13.3333333333, 6.6666666667, 0, 0, 0, 0, 0, 0, 0, 0, 0, 0, 0, 0, 0, 0, 0;Europe/Paris;39,5
2022-09-28T08:00:00Z;-1;9000003703;hourly;0,6241666667;22,4299065421;24,0320427236;1,6021361816;1,6021361816;19,2256341789;3,2042723632;6,4085447263;17,6234979973;1,6021361816;0,0000000000;1,6021361816;0,0000000000;1;13.3333333333, 0, 20, 40, 20, 6.6666666667, 0, 0;13.3333333333, 0, 0, 0, 0, 20, 20, 20, 20, 0, 6.6666666667, 0, 0, 0, 0, 0, 0, 0, 0, 0, 0, 0, 0, 0, 0;Europe/Paris;40,5
2022-09-28T09:00:00Z;-1;9000003703;hourly;0,6227777778;32,1141837645;25,6913470116;3,2114183764;17,6628010705;20,8742194469;11,2399643176;4,8171275647;20,8742194469;3,2114183764;0,0000000000;6,4228367529;11,2399643176;1;0, 6.25, 12.5, 62.5, 18.75, 0, 0, 0;0, 0, 0, 6.25, 12.5, 0, 31.25, 31.25, 6.25, 12.5, 0, 0, 0, 0, 0, 0, 0, 0, 0, 0, 0, 0, 0, 0, 0;Europe/Paris;40,5
2022-09-28T10:00:00Z;-1;9000003703;hourly;0,5875000000;66,3829787234;71,4893617021;15,3191489362;22,1276595745;45,9574468085;20,4255319149;13,6170212766;57,8723404255;3,4042553191;11,9148936170;8,5106382979;13,6170212766;1;0, 2.380952381, 30.9523809524, 45.2380952381, 21.4285714286, 0, 0, 0;0, 0, 2.380952381, 0, 11.9047619048, 19.0476190476, 21.4285714286, 23.8095238095, 19.0476190476, 2.380952381, 0, 0, 0, 0, 0, 0, 0, 0, 0, 0, 0, 0, 0, 0, 0;Europe/Paris;39,0
2022-09-28T11:00:00Z;-1;9000003703;hourly;0,6391666667;46,9361147327;54,7588005215;3,1290743155;15,6453715776;32,8552803129;14,0808344198;21,9035202086;32,8552803129;1,5645371578;1,5645371578;7,8226857888;7,8226857888;1;2.8571428571, 0, 11.4285714286, 60, 25.7142857143, 0, 0, 0;2.8571428571, 0, 0, 0, 5.7142857143, 5.7142857143, 22.8571428571, 37.1428571429, 17.1428571429, 8.5714285714, 0, 0, 0, 0, 0, 0, 0, 0, 0, 0, 0, 0, 0, 0, 0;Europe/Paris;40,5
2022-09-28T12:00:00Z;-1;9000003703;hourly;0,5947222222;30,2662307333;62,2139187296;8,4072863148;8,4072863148;18,4960298926;11,7702008407;26,9033162074;35,3106025222;8,4072863148;0,0000000000;6,7258290518;1,6814572630;1;8.1081081081, 2.7027027027, 18.9189189189, 48.6486486486, 21.6216216216, 0, 0, 0;5.4054054054, 2.7027027027, 0, 2.7027027027, 10.8108108108, 8.1081081081, 24.3243243243, 24.3243243243, 18.9189189189, 2.7027027027, 0, 0, 0, 0, 0, 0, 0, 0, 0, 0, 0, 0, 0, 0, 0;Europe/Paris;39,0
2022-09-28T13:00:00Z;-1;9000003703;hourly;0,6258333333;30,3595206391;67,1105193076;1,5978695073;3,1957390146;22,3701731025;7,9893475366;30,3595206391;36,7509986684;1,5978695073;0,0000000000;1,5978695073;1,5978695073;1;0, 4.7619047619, 21.4285714286, 54.7619047619, 16.6666666667, 2.380952381, 0, 0;0, 0, 0, 4.7619047619, 4.7619047619, 16.6666666667, 23.8095238095, 30.9523809524, 14.2857142857, 2.380952381, 2.380952381, 0, 0, 0, 0, 0, 0, 0, 0, 0, 0, 0, 0, 0, 0;Europe/Paris;39,0
2022-09-28T14:00:00Z;-1;9000003703;hourly;0,6216666667;24,1286863271;82,0375335121;12,8686327078;19,3029490617;20,9115281501;3,2171581769;43,4316353887;38,6058981233;6,4343163539;6,4343163539;6,4343163539;12,8686327078;1;5.8823529412, 3.9215686275, 50.9803921569, 31.3725490196, 7.8431372549, 0, 0, 0;3.9215686275, 1.9607843137, 1.9607843137, 1.9607843137, 21.568627451, 29.4117647059, 23.5294117647, 7.8431372549, 5.8823529412, 1.9607843137, 0, 0, 0, 0, 0, 0, 0, 0, 0, 0, 0, 0, 0, 0, 0;Europe/Paris;33,0
2022-09-28T15:00:00Z;-1;9000003703;hourly;0,6408333333;29,6488946684;95,1885565670;20,2860858257;12,4837451235;18,7256176853;10,9232769831;34,3302990897;60,8582574772;14,0442132640;6,2418725618;4,6814044213;7,8023407022;1;3.2786885246, 0, 49.1803278689, 42.6229508197, 4.9180327869, 0, 0, 0;3.2786885246, 0, 0, 0, 19.6721311475, 29.5081967213, 26.2295081967, 16.393442623, 1.6393442623, 3.2786885246, 0, 0, 0, 0, 0, 0, 0, 0, 0, 0, 0, 0, 0, 0, 0;Europe/Paris;34,5
2022-09-28T16:00:00Z;-1;9000003703;hourly;0,6200000000;29,0322580645;83,8709677419;19,3548387097;17,7419354839;1,6129032258;27,4193548387;25,8064516129;58,0645161290;9,6774193548;9,6774193548;8,0645161290;9,6774193548;1;9.6153846154, 0, 21.1538461538, 50, 15.3846153846, 3.8461538462, 0, 0;5.7692307692, 3.8461538462, 0, 0, 5.7692307692, 15.3846153846, 26.9230769231, 23.0769230769, 11.5384615385, 3.8461538462, 3.8461538462, 0, 0, 0, 0, 0, 0, 0, 0, 0, 0, 0, 0, 0, 0;Europe/Paris;39,5
2022-09-28T17:00:00Z;-1;9000003703;hourly;0,5780555556;19,0293128304;67,4675636713;6,9197501201;10,3796251802;8,6496876502;10,3796251802;27,6790004805;39,7885631908;5,1898125901;1,7299375300;5,1898125901;5,1898125901;1;2.5641025641, 2.5641025641, 30.7692307692, 56.4102564103, 5.1282051282, 2.5641025641, 0, 0;0, 2.5641025641, 0, 2.5641025641, 10.2564102564, 20.5128205128, 30.7692307692, 25.641025641, 5.1282051282, 0, 0, 2.5641025641, 0, 0, 0, 0, 0, 0, 0, 0, 0, 0, 0, 0, 0;Europe/Paris;36,0
2022-09-28T18:00:00Z;-1;9000003703;hourly;0,0000000000;0,0000000000;0,0000000000;0,0000000000;0,0000000000;0,0000000000;0,0000000000;0,0000000000;0,0000000000;0,0000000000;0,0000000000;0,0000000000;0,0000000000;1;0, 0, 0, 0, 0, 0, 0, 0;0, 0, 0, 0, 0, 0, 0, 0, 0, 0, 0, 0, 0, 0, 0, 0, 0, 0, 0, 0, 0, 0, 0, 0, 0;Europe/Paris;NA
2022-09-28T19:00:00Z;-1;9000003703;hourly;0,0000000000;0,0000000000;0,0000000000;0,0000000000;0,0000000000;0,0000000000;0,0000000000;0,0000000000;0,0000000000;0,0000000000;0,0000000000;0,0000000000;0,0000000000;1;0, 0, 0, 0, 0, 0, 0, 0;0, 0, 0, 0, 0, 0, 0, 0, 0, 0, 0, 0, 0, 0, 0, 0, 0, 0, 0, 0, 0, 0, 0, 0, 0;Europe/Paris;NA
2022-09-28T20:00:00Z;-1;9000003703;hourly;0,0000000000;0,0000000000;0,0000000000;0,0000000000;0,0000000000;0,0000000000;0,0000000000;0,0000000000;0,0000000000;0,0000000000;0,0000000000;0,0000000000;0,0000000000;1;0, 0, 0, 0, 0, 0, 0, 0;0, 0, 0, 0, 0, 0, 0, 0, 0, 0, 0, 0, 0, 0, 0, 0, 0, 0, 0, 0, 0, 0, 0, 0, 0;Europe/Paris;NA
2022-09-29T03:00:00Z;-1;9000003703;hourly;0,0000000000;0,0000000000;0,0000000000;0,0000000000;0,0000000000;0,0000000000;0,0000000000;0,0000000000;0,0000000000;0,0000000000;0,0000000000;0,0000000000;0,0000000000;1;0, 0, 0, 0, 0, 0, 0, 0;0, 0, 0, 0, 0, 0, 0, 0, 0, 0, 0, 0, 0, 0, 0, 0, 0, 0, 0, 0, 0, 0, 0, 0, 0;Europe/Paris;NA
2022-09-29T04:00:00Z;-1;9000003703;hourly;0,0000000000;0,0000000000;0,0000000000;0,0000000000;0,0000000000;0,0000000000;0,0000000000;0,0000000000;0,0000000000;0,0000000000;0,0000000000;0,0000000000;0,0000000000;1;0, 0, 0, 0, 0, 0, 0, 0;0, 0, 0, 0, 0, 0, 0, 0, 0, 0, 0, 0, 0, 0, 0, 0, 0, 0, 0, 0, 0, 0, 0, 0, 0;Europe/Paris;NA
2022-09-29T05:00:00Z;-1;9000003703;hourly;0,0000000000;0,0000000000;0,0000000000;0,0000000000;0,0000000000;0,0000000000;0,0000000000;0,0000000000;0,0000000000;0,0000000000;0,0000000000;0,0000000000;0,0000000000;1;0, 0, 0, 0, 0, 0, 0, 0;0, 0, 0, 0, 0, 0, 0, 0, 0, 0, 0, 0, 0, 0, 0, 0, 0, 0, 0, 0, 0, 0, 0, 0, 0;Europe/Paris;NA
2022-09-29T06:00:00Z;-1;9000003703;hourly;0,4558333333;28,5191956124;81,1700182815;30,7129798903;46,0694698355;10,9689213894;17,5502742230;48,2632541133;32,9067641682;13,1627056673;17,5502742230;43,8756855576;2,1937842779;1;0, 8.1081081081, 32.4324324324, 59.4594594595, 0, 0, 0, 0;0, 0, 2.7027027027, 5.4054054054, 8.1081081081, 24.3243243243, 40.5405405405, 18.9189189189, 0, 0, 0, 0, 0, 0, 0, 0, 0, 0, 0, 0, 0, 0, 0, 0, 0;Europe/Paris;33,5
2022-09-29T07:00:00Z;-1;9000003703;hourly;0,5752777778;3,4765813617;29,5509415741;10,4297440850;0,0000000000;0,0000000000;3,4765813617;20,8594881700;8,6914534042;0,0000000000;10,4297440850;0,0000000000;0,0000000000;1;29.4117647059, 0, 35.2941176471, 29.4117647059, 5.8823529412, 0, 0, 0;29.4117647059, 0, 0, 0, 5.8823529412, 29.4117647059, 11.7647058824, 17.6470588235, 5.8823529412, 0, 0, 0, 0, 0, 0, 0, 0, 0, 0, 0, 0, 0, 0, 0, 0;Europe/Paris;35,0
2022-09-29T08:00:00Z;-1;9000003703;hourly;0,6538888889;7,6465590484;35,1741716228;7,6465590484;6,1172472387;7,6465590484;0,0000000000;7,6465590484;27,5276125743;6,1172472387;1,5293118097;3,0586236194;3,0586236194;1;4.347826087, 8.6956521739, 43.4782608696, 21.7391304348, 17.3913043478, 0, 4.347826087, 0;4.347826087, 0, 0, 8.6956521739, 21.7391304348, 21.7391304348, 13.0434782609, 8.6956521739, 13.0434782609, 4.347826087, 0, 0, 4.347826087, 0, 0, 0, 0, 0, 0, 0, 0, 0, 0, 0, 0;Europe/Paris;40,0
2022-09-29T09:00:00Z;-1;9000003703;hourly;0,6172222222;4,8604860486;38,8838883888;12,9612961296;11,3411341134;1,6201620162;3,2403240324;17,8217821782;21,0621062106;6,4806480648;6,4806480648;6,4806480648;4,8604860486;1;0, 16.6666666667, 58.3333333333, 25, 0, 0, 0, 0;0, 0, 0, 16.6666666667, 20.8333333333, 37.5, 20.8333333333, 4.1666666667, 0, 0, 0, 0, 0, 0, 0, 0, 0, 0, 0, 0, 0, 0, 0, 0, 0;Europe/Paris;30,0
2022-09-29T10:00:00Z;-1;9000003703;hourly;0,5672222222;5,2889324192;52,8893241920;10,5778648384;8,8148873653;3,5259549461;1,7629774731;15,8667972576;37,0225269344;1,7629774731;8,8148873653;5,2889324192;3,5259549461;1;0, 6.6666666667, 36.6666666667, 40, 16.6666666667, 0, 0, 0;0, 0, 0, 6.6666666667, 0, 36.6666666667, 30, 10, 16.6666666667, 0, 0, 0, 0, 0, 0, 0, 0, 0, 0, 0, 0, 0, 0, 0, 0;Europe/Paris;38,0
2022-09-29T11:00:00Z;-1;9000003703;hourly;0,6675000000;5,9925093633;46,4419475655;7,4906367041;7,4906367041;4,4943820225;1,4981273408;25,4681647940;20,9737827715;4,4943820225;2,9962546816;4,4943820225;2,9962546816;1;0, 3.2258064516, 29.0322580645, 51.6129032258, 16.1290322581, 0, 0, 0;0, 0, 0, 3.2258064516, 6.4516129032, 22.5806451613, 22.5806451613, 29.0322580645, 12.9032258065, 3.2258064516, 0, 0, 0, 0, 0, 0, 0, 0, 0, 0, 0, 0, 0, 0, 0;Europe/Paris;38,0
2022-09-29T12:00:00Z;-1;9000003703;hourly;0,6330555556;7,8982009653;42,6502852128;3,1592803861;1,5796401931;6,3185607723;1,5796401931;20,5353225099;22,1149627029;1,5796401931;1,5796401931;1,5796401931;0,0000000000;1;11.1111111111, 7.4074074074, 40.7407407407, 29.6296296296, 7.4074074074, 3.7037037037, 0, 0;11.1111111111, 0, 3.7037037037, 3.7037037037, 22.2222222222, 18.5185185185, 11.1111111111, 18.5185185185, 7.4074074074, 0, 0, 3.7037037037, 0, 0, 0, 0, 0, 0, 0, 0, 0, 0, 0, 0, 0;Europe/Paris;36,5
2022-09-29T13:00:00Z;-1;9000003703;hourly;0,5325000000;7,5117370892;46,9483568075;9,3896713615;16,9014084507;5,6338028169;1,8779342723;22,5352112676;24,4131455399;0,0000000000;9,3896713615;1,8779342723;15,0234741784;1;0, 4, 44, 48, 4, 0, 0, 0;0, 0, 0, 4, 16, 28, 44, 4, 0, 4, 0, 0, 0, 0, 0, 0, 0, 0, 0, 0, 0, 0, 0, 0, 0;Europe/Paris;31,5
2022-09-29T14:00:00Z;-1;9000003703;hourly;0,6236111111;8,0178173719;68,9532293987;44,8997772829;12,8285077951;1,6035634744;6,4142538976;35,2783964365;33,6748329621;8,0178173719;36,8819599109;9,6213808463;3,2071269488;1;13.9534883721, 27.9069767442, 44.1860465116, 9.3023255814, 4.6511627907, 0, 0, 0;4.6511627907, 9.3023255814, 2.3255813953, 25.5813953488, 34.8837209302, 9.3023255814, 6.976744186, 2.3255813953, 2.3255813953, 2.3255813953, 0, 0, 0, 0, 0, 0, 0, 0, 0, 0, 0, 0, 0, 0, 0;Europe/Paris;27,0
2022-09-29T15:00:00Z;-1;9000003703;hourly;0,6669444444;10,4956268222;82,4656393170;11,9950020825;10,4956268222;7,4968763015;2,9987505206;29,9875052062;52,4781341108;10,4956268222;1,4993752603;7,4968763015;2,9987505206;1;21.8181818182, 20, 38.1818181818, 16.3636363636, 0, 1.8181818182, 0, 1.8181818182;14.5454545455, 7.2727272727, 3.6363636364, 16.3636363636, 18.1818181818, 20, 16.3636363636, 0, 0, 0, 1.8181818182, 0, 0, 0, 0, 0, 0, 0, 0, 0, 0, 0, 0, 0, 1.8181818182;Europe/Paris;29,0
2022-09-29T16:00:00Z;-1;9000003703;hourly;0,6861111111;7,2874493927;135,5465587045;2,9149797571;14,5748987854;1,4574898785;5,8299595142;53,9271255061;81,6194331984;1,4574898785;1,4574898785;5,8299595142;8,7449392713;1;23.6559139785, 8.6021505376, 47.311827957, 19.3548387097, 1.0752688172, 0, 0, 0;19.3548387097, 4.3010752688, 1.0752688172, 7.5268817204, 23.6559139785, 23.6559139785, 11.8279569892, 7.5268817204, 1.0752688172, 0, 0, 0, 0, 0, 0, 0, 0, 0, 0, 0, 0, 0, 0, 0, 0;Europe/Paris;30,0
2022-09-29T17:00:00Z;-1;9000003703;hourly;0,5961111111;1,6775396086;87,2320596459;13,4203168686;6,7101584343;1,6775396086;0,0000000000;30,1957129543;57,0363466915;8,3876980429;5,0326188257;3,3550792171;3,3550792171;1;5.7692307692, 13.4615384615, 32.6923076923, 40.3846153846, 7.6923076923, 0, 0, 0;5.7692307692, 0, 3.8461538462, 9.6153846154, 7.6923076923, 25, 30.7692307692, 9.6153846154, 3.8461538462, 3.8461538462, 0, 0, 0, 0, 0, 0, 0, 0, 0, 0, 0, 0, 0, 0, 0;Europe/Paris;33,5
2022-09-29T18:00:00Z;-1;9000003703;hourly;0,0000000000;0,0000000000;0,0000000000;0,0000000000;0,0000000000;0,0000000000;0,0000000000;0,0000000000;0,0000000000;0,0000000000;0,0000000000;0,0000000000;0,0000000000;1;0, 0, 0, 0, 0, 0, 0, 0;0, 0, 0, 0, 0, 0, 0, 0, 0, 0, 0, 0, 0, 0, 0, 0, 0, 0, 0, 0, 0, 0, 0, 0, 0;Europe/Paris;NA
2022-09-29T19:00:00Z;-1;9000003703;hourly;0,0000000000;0,0000000000;0,0000000000;0,0000000000;0,0000000000;0,0000000000;0,0000000000;0,0000000000;0,0000000000;0,0000000000;0,0000000000;0,0000000000;0,0000000000;1;0, 0, 0, 0, 0, 0, 0, 0;0, 0, 0, 0, 0, 0, 0, 0, 0, 0, 0, 0, 0, 0, 0, 0, 0, 0, 0, 0, 0, 0, 0, 0, 0;Europe/Paris;NA
2022-09-29T20:00:00Z;-1;9000003703;hourly;0,0000000000;0,0000000000;0,0000000000;0,0000000000;0,0000000000;0,0000000000;0,0000000000;0,0000000000;0,0000000000;0,0000000000;0,0000000000;0,0000000000;0,0000000000;1;0, 0, 0, 0, 0, 0, 0, 0;0, 0, 0, 0, 0, 0, 0, 0, 0, 0, 0, 0, 0, 0, 0, 0, 0, 0, 0, 0, 0, 0, 0, 0, 0;Europe/Paris;NA
2022-09-30T03:00:00Z;-1;9000003703;hourly;0,0000000000;0,0000000000;0,0000000000;0,0000000000;0,0000000000;0,0000000000;0,0000000000;0,0000000000;0,0000000000;0,0000000000;0,0000000000;0,0000000000;0,0000000000;1;0, 0, 0, 0, 0, 0, 0, 0;0, 0, 0, 0, 0, 0, 0, 0, 0, 0, 0, 0, 0, 0, 0, 0, 0, 0, 0, 0, 0, 0, 0, 0, 0;Europe/Paris;NA
2022-09-30T04:00:00Z;-1;9000003703;hourly;0,0000000000;0,0000000000;0,0000000000;0,0000000000;0,0000000000;0,0000000000;0,0000000000;0,0000000000;0,0000000000;0,0000000000;0,0000000000;0,0000000000;0,0000000000;1;0, 0, 0, 0, 0, 0, 0, 0;0, 0, 0, 0, 0, 0, 0, 0, 0, 0, 0, 0, 0, 0, 0, 0, 0, 0, 0, 0, 0, 0, 0, 0, 0;Europe/Paris;NA
2022-09-30T05:00:00Z;-1;9000003703;hourly;0,0061111111;0,0000000000;163,6363636364;0,0000000000;0,0000000000;0,0000000000;0,0000000000;163,6363636364;0,0000000000;0,0000000000;0,0000000000;0,0000000000;0,0000000000;1;0, 0, 100, 0, 0, 0, 0, 0;0, 0, 0, 0, 100, 0, 0, 0, 0, 0, 0, 0, 0, 0, 0, 0, 0, 0, 0, 0, 0, 0, 0, 0, 0;Europe/Paris;21,5
2022-09-30T06:00:00Z;-1;9000003703;hourly;0,4897222222;20,4197390811;69,4271128758;10,2098695406;6,1259217243;6,1259217243;14,2938173568;49,0073737947;20,4197390811;6,1259217243;4,0839478162;4,0839478162;2,0419739081;1;8.8235294118, 2.9411764706, 26.4705882353, 35.2941176471, 26.4705882353, 0, 0, 0;5.8823529412, 2.9411764706, 0, 2.9411764706, 14.7058823529, 11.7647058824, 17.6470588235, 17.6470588235, 20.5882352941, 5.8823529412, 0, 0, 0, 0, 0, 0, 0, 0, 0, 0, 0, 0, 0, 0, 0;Europe/Paris;40,5
2022-09-30T07:00:00Z;-1;9000003703;hourly;0,6377777778;4,7038327526;28,2229965157;26,6550522648;3,1358885017;3,1358885017;1,5679442509;9,4076655052;18,8153310105;6,2717770035;20,3832752613;1,5679442509;1,5679442509;1;16.6666666667, 0, 27.7777777778, 33.3333333333, 16.6666666667, 5.5555555556, 0, 0;16.6666666667, 0, 0, 0, 5.5555555556, 22.2222222222, 22.2222222222, 11.1111111111, 5.5555555556, 11.1111111111, 5.5555555556, 0, 0, 0, 0, 0, 0, 0, 0, 0, 0, 0, 0, 0, 0;Europe/Paris;43,0
2022-09-30T08:00:00Z;-1;9000003703;hourly;0,6705555556;22,3695111848;23,8608119304;10,4391052196;8,9478044739;16,4043082022;5,9652029826;0,0000000000;23,8608119304;5,9652029826;4,4739022370;1,4913007457;7,4565037283;1;6.25, 0, 50, 18.75, 6.25, 0, 6.25, 12.5;0, 6.25, 0, 0, 25, 25, 18.75, 0, 6.25, 0, 0, 0, 6.25, 0, 0, 0, 12.5, 0, 0, 0, 0, 0, 0, 0, 0;Europe/Paris;60,5
2022-09-30T09:00:00Z;-1;9000003703;hourly;0,6438888889;21,7428817947;59,0163934426;12,4245038827;12,4245038827;12,4245038827;9,3183779120;20,1898188093;38,8265746333;7,7653149267;4,6591889560;9,3183779120;3,1061259707;1;0, 5.2631578947, 31.5789473684, 50, 7.8947368421, 0, 0, 5.2631578947;0, 0, 5.2631578947, 0, 7.8947368421, 23.6842105263, 34.2105263158, 15.7894736842, 7.8947368421, 0, 0, 0, 0, 0, 0, 0, 0, 2.6315789474, 2.6315789474, 0, 0, 0, 0, 0, 0;Europe/Paris;37,0
2022-09-30T10:00:00Z;-1;9000003703;hourly;0,5788888889;15,5470249520;70,8253358925;12,0921305182;6,9097888676;6,9097888676;8,6372360845;19,0019193858;51,8234165067;5,1823416507;6,9097888676;0,0000000000;6,9097888676;1;7.3170731707, 0, 31.7073170732, 48.7804878049, 9.756097561, 2.4390243902, 0, 0;7.3170731707, 0, 0, 0, 14.6341463415, 17.0731707317, 29.2682926829, 19.512195122, 7.3170731707, 2.4390243902, 2.4390243902, 0, 0, 0, 0, 0, 0, 0, 0, 0, 0, 0, 0, 0, 0;Europe/Paris;37,0
2022-09-30T11:00:00Z;-1;9000003703;hourly;0,6338888889;14,1980718668;67,8352322524;9,4653812445;7,8878177038;7,8878177038;6,3102541630;29,9737072743;37,8615249781;6,3102541630;3,1551270815;6,3102541630;1,5775635408;1;6.976744186, 11.6279069767, 25.5813953488, 46.511627907, 9.3023255814, 0, 0, 0;2.3255813953, 4.6511627907, 4.6511627907, 6.976744186, 11.6279069767, 13.9534883721, 32.5581395349, 13.9534883721, 6.976744186, 2.3255813953, 0, 0, 0, 0, 0, 0, 0, 0, 0, 0, 0, 0, 0, 0, 0;Europe/Paris;35,5
2022-09-30T12:00:00Z;-1;9000003703;hourly;0,6130555556;11,4182147712;34,2546443135;11,4182147712;0,0000000000;4,8935206162;6,5246941550;17,9429089261;16,3117353874;4,8935206162;6,5246941550;0,0000000000;0,0000000000;1;0, 4.7619047619, 38.0952380952, 47.619047619, 9.5238095238, 0, 0, 0;0, 0, 0, 4.7619047619, 23.8095238095, 14.2857142857, 38.0952380952, 9.5238095238, 9.5238095238, 0, 0, 0, 0, 0, 0, 0, 0, 0, 0, 0, 0, 0, 0, 0, 0;Europe/Paris;34,5
2022-09-30T13:00:00Z;-1;9000003703;hourly;0,6019444444;16,6128287956;56,4836179049;14,9515459160;11,6289801569;14,9515459160;1,6612828796;18,2741116751;38,2095062298;9,9676972773;4,9838486387;4,9838486387;6,6451315182;1;2.9411764706, 0, 38.2352941176, 44.1176470588, 11.7647058824, 2.9411764706, 0, 0;2.9411764706, 0, 0, 0, 8.8235294118, 29.4117647059, 32.3529411765, 11.7647058824, 11.7647058824, 0, 2.9411764706, 0, 0, 0, 0, 0, 0, 0, 0, 0, 0, 0, 0, 0, 0;Europe/Paris;37,5
2022-09-30T14:00:00Z;-1;9000003703;hourly;0,6236111111;33,6748329621;84,9888641425;16,0356347439;49,7104677060;14,4320712695;19,2427616927;28,8641425390;56,1247216036;1,6035634744;14,4320712695;12,8285077951;36,8819599109;1;1.8867924528, 3.7735849057, 43.3962264151, 41.5094339623, 9.4339622642, 0, 0, 0;1.8867924528, 0, 1.8867924528, 1.8867924528, 22.641509434, 20.7547169811, 16.9811320755, 24.5283018868, 5.6603773585, 3.7735849057, 0, 0, 0, 0, 0, 0, 0, 0, 0, 0, 0, 0, 0, 0, 0;Europe/Paris;36,5
2022-09-30T15:00:00Z;-1;9000003703;hourly;0,5761111111;24,3008678881;154,4840887175;19,0935390550;29,5081967213;20,8293153327;3,4715525554;69,4310511090;85,0530376085;12,1504339441;6,9431051109;26,0366441659;3,4715525554;1;3.3707865169, 10.1123595506, 44.9438202247, 34.8314606742, 6.7415730337, 0, 0, 0;2.2471910112, 1.1235955056, 2.2471910112, 7.8651685393, 19.1011235955, 25.8426966292, 25.8426966292, 8.9887640449, 4.4943820225, 2.2471910112, 0, 0, 0, 0, 0, 0, 0, 0, 0, 0, 0, 0, 0, 0, 0;Europe/Paris;33,0
2022-09-30T16:00:00Z;-1;9000003703;hourly;0,6436111111;10,8761329305;155,3733275788;6,2149331032;15,5373327579;4,6611998274;6,2149331032;69,9179974104;85,4553301683;4,6611998274;1,5537332758;6,2149331032;9,3223996547;1;1, 6, 40, 40, 11, 2, 0, 0;1, 0, 2, 4, 13, 27, 27, 13, 9, 2, 0, 2, 0, 0, 0, 0, 0, 0, 0, 0, 0, 0, 0, 0, 0;Europe/Paris;36,5
2022-09-30T17:00:00Z;-1;9000003703;hourly;0,2700000000;3,7037037037;170,3703703704;14,8148148148;11,1111111111;0,0000000000;3,7037037037;74,0740740741;96,2962962963;7,4074074074;7,4074074074;3,7037037037;7,4074074074;1;0, 4.347826087, 34.7826086957, 47.8260869565, 13.0434782609, 0, 0, 0;0, 0, 0, 4.347826087, 15.2173913043, 19.5652173913, 26.0869565217, 21.7391304348, 10.8695652174, 2.1739130435, 0, 0, 0, 0, 0, 0, 0, 0, 0, 0, 0, 0, 0, 0, 0;Europe/Paris;37,0
2022-09-30T18:00:00Z;-1;9000003703;hourly;0,0000000000;0,0000000000;0,0000000000;0,0000000000;0,0000000000;0,0000000000;0,0000000000;0,0000000000;0,0000000000;0,0000000000;0,0000000000;0,0000000000;0,0000000000;1;0, 0, 0, 0, 0, 0, 0, 0;0, 0, 0, 0, 0, 0, 0, 0, 0, 0, 0, 0, 0, 0, 0, 0, 0, 0, 0, 0, 0, 0, 0, 0, 0;Europe/Paris;NA
2022-09-30T19:00:00Z;-1;9000003703;hourly;0,0000000000;0,0000000000;0,0000000000;0,0000000000;0,0000000000;0,0000000000;0,0000000000;0,0000000000;0,0000000000;0,0000000000;0,0000000000;0,0000000000;0,0000000000;1;0, 0, 0, 0, 0, 0, 0, 0;0, 0, 0, 0, 0, 0, 0, 0, 0, 0, 0, 0, 0, 0, 0, 0, 0, 0, 0, 0, 0, 0, 0, 0, 0;Europe/Paris;NA
2022-09-30T20:00:00Z;-1;9000003703;hourly;0,0000000000;0,0000000000;0,0000000000;0,0000000000;0,0000000000;0,0000000000;0,0000000000;0,0000000000;0,0000000000;0,0000000000;0,0000000000;0,0000000000;0,0000000000;1;0, 0, 0, 0, 0, 0, 0, 0;0, 0, 0, 0, 0, 0, 0, 0, 0, 0, 0, 0, 0, 0, 0, 0, 0, 0, 0, 0, 0, 0, 0, 0, 0;Europe/Paris;NA
2022-10-01T03:00:00Z;-1;9000003703;hourly;0,0000000000;0,0000000000;0,0000000000;0,0000000000;0,0000000000;0,0000000000;0,0000000000;0,0000000000;0,0000000000;0,0000000000;0,0000000000;0,0000000000;0,0000000000;1;0, 0, 0, 0, 0, 0, 0, 0;0, 0, 0, 0, 0, 0, 0, 0, 0, 0, 0, 0, 0, 0, 0, 0, 0, 0, 0, 0, 0, 0, 0, 0, 0;Europe/Paris;NA
2022-10-01T04:00:00Z;-1;9000003703;hourly;0,0000000000;0,0000000000;0,0000000000;0,0000000000;0,0000000000;0,0000000000;0,0000000000;0,0000000000;0,0000000000;0,0000000000;0,0000000000;0,0000000000;0,0000000000;1;0, 0, 0, 0, 0, 0, 0, 0;0, 0, 0, 0, 0, 0, 0, 0, 0, 0, 0, 0, 0, 0, 0, 0, 0, 0, 0, 0, 0, 0, 0, 0, 0;Europe/Paris;NA
2022-10-01T05:00:00Z;-1;9000003703;hourly;0,0000000000;0,0000000000;0,0000000000;0,0000000000;0,0000000000;0,0000000000;0,0000000000;0,0000000000;0,0000000000;0,0000000000;0,0000000000;0,0000000000;0,0000000000;1;0, 0, 0, 0, 0, 0, 0, 0;0, 0, 0, 0, 0, 0, 0, 0, 0, 0, 0, 0, 0, 0, 0, 0, 0, 0, 0, 0, 0, 0, 0, 0, 0;Europe/Paris;NA
2022-10-01T06:00:00Z;-1;9000003703;hourly;0,4302777778;2,3240800516;32,5371207230;2,3240800516;6,9722401549;0,0000000000;2,3240800516;18,5926404132;13,9444803099;2,3240800516;0,0000000000;2,3240800516;4,6481601033;1;7.1428571429, 0, 35.7142857143, 50, 7.1428571429, 0, 0, 0;0, 7.1428571429, 0, 0, 7.1428571429, 28.5714285714, 35.7142857143, 14.2857142857, 7.1428571429, 0, 0, 0, 0, 0, 0, 0, 0, 0, 0, 0, 0, 0, 0, 0, 0;Europe/Paris;35,0
2022-10-01T07:00:00Z;-1;9000003703;hourly;0,6086111111;4,9292560475;47,6494751255;6,5723413966;3,2861706983;1,6430853492;3,2861706983;26,2893655865;21,3601095390;4,9292560475;1,6430853492;3,2861706983;0,0000000000;1;20.6896551724, 0, 24.1379310345, 51.724137931, 3.4482758621, 0, 0, 0;13.7931034483, 6.8965517241, 0, 0, 3.4482758621, 20.6896551724, 34.4827586207, 17.2413793103, 3.4482758621, 0, 0, 0, 0, 0, 0, 0, 0, 0, 0, 0, 0, 0, 0, 0, 0;Europe/Paris;34,0
2022-10-01T08:00:00Z;-1;9000003703;hourly;0,5877777778;51,0396975425;64,6502835539;13,6105860113;8,5066162571;32,3251417769;18,7145557656;18,7145557656;45,9357277883;6,8052930057;6,8052930057;1,7013232514;6,8052930057;1;2.6315789474, 0, 23.6842105263, 42.1052631579, 28.9473684211, 0, 2.6315789474, 0;2.6315789474, 0, 0, 0, 13.1578947368, 10.5263157895, 21.0526315789, 21.0526315789, 28.9473684211, 0, 0, 0, 2.6315789474, 0, 0, 0, 0, 0, 0, 0, 0, 0, 0, 0, 0;Europe/Paris;40,5
2022-10-01T09:00:00Z;-1;9000003703;hourly;0,6180555556;12,9438202247;97,0786516854;6,4719101124;21,0337078652;6,4719101124;6,4719101124;45,3033707865;51,7752808989;3,2359550562;3,2359550562;11,3258426966;9,7078651685;1;8.3333333333, 0, 31.6666666667, 50, 10, 0, 0, 0;3.3333333333, 5, 0, 0, 3.3333333333, 28.3333333333, 26.6666666667, 23.3333333333, 6.6666666667, 3.3333333333, 0, 0, 0, 0, 0, 0, 0, 0, 0, 0, 0, 0, 0, 0, 0;Europe/Paris;36,5
2022-10-01T10:00:00Z;-1;9000003703;hourly;0,6200000000;29,0322580645;103,2258064516;6,4516129032;8,0645161290;12,9032258065;16,1290322581;50,0000000000;53,2258064516;1,6129032258;4,8387096774;4,8387096774;3,2258064516;1;3.125, 4.6875, 40.625, 34.375, 15.625, 1.5625, 0, 0;1.5625, 1.5625, 1.5625, 3.125, 14.0625, 26.5625, 25, 9.375, 9.375, 6.25, 1.5625, 0, 0, 0, 0, 0, 0, 0, 0, 0, 0, 0, 0, 0, 0;Europe/Paris;38,5
2022-10-01T11:00:00Z;-1;9000003703;hourly;0,6352777778;22,0376038478;48,7975513774;29,9081766506;3,1482291211;11,0188019239;11,0188019239;20,4634892873;28,3340620901;11,0188019239;18,8893747267;3,1482291211;0,0000000000;1;12.9032258065, 3.2258064516, 16.1290322581, 45.1612903226, 22.5806451613, 0, 0, 0;12.9032258065, 0, 0, 3.2258064516, 6.4516129032, 9.6774193548, 19.3548387097, 25.8064516129, 9.6774193548, 12.9032258065, 0, 0, 0, 0, 0, 0, 0, 0, 0, 0, 0, 0, 0, 0, 0;Europe/Paris;41,5
2022-10-01T12:00:00Z;-1;9000003703;hourly;0,6222222222;12,8571428571;43,3928571429;17,6785714286;3,2142857143;4,8214285714;8,0357142857;20,8928571429;22,5000000000;9,6428571429;8,0357142857;3,2142857143;0,0000000000;1;3.7037037037, 22.2222222222, 29.6296296296, 37.037037037, 7.4074074074, 0, 0, 0;3.7037037037, 0, 3.7037037037, 18.5185185185, 0, 29.6296296296, 25.9259259259, 11.1111111111, 0, 7.4074074074, 0, 0, 0, 0, 0, 0, 0, 0, 0, 0, 0, 0, 0, 0, 0;Europe/Paris;34,0
2022-10-01T13:00:00Z;-1;9000003703;hourly;0,6811111111;2,9363784666;55,7911908646;30,8319738989;1,4681892333;0,0000000000;2,9363784666;14,6818923328;41,1092985318;22,0228384992;8,8091353997;1,4681892333;0,0000000000;1;5.2631578947, 5.2631578947, 34.2105263158, 42.1052631579, 13.1578947368, 0, 0, 0;5.2631578947, 0, 5.2631578947, 0, 15.7894736842, 18.4210526316, 26.3157894737, 15.7894736842, 7.8947368421, 5.2631578947, 0, 0, 0, 0, 0, 0, 0, 0, 0, 0, 0, 0, 0, 0, 0;Europe/Paris;37,0
2022-10-01T14:00:00Z;-1;9000003703;hourly;0,6855555556;14,5867098865;56,8881685575;20,4213938412;2,9173419773;5,8346839546;8,7520259319;24,7974068071;32,0907617504;13,1280388979;7,2933549433;2,9173419773;0,0000000000;1;0, 17.9487179487, 58.9743589744, 17.9487179487, 5.1282051282, 0, 0, 0;0, 0, 7.6923076923, 10.2564102564, 25.641025641, 33.3333333333, 17.9487179487, 0, 0, 5.1282051282, 0, 0, 0, 0, 0, 0, 0, 0, 0, 0, 0, 0, 0, 0, 0;Europe/Paris;30,0
2022-10-01T15:00:00Z;-1;9000003703;hourly;0,6772222222;2,9532403610;60,5414273995;7,3831009024;0,0000000000;0,0000000000;2,9532403610;20,6726825267;39,8687448728;2,9532403610;4,4298605414;0,0000000000;0,0000000000;1;34.1463414634, 14.6341463415, 31.7073170732, 14.6341463415, 2.4390243902, 0, 2.4390243902, 0;21.9512195122, 12.1951219512, 7.3170731707, 7.3170731707, 2.4390243902, 29.2682926829, 9.756097561, 4.8780487805, 0, 2.4390243902, 0, 0, 2.4390243902, 0, 0, 0, 0, 0, 0, 0, 0, 0, 0, 0, 0;Europe/Paris;30,0
2022-10-01T16:00:00Z;-1;9000003703;hourly;0,6413888889;1,5591165006;79,5149415331;10,9138155045;3,1182330013;1,5591165006;0,0000000000;40,5370290169;38,9779125162;6,2364660026;4,6773495019;1,5591165006;1,5591165006;1;13.7254901961, 13.7254901961, 37.2549019608, 33.3333333333, 1.9607843137, 0, 0, 0;7.8431372549, 5.8823529412, 5.8823529412, 7.8431372549, 23.5294117647, 13.7254901961, 21.568627451, 11.7647058824, 1.9607843137, 0, 0, 0, 0, 0, 0, 0, 0, 0, 0, 0, 0, 0, 0, 0, 0;Europe/Paris;32,0
2022-10-01T17:00:00Z;-1;9000003703;hourly;0,5572222222;1,7946161515;69,9900299103;0,0000000000;5,3838484546;0,0000000000;1,7946161515;19,7407776670;50,2492522433;0,0000000000;0,0000000000;1,7946161515;3,5892323031;1;2.5641025641, 0, 33.3333333333, 56.4102564103, 7.6923076923, 0, 0, 0;2.5641025641, 0, 0, 0, 7.6923076923, 25.641025641, 35.8974358974, 20.5128205128, 5.1282051282, 2.5641025641, 0, 0, 0, 0, 0, 0, 0, 0, 0, 0, 0, 0, 0, 0, 0;Europe/Paris;35,5
2022-10-01T18:00:00Z;-1;9000003703;hourly;0,0000000000;0,0000000000;0,0000000000;0,0000000000;0,0000000000;0,0000000000;0,0000000000;0,0000000000;0,0000000000;0,0000000000;0,0000000000;0,0000000000;0,0000000000;1;0, 0, 0, 0, 0, 0, 0, 0;0, 0, 0, 0, 0, 0, 0, 0, 0, 0, 0, 0, 0, 0, 0, 0, 0, 0, 0, 0, 0, 0, 0, 0, 0;Europe/Paris;NA
2022-10-01T19:00:00Z;-1;9000003703;hourly;0,0000000000;0,0000000000;0,0000000000;0,0000000000;0,0000000000;0,0000000000;0,0000000000;0,0000000000;0,0000000000;0,0000000000;0,0000000000;0,0000000000;0,0000000000;1;0, 0, 0, 0, 0, 0, 0, 0;0, 0, 0, 0, 0, 0, 0, 0, 0, 0, 0, 0, 0, 0, 0, 0, 0, 0, 0, 0, 0, 0, 0, 0, 0;Europe/Paris;NA
2022-10-01T20:00:00Z;-1;9000003703;hourly;0,0000000000;0,0000000000;0,0000000000;0,0000000000;0,0000000000;0,0000000000;0,0000000000;0,0000000000;0,0000000000;0,0000000000;0,0000000000;0,0000000000;0,0000000000;1;0, 0, 0, 0, 0, 0, 0, 0;0, 0, 0, 0, 0, 0, 0, 0, 0, 0, 0, 0, 0, 0, 0, 0, 0, 0, 0, 0, 0, 0, 0, 0, 0;Europe/Paris;NA
2022-10-02T03:00:00Z;-1;9000003703;hourly;0,0000000000;0,0000000000;0,0000000000;0,0000000000;0,0000000000;0,0000000000;0,0000000000;0,0000000000;0,0000000000;0,0000000000;0,0000000000;0,0000000000;0,0000000000;1;0, 0, 0, 0, 0, 0, 0, 0;0, 0, 0, 0, 0, 0, 0, 0, 0, 0, 0, 0, 0, 0, 0, 0, 0, 0, 0, 0, 0, 0, 0, 0, 0;Europe/Paris;NA
2022-10-02T04:00:00Z;-1;9000003703;hourly;0,0000000000;0,0000000000;0,0000000000;0,0000000000;0,0000000000;0,0000000000;0,0000000000;0,0000000000;0,0000000000;0,0000000000;0,0000000000;0,0000000000;0,0000000000;1;0, 0, 0, 0, 0, 0, 0, 0;0, 0, 0, 0, 0, 0, 0, 0, 0, 0, 0, 0, 0, 0, 0, 0, 0, 0, 0, 0, 0, 0, 0, 0, 0;Europe/Paris;NA
2022-10-02T05:00:00Z;-1;9000003703;hourly;0,0000000000;0,0000000000;0,0000000000;0,0000000000;0,0000000000;0,0000000000;0,0000000000;0,0000000000;0,0000000000;0,0000000000;0,0000000000;0,0000000000;0,0000000000;1;0, 0, 0, 0, 0, 0, 0, 0;0, 0, 0, 0, 0, 0, 0, 0, 0, 0, 0, 0, 0, 0, 0, 0, 0, 0, 0, 0, 0, 0, 0, 0, 0;Europe/Paris;NA
2022-10-02T06:00:00Z;-1;9000003703;hourly;0,4269444444;2,3422251139;14,0533506831;2,3422251139;0,0000000000;0,0000000000;2,3422251139;9,3689004554;4,6844502277;0,0000000000;2,3422251139;0,0000000000;0,0000000000;1;0, 0, 33.3333333333, 66.6666666667, 0, 0, 0, 0;0, 0, 0, 0, 16.6666666667, 16.6666666667, 33.3333333333, 33.3333333333, 0, 0, 0, 0, 0, 0, 0, 0, 0, 0, 0, 0, 0, 0, 0, 0, 0;Europe/Paris;35,0
2022-10-02T07:00:00Z;-1;9000003703;hourly;0,6022222222;3,3210332103;19,9261992620;1,6605166052;6,6420664207;0,0000000000;3,3210332103;8,3025830258;11,6236162362;0,0000000000;1,6605166052;4,9815498155;1,6605166052;1;8.3333333333, 0, 25, 66.6666666667, 0, 0, 0, 0;8.3333333333, 0, 0, 0, 8.3333333333, 16.6666666667, 33.3333333333, 33.3333333333, 0, 0, 0, 0, 0, 0, 0, 0, 0, 0, 0, 0, 0, 0, 0, 0, 0;Europe/Paris;35,5
2022-10-02T08:00:00Z;-1;9000003703;hourly;0,6177777778;0,0000000000;38,8489208633;9,7122302158;4,8561151079;0,0000000000;0,0000000000;14,5683453237;24,2805755396;3,2374100719;6,4748201439;3,2374100719;1,6187050360;1;12.5, 4.1666666667, 41.6666666667, 25, 16.6666666667, 0, 0, 0;8.3333333333, 4.1666666667, 0, 4.1666666667, 16.6666666667, 25, 16.6666666667, 8.3333333333, 8.3333333333, 8.3333333333, 0, 0, 0, 0, 0, 0, 0, 0, 0, 0, 0, 0, 0, 0, 0;Europe/Paris;38,5
2022-10-02T09:00:00Z;-1;9000003703;hourly;0,6372222222;0,0000000000;61,2031386225;9,4158674804;9,4158674804;0,0000000000;0,0000000000;26,6782911944;34,5248474281;4,7079337402;4,7079337402;6,2772449869;3,1386224935;1;0, 5.1282051282, 41.0256410256, 35.8974358974, 15.3846153846, 2.5641025641, 0, 0;0, 0, 0, 5.1282051282, 15.3846153846, 25.641025641, 25.641025641, 10.2564102564, 10.2564102564, 5.1282051282, 2.5641025641, 0, 0, 0, 0, 0, 0, 0, 0, 0, 0, 0, 0, 0, 0;Europe/Paris;39,0
2022-10-02T10:00:00Z;-1;9000003703;hourly;0,5963888889;1,6767582673;45,2724732184;3,3535165347;5,0302748020;1,6767582673;0,0000000000;21,7978574755;23,4746157429;1,6767582673;1,6767582673;1,6767582673;3,3535165347;1;0, 0, 25.9259259259, 44.4444444444, 29.6296296296, 0, 0, 0;0, 0, 0, 0, 14.8148148148, 11.1111111111, 25.9259259259, 18.5185185185, 25.9259259259, 3.7037037037, 0, 0, 0, 0, 0, 0, 0, 0, 0, 0, 0, 0, 0, 0, 0;Europe/Paris;40,5
2022-10-02T11:00:00Z;-1;9000003703;hourly;0,6283333333;1,5915119363;27,0557029178;0,0000000000;9,5490716180;0,0000000000;1,5915119363;14,3236074271;12,7320954907;0,0000000000;0,0000000000;4,7745358090;4,7745358090;1;0, 0, 17.6470588235, 58.8235294118, 17.6470588235, 5.8823529412, 0, 0;0, 0, 0, 0, 0, 17.6470588235, 29.4117647059, 29.4117647059, 17.6470588235, 0, 5.8823529412, 0, 0, 0, 0, 0, 0, 0, 0, 0, 0, 0, 0, 0, 0;Europe/Paris;40,0
2022-10-02T12:00:00Z;-1;9000003703;hourly;0,6244444444;0,0000000000;22,4199288256;3,2028469751;3,2028469751;0,0000000000;0,0000000000;8,0071174377;14,4128113879;0,0000000000;3,2028469751;0,0000000000;3,2028469751;1;0, 0, 21.4285714286, 42.8571428571, 35.7142857143, 0, 0, 0;0, 0, 0, 0, 0, 21.4285714286, 21.4285714286, 21.4285714286, 28.5714285714, 7.1428571429, 0, 0, 0, 0, 0, 0, 0, 0, 0, 0, 0, 0, 0, 0, 0;Europe/Paris;41,0
2022-10-02T13:00:00Z;-1;9000003703;hourly;0,5833333333;5,1428571429;27,4285714286;6,8571428571;5,1428571429;0,0000000000;5,1428571429;12,0000000000;15,4285714286;5,1428571429;1,7142857143;3,4285714286;1,7142857143;1;6.25, 0, 25, 68.75, 0, 0, 0, 0;6.25, 0, 0, 0, 6.25, 18.75, 37.5, 31.25, 0, 0, 0, 0, 0, 0, 0, 0, 0, 0, 0, 0, 0, 0, 0, 0, 0;Europe/Paris;35,0
2022-10-02T14:00:00Z;-1;9000003703;hourly;0,6630555556;1,5081692501;28,6552157520;12,0653540008;6,0326770004;0,0000000000;1,5081692501;13,5735232509;15,0816925010;6,0326770004;6,0326770004;6,0326770004;0,0000000000;1;5.2631578947, 0, 31.5789473684, 47.3684210526, 10.5263157895, 0, 5.2631578947, 0;5.2631578947, 0, 0, 0, 10.5263157895, 21.0526315789, 36.8421052632, 10.5263157895, 5.2631578947, 5.2631578947, 0, 0, 0, 5.2631578947, 0, 0, 0, 0, 0, 0, 0, 0, 0, 0, 0;Europe/Paris;38,0
2022-10-02T15:00:00Z;-1;9000003703;hourly;0,6294444444;3,1774051192;27,0079435128;7,9435127979;3,1774051192;3,1774051192;0,0000000000;12,7096204766;14,2983230362;1,5887025596;6,3548102383;1,5887025596;1,5887025596;1;5.8823529412, 11.7647058824, 41.1764705882, 35.2941176471, 5.8823529412, 0, 0, 0;0, 5.8823529412, 5.8823529412, 5.8823529412, 11.7647058824, 29.4117647059, 17.6470588235, 17.6470588235, 5.8823529412, 0, 0, 0, 0, 0, 0, 0, 0, 0, 0, 0, 0, 0, 0, 0, 0;Europe/Paris;35,0
2022-10-02T16:00:00Z;-1;9000003703;hourly;0,6350000000;1,5748031496;36,2204724409;3,1496062992;4,7244094488;0,0000000000;1,5748031496;9,4488188976;26,7716535433;1,5748031496;1,5748031496;3,1496062992;1,5748031496;1;0, 0, 30.4347826087, 65.2173913043, 4.347826087, 0, 0, 0;0, 0, 0, 0, 8.6956521739, 21.7391304348, 56.5217391304, 8.6956521739, 0, 4.347826087, 0, 0, 0, 0, 0, 0, 0, 0, 0, 0, 0, 0, 0, 0, 0;Europe/Paris;32,5
2022-10-02T17:00:00Z;-1;9000003703;hourly;0,5308333333;0,0000000000;45,2119309262;3,7676609105;3,7676609105;0,0000000000;0,0000000000;24,4897959184;20,7221350078;1,8838304553;1,8838304553;0,0000000000;3,7676609105;1;0, 12.5, 58.3333333333, 25, 4.1666666667, 0, 0, 0;0, 0, 4.1666666667, 8.3333333333, 12.5, 45.8333333333, 12.5, 12.5, 4.1666666667, 0, 0, 0, 0, 0, 0, 0, 0, 0, 0, 0, 0, 0, 0, 0, 0;Europe/Paris;33,0
2022-10-02T18:00:00Z;-1;9000003703;hourly;0,0000000000;0,0000000000;0,0000000000;0,0000000000;0,0000000000;0,0000000000;0,0000000000;0,0000000000;0,0000000000;0,0000000000;0,0000000000;0,0000000000;0,0000000000;1;0, 0, 0, 0, 0, 0, 0, 0;0, 0, 0, 0, 0, 0, 0, 0, 0, 0, 0, 0, 0, 0, 0, 0, 0, 0, 0, 0, 0, 0, 0, 0, 0;Europe/Paris;NA
2022-10-02T19:00:00Z;-1;9000003703;hourly;0,0000000000;0,0000000000;0,0000000000;0,0000000000;0,0000000000;0,0000000000;0,0000000000;0,0000000000;0,0000000000;0,0000000000;0,0000000000;0,0000000000;0,0000000000;1;0, 0, 0, 0, 0, 0, 0, 0;0, 0, 0, 0, 0, 0, 0, 0, 0, 0, 0, 0, 0, 0, 0, 0, 0, 0, 0, 0, 0, 0, 0, 0, 0;Europe/Paris;NA
2022-10-02T20:00:00Z;-1;9000003703;hourly;0,0000000000;0,0000000000;0,0000000000;0,0000000000;0,0000000000;0,0000000000;0,0000000000;0,0000000000;0,0000000000;0,0000000000;0,0000000000;0,0000000000;0,0000000000;1;0, 0, 0, 0, 0, 0, 0, 0;0, 0, 0, 0, 0, 0, 0, 0, 0, 0, 0, 0, 0, 0, 0, 0, 0, 0, 0, 0, 0, 0, 0, 0, 0;Europe/Paris;NA
2022-10-03T03:00:00Z;-1;9000003703;hourly;0,0000000000;0,0000000000;0,0000000000;0,0000000000;0,0000000000;0,0000000000;0,0000000000;0,0000000000;0,0000000000;0,0000000000;0,0000000000;0,0000000000;0,0000000000;1;0, 0, 0, 0, 0, 0, 0, 0;0, 0, 0, 0, 0, 0, 0, 0, 0, 0, 0, 0, 0, 0, 0, 0, 0, 0, 0, 0, 0, 0, 0, 0, 0;Europe/Paris;NA
2022-10-03T04:00:00Z;-1;9000003703;hourly;0,0000000000;0,0000000000;0,0000000000;0,0000000000;0,0000000000;0,0000000000;0,0000000000;0,0000000000;0,0000000000;0,0000000000;0,0000000000;0,0000000000;0,0000000000;1;0, 0, 0, 0, 0, 0, 0, 0;0, 0, 0, 0, 0, 0, 0, 0, 0, 0, 0, 0, 0, 0, 0, 0, 0, 0, 0, 0, 0, 0, 0, 0, 0;Europe/Paris;NA
2022-10-03T05:00:00Z;-1;9000003703;hourly;0,0000000000;0,0000000000;0,0000000000;0,0000000000;0,0000000000;0,0000000000;0,0000000000;0,0000000000;0,0000000000;0,0000000000;0,0000000000;0,0000000000;0,0000000000;1;0, 0, 0, 0, 0, 0, 0, 0;0, 0, 0, 0, 0, 0, 0, 0, 0, 0, 0, 0, 0, 0, 0, 0, 0, 0, 0, 0, 0, 0, 0, 0, 0;Europe/Paris;NA
2022-10-03T06:00:00Z;-1;9000003703;hourly;0,2969444444;10,1028999065;90,9260991581;0,0000000000;13,4705332086;3,3676333022;6,7352666043;63,9850327409;26,9410664172;0,0000000000;0,0000000000;10,1028999065;3,3676333022;1;7.4074074074, 7.4074074074, 48.1481481481, 33.3333333333, 3.7037037037, 0, 0, 0;7.4074074074, 0, 0, 7.4074074074, 11.1111111111, 37.037037037, 25.9259259259, 7.4074074074, 3.7037037037, 0, 0, 0, 0, 0, 0, 0, 0, 0, 0, 0, 0, 0, 0, 0, 0;Europe/Paris;32,0
2022-10-03T07:00:00Z;-1;9000003703;hourly;0,6152777778;1,6252821670;35,7562076749;9,7516930023;4,8758465011;1,6252821670;0,0000000000;13,0022573363;22,7539503386;8,1264108352;1,6252821670;3,2505643341;1,6252821670;1;0, 0, 31.8181818182, 45.4545454545, 22.7272727273, 0, 0, 0;0, 0, 0, 0, 9.0909090909, 22.7272727273, 22.7272727273, 22.7272727273, 22.7272727273, 0, 0, 0, 0, 0, 0, 0, 0, 0, 0, 0, 0, 0, 0, 0, 0;Europe/Paris;39,0
2022-10-03T08:00:00Z;-1;9000003703;hourly;0,6094444444;8,2041932543;37,7392889699;8,2041932543;13,1267092069;4,9225159526;3,2816773017;11,4858705561;26,2534184139;4,9225159526;3,2816773017;3,2816773017;9,8450319052;1;4.347826087, 0, 52.1739130435, 34.7826086957, 8.6956521739, 0, 0, 0;0, 4.347826087, 0, 0, 8.6956521739, 43.4782608696, 34.7826086957, 0, 8.6956521739, 0, 0, 0, 0, 0, 0, 0, 0, 0, 0, 0, 0, 0, 0, 0, 0;Europe/Paris;31,5
2022-10-03T09:00:00Z;-1;9000003703;hourly;0,6294444444;3,1774051192;38,1288614298;3,1774051192;7,9435127979;0,0000000000;3,1774051192;14,2983230362;23,8305383936;1,5887025596;1,5887025596;4,7661076787;3,1774051192;1;4.1666666667, 4.1666666667, 29.1666666667, 50, 12.5, 0, 0, 0;4.1666666667, 0, 0, 4.1666666667, 8.3333333333, 20.8333333333, 29.1666666667, 20.8333333333, 12.5, 0, 0, 0, 0, 0, 0, 0, 0, 0, 0, 0, 0, 0, 0, 0, 0;Europe/Paris;37,0
2022-10-03T10:00:00Z;-1;9000003703;hourly;0,6191666667;8,0753701211;54,9125168237;9,6904441454;6,4602960969;4,8452220727;3,2301480485;22,6110363392;32,3014804845;4,8452220727;4,8452220727;4,8452220727;1,6150740242;1;5.8823529412, 0, 47.0588235294, 32.3529411765, 14.7058823529, 0, 0, 0;2.9411764706, 2.9411764706, 0, 0, 20.5882352941, 26.4705882353, 17.6470588235, 14.7058823529, 14.7058823529, 0, 0, 0, 0, 0, 0, 0, 0, 0, 0, 0, 0, 0, 0, 0, 0;Europe/Paris;37,5
2022-10-03T11:00:00Z;-1;9000003703;hourly;0,6116666667;0,0000000000;49,0463215259;9,8092643052;6,5395095368;0,0000000000;0,0000000000;26,1580381471;22,8882833787;1,6348773842;8,1743869210;3,2697547684;3,2697547684;1;0, 6.6666666667, 43.3333333333, 33.3333333333, 16.6666666667, 0, 0, 0;0, 0, 0, 6.6666666667, 16.6666666667, 26.6666666667, 23.3333333333, 10, 16.6666666667, 0, 0, 0, 0, 0, 0, 0, 0, 0, 0, 0, 0, 0, 0, 0, 0;Europe/Paris;38,0
2022-10-03T12:00:00Z;-1;9000003703;hourly;0,6222222222;1,6071428571;35,3571428571;4,8214285714;4,8214285714;1,6071428571;0,0000000000;14,4642857143;20,8928571429;3,2142857143;1,6071428571;3,2142857143;1,6071428571;1;4.5454545455, 0, 27.2727272727, 45.4545454545, 18.1818181818, 4.5454545455, 0, 0;4.5454545455, 0, 0, 0, 13.6363636364, 13.6363636364, 18.1818181818, 27.2727272727, 18.1818181818, 0, 0, 4.5454545455, 0, 0, 0, 0, 0, 0, 0, 0, 0, 0, 0, 0, 0;Europe/Paris;39,5
2022-10-03T13:00:00Z;-1;9000003703;hourly;0,6333333333;4,7368421053;18,9473684211;15,7894736842;1,5789473684;1,5789473684;3,1578947368;3,1578947368;15,7894736842;6,3157894737;9,4736842105;1,5789473684;0,0000000000;1;0, 0, 33.3333333333, 41.6666666667, 16.6666666667, 8.3333333333, 0, 0;0, 0, 0, 0, 0, 33.3333333333, 0, 41.6666666667, 16.6666666667, 0, 8.3333333333, 0, 0, 0, 0, 0, 0, 0, 0, 0, 0, 0, 0, 0, 0;Europe/Paris;40,5
2022-10-03T14:00:00Z;-1;9000003703;hourly;0,6519444444;7,6693651470;67,4904132936;19,9403493822;27,6097145292;1,5338730294;6,1354921176;33,7452066468;33,7452066468;6,1354921176;13,8048572646;10,7371112058;16,8726033234;1;6.8181818182, 11.3636363636, 38.6363636364, 38.6363636364, 4.5454545455, 0, 0, 0;2.2727272727, 4.5454545455, 4.5454545455, 6.8181818182, 9.0909090909, 29.5454545455, 22.7272727273, 15.9090909091, 4.5454545455, 0, 0, 0, 0, 0, 0, 0, 0, 0, 0, 0, 0, 0, 0, 0, 0;Europe/Paris;34,0
2022-10-03T15:00:00Z;-1;9000003703;hourly;0,6141666667;11,3975576662;127,0013568521;22,7951153324;35,8208955224;6,5128900950;4,8846675712;32,5644504749;94,4369063772;16,2822252374;6,5128900950;24,4233378562;11,3975576662;1;2.5641025641, 1.2820512821, 33.3333333333, 53.8461538462, 7.6923076923, 0, 0, 1.2820512821;0, 2.5641025641, 0, 1.2820512821, 6.4102564103, 26.9230769231, 33.3333333333, 20.5128205128, 7.6923076923, 0, 0, 0, 0, 0, 1.2820512821, 0, 0, 0, 0, 0, 0, 0, 0, 0, 0;Europe/Paris;36,0
2022-10-03T16:00:00Z;-1;9000003703;hourly;0,6380555556;14,1053548106;169,2642577275;0,0000000000;21,9416630387;7,8363082281;6,2690465825;48,5851110144;120,6791467131;0,0000000000;0,0000000000;6,2690465825;15,6726164562;1;1.8518518519, 2.7777777778, 33.3333333333, 51.8518518519, 10.1851851852, 0, 0, 0;1.8518518519, 0, 0.9259259259, 1.8518518519, 17.5925925926, 15.7407407407, 25.9259259259, 25.9259259259, 9.2592592593, 0.9259259259, 0, 0, 0, 0, 0, 0, 0, 0, 0, 0, 0, 0, 0, 0, 0;Europe/Paris;36,5
2022-10-03T17:00:00Z;-1;9000003703;hourly;0,4666666667;0,0000000000;111,4285714286;10,7142857143;4,2857142857;0,0000000000;0,0000000000;45,0000000000;66,4285714286;2,1428571429;8,5714285714;4,2857142857;0,0000000000;1;1.9230769231, 3.8461538462, 53.8461538462, 28.8461538462, 9.6153846154, 1.9230769231, 0, 0;0, 1.9230769231, 1.9230769231, 1.9230769231, 23.0769230769, 30.7692307692, 11.5384615385, 17.3076923077, 5.7692307692, 3.8461538462, 1.9230769231, 0, 0, 0, 0, 0, 0, 0, 0, 0, 0, 0, 0, 0, 0;Europe/Paris;36,5
2022-10-03T18:00:00Z;-1;9000003703;hourly;0,0000000000;0,0000000000;0,0000000000;0,0000000000;0,0000000000;0,0000000000;0,0000000000;0,0000000000;0,0000000000;0,0000000000;0,0000000000;0,0000000000;0,0000000000;1;0, 0, 0, 0, 0, 0, 0, 0;0, 0, 0, 0, 0, 0, 0, 0, 0, 0, 0, 0, 0, 0, 0, 0, 0, 0, 0, 0, 0, 0, 0, 0, 0;Europe/Paris;NA
2022-10-03T19:00:00Z;-1;9000003703;hourly;0,0000000000;0,0000000000;0,0000000000;0,0000000000;0,0000000000;0,0000000000;0,0000000000;0,0000000000;0,0000000000;0,0000000000;0,0000000000;0,0000000000;0,0000000000;1;0, 0, 0, 0, 0, 0, 0, 0;0, 0, 0, 0, 0, 0, 0, 0, 0, 0, 0, 0, 0, 0, 0, 0, 0, 0, 0, 0, 0, 0, 0, 0, 0;Europe/Paris;NA
2022-10-03T20:00:00Z;-1;9000003703;hourly;0,0000000000;0,0000000000;0,0000000000;0,0000000000;0,0000000000;0,0000000000;0,0000000000;0,0000000000;0,0000000000;0,0000000000;0,0000000000;0,0000000000;0,0000000000;1;0, 0, 0, 0, 0, 0, 0, 0;0, 0, 0, 0, 0, 0, 0, 0, 0, 0, 0, 0, 0, 0, 0, 0, 0, 0, 0, 0, 0, 0, 0, 0, 0;Europe/Paris;NA
2022-10-04T03:00:00Z;-1;9000003703;hourly;0,0000000000;0,0000000000;0,0000000000;0,0000000000;0,0000000000;0,0000000000;0,0000000000;0,0000000000;0,0000000000;0,0000000000;0,0000000000;0,0000000000;0,0000000000;1;0, 0, 0, 0, 0, 0, 0, 0;0, 0, 0, 0, 0, 0, 0, 0, 0, 0, 0, 0, 0, 0, 0, 0, 0, 0, 0, 0, 0, 0, 0, 0, 0;Europe/Paris;NA
2022-10-04T04:00:00Z;-1;9000003703;hourly;0,0000000000;0,0000000000;0,0000000000;0,0000000000;0,0000000000;0,0000000000;0,0000000000;0,0000000000;0,0000000000;0,0000000000;0,0000000000;0,0000000000;0,0000000000;1;0, 0, 0, 0, 0, 0, 0, 0;0, 0, 0, 0, 0, 0, 0, 0, 0, 0, 0, 0, 0, 0, 0, 0, 0, 0, 0, 0, 0, 0, 0, 0, 0;Europe/Paris;NA
2022-10-04T05:00:00Z;-1;9000003703;hourly;0,0000000000;0,0000000000;0,0000000000;0,0000000000;0,0000000000;0,0000000000;0,0000000000;0,0000000000;0,0000000000;0,0000000000;0,0000000000;0,0000000000;0,0000000000;1;0, 0, 0, 0, 0, 0, 0, 0;0, 0, 0, 0, 0, 0, 0, 0, 0, 0, 0, 0, 0, 0, 0, 0, 0, 0, 0, 0, 0, 0, 0, 0, 0;Europe/Paris;NA
2022-10-04T06:00:00Z;-1;9000003703;hourly;0,3594444444;16,6924265842;125,1931993818;0,0000000000;5,5641421947;11,1282843895;5,5641421947;91,8083462133;33,3848531685;0,0000000000;0,0000000000;2,7820710974;2,7820710974;1;0, 2.2222222222, 35.5555555556, 37.7777777778, 24.4444444444, 0, 0, 0;0, 0, 2.2222222222, 0, 8.8888888889, 26.6666666667, 24.4444444444, 13.3333333333, 20, 4.4444444444, 0, 0, 0, 0, 0, 0, 0, 0, 0, 0, 0, 0, 0, 0, 0;Europe/Paris;40,0
2022-10-04T07:00:00Z;-1;9000003703;hourly;0,6083333333;9,8630136986;34,5205479452;1,6438356164;6,5753424658;4,9315068493;4,9315068493;14,7945205479;19,7260273973;1,6438356164;0,0000000000;4,9315068493;1,6438356164;1;0, 0, 23.8095238095, 47.619047619, 28.5714285714, 0, 0, 0;0, 0, 0, 0, 4.7619047619, 19.0476190476, 33.3333333333, 14.2857142857, 19.0476190476, 9.5238095238, 0, 0, 0, 0, 0, 0, 0, 0, 0, 0, 0, 0, 0, 0, 0;Europe/Paris;41,0
2022-10-04T08:00:00Z;-1;9000003703;hourly;0,6427777778;9,3344857390;31,1149524633;7,7787381158;10,8902333621;7,7787381158;1,5557476232;9,3344857390;21,7804667243;4,6672428695;3,1114952463;3,1114952463;7,7787381158;1;0, 5, 15, 45, 25, 10, 0, 0;0, 0, 0, 5, 0, 15, 40, 5, 15, 10, 10, 0, 0, 0, 0, 0, 0, 0, 0, 0, 0, 0, 0, 0, 0;Europe/Paris;45,0
2022-10-04T09:00:00Z;-1;9000003703;hourly;0,6611111111;19,6638655462;46,8907563025;1,5126050420;4,5378151261;15,1260504202;4,5378151261;16,6386554622;30,2521008403;1,5126050420;0,0000000000;3,0252100840;1,5126050420;1;3.2258064516, 0, 29.0322580645, 58.064516129, 6.4516129032, 3.2258064516, 0, 0;3.2258064516, 0, 0, 0, 9.6774193548, 19.3548387097, 35.4838709677, 22.5806451613, 6.4516129032, 0, 3.2258064516, 0, 0, 0, 0, 0, 0, 0, 0, 0, 0, 0, 0, 0, 0;Europe/Paris;36,5
2022-10-04T10:00:00Z;-1;9000003703;hourly;0,5802777778;10,3398755385;75,8257539493;10,3398755385;6,8932503590;3,4466251795;6,8932503590;18,9564384873;56,8693154619;1,7233125898;8,6165629488;1,7233125898;5,1699377693;1;2.2727272727, 6.8181818182, 18.1818181818, 61.3636363636, 9.0909090909, 2.2727272727, 0, 0;2.2727272727, 0, 2.2727272727, 4.5454545455, 6.8181818182, 11.3636363636, 20.4545454545, 40.9090909091, 6.8181818182, 2.2727272727, 2.2727272727, 0, 0, 0, 0, 0, 0, 0, 0, 0, 0, 0, 0, 0, 0;Europe/Paris;37,0
2022-10-04T11:00:00Z;-1;9000003703;hourly;0,5869444444;10,2224325603;32,3710364411;6,8149550402;11,9261713204;5,1112162802;5,1112162802;22,1486038807;10,2224325603;3,4074775201;3,4074775201;8,5186938003;3,4074775201;1;5.2631578947, 5.2631578947, 26.3157894737, 47.3684210526, 15.7894736842, 0, 0, 0;5.2631578947, 0, 0, 5.2631578947, 0, 26.3157894737, 21.0526315789, 26.3157894737, 10.5263157895, 5.2631578947, 0, 0, 0, 0, 0, 0, 0, 0, 0, 0, 0, 0, 0, 0, 0;Europe/Paris;38,0
2022-10-04T12:00:00Z;-1;9000003703;hourly;0,6002777778;1,6658954188;34,9838037945;4,9976862564;0,0000000000;1,6658954188;0,0000000000;6,6635816752;28,3202221194;4,9976862564;0,0000000000;0,0000000000;0,0000000000;1;0, 0, 28.5714285714, 42.8571428571, 19.0476190476, 9.5238095238, 0, 0;0, 0, 0, 0, 4.7619047619, 23.8095238095, 19.0476190476, 23.8095238095, 14.2857142857, 4.7619047619, 4.7619047619, 4.7619047619, 0, 0, 0, 0, 0, 0, 0, 0, 0, 0, 0, 0, 0;Europe/Paris;42,5
2022-10-04T13:00:00Z;-1;9000003703;hourly;0,6025000000;8,2987551867;41,4937759336;1,6597510373;4,9792531120;4,9792531120;3,3195020747;21,5767634855;19,9170124481;1,6597510373;0,0000000000;3,3195020747;1,6597510373;1;0, 4, 32, 52, 12, 0, 0, 0;0, 0, 0, 4, 4, 28, 32, 20, 8, 4, 0, 0, 0, 0, 0, 0, 0, 0, 0, 0, 0, 0, 0, 0, 0;Europe/Paris;36,5
2022-10-04T14:00:00Z;-1;9000003703;hourly;0,6058333333;8,2530949106;62,7235213205;21,4580467675;46,2173314993;4,9518569464;3,3012379642;26,4099037139;36,3136176066;6,6024759285;14,8555708391;13,2049518569;33,0123796424;1;0, 7.8947368421, 44.7368421053, 44.7368421053, 2.6315789474, 0, 0, 0;0, 0, 0, 7.8947368421, 10.5263157895, 34.2105263158, 23.6842105263, 21.0526315789, 2.6315789474, 0, 0, 0, 0, 0, 0, 0, 0, 0, 0, 0, 0, 0, 0, 0, 0;Europe/Paris;34,5
2022-10-04T15:00:00Z;-1;9000003703;hourly;0,6405555556;14,0503035559;126,4527320035;6,2445793582;45,2732003469;7,8057241977;6,2445793582;29,6617519514;96,7909800520;3,1222896791;3,1222896791;28,1006071119;17,1725932350;1;4.9382716049, 3.7037037037, 22.2222222222, 51.8518518519, 13.5802469136, 2.4691358025, 0, 1.2345679012;4.9382716049, 0, 0, 3.7037037037, 3.7037037037, 18.5185185185, 30.8641975309, 20.987654321, 9.8765432099, 3.7037037037, 0, 2.4691358025, 0, 0, 1.2345679012, 0, 0, 0, 0, 0, 0, 0, 0, 0, 0;Europe/Paris;38,5
2022-10-04T16:00:00Z;-1;9000003703;hourly;0,6413888889;14,0320485058;165,2663490689;12,4729320052;14,0320485058;1,5591165006;12,4729320052;57,6873105240;107,5790385448;3,1182330013;9,3546990039;10,9138155045;3,1182330013;1;0.9433962264, 2.8301886792, 31.1320754717, 49.0566037736, 14.1509433962, 1.8867924528, 0, 0;0.9433962264, 0, 0, 2.8301886792, 9.4339622642, 21.6981132075, 33.0188679245, 16.0377358491, 12.2641509434, 1.8867924528, 1.8867924528, 0, 0, 0, 0, 0, 0, 0, 0, 0, 0, 0, 0, 0, 0;Europe/Paris;38,0
2022-10-04T17:00:00Z;-1;9000003703;hourly;0,2961111111;0,0000000000;131,7073170732;6,7542213884;10,1313320826;0,0000000000;0,0000000000;50,6566604128;81,0506566604;3,3771106942;3,3771106942;0,0000000000;10,1313320826;1;0, 5.1282051282, 41.0256410256, 51.2820512821, 2.5641025641, 0, 0, 0;0, 0, 0, 5.1282051282, 12.8205128205, 28.2051282051, 30.7692307692, 20.5128205128, 2.5641025641, 0, 0, 0, 0, 0, 0, 0, 0, 0, 0, 0, 0, 0, 0, 0, 0;Europe/Paris;34,5
2022-10-04T18:00:00Z;-1;9000003703;hourly;0,0000000000;0,0000000000;0,0000000000;0,0000000000;0,0000000000;0,0000000000;0,0000000000;0,0000000000;0,0000000000;0,0000000000;0,0000000000;0,0000000000;0,0000000000;1;0, 0, 0, 0, 0, 0, 0, 0;0, 0, 0, 0, 0, 0, 0, 0, 0, 0, 0, 0, 0, 0, 0, 0, 0, 0, 0, 0, 0, 0, 0, 0, 0;Europe/Paris;NA
2022-10-04T19:00:00Z;-1;9000003703;hourly;0,0000000000;0,0000000000;0,0000000000;0,0000000000;0,0000000000;0,0000000000;0,0000000000;0,0000000000;0,0000000000;0,0000000000;0,0000000000;0,0000000000;0,0000000000;1;0, 0, 0, 0, 0, 0, 0, 0;0, 0, 0, 0, 0, 0, 0, 0, 0, 0, 0, 0, 0, 0, 0, 0, 0, 0, 0, 0, 0, 0, 0, 0, 0;Europe/Paris;NA
2022-10-04T20:00:00Z;-1;9000003703;hourly;0,0000000000;0,0000000000;0,0000000000;0,0000000000;0,0000000000;0,0000000000;0,0000000000;0,0000000000;0,0000000000;0,0000000000;0,0000000000;0,0000000000;0,0000000000;1;0, 0, 0, 0, 0, 0, 0, 0;0, 0, 0, 0, 0, 0, 0, 0, 0, 0, 0, 0, 0, 0, 0, 0, 0, 0, 0, 0, 0, 0, 0, 0, 0;Europe/Paris;NA
2022-10-05T03:00:00Z;-1;9000003703;hourly;0,0000000000;0,0000000000;0,0000000000;0,0000000000;0,0000000000;0,0000000000;0,0000000000;0,0000000000;0,0000000000;0,0000000000;0,0000000000;0,0000000000;0,0000000000;1;0, 0, 0, 0, 0, 0, 0, 0;0, 0, 0, 0, 0, 0, 0, 0, 0, 0, 0, 0, 0, 0, 0, 0, 0, 0, 0, 0, 0, 0, 0, 0, 0;Europe/Paris;NA
2022-10-05T04:00:00Z;-1;9000003703;hourly;0,0000000000;0,0000000000;0,0000000000;0,0000000000;0,0000000000;0,0000000000;0,0000000000;0,0000000000;0,0000000000;0,0000000000;0,0000000000;0,0000000000;0,0000000000;1;0, 0, 0, 0, 0, 0, 0, 0;0, 0, 0, 0, 0, 0, 0, 0, 0, 0, 0, 0, 0, 0, 0, 0, 0, 0, 0, 0, 0, 0, 0, 0, 0;Europe/Paris;NA
2022-10-05T05:00:00Z;-1;9000003703;hourly;0,0000000000;0,0000000000;0,0000000000;0,0000000000;0,0000000000;0,0000000000;0,0000000000;0,0000000000;0,0000000000;0,0000000000;0,0000000000;0,0000000000;0,0000000000;1;0, 0, 0, 0, 0, 0, 0, 0;0, 0, 0, 0, 0, 0, 0, 0, 0, 0, 0, 0, 0, 0, 0, 0, 0, 0, 0, 0, 0, 0, 0, 0, 0;Europe/Paris;NA
2022-10-05T06:00:00Z;-1;9000003703;hourly;0,2394444444;0,0000000000;33,4106728538;4,1763341067;4,1763341067;0,0000000000;0,0000000000;20,8816705336;12,5290023202;0,0000000000;4,1763341067;4,1763341067;0,0000000000;1;0, 0, 12.5, 62.5, 25, 0, 0, 0;0, 0, 0, 0, 0, 12.5, 50, 12.5, 25, 0, 0, 0, 0, 0, 0, 0, 0, 0, 0, 0, 0, 0, 0, 0, 0;Europe/Paris;39,5
2022-10-05T07:00:00Z;-1;9000003703;hourly;0,6080555556;11,5121059845;37,8254910918;6,5783462768;3,2891731384;8,2229328460;3,2891731384;11,5121059845;26,3133851074;4,9337597076;1,6445865692;1,6445865692;1,6445865692;1;0, 0, 26.0869565217, 60.8695652174, 13.0434782609, 0, 0, 0;0, 0, 0, 0, 4.347826087, 21.7391304348, 30.4347826087, 30.4347826087, 4.347826087, 8.6956521739, 0, 0, 0, 0, 0, 0, 0, 0, 0, 0, 0, 0, 0, 0, 0;Europe/Paris;37,0
2022-10-05T08:00:00Z;-1;9000003703;hourly;0,5969444444;16,7519776640;25,1279664960;13,4015821312;10,0511865984;8,3759888320;8,3759888320;11,7263843648;13,4015821312;0,0000000000;13,4015821312;3,3503955328;6,7007910656;1;0, 13.3333333333, 20, 26.6666666667, 33.3333333333, 6.6666666667, 0, 0;0, 0, 13.3333333333, 0, 6.6666666667, 13.3333333333, 20, 6.6666666667, 26.6666666667, 6.6666666667, 6.6666666667, 0, 0, 0, 0, 0, 0, 0, 0, 0, 0, 0, 0, 0, 0;Europe/Paris;42,0
2022-10-05T09:00:00Z;-1;9000003703;hourly;0,5836111111;11,9942884341;58,2579723941;10,2808186578;13,7077582104;3,4269395526;8,5673488815;13,7077582104;44,5502141837;3,4269395526;6,8538791052;6,8538791052;6,8538791052;1;11.7647058824, 2.9411764706, 20.5882352941, 44.1176470588, 14.7058823529, 2.9411764706, 2.9411764706, 0;5.8823529412, 5.8823529412, 0, 2.9411764706, 0, 20.5882352941, 35.2941176471, 8.8235294118, 8.8235294118, 5.8823529412, 2.9411764706, 0, 2.9411764706, 0, 0, 0, 0, 0, 0, 0, 0, 0, 0, 0, 0;Europe/Paris;40,5
2022-10-05T10:00:00Z;-1;9000003703;hourly;0,6086111111;29,5755362848;70,6526700137;34,5047923323;50,9356458238;16,4308534916;13,1446827932;19,7170241899;50,9356458238;3,2861706983;31,2186216340;6,5723413966;44,3633044272;1;4.6511627907, 6.976744186, 25.5813953488, 44.1860465116, 16.2790697674, 2.3255813953, 0, 0;2.3255813953, 2.3255813953, 0, 6.976744186, 13.9534883721, 11.6279069767, 20.9302325581, 23.2558139535, 13.9534883721, 2.3255813953, 2.3255813953, 0, 0, 0, 0, 0, 0, 0, 0, 0, 0, 0, 0, 0, 0;Europe/Paris;39,0
2022-10-05T11:00:00Z;-1;9000003703;hourly;0,6002777778;18,3248496067;69,9676075891;11,6612679315;21,6566404442;4,9976862564;13,3271633503;29,9861175382;39,9814900509;3,3317908376;8,3294770939;16,6589541879;4,9976862564;1;4.7619047619, 2.380952381, 23.8095238095, 61.9047619048, 7.1428571429, 0, 0, 0;4.7619047619, 0, 0, 2.380952381, 7.1428571429, 16.6666666667, 35.7142857143, 26.1904761905, 4.7619047619, 2.380952381, 0, 0, 0, 0, 0, 0, 0, 0, 0, 0, 0, 0, 0, 0, 0;Europe/Paris;36,0
2022-10-05T12:00:00Z;-1;9000003703;hourly;0,6605555556;6,0555088310;99,9158957107;4,5416316232;9,0832632464;3,0277544155;3,0277544155;27,2497897393;72,6661059714;3,0277544155;1,5138772077;7,5693860387;1,5138772077;1;0, 1.5151515152, 28.7878787879, 42.4242424242, 27.2727272727, 0, 0, 0;0, 0, 0, 1.5151515152, 6.0606060606, 22.7272727273, 19.696969697, 22.7272727273, 18.1818181818, 9.0909090909, 0, 0, 0, 0, 0, 0, 0, 0, 0, 0, 0, 0, 0, 0, 0;Europe/Paris;41,0
2022-10-05T13:00:00Z;-1;9000003703;hourly;0,5797222222;13,7997125060;112,1226641112;12,0747484427;10,3497843795;12,0747484427;1,7249640632;62,0987062770;50,0239578342;8,6248203162;3,4499281265;5,1748921897;5,1748921897;1;1.5384615385, 4.6153846154, 38.4615384615, 44.6153846154, 10.7692307692, 0, 0, 0;0, 1.5384615385, 0, 4.6153846154, 4.6153846154, 33.8461538462, 24.6153846154, 20, 9.2307692308, 1.5384615385, 0, 0, 0, 0, 0, 0, 0, 0, 0, 0, 0, 0, 0, 0, 0;Europe/Paris;36,5
2022-10-05T14:00:00Z;-1;9000003703;hourly;0,6211111111;12,8801431127;132,0214669052;32,2003577818;9,6601073345;11,2701252236;1,6100178891;54,7406082290;77,2808586762;6,4400715564;25,7602862254;6,4400715564;3,2200357782;1;14.6341463415, 9.756097561, 35.3658536585, 24.3902439024, 10.9756097561, 4.8780487805, 0, 0;10.9756097561, 3.6585365854, 3.6585365854, 6.0975609756, 12.1951219512, 23.1707317073, 12.1951219512, 12.1951219512, 4.8780487805, 6.0975609756, 3.6585365854, 1.2195121951, 0, 0, 0, 0, 0, 0, 0, 0, 0, 0, 0, 0, 0;Europe/Paris;38,5
2022-10-05T15:00:00Z;-1;9000003703;hourly;0,5913888889;25,3640206670;121,7472992015;28,7458900892;10,1456082668;11,8365429779;13,5274776891;42,2733677783;79,4739314232;15,2184124002;13,5274776891;1,6909347111;8,4546735557;1;15.2777777778, 6.9444444444, 34.7222222222, 37.5, 5.5555555556, 0, 0, 0;12.5, 2.7777777778, 2.7777777778, 4.1666666667, 9.7222222222, 25, 19.4444444444, 18.0555555556, 2.7777777778, 2.7777777778, 0, 0, 0, 0, 0, 0, 0, 0, 0, 0, 0, 0, 0, 0, 0;Europe/Paris;35,0
2022-10-05T16:00:00Z;-1;9000003703;hourly;0,6330555556;14,2167617376;153,2250987275;3,1592803861;6,3185607723;0,0000000000;14,2167617376;48,9688459851;104,2562527424;0,0000000000;3,1592803861;1,5796401931;4,7389205792;1;7.2164948454, 4.1237113402, 26.8041237113, 43.2989690722, 14.4329896907, 3.0927835052, 0, 1.0309278351;7.2164948454, 0, 1.0309278351, 3.0927835052, 9.2783505155, 17.5257731959, 21.6494845361, 21.6494845361, 10.3092783505, 4.1237113402, 1.0309278351, 2.0618556701, 0, 0, 0, 1.0309278351, 0, 0, 0, 0, 0, 0, 0, 0, 0;Europe/Paris;39,0
2022-10-05T17:00:00Z;-1;9000003703;hourly;0,3152777778;12,6872246696;117,3568281938;3,1718061674;6,3436123348;9,5154185022;3,1718061674;63,4361233480;53,9207048458;0,0000000000;3,1718061674;6,3436123348;0,0000000000;1;5.4054054054, 5.4054054054, 40.5405405405, 37.8378378378, 8.1081081081, 2.7027027027, 0, 0;5.4054054054, 0, 2.7027027027, 2.7027027027, 18.9189189189, 21.6216216216, 18.9189189189, 18.9189189189, 5.4054054054, 2.7027027027, 2.7027027027, 0, 0, 0, 0, 0, 0, 0, 0, 0, 0, 0, 0, 0, 0;Europe/Paris;36,5
2022-10-05T18:00:00Z;-1;9000003703;hourly;0,0000000000;0,0000000000;0,0000000000;0,0000000000;0,0000000000;0,0000000000;0,0000000000;0,0000000000;0,0000000000;0,0000000000;0,0000000000;0,0000000000;0,0000000000;1;0, 0, 0, 0, 0, 0, 0, 0;0, 0, 0, 0, 0, 0, 0, 0, 0, 0, 0, 0, 0, 0, 0, 0, 0, 0, 0, 0, 0, 0, 0, 0, 0;Europe/Paris;NA
2022-10-05T19:00:00Z;-1;9000003703;hourly;0,0000000000;0,0000000000;0,0000000000;0,0000000000;0,0000000000;0,0000000000;0,0000000000;0,0000000000;0,0000000000;0,0000000000;0,0000000000;0,0000000000;0,0000000000;1;0, 0, 0, 0, 0, 0, 0, 0;0, 0, 0, 0, 0, 0, 0, 0, 0, 0, 0, 0, 0, 0, 0, 0, 0, 0, 0, 0, 0, 0, 0, 0, 0;Europe/Paris;NA
2022-10-05T20:00:00Z;-1;9000003703;hourly;0,0000000000;0,0000000000;0,0000000000;0,0000000000;0,0000000000;0,0000000000;0,0000000000;0,0000000000;0,0000000000;0,0000000000;0,0000000000;0,0000000000;0,0000000000;1;0, 0, 0, 0, 0, 0, 0, 0;0, 0, 0, 0, 0, 0, 0, 0, 0, 0, 0, 0, 0, 0, 0, 0, 0, 0, 0, 0, 0, 0, 0, 0, 0;Europe/Paris;NA
2022-10-06T03:00:00Z;-1;9000003703;hourly;0,0000000000;0,0000000000;0,0000000000;0,0000000000;0,0000000000;0,0000000000;0,0000000000;0,0000000000;0,0000000000;0,0000000000;0,0000000000;0,0000000000;0,0000000000;1;0, 0, 0, 0, 0, 0, 0, 0;0, 0, 0, 0, 0, 0, 0, 0, 0, 0, 0, 0, 0, 0, 0, 0, 0, 0, 0, 0, 0, 0, 0, 0, 0;Europe/Paris;NA
2022-10-06T04:00:00Z;-1;9000003703;hourly;0,0000000000;0,0000000000;0,0000000000;0,0000000000;0,0000000000;0,0000000000;0,0000000000;0,0000000000;0,0000000000;0,0000000000;0,0000000000;0,0000000000;0,0000000000;1;0, 0, 0, 0, 0, 0, 0, 0;0, 0, 0, 0, 0, 0, 0, 0, 0, 0, 0, 0, 0, 0, 0, 0, 0, 0, 0, 0, 0, 0, 0, 0, 0;Europe/Paris;NA
2022-10-06T05:00:00Z;-1;9000003703;hourly;0,0000000000;0,0000000000;0,0000000000;0,0000000000;0,0000000000;0,0000000000;0,0000000000;0,0000000000;0,0000000000;0,0000000000;0,0000000000;0,0000000000;0,0000000000;1;0, 0, 0, 0, 0, 0, 0, 0;0, 0, 0, 0, 0, 0, 0, 0, 0, 0, 0, 0, 0, 0, 0, 0, 0, 0, 0, 0, 0, 0, 0, 0, 0;Europe/Paris;NA
2022-10-06T06:00:00Z;-1;9000003703;hourly;0,4969444444;6,0368921185;78,4795975405;2,0122973728;26,1598658468;2,0122973728;4,0245947457;54,3320290665;24,1475684740;2,0122973728;0,0000000000;22,1352711012;4,0245947457;1;0, 0, 33.3333333333, 61.5384615385, 5.1282051282, 0, 0, 0;0, 0, 0, 0, 5.1282051282, 28.2051282051, 33.3333333333, 28.2051282051, 2.5641025641, 2.5641025641, 0, 0, 0, 0, 0, 0, 0, 0, 0, 0, 0, 0, 0, 0, 0;Europe/Paris;35,5
2022-10-06T07:00:00Z;-1;9000003703;hourly;0,6477777778;3,0874785592;16,9811320755;15,4373927959;3,0874785592;0,0000000000;3,0874785592;9,2624356775;7,7186963979;6,1749571184;9,2624356775;3,0874785592;0,0000000000;1;0, 18.1818181818, 45.4545454545, 27.2727272727, 9.0909090909, 0, 0, 0;0, 0, 9.0909090909, 9.0909090909, 9.0909090909, 36.3636363636, 9.0909090909, 18.1818181818, 9.0909090909, 0, 0, 0, 0, 0, 0, 0, 0, 0, 0, 0, 0, 0, 0, 0, 0;Europe/Paris;36,0
2022-10-06T08:00:00Z;-1;9000003703;hourly;0,6780555556;11,7984432610;39,8197460057;19,1724702991;1,4748054076;5,8992216305;5,8992216305;8,8488324457;30,9709135600;7,3740270381;11,7984432610;1,4748054076;0,0000000000;1;7.4074074074, 7.4074074074, 33.3333333333, 37.037037037, 11.1111111111, 3.7037037037, 0, 0;3.7037037037, 3.7037037037, 3.7037037037, 3.7037037037, 7.4074074074, 25.9259259259, 11.1111111111, 25.9259259259, 7.4074074074, 3.7037037037, 3.7037037037, 0, 0, 0, 0, 0, 0, 0, 0, 0, 0, 0, 0, 0, 0;Europe/Paris;37,5
2022-10-06T09:00:00Z;-1;9000003703;hourly;0,5930555556;10,1170960187;43,8407494145;6,7447306792;8,4309133489;5,0585480094;5,0585480094;15,1756440281;28,6651053864;5,0585480094;1,6861826698;6,7447306792;1,6861826698;1;11.5384615385, 0, 46.1538461538, 34.6153846154, 3.8461538462, 0, 0, 3.8461538462;7.6923076923, 3.8461538462, 0, 0, 7.6923076923, 38.4615384615, 26.9230769231, 7.6923076923, 0, 3.8461538462, 0, 0, 0, 0, 0, 0, 0, 0, 3.8461538462, 0, 0, 0, 0, 0, 0;Europe/Paris;32,5
2022-10-06T10:00:00Z;-1;9000003703;hourly;0,5955555556;11,7537313433;48,6940298507;5,0373134328;13,4328358209;5,0373134328;6,7164179104;23,5074626866;25,1865671642;0,0000000000;5,0373134328;5,0373134328;8,3955223881;1;0, 3.4482758621, 58.6206896552, 24.1379310345, 13.7931034483, 0, 0, 0;0, 0, 0, 3.4482758621, 17.2413793103, 41.3793103448, 10.3448275862, 13.7931034483, 13.7931034483, 0, 0, 0, 0, 0, 0, 0, 0, 0, 0, 0, 0, 0, 0, 0, 0;Europe/Paris;37,0
2022-10-06T11:00:00Z;-1;9000003703;hourly;0,6138888889;13,0316742081;47,2398190045;22,8054298643;3,2579185520;9,7737556561;3,2579185520;21,1764705882;26,0633484163;19,5475113122;3,2579185520;3,2579185520;0,0000000000;1;0, 3.4482758621, 51.724137931, 37.9310344828, 6.8965517241, 0, 0, 0;0, 0, 0, 3.4482758621, 10.3448275862, 41.3793103448, 24.1379310345, 13.7931034483, 3.4482758621, 3.4482758621, 0, 0, 0, 0, 0, 0, 0, 0, 0, 0, 0, 0, 0, 0, 0;Europe/Paris;34,5
2022-10-06T12:00:00Z;-1;9000003703;hourly;0,6988888889;7,1542130366;30,0476947536;8,5850556439;2,8616852146;4,2925278219;2,8616852146;12,8775834658;17,1701112878;5,7233704293;2,8616852146;1,4308426073;1,4308426073;1;9.5238095238, 4.7619047619, 47.619047619, 23.8095238095, 14.2857142857, 0, 0, 0;4.7619047619, 4.7619047619, 0, 4.7619047619, 33.3333333333, 14.2857142857, 14.2857142857, 9.5238095238, 4.7619047619, 9.5238095238, 0, 0, 0, 0, 0, 0, 0, 0, 0, 0, 0, 0, 0, 0, 0;Europe/Paris;37,0
2022-10-06T13:00:00Z;-1;9000003703;hourly;0,6600000000;12,1212121212;33,3333333333;13,6363636364;0,0000000000;7,5757575758;4,5454545455;16,6666666667;16,6666666667;3,0303030303;10,6060606061;0,0000000000;0,0000000000;1;0, 4.5454545455, 54.5454545455, 36.3636363636, 4.5454545455, 0, 0, 0;0, 0, 0, 4.5454545455, 18.1818181818, 36.3636363636, 27.2727272727, 9.0909090909, 0, 4.5454545455, 0, 0, 0, 0, 0, 0, 0, 0, 0, 0, 0, 0, 0, 0, 0;Europe/Paris;32,5
2022-10-06T14:00:00Z;-1;9000003703;hourly;0,6561111111;6,0965283658;105,1651143099;36,5791701948;9,1447925487;0,0000000000;6,0965283658;30,4826418290;74,6824724809;10,6689246401;25,9102455546;3,0482641829;6,0965283658;1;18.8405797101, 21.7391304348, 40.5797101449, 15.9420289855, 2.8985507246, 0, 0, 0;7.2463768116, 11.5942028986, 7.2463768116, 14.4927536232, 23.1884057971, 17.3913043478, 13.0434782609, 2.8985507246, 1.4492753623, 1.4492753623, 0, 0, 0, 0, 0, 0, 0, 0, 0, 0, 0, 0, 0, 0, 0;Europe/Paris;29,0
2022-10-06T15:00:00Z;-1;9000003703;hourly;0,6491666667;18,4852374840;89,3453145058;9,2426187420;7,7021822850;12,3234916560;6,1617458280;33,8896020539;55,4557124519;1,5404364570;7,7021822850;6,1617458280;1,5404364570;1;50, 20.6896551724, 20.6896551724, 8.6206896552, 0, 0, 0, 0;36.2068965517, 13.7931034483, 8.6206896552, 12.0689655172, 12.0689655172, 8.6206896552, 5.1724137931, 3.4482758621, 0, 0, 0, 0, 0, 0, 0, 0, 0, 0, 0, 0, 0, 0, 0, 0, 0;Europe/Paris;24,0
2022-10-06T16:00:00Z;-1;9000003703;hourly;0,6588888889;21,2478920742;159,3591905565;10,6239460371;21,2478920742;9,1062394604;12,1416526138;54,6374367622;104,7217537943;3,0354131535;7,5885328836;12,1416526138;9,1062394604;1;12.380952381, 8.5714285714, 47.619047619, 23.8095238095, 6.6666666667, 0.9523809524, 0, 0;12.380952381, 0, 2.8571428571, 5.7142857143, 16.1904761905, 31.4285714286, 16.1904761905, 7.619047619, 5.7142857143, 0.9523809524, 0.9523809524, 0, 0, 0, 0, 0, 0, 0, 0, 0, 0, 0, 0, 0, 0;Europe/Paris;32,5
2022-10-06T17:00:00Z;-1;9000003703;hourly;0,4183333333;4,7808764940;124,3027888446;7,1713147410;9,5617529880;2,3904382470;2,3904382470;47,8087649402;76,4940239044;4,7808764940;2,3904382470;4,7808764940;4,7808764940;1;1.9230769231, 17.3076923077, 30.7692307692, 40.3846153846, 7.6923076923, 0, 0, 1.9230769231;1.9230769231, 0, 5.7692307692, 11.5384615385, 13.4615384615, 17.3076923077, 25, 15.3846153846, 5.7692307692, 1.9230769231, 0, 0, 0, 0, 0, 0, 0, 0, 0, 1.9230769231, 0, 0, 0, 0, 0;Europe/Paris;35,5
2022-10-06T18:00:00Z;-1;9000003703;hourly;0,0000000000;0,0000000000;0,0000000000;0,0000000000;0,0000000000;0,0000000000;0,0000000000;0,0000000000;0,0000000000;0,0000000000;0,0000000000;0,0000000000;0,0000000000;1;0, 0, 0, 0, 0, 0, 0, 0;0, 0, 0, 0, 0, 0, 0, 0, 0, 0, 0, 0, 0, 0, 0, 0, 0, 0, 0, 0, 0, 0, 0, 0, 0;Europe/Paris;NA
2022-10-06T19:00:00Z;-1;9000003703;hourly;0,0000000000;0,0000000000;0,0000000000;0,0000000000;0,0000000000;0,0000000000;0,0000000000;0,0000000000;0,0000000000;0,0000000000;0,0000000000;0,0000000000;0,0000000000;1;0, 0, 0, 0, 0, 0, 0, 0;0, 0, 0, 0, 0, 0, 0, 0, 0, 0, 0, 0, 0, 0, 0, 0, 0, 0, 0, 0, 0, 0, 0, 0, 0;Europe/Paris;NA
2022-10-06T20:00:00Z;-1;9000003703;hourly;0,0000000000;0,0000000000;0,0000000000;0,0000000000;0,0000000000;0,0000000000;0,0000000000;0,0000000000;0,0000000000;0,0000000000;0,0000000000;0,0000000000;0,0000000000;1;0, 0, 0, 0, 0, 0, 0, 0;0, 0, 0, 0, 0, 0, 0, 0, 0, 0, 0, 0, 0, 0, 0, 0, 0, 0, 0, 0, 0, 0, 0, 0, 0;Europe/Paris;NA
2022-10-07T03:00:00Z;-1;9000003703;hourly;0,0000000000;0,0000000000;0,0000000000;0,0000000000;0,0000000000;0,0000000000;0,0000000000;0,0000000000;0,0000000000;0,0000000000;0,0000000000;0,0000000000;0,0000000000;1;0, 0, 0, 0, 0, 0, 0, 0;0, 0, 0, 0, 0, 0, 0, 0, 0, 0, 0, 0, 0, 0, 0, 0, 0, 0, 0, 0, 0, 0, 0, 0, 0;Europe/Paris;NA
2022-10-07T04:00:00Z;-1;9000003703;hourly;0,0000000000;0,0000000000;0,0000000000;0,0000000000;0,0000000000;0,0000000000;0,0000000000;0,0000000000;0,0000000000;0,0000000000;0,0000000000;0,0000000000;0,0000000000;1;0, 0, 0, 0, 0, 0, 0, 0;0, 0, 0, 0, 0, 0, 0, 0, 0, 0, 0, 0, 0, 0, 0, 0, 0, 0, 0, 0, 0, 0, 0, 0, 0;Europe/Paris;NA
2022-10-07T05:00:00Z;-1;9000003703;hourly;0,0000000000;0,0000000000;0,0000000000;0,0000000000;0,0000000000;0,0000000000;0,0000000000;0,0000000000;0,0000000000;0,0000000000;0,0000000000;0,0000000000;0,0000000000;1;0, 0, 0, 0, 0, 0, 0, 0;0, 0, 0, 0, 0, 0, 0, 0, 0, 0, 0, 0, 0, 0, 0, 0, 0, 0, 0, 0, 0, 0, 0, 0, 0;Europe/Paris;NA
2022-10-07T06:00:00Z;-1;9000003703;hourly;0,4066666667;12,2950819672;83,6065573770;19,6721311475;36,8852459016;9,8360655738;2,4590163934;49,1803278689;34,4262295082;14,7540983607;4,9180327869;34,4262295082;2,4590163934;1;2.9411764706, 2.9411764706, 44.1176470588, 41.1764705882, 8.8235294118, 0, 0, 0;0, 2.9411764706, 0, 2.9411764706, 8.8235294118, 35.2941176471, 29.4117647059, 11.7647058824, 8.8235294118, 0, 0, 0, 0, 0, 0, 0, 0, 0, 0, 0, 0, 0, 0, 0, 0;Europe/Paris;35,0
2022-10-07T07:00:00Z;-1;9000003703;hourly;0,6680555556;2,9937629938;10,4781704782;28,4407484407;10,4781704782;0,0000000000;2,9937629938;4,4906444906;5,9875259875;13,4719334719;14,9688149688;8,9812889813;1,4968814969;1;0, 14.2857142857, 14.2857142857, 42.8571428571, 14.2857142857, 14.2857142857, 0, 0;0, 0, 0, 14.2857142857, 14.2857142857, 0, 28.5714285714, 14.2857142857, 14.2857142857, 0, 0, 14.2857142857, 0, 0, 0, 0, 0, 0, 0, 0, 0, 0, 0, 0, 0;Europe/Paris;42,5
2022-10-07T08:00:00Z;-1;9000003703;hourly;0,6672222222;28,4762697752;31,4737718568;28,4762697752;1,4987510408;22,4812656120;5,9950041632;2,9975020816;28,4762697752;10,4912572856;17,9850124896;0,0000000000;1,4987510408;1;9.5238095238, 4.7619047619, 28.5714285714, 38.0952380952, 14.2857142857, 4.7619047619, 0, 0;9.5238095238, 0, 4.7619047619, 0, 9.5238095238, 19.0476190476, 28.5714285714, 9.5238095238, 9.5238095238, 4.7619047619, 4.7619047619, 0, 0, 0, 0, 0, 0, 0, 0, 0, 0, 0, 0, 0, 0;Europe/Paris;39,5
2022-10-07T09:00:00Z;-1;9000003703;hourly;0,6477777778;24,6998284734;35,5060034305;12,3499142367;20,0686106346;20,0686106346;4,6312178388;13,8936535163;21,6123499142;12,3499142367;0,0000000000;16,9811320755;3,0874785592;1;0, 4.347826087, 34.7826086957, 47.8260869565, 13.0434782609, 0, 0, 0;0, 0, 4.347826087, 0, 8.6956521739, 26.0869565217, 39.1304347826, 8.6956521739, 4.347826087, 8.6956521739, 0, 0, 0, 0, 0, 0, 0, 0, 0, 0, 0, 0, 0, 0, 0;Europe/Paris;36,5
2022-10-07T10:00:00Z;-1;9000003703;hourly;0,6030555556;18,2404421925;67,9871027176;9,9493321050;6,6328880700;11,6075541225;6,6328880700;11,6075541225;56,3795485951;0,0000000000;9,9493321050;1,6582220175;4,9746660525;1;0, 4.8780487805, 21.9512195122, 60.9756097561, 12.1951219512, 0, 0, 0;0, 0, 0, 4.8780487805, 7.3170731707, 14.6341463415, 34.1463414634, 26.8292682927, 9.756097561, 2.4390243902, 0, 0, 0, 0, 0, 0, 0, 0, 0, 0, 0, 0, 0, 0, 0;Europe/Paris;37,0
2022-10-07T11:00:00Z;-1;9000003703;hourly;0,6297222222;7,9400088222;55,5800617556;9,5280105867;15,8800176445;3,1760035289;4,7640052933;22,2320247022;33,3480370534;7,9400088222;1,5880017644;12,7040141156;3,1760035289;1;0, 2.8571428571, 31.4285714286, 60, 5.7142857143, 0, 0, 0;0, 0, 0, 2.8571428571, 14.2857142857, 17.1428571429, 34.2857142857, 25.7142857143, 5.7142857143, 0, 0, 0, 0, 0, 0, 0, 0, 0, 0, 0, 0, 0, 0, 0, 0;Europe/Paris;35,5
2022-10-07T12:00:00Z;-1;9000003703;hourly;0,7102777778;12,6710989441;40,8290965976;2,8157997654;1,4078998827;5,6315995307;7,0394994134;19,7105983575;21,1184982401;0,0000000000;2,8157997654;1,4078998827;0,0000000000;1;0, 3.4482758621, 34.4827586207, 51.724137931, 10.3448275862, 0, 0, 0;0, 0, 0, 3.4482758621, 6.8965517241, 27.5862068966, 41.3793103448, 10.3448275862, 6.8965517241, 3.4482758621, 0, 0, 0, 0, 0, 0, 0, 0, 0, 0, 0, 0, 0, 0, 0;Europe/Paris;35,0
2022-10-07T13:00:00Z;-1;9000003703;hourly;0,6655555556;12,0200333890;61,6026711185;16,5275459098;1,5025041736;3,0050083472;9,0150250417;27,0450751252;34,5575959933;3,0050083472;13,5225375626;1,5025041736;0,0000000000;1;2.4390243902, 4.8780487805, 46.3414634146, 39.0243902439, 7.3170731707, 0, 0, 0;2.4390243902, 0, 2.4390243902, 2.4390243902, 17.0731707317, 29.2682926829, 24.3902439024, 14.6341463415, 7.3170731707, 0, 0, 0, 0, 0, 0, 0, 0, 0, 0, 0, 0, 0, 0, 0, 0;Europe/Paris;35,0
2022-10-07T14:00:00Z;-1;9000003703;hourly;0,6888888889;20,3225806452;90,0000000000;30,4838709677;1,4516129032;5,8064516129;14,5161290323;30,4838709677;59,5161290323;14,5161290323;15,9677419355;1,4516129032;0,0000000000;1;11.2903225806, 12.9032258065, 43.5483870968, 29.0322580645, 1.6129032258, 0, 0, 1.6129032258;8.064516129, 3.2258064516, 6.4516129032, 6.4516129032, 19.3548387097, 24.1935483871, 17.7419354839, 11.2903225806, 1.6129032258, 0, 0, 0, 0, 0, 0, 0, 0, 0, 0, 0, 0, 0, 0, 0, 1.6129032258;Europe/Paris;32,5
2022-10-07T15:00:00Z;-1;9000003703;hourly;0,6802777778;16,1698652511;133,7688852593;23,5198040016;7,3499387505;13,2298897509;2,9399755002;42,6296447530;91,1392405063;16,1698652511;7,3499387505;4,4099632503;2,9399755002;1;42.8571428571, 25.2747252747, 25.2747252747, 4.3956043956, 2.1978021978, 0, 0, 0;31.8681318681, 10.989010989, 9.8901098901, 15.3846153846, 19.7802197802, 5.4945054945, 2.1978021978, 2.1978021978, 1.0989010989, 1.0989010989, 0, 0, 0, 0, 0, 0, 0, 0, 0, 0, 0, 0, 0, 0, 0;Europe/Paris;22,0
2022-10-07T16:00:00Z;-1;9000003703;hourly;0,6452777778;10,8480413259;142,5742574257;10,8480413259;10,8480413259;1,5497201894;9,2983211365;61,9888075764;80,5854498493;1,5497201894;9,2983211365;6,1988807576;4,6491605682;1;27.1739130435, 23.9130434783, 34.7826086957, 14.1304347826, 0, 0, 0, 0;17.3913043478, 9.7826086957, 6.5217391304, 17.3913043478, 20.652173913, 14.1304347826, 10.8695652174, 3.2608695652, 0, 0, 0, 0, 0, 0, 0, 0, 0, 0, 0, 0, 0, 0, 0, 0, 0;Europe/Paris;27,0
2022-10-07T17:00:00Z;-1;9000003703;hourly;0,4763888889;10,4956268222;149,0379008746;6,2973760933;4,1982507289;4,1982507289;6,2973760933;69,2711370262;79,7667638484;4,1982507289;2,0991253644;2,0991253644;2,0991253644;1;0, 14.0845070423, 46.4788732394, 35.2112676056, 4.2253521127, 0, 0, 0;0, 0, 1.4084507042, 12.676056338, 21.1267605634, 25.3521126761, 19.7183098592, 15.4929577465, 4.2253521127, 0, 0, 0, 0, 0, 0, 0, 0, 0, 0, 0, 0, 0, 0, 0, 0;Europe/Paris;34,0
2022-10-07T18:00:00Z;-1;9000003703;hourly;0,0000000000;0,0000000000;0,0000000000;0,0000000000;0,0000000000;0,0000000000;0,0000000000;0,0000000000;0,0000000000;0,0000000000;0,0000000000;0,0000000000;0,0000000000;1;0, 0, 0, 0, 0, 0, 0, 0;0, 0, 0, 0, 0, 0, 0, 0, 0, 0, 0, 0, 0, 0, 0, 0, 0, 0, 0, 0, 0, 0, 0, 0, 0;Europe/Paris;NA
2022-10-07T19:00:00Z;-1;9000003703;hourly;0,0000000000;0,0000000000;0,0000000000;0,0000000000;0,0000000000;0,0000000000;0,0000000000;0,0000000000;0,0000000000;0,0000000000;0,0000000000;0,0000000000;0,0000000000;1;0, 0, 0, 0, 0, 0, 0, 0;0, 0, 0, 0, 0, 0, 0, 0, 0, 0, 0, 0, 0, 0, 0, 0, 0, 0, 0, 0, 0, 0, 0, 0, 0;Europe/Paris;NA
2022-10-07T20:00:00Z;-1;9000003703;hourly;0,0000000000;0,0000000000;0,0000000000;0,0000000000;0,0000000000;0,0000000000;0,0000000000;0,0000000000;0,0000000000;0,0000000000;0,0000000000;0,0000000000;0,0000000000;1;0, 0, 0, 0, 0, 0, 0, 0;0, 0, 0, 0, 0, 0, 0, 0, 0, 0, 0, 0, 0, 0, 0, 0, 0, 0, 0, 0, 0, 0, 0, 0, 0;Europe/Paris;NA
2022-10-08T03:00:00Z;-1;9000003703;hourly;0,0000000000;0,0000000000;0,0000000000;0,0000000000;0,0000000000;0,0000000000;0,0000000000;0,0000000000;0,0000000000;0,0000000000;0,0000000000;0,0000000000;0,0000000000;1;0, 0, 0, 0, 0, 0, 0, 0;0, 0, 0, 0, 0, 0, 0, 0, 0, 0, 0, 0, 0, 0, 0, 0, 0, 0, 0, 0, 0, 0, 0, 0, 0;Europe/Paris;NA
2022-10-08T04:00:00Z;-1;9000003703;hourly;0,0000000000;0,0000000000;0,0000000000;0,0000000000;0,0000000000;0,0000000000;0,0000000000;0,0000000000;0,0000000000;0,0000000000;0,0000000000;0,0000000000;0,0000000000;1;0, 0, 0, 0, 0, 0, 0, 0;0, 0, 0, 0, 0, 0, 0, 0, 0, 0, 0, 0, 0, 0, 0, 0, 0, 0, 0, 0, 0, 0, 0, 0, 0;Europe/Paris;NA
2022-10-08T05:00:00Z;-1;9000003703;hourly;0,0000000000;0,0000000000;0,0000000000;0,0000000000;0,0000000000;0,0000000000;0,0000000000;0,0000000000;0,0000000000;0,0000000000;0,0000000000;0,0000000000;0,0000000000;1;0, 0, 0, 0, 0, 0, 0, 0;0, 0, 0, 0, 0, 0, 0, 0, 0, 0, 0, 0, 0, 0, 0, 0, 0, 0, 0, 0, 0, 0, 0, 0, 0;Europe/Paris;NA
2022-10-08T06:00:00Z;-1;9000003703;hourly;0,4219444444;0,0000000000;33,1797235023;2,3699802502;9,4799210007;0,0000000000;0,0000000000;21,3298222515;11,8499012508;0,0000000000;2,3699802502;4,7399605003;4,7399605003;1;0, 0, 28.5714285714, 57.1428571429, 14.2857142857, 0, 0, 0;0, 0, 0, 0, 0, 28.5714285714, 21.4285714286, 35.7142857143, 7.1428571429, 7.1428571429, 0, 0, 0, 0, 0, 0, 0, 0, 0, 0, 0, 0, 0, 0, 0;Europe/Paris;37,5
2022-10-08T07:00:00Z;-1;9000003703;hourly;0,6061111111;9,8991750687;36,2969752521;16,4986251146;3,2997250229;1,6498625115;8,2493125573;19,7983501375;16,4986251146;8,2493125573;8,2493125573;1,6498625115;1,6498625115;1;4.5454545455, 0, 18.1818181818, 63.6363636364, 13.6363636364, 0, 0, 0;4.5454545455, 0, 0, 0, 9.0909090909, 9.0909090909, 40.9090909091, 22.7272727273, 13.6363636364, 0, 0, 0, 0, 0, 0, 0, 0, 0, 0, 0, 0, 0, 0, 0, 0;Europe/Paris;37,0
2022-10-08T08:00:00Z;-1;9000003703;hourly;0,6230555556;9,6299598752;97,9045920642;17,6549264378;4,8149799376;4,8149799376;4,8149799376;44,9398127508;52,9647793134;16,0499331253;1,6049933125;1,6049933125;3,2099866251;1;9.8360655738, 9.8360655738, 19.6721311475, 49.1803278689, 8.1967213115, 3.2786885246, 0, 0;6.5573770492, 3.2786885246, 0, 9.8360655738, 11.4754098361, 8.1967213115, 31.1475409836, 18.0327868852, 6.5573770492, 1.6393442623, 1.6393442623, 1.6393442623, 0, 0, 0, 0, 0, 0, 0, 0, 0, 0, 0, 0, 0;Europe/Paris;36,5
2022-10-08T09:00:00Z;-1;9000003703;hourly;0,6202777778;4,8365427676;101,5673981191;16,1218092253;4,8365427676;3,2243618451;1,6121809225;59,6506941335;41,9167039857;6,4487236901;9,6730855352;3,2243618451;1,6121809225;1;4.7619047619, 20.6349206349, 53.9682539683, 15.873015873, 4.7619047619, 0, 0, 0;0, 4.7619047619, 12.6984126984, 7.9365079365, 30.1587301587, 23.8095238095, 11.1111111111, 4.7619047619, 4.7619047619, 0, 0, 0, 0, 0, 0, 0, 0, 0, 0, 0, 0, 0, 0, 0, 0;Europe/Paris;30,0
2022-10-08T10:00:00Z;-1;9000003703;hourly;0,5847222222;13,6817102138;140,2375296912;27,3634204276;5,1306413302;6,8408551069;6,8408551069;70,1187648456;70,1187648456;20,5225653207;6,8408551069;1,7102137767;3,4204275534;1;1.2195121951, 14.6341463415, 57.3170731707, 25.6097560976, 1.2195121951, 0, 0, 0;1.2195121951, 0, 1.2195121951, 13.4146341463, 25.6097560976, 31.7073170732, 18.2926829268, 7.3170731707, 0, 1.2195121951, 0, 0, 0, 0, 0, 0, 0, 0, 0, 0, 0, 0, 0, 0, 0;Europe/Paris;30,5
2022-10-08T11:00:00Z;-1;9000003703;hourly;0,6194444444;11,3004484305;61,3452914798;0,0000000000;3,2286995516;6,4573991031;4,8430493274;29,0582959641;32,2869955157;0,0000000000;0,0000000000;1,6143497758;1,6143497758;1;10.5263157895, 2.6315789474, 42.1052631579, 36.8421052632, 5.2631578947, 2.6315789474, 0, 0;5.2631578947, 5.2631578947, 0, 2.6315789474, 10.5263157895, 31.5789473684, 23.6842105263, 13.1578947368, 2.6315789474, 2.6315789474, 0, 2.6315789474, 0, 0, 0, 0, 0, 0, 0, 0, 0, 0, 0, 0, 0;Europe/Paris;35,0
2022-10-08T12:00:00Z;-1;9000003703;hourly;0,6711111111;8,9403973510;74,5033112583;20,8609271523;2,9801324503;7,4503311258;1,4900662252;32,7814569536;41,7218543046;17,8807947020;2,9801324503;1,4900662252;1,4900662252;1;0, 8, 46, 30, 14, 0, 2, 0;0, 0, 0, 8, 8, 38, 20, 10, 12, 2, 0, 0, 2, 0, 0, 0, 0, 0, 0, 0, 0, 0, 0, 0, 0;Europe/Paris;38,0
2022-10-08T13:00:00Z;-1;9000003703;hourly;0,6544444444;4,5840407470;61,1205432937;10,6960950764;0,0000000000;1,5280135823;3,0560271647;25,9762308998;35,1443123939;9,1680814941;1,5280135823;0,0000000000;0,0000000000;1;0, 5, 50, 40, 5, 0, 0, 0;0, 0, 2.5, 2.5, 27.5, 22.5, 27.5, 12.5, 5, 0, 0, 0, 0, 0, 0, 0, 0, 0, 0, 0, 0, 0, 0, 0, 0;Europe/Paris;33,5
2022-10-08T14:00:00Z;-1;9000003703;hourly;0,7047222222;5,6759952700;52,5029562475;15,6089869925;1,4189988175;2,8379976350;2,8379976350;24,1229798975;28,3799763500;8,5139929050;7,0949940875;1,4189988175;0,0000000000;1;2.7027027027, 10.8108108108, 59.4594594595, 21.6216216216, 5.4054054054, 0, 0, 0;0, 2.7027027027, 0, 10.8108108108, 35.1351351351, 24.3243243243, 18.9189189189, 2.7027027027, 2.7027027027, 2.7027027027, 0, 0, 0, 0, 0, 0, 0, 0, 0, 0, 0, 0, 0, 0, 0;Europe/Paris;30,5
2022-10-08T15:00:00Z;-1;9000003703;hourly;0,6388888889;3,1304347826;40,6956521739;15,6521739130;4,6956521739;0,0000000000;3,1304347826;17,2173913043;23,4782608696;9,3913043478;6,2608695652;1,5652173913;3,1304347826;1;42.3076923077, 23.0769230769, 26.9230769231, 3.8461538462, 3.8461538462, 0, 0, 0;30.7692307692, 11.5384615385, 11.5384615385, 11.5384615385, 19.2307692308, 7.6923076923, 3.8461538462, 0, 0, 3.8461538462, 0, 0, 0, 0, 0, 0, 0, 0, 0, 0, 0, 0, 0, 0, 0;Europe/Paris;23,0
2022-10-08T16:00:00Z;-1;9000003703;hourly;0,6683333333;4,4887780549;83,7905236908;13,4663341646;4,4887780549;2,9925187032;1,4962593516;32,9177057357;50,8728179551;11,9700748130;1,4962593516;2,9925187032;1,4962593516;1;10.7142857143, 8.9285714286, 44.6428571429, 28.5714285714, 3.5714285714, 3.5714285714, 0, 0;10.7142857143, 0, 3.5714285714, 5.3571428571, 10.7142857143, 33.9285714286, 16.0714285714, 12.5, 1.7857142857, 1.7857142857, 3.5714285714, 0, 0, 0, 0, 0, 0, 0, 0, 0, 0, 0, 0, 0, 0;Europe/Paris;34,5
2022-10-08T17:00:00Z;-1;9000003703;hourly;0,4683333333;2,1352313167;98,2206405694;8,5409252669;6,4056939502;2,1352313167;0,0000000000;29,8932384342;68,3274021352;6,4056939502;2,1352313167;4,2704626335;2,1352313167;1;0, 2.1739130435, 26.0869565217, 54.347826087, 15.2173913043, 2.1739130435, 0, 0;0, 0, 0, 2.1739130435, 8.6956521739, 17.3913043478, 36.9565217391, 17.3913043478, 10.8695652174, 4.347826087, 2.1739130435, 0, 0, 0, 0, 0, 0, 0, 0, 0, 0, 0, 0, 0, 0;Europe/Paris;38,5
2022-10-08T18:00:00Z;-1;9000003703;hourly;0,0000000000;0,0000000000;0,0000000000;0,0000000000;0,0000000000;0,0000000000;0,0000000000;0,0000000000;0,0000000000;0,0000000000;0,0000000000;0,0000000000;0,0000000000;1;0, 0, 0, 0, 0, 0, 0, 0;0, 0, 0, 0, 0, 0, 0, 0, 0, 0, 0, 0, 0, 0, 0, 0, 0, 0, 0, 0, 0, 0, 0, 0, 0;Europe/Paris;NA
2022-10-08T19:00:00Z;-1;9000003703;hourly;0,0000000000;0,0000000000;0,0000000000;0,0000000000;0,0000000000;0,0000000000;0,0000000000;0,0000000000;0,0000000000;0,0000000000;0,0000000000;0,0000000000;0,0000000000;1;0, 0, 0, 0, 0, 0, 0, 0;0, 0, 0, 0, 0, 0, 0, 0, 0, 0, 0, 0, 0, 0, 0, 0, 0, 0, 0, 0, 0, 0, 0, 0, 0;Europe/Paris;NA
2022-10-08T20:00:00Z;-1;9000003703;hourly;0,0000000000;0,0000000000;0,0000000000;0,0000000000;0,0000000000;0,0000000000;0,0000000000;0,0000000000;0,0000000000;0,0000000000;0,0000000000;0,0000000000;0,0000000000;1;0, 0, 0, 0, 0, 0, 0, 0;0, 0, 0, 0, 0, 0, 0, 0, 0, 0, 0, 0, 0, 0, 0, 0, 0, 0, 0, 0, 0, 0, 0, 0, 0;Europe/Paris;NA
2022-10-09T07:00:00Z;-1;9000003703;hourly;0,9277777778;1,0778443114;15,0898203593;5,3892215569;0,0000000000;0,0000000000;1,0778443114;1,0778443114;14,0119760479;4,3113772455;1,0778443114;0,0000000000;0,0000000000;1;0, 0, 21.4285714286, 35.7142857143, 28.5714285714, 7.1428571429, 7.1428571429, 0;0, 0, 0, 0, 0, 21.4285714286, 21.4285714286, 14.2857142857, 21.4285714286, 7.1428571429, 0, 7.1428571429, 0, 7.1428571429, 0, 0, 0, 0, 0, 0, 0, 0, 0, 0, 0;Europe/Paris;47,0
2022-10-09T08:00:00Z;-1;9000003703;hourly;0,7958333333;16,3350785340;40,2094240838;13,8219895288;1,2565445026;7,5392670157;8,7958115183;13,8219895288;26,3874345550;2,5130890052;11,3089005236;1,2565445026;0,0000000000;1;18.75, 9.375, 28.125, 28.125, 9.375, 6.25, 0, 0;15.625, 3.125, 0, 9.375, 18.75, 9.375, 12.5, 15.625, 0, 9.375, 6.25, 0, 0, 0, 0, 0, 0, 0, 0, 0, 0, 0, 0, 0, 0;Europe/Paris;43,0
2022-10-09T09:00:00Z;-1;9000003703;hourly;0,8152777778;7,3594548552;50,2896081772;12,2657580920;14,7189097104;2,4531516184;4,9063032368;19,6252129472;30,6643952300;4,9063032368;7,3594548552;7,3594548552;7,3594548552;1;2.4390243902, 17.0731707317, 41.4634146341, 36.5853658537, 2.4390243902, 0, 0, 0;0, 2.4390243902, 2.4390243902, 14.6341463415, 12.1951219512, 29.2682926829, 21.9512195122, 14.6341463415, 2.4390243902, 0, 0, 0, 0, 0, 0, 0, 0, 0, 0, 0, 0, 0, 0, 0, 0;Europe/Paris;33,0
2022-10-09T10:00:00Z;-1;9000003703;hourly;0,7894444444;3,8001407460;58,2688247713;15,2005629838;11,4004222379;3,8001407460;0,0000000000;24,0675580577;34,2012667136;11,4004222379;3,8001407460;5,0668543279;6,3335679099;1;2.1739130435, 15.2173913043, 43.4782608696, 34.7826086957, 4.347826087, 0, 0, 0;2.1739130435, 0, 8.6956521739, 6.5217391304, 28.2608695652, 15.2173913043, 28.2608695652, 6.5217391304, 4.347826087, 0, 0, 0, 0, 0, 0, 0, 0, 0, 0, 0, 0, 0, 0, 0, 0;Europe/Paris;32,0
2022-10-09T11:00:00Z;-1;9000003703;hourly;0,7983333333;1,2526096033;48,8517745303;12,5260960334;1,2526096033;0,0000000000;1,2526096033;20,0417536534;28,8100208768;3,7578288100;8,7682672234;1,2526096033;0,0000000000;1;0, 7.6923076923, 46.1538461538, 35.8974358974, 10.2564102564, 0, 0, 0;0, 0, 0, 7.6923076923, 17.9487179487, 28.2051282051, 15.3846153846, 20.5128205128, 7.6923076923, 2.5641025641, 0, 0, 0, 0, 0, 0, 0, 0, 0, 0, 0, 0, 0, 0, 0;Europe/Paris;36,5
2022-10-09T12:00:00Z;-1;9000003703;hourly;0,8133333333;0,0000000000;55,3278688525;7,3770491803;0,0000000000;0,0000000000;0,0000000000;31,9672131148;23,3606557377;4,9180327869;2,4590163934;0,0000000000;0,0000000000;1;2.2222222222, 11.1111111111, 60, 22.2222222222, 2.2222222222, 2.2222222222, 0, 0;0, 2.2222222222, 4.4444444444, 6.6666666667, 28.8888888889, 31.1111111111, 13.3333333333, 8.8888888889, 2.2222222222, 0, 2.2222222222, 0, 0, 0, 0, 0, 0, 0, 0, 0, 0, 0, 0, 0, 0;Europe/Paris;32,0
2022-10-09T13:00:00Z;-1;9000003703;hourly;0,8058333333;3,7228541882;62,0475698035;21,0961737332;1,2409513961;2,4819027921;1,2409513961;26,0599793175;35,9875904860;11,1685625646;9,9276111686;0,0000000000;1,2409513961;1;0, 20, 60, 16, 4, 0, 0, 0;0, 0, 8, 12, 34, 26, 10, 6, 2, 2, 0, 0, 0, 0, 0, 0, 0, 0, 0, 0, 0, 0, 0, 0, 0;Europe/Paris;30,0
2022-10-09T14:00:00Z;-1;9000003703;hourly;0,7941666667;0,0000000000;60,4407135362;28,9611752361;3,7775445960;0,0000000000;0,0000000000;39,0346274921;21,4060860441;21,4060860441;7,5550891920;2,5183630640;1,2591815320;1;4.1666666667, 29.1666666667, 60.4166666667, 6.25, 0, 0, 0, 0;2.0833333333, 2.0833333333, 4.1666666667, 25, 47.9166666667, 12.5, 4.1666666667, 2.0833333333, 0, 0, 0, 0, 0, 0, 0, 0, 0, 0, 0, 0, 0, 0, 0, 0, 0;Europe/Paris;24,0
2022-10-09T15:00:00Z;-1;9000003703;hourly;0,7902777778;1,2653778559;64,5342706503;18,9806678383;5,0615114236;0,0000000000;1,2653778559;44,2882249561;20,2460456942;10,1230228471;8,8576449912;5,0615114236;0,0000000000;1;27.4509803922, 41.1764705882, 27.4509803922, 3.9215686275, 0, 0, 0, 0;25.4901960784, 1.9607843137, 17.6470588235, 23.5294117647, 11.7647058824, 15.6862745098, 1.9607843137, 1.9607843137, 0, 0, 0, 0, 0, 0, 0, 0, 0, 0, 0, 0, 0, 0, 0, 0, 0;Europe/Paris;24,0
2022-10-09T16:00:00Z;-1;9000003703;hourly;0,7947222222;3,7749038798;95,6308982873;11,3247116393;20,1328206921;0,0000000000;3,7749038798;62,9150646627;32,7158336246;5,0332051730;6,2915064663;7,5498077595;12,5830129325;1;11.8421052632, 18.4210526316, 51.3157894737, 15.7894736842, 2.6315789474, 0, 0, 0;7.8947368421, 3.9473684211, 2.6315789474, 15.7894736842, 22.3684210526, 28.9473684211, 11.8421052632, 3.9473684211, 2.6315789474, 0, 0, 0, 0, 0, 0, 0, 0, 0, 0, 0, 0, 0, 0, 0, 0;Europe/Paris;29,0
2022-10-09T17:00:00Z;-1;9000003703;hourly;0,4105555556;0,0000000000;87,6860622463;7,3071718539;0,0000000000;0,0000000000;0,0000000000;56,0216508796;31,6644113667;4,8714479026;2,4357239513;0,0000000000;0,0000000000;1;0, 8.3333333333, 44.4444444444, 38.8888888889, 8.3333333333, 0, 0, 0;0, 0, 2.7777777778, 5.5555555556, 25, 19.4444444444, 30.5555555556, 8.3333333333, 8.3333333333, 0, 0, 0, 0, 0, 0, 0, 0, 0, 0, 0, 0, 0, 0, 0, 0;Europe/Paris;33,5
2022-10-09T18:00:00Z;-1;9000003703;hourly;0,0000000000;0,0000000000;0,0000000000;0,0000000000;0,0000000000;0,0000000000;0,0000000000;0,0000000000;0,0000000000;0,0000000000;0,0000000000;0,0000000000;0,0000000000;1;0, 0, 0, 0, 0, 0, 0, 0;0, 0, 0, 0, 0, 0, 0, 0, 0, 0, 0, 0, 0, 0, 0, 0, 0, 0, 0, 0, 0, 0, 0, 0, 0;Europe/Paris;NA
2022-10-09T19:00:00Z;-1;9000003703;hourly;0,0000000000;0,0000000000;0,0000000000;0,0000000000;0,0000000000;0,0000000000;0,0000000000;0,0000000000;0,0000000000;0,0000000000;0,0000000000;0,0000000000;0,0000000000;1;0, 0, 0, 0, 0, 0, 0, 0;0, 0, 0, 0, 0, 0, 0, 0, 0, 0, 0, 0, 0, 0, 0, 0, 0, 0, 0, 0, 0, 0, 0, 0, 0;Europe/Paris;NA
2022-10-09T20:00:00Z;-1;9000003703;hourly;0,0000000000;0,0000000000;0,0000000000;0,0000000000;0,0000000000;0,0000000000;0,0000000000;0,0000000000;0,0000000000;0,0000000000;0,0000000000;0,0000000000;0,0000000000;1;0, 0, 0, 0, 0, 0, 0, 0;0, 0, 0, 0, 0, 0, 0, 0, 0, 0, 0, 0, 0, 0, 0, 0, 0, 0, 0, 0, 0, 0, 0, 0, 0;Europe/Paris;NA
2022-10-10T08:00:00Z;-1;9000003703;hourly;0,5763888889;3,4698795181;52,0481927711;6,9397590361;3,4698795181;1,7349397590;1,7349397590;22,5542168675;29,4939759036;5,2048192771;1,7349397590;1,7349397590;1,7349397590;1;3.3333333333, 3.3333333333, 33.3333333333, 43.3333333333, 16.6666666667, 0, 0, 0;3.3333333333, 0, 0, 3.3333333333, 20, 13.3333333333, 16.6666666667, 26.6666666667, 13.3333333333, 3.3333333333, 0, 0, 0, 0, 0, 0, 0, 0, 0, 0, 0, 0, 0, 0, 0;Europe/Paris;38,0
2022-10-10T09:00:00Z;-1;9000003703;hourly;0,7900000000;5,0632911392;41,7721518987;6,3291139241;7,5949367089;3,7974683544;1,2658227848;20,2531645570;21,5189873418;3,7974683544;2,5316455696;2,5316455696;5,0632911392;1;0, 12.1212121212, 45.4545454545, 27.2727272727, 12.1212121212, 0, 3.0303030303, 0;0, 0, 0, 12.1212121212, 18.1818181818, 27.2727272727, 21.2121212121, 6.0606060606, 9.0909090909, 3.0303030303, 0, 0, 3.0303030303, 0, 0, 0, 0, 0, 0, 0, 0, 0, 0, 0, 0;Europe/Paris;37,5
2022-10-10T10:00:00Z;-1;9000003703;hourly;0,7988888889;5,0069541029;52,5730180807;8,7621696801;11,2656467316;5,0069541029;0,0000000000;21,2795549374;31,2934631433;5,0069541029;3,7552155772;5,0069541029;6,2586926287;1;0, 2.380952381, 40.4761904762, 45.2380952381, 11.9047619048, 0, 0, 0;0, 0, 2.380952381, 0, 11.9047619048, 28.5714285714, 30.9523809524, 14.2857142857, 9.5238095238, 2.380952381, 0, 0, 0, 0, 0, 0, 0, 0, 0, 0, 0, 0, 0, 0, 0;Europe/Paris;36,5
2022-10-10T11:00:00Z;-1;9000003703;hourly;0,8016666667;4,9896049896;47,4012474012;7,4844074844;8,7318087318;4,9896049896;0,0000000000;23,7006237006;23,7006237006;3,7422037422;3,7422037422;3,7422037422;4,9896049896;1;0, 5.2631578947, 31.5789473684, 50, 13.1578947368, 0, 0, 0;0, 0, 2.6315789474, 2.6315789474, 0, 31.5789473684, 28.9473684211, 21.0526315789, 10.5263157895, 2.6315789474, 0, 0, 0, 0, 0, 0, 0, 0, 0, 0, 0, 0, 0, 0, 0;Europe/Paris;37,0
2022-10-10T12:00:00Z;-1;9000003703;hourly;0,7763888889;3,8640429338;24,4722719141;9,0161001789;3,8640429338;2,5760286225;1,2880143113;12,8801431127;11,5921288014;6,4400715564;2,5760286225;2,5760286225;1,2880143113;1;0, 5.2631578947, 31.5789473684, 52.6315789474, 10.5263157895, 0, 0, 0;0, 0, 0, 5.2631578947, 5.2631578947, 26.3157894737, 26.3157894737, 26.3157894737, 5.2631578947, 5.2631578947, 0, 0, 0, 0, 0, 0, 0, 0, 0, 0, 0, 0, 0, 0, 0;Europe/Paris;36,5
2022-10-10T13:00:00Z;-1;9000003703;hourly;0,7894444444;2,5334271640;41,8015482055;2,5334271640;3,8001407460;1,2667135820;1,2667135820;17,7339901478;24,0675580577;1,2667135820;1,2667135820;0,0000000000;3,8001407460;1;6.0606060606, 6.0606060606, 27.2727272727, 48.4848484848, 12.1212121212, 0, 0, 0;3.0303030303, 3.0303030303, 0, 6.0606060606, 3.0303030303, 24.2424242424, 24.2424242424, 24.2424242424, 6.0606060606, 6.0606060606, 0, 0, 0, 0, 0, 0, 0, 0, 0, 0, 0, 0, 0, 0, 0;Europe/Paris;37,0
2022-10-10T14:00:00Z;-1;9000003703;hourly;0,7944444444;5,0349650350;94,4055944056;30,2097902098;47,8321678322;0,0000000000;5,0349650350;37,7622377622;56,6433566434;3,7762237762;26,4335664336;11,3286713287;36,5034965035;1;2.6666666667, 16, 49.3333333333, 25.3333333333, 6.6666666667, 0, 0, 0;0, 2.6666666667, 6.6666666667, 9.3333333333, 20, 29.3333333333, 20, 5.3333333333, 4, 2.6666666667, 0, 0, 0, 0, 0, 0, 0, 0, 0, 0, 0, 0, 0, 0, 0;Europe/Paris;31,5
2022-10-10T15:00:00Z;-1;9000003703;hourly;0,7994444444;22,5156358582;150,1042390549;17,5121612231;21,2647671994;16,2612925643;6,2543432940;55,0382209868;95,0660180681;7,5052119527;10,0069492703;10,0069492703;11,2578179291;1;0, 8.3333333333, 40, 42.5, 8.3333333333, 0.8333333333, 0, 0;0, 0, 1.6666666667, 6.6666666667, 19.1666666667, 20.8333333333, 23.3333333333, 19.1666666667, 5, 3.3333333333, 0.8333333333, 0, 0, 0, 0, 0, 0, 0, 0, 0, 0, 0, 0, 0, 0;Europe/Paris;36,0
2022-10-10T16:00:00Z;-1;9000003703;hourly;0,7991666667;10,0104275287;155,1616266945;8,7591240876;21,2721584984;1,2513034411;8,7591240876;48,8008342023;106,3607924922;2,5026068822;6,2565172054;6,2565172054;15,0156412930;1;1.6129032258, 3.2258064516, 37.0967741935, 50, 7.2580645161, 0.8064516129, 0, 0;1.6129032258, 0, 0.8064516129, 2.4193548387, 12.0967741935, 25, 33.064516129, 16.935483871, 4.8387096774, 2.4193548387, 0, 0.8064516129, 0, 0, 0, 0, 0, 0, 0, 0, 0, 0, 0, 0, 0;Europe/Paris;35,5
2022-10-10T17:00:00Z;-1;9000003703;hourly;0,2594444444;11,5631691649;154,1755888651;19,2719486081;3,8543897216;7,7087794433;3,8543897216;65,5246252677;88,6509635974;7,7087794433;11,5631691649;0,0000000000;3,8543897216;1;0, 7.5, 35, 52.5, 5, 0, 0, 0;0, 0, 2.5, 5, 17.5, 17.5, 35, 17.5, 5, 0, 0, 0, 0, 0, 0, 0, 0, 0, 0, 0, 0, 0, 0, 0, 0;Europe/Paris;34,5
2022-10-10T18:00:00Z;-1;9000003703;hourly;0,0000000000;0,0000000000;0,0000000000;0,0000000000;0,0000000000;0,0000000000;0,0000000000;0,0000000000;0,0000000000;0,0000000000;0,0000000000;0,0000000000;0,0000000000;1;0, 0, 0, 0, 0, 0, 0, 0;0, 0, 0, 0, 0, 0, 0, 0, 0, 0, 0, 0, 0, 0, 0, 0, 0, 0, 0, 0, 0, 0, 0, 0, 0;Europe/Paris;NA
2022-10-11T05:00:00Z;-1;9000003703;hourly;0,0000000000;0,0000000000;0,0000000000;0,0000000000;0,0000000000;0,0000000000;0,0000000000;0,0000000000;0,0000000000;0,0000000000;0,0000000000;0,0000000000;0,0000000000;1;0, 0, 0, 0, 0, 0, 0, 0;0, 0, 0, 0, 0, 0, 0, 0, 0, 0, 0, 0, 0, 0, 0, 0, 0, 0, 0, 0, 0, 0, 0, 0, 0;Europe/Paris;NA
2022-10-11T06:00:00Z;-1;9000003703;hourly;0,4363888889;6,8746021642;57,2883513686;4,5830681095;4,5830681095;4,5830681095;2,2915340547;43,5391470401;13,7492043285;2,2915340547;2,2915340547;2,2915340547;2,2915340547;1;0, 0, 8, 68, 24, 0, 0, 0;0, 0, 0, 0, 0, 8, 28, 40, 24, 0, 0, 0, 0, 0, 0, 0, 0, 0, 0, 0, 0, 0, 0, 0, 0;Europe/Paris;39,5
2022-10-11T07:00:00Z;-1;9000003703;hourly;0,7961111111;3,7683182135;32,6587578507;7,5366364271;1,2561060712;2,5122121424;1,2561060712;6,2805303559;26,3782274948;6,2805303559;1,2561060712;0,0000000000;1,2561060712;1;0, 0, 11.5384615385, 50, 26.9230769231, 11.5384615385, 0, 0;0, 0, 0, 0, 0, 11.5384615385, 26.9230769231, 23.0769230769, 15.3846153846, 11.5384615385, 11.5384615385, 0, 0, 0, 0, 0, 0, 0, 0, 0, 0, 0, 0, 0, 0;Europe/Paris;46,0
2022-10-11T08:00:00Z;-1;9000003703;hourly;0,8102777778;16,0438806993;11,1073020226;9,8731573534;1,2341446692;11,1073020226;4,9365786767;6,1707233459;4,9365786767;4,9365786767;4,9365786767;1,2341446692;0,0000000000;1;0, 0, 11.1111111111, 88.8888888889, 0, 0, 0, 0;0, 0, 0, 0, 11.1111111111, 0, 44.4444444444, 44.4444444444, 0, 0, 0, 0, 0, 0, 0, 0, 0, 0, 0, 0, 0, 0, 0, 0, 0;Europe/Paris;36,0
2022-10-11T09:00:00Z;-1;9000003703;hourly;0,8000000000;21,2500000000;27,5000000000;1,2500000000;5,0000000000;10,0000000000;11,2500000000;6,2500000000;21,2500000000;0,0000000000;1,2500000000;3,7500000000;1,2500000000;1;0, 4.5454545455, 27.2727272727, 59.0909090909, 9.0909090909, 0, 0, 0;0, 0, 0, 4.5454545455, 4.5454545455, 22.7272727273, 36.3636363636, 22.7272727273, 4.5454545455, 4.5454545455, 0, 0, 0, 0, 0, 0, 0, 0, 0, 0, 0, 0, 0, 0, 0;Europe/Paris;36,0
2022-10-11T10:00:00Z;-1;9000003703;hourly;0,8050000000;12,4223602484;43,4782608696;3,7267080745;7,4534161491;7,4534161491;4,9689440994;8,6956521739;34,7826086957;1,2422360248;2,4844720497;3,7267080745;3,7267080745;1;0, 2.8571428571, 22.8571428571, 60, 14.2857142857, 0, 0, 0;0, 0, 0, 2.8571428571, 8.5714285714, 14.2857142857, 22.8571428571, 37.1428571429, 11.4285714286, 2.8571428571, 0, 0, 0, 0, 0, 0, 0, 0, 0, 0, 0, 0, 0, 0, 0;Europe/Paris;37,5
2022-10-11T11:00:00Z;-1;9000003703;hourly;0,7994444444;10,0069492703;38,7769284225;11,2578179291;3,7526059764;8,7560806115;1,2508686588;22,5156358582;16,2612925643;10,0069492703;1,2508686588;2,5017373176;1,2508686588;1;3.2258064516, 9.6774193548, 54.8387096774, 29.0322580645, 3.2258064516, 0, 0, 0;0, 3.2258064516, 0, 9.6774193548, 19.3548387097, 35.4838709677, 22.5806451613, 6.4516129032, 3.2258064516, 0, 0, 0, 0, 0, 0, 0, 0, 0, 0, 0, 0, 0, 0, 0, 0;Europe/Paris;31,5
2022-10-11T12:00:00Z;-1;9000003703;hourly;0,8083333333;2,4742268041;42,0618556701;7,4226804124;0,0000000000;2,4742268041;0,0000000000;28,4536082474;13,6082474227;3,7113402062;3,7113402062;0,0000000000;0,0000000000;1;0, 11.7647058824, 52.9411764706, 32.3529411765, 2.9411764706, 0, 0, 0;0, 0, 2.9411764706, 8.8235294118, 23.5294117647, 29.4117647059, 17.6470588235, 14.7058823529, 2.9411764706, 0, 0, 0, 0, 0, 0, 0, 0, 0, 0, 0, 0, 0, 0, 0, 0;Europe/Paris;33,5
2022-10-11T13:00:00Z;-1;9000003703;hourly;0,8108333333;3,6998972251;56,7317574512;22,1993833505;0,0000000000;0,0000000000;3,6998972251;34,5323741007;22,1993833505;12,3329907503;9,8663926002;0,0000000000;0,0000000000;1;0, 10.8695652174, 58.6956521739, 23.9130434783, 6.5217391304, 0, 0, 0;0, 0, 0, 10.8695652174, 19.5652173913, 39.1304347826, 21.7391304348, 2.1739130435, 6.5217391304, 0, 0, 0, 0, 0, 0, 0, 0, 0, 0, 0, 0, 0, 0, 0, 0;Europe/Paris;31,0
2022-10-11T14:00:00Z;-1;9000003703;hourly;0,7813888889;6,3988624245;112,6199786705;42,2324920014;10,2381798791;1,2797724849;5,1190899396;37,1134020619;75,5065766086;7,6786349093;34,5538570921;1,2797724849;8,9584073942;1;12.5, 15.9090909091, 46.5909090909, 20.4545454545, 4.5454545455, 0, 0, 0;10.2272727273, 2.2727272727, 0, 15.9090909091, 23.8636363636, 22.7272727273, 15.9090909091, 4.5454545455, 3.4090909091, 1.1363636364, 0, 0, 0, 0, 0, 0, 0, 0, 0, 0, 0, 0, 0, 0, 0;Europe/Paris;30,5
2022-10-11T15:00:00Z;-1;9000003703;hourly;0,7588888889;10,5417276720;93,5578330893;27,6720351391;1,3177159590;9,2240117130;1,3177159590;28,9897510981;64,5680819912;13,1771595900;14,4948755490;0,0000000000;1,3177159590;1;50.7042253521, 28.1690140845, 15.4929577465, 2.8169014085, 1.4084507042, 0, 1.4084507042, 0;38.0281690141, 12.676056338, 14.0845070423, 14.0845070423, 8.4507042254, 7.0422535211, 1.4084507042, 1.4084507042, 1.4084507042, 0, 0, 0, 1.4084507042, 0, 0, 0, 0, 0, 0, 0, 0, 0, 0, 0, 0;Europe/Paris;21,0
2022-10-11T16:00:00Z;-1;9000003703;hourly;0,7813888889;8,9584073942;158,6917881266;10,2381798791;15,3572698187;0,0000000000;8,9584073942;49,9111269108;108,7806612158;5,1190899396;5,1190899396;7,6786349093;7,6786349093;1;17.7419354839, 22.5806451613, 45.1612903226, 14.5161290323, 0, 0, 0, 0;13.7096774194, 4.0322580645, 10.4838709677, 12.0967741935, 22.5806451613, 22.5806451613, 8.8709677419, 5.6451612903, 0, 0, 0, 0, 0, 0, 0, 0, 0, 0, 0, 0, 0, 0, 0, 0, 0;Europe/Paris;27,5
2022-10-11T17:00:00Z;-1;9000003703;hourly;0,4283333333;4,6692607004;102,7237354086;4,6692607004;11,6731517510;0,0000000000;4,6692607004;35,0194552529;67,7042801556;0,0000000000;4,6692607004;0,0000000000;11,6731517510;1;0, 4.5454545455, 56.8181818182, 34.0909090909, 4.5454545455, 0, 0, 0;0, 0, 2.2727272727, 2.2727272727, 18.1818181818, 38.6363636364, 27.2727272727, 6.8181818182, 4.5454545455, 0, 0, 0, 0, 0, 0, 0, 0, 0, 0, 0, 0, 0, 0, 0, 0;Europe/Paris;32,0
2022-10-11T18:00:00Z;-1;9000003703;hourly;0,0000000000;0,0000000000;0,0000000000;0,0000000000;0,0000000000;0,0000000000;0,0000000000;0,0000000000;0,0000000000;0,0000000000;0,0000000000;0,0000000000;0,0000000000;1;0, 0, 0, 0, 0, 0, 0, 0;0, 0, 0, 0, 0, 0, 0, 0, 0, 0, 0, 0, 0, 0, 0, 0, 0, 0, 0, 0, 0, 0, 0, 0, 0;Europe/Paris;NA
2022-10-12T10:00:00Z;-1;9000003703;hourly;0,9077777778;14,3206854345;25,3365973072;6,6095471236;6,6095471236;8,8127294982;5,5079559364;7,7111383109;17,6254589963;3,3047735618;3,3047735618;6,6095471236;0,0000000000;1;0, 0, 30.4347826087, 60.8695652174, 8.6956521739, 0, 0, 0;0, 0, 0, 0, 8.6956521739, 21.7391304348, 39.1304347826, 21.7391304348, 8.6956521739, 0, 0, 0, 0, 0, 0, 0, 0, 0, 0, 0, 0, 0, 0, 0, 0;Europe/Paris;36,0
2022-10-12T11:00:00Z;-1;9000003703;hourly;0,7783333333;15,4175588865;69,3790149893;7,7087794433;12,8479657388;6,4239828694;8,9935760171;28,2655246253;41,1134903640;2,5695931478;5,1391862955;6,4239828694;6,4239828694;1;3.7037037037, 7.4074074074, 33.3333333333, 40.7407407407, 12.962962963, 0, 0, 1.8518518519;1.8518518519, 1.8518518519, 3.7037037037, 3.7037037037, 12.962962963, 20.3703703704, 35.1851851852, 5.5555555556, 11.1111111111, 1.8518518519, 0, 0, 0, 0, 0, 0, 1.8518518519, 0, 0, 0, 0, 0, 0, 0, 0;Europe/Paris;37,5
2022-10-12T12:00:00Z;-1;9000003703;hourly;0,7608333333;6,5717415115;61,7743702081;21,0295728368;3,9430449069;3,9430449069;2,6286966046;24,9726177437;36,8017524644;11,8291347207;9,2004381161;2,6286966046;1,3143483023;1;6.3829787234, 8.5106382979, 36.170212766, 40.4255319149, 6.3829787234, 2.1276595745, 0, 0;6.3829787234, 0, 2.1276595745, 6.3829787234, 6.3829787234, 29.7872340426, 21.2765957447, 19.1489361702, 4.2553191489, 2.1276595745, 2.1276595745, 0, 0, 0, 0, 0, 0, 0, 0, 0, 0, 0, 0, 0, 0;Europe/Paris;36,0
2022-10-12T13:00:00Z;-1;9000003703;hourly;0,7586111111;3,9545953863;38,2277554010;11,8637861589;9,2273892347;2,6363969242;1,3181984621;23,7275723178;14,5001830831;7,9091907726;3,9545953863;2,6363969242;6,5909923105;1;0, 6.8965517241, 58.6206896552, 34.4827586207, 0, 0, 0, 0;0, 0, 3.4482758621, 3.4482758621, 41.3793103448, 17.2413793103, 34.4827586207, 0, 0, 0, 0, 0, 0, 0, 0, 0, 0, 0, 0, 0, 0, 0, 0, 0, 0;Europe/Paris;30,5
2022-10-12T14:00:00Z;-1;9000003703;hourly;0,7830555556;10,2163887904;95,7786449095;11,4934373891;15,3245831855;5,1081943952;5,1081943952;39,5885065626;56,1901383469;5,1081943952;6,3852429940;8,9393401916;6,3852429940;1;6.6666666667, 5.3333333333, 44, 41.3333333333, 2.6666666667, 0, 0, 0;6.6666666667, 0, 2.6666666667, 2.6666666667, 16, 28, 29.3333333333, 12, 2.6666666667, 0, 0, 0, 0, 0, 0, 0, 0, 0, 0, 0, 0, 0, 0, 0, 0;Europe/Paris;32,5
2022-10-12T15:00:00Z;-1;9000003703;hourly;0,7997222222;6,2521708927;138,7981938173;20,0069468565;16,2556443209;2,5008683571;3,7513025356;48,7669329628;90,0312608545;11,2539076068;8,7530392497;6,2521708927;10,0034734283;1;10.8108108108, 10.8108108108, 36.9369369369, 32.4324324324, 9.009009009, 0, 0, 0;9.9099099099, 0.9009009009, 3.6036036036, 7.2072072072, 17.1171171171, 19.8198198198, 20.7207207207, 11.7117117117, 7.2072072072, 1.8018018018, 0, 0, 0, 0, 0, 0, 0, 0, 0, 0, 0, 0, 0, 0, 0;Europe/Paris;35,0
2022-10-12T16:00:00Z;-1;9000003703;hourly;0,7941666667;7,5550891920;149,8426023085;12,5918153200;23,9244491081;0,0000000000;7,5550891920;51,6264428122;98,2161594963;6,2959076600;6,2959076600;7,5550891920;16,3693599161;1;0.8403361345, 6.7226890756, 38.6554621849, 40.3361344538, 13.4453781513, 0, 0, 0;0.8403361345, 0, 0.8403361345, 5.8823529412, 14.2857142857, 24.3697478992, 26.8907563025, 13.4453781513, 10.0840336134, 3.3613445378, 0, 0, 0, 0, 0, 0, 0, 0, 0, 0, 0, 0, 0, 0, 0;Europe/Paris;37,0
2022-10-12T17:00:00Z;-1;9000003703;hourly;0,2997222222;23,3549582947;216,8674698795;6,6728452271;3,3364226135;0,0000000000;23,3549582947;76,7377201112;140,1297497683;0,0000000000;6,6728452271;0,0000000000;3,3364226135;1;0, 9.2307692308, 43.0769230769, 41.5384615385, 6.1538461538, 0, 0, 0;0, 0, 1.5384615385, 7.6923076923, 21.5384615385, 21.5384615385, 29.2307692308, 12.3076923077, 4.6153846154, 1.5384615385, 0, 0, 0, 0, 0, 0, 0, 0, 0, 0, 0, 0, 0, 0, 0;Europe/Paris;34,0
2022-10-12T18:00:00Z;-1;9000003703;hourly;0,0000000000;0,0000000000;0,0000000000;0,0000000000;0,0000000000;0,0000000000;0,0000000000;0,0000000000;0,0000000000;0,0000000000;0,0000000000;0,0000000000;0,0000000000;1;0, 0, 0, 0, 0, 0, 0, 0;0, 0, 0, 0, 0, 0, 0, 0, 0, 0, 0, 0, 0, 0, 0, 0, 0, 0, 0, 0, 0, 0, 0, 0, 0;Europe/Paris;NA
2022-10-13T05:00:00Z;-1;9000003703;hourly;0,0000000000;0,0000000000;0,0000000000;0,0000000000;0,0000000000;0,0000000000;0,0000000000;0,0000000000;0,0000000000;0,0000000000;0,0000000000;0,0000000000;0,0000000000;1;0, 0, 0, 0, 0, 0, 0, 0;0, 0, 0, 0, 0, 0, 0, 0, 0, 0, 0, 0, 0, 0, 0, 0, 0, 0, 0, 0, 0, 0, 0, 0, 0;Europe/Paris;NA
2022-10-13T06:00:00Z;-1;9000003703;hourly;0,1758333333;5,6872037915;11,3744075829;0,0000000000;17,0616113744;5,6872037915;0,0000000000;5,6872037915;5,6872037915;0,0000000000;0,0000000000;17,0616113744;0,0000000000;1;0, 0, 0, 50, 50, 0, 0, 0;0, 0, 0, 0, 0, 0, 0, 50, 50, 0, 0, 0, 0, 0, 0, 0, 0, 0, 0, 0, 0, 0, 0, 0, 0;Europe/Paris;41,0
2022-10-13T07:00:00Z;-1;9000003703;hourly;0,7988888889;3,7552155772;43,8108484006;5,0069541029;6,2586926287;0,0000000000;3,7552155772;25,0347705146;18,7760778860;3,7552155772;1,2517385257;5,0069541029;1,2517385257;1;2.8571428571, 0, 40, 37.1428571429, 20, 0, 0, 0;2.8571428571, 0, 0, 0, 11.4285714286, 28.5714285714, 25.7142857143, 11.4285714286, 14.2857142857, 5.7142857143, 0, 0, 0, 0, 0, 0, 0, 0, 0, 0, 0, 0, 0, 0, 0;Europe/Paris;39,0
2022-10-13T08:00:00Z;-1;9000003703;hourly;0,7872222222;10,1623147495;31,7572335921;3,8108680311;2,5405786874;3,8108680311;6,3514467184;10,1623147495;21,5949188426;2,5405786874;1,2702893437;1,2702893437;1,2702893437;1;0, 8, 16, 56, 20, 0, 0, 0;0, 0, 0, 8, 0, 16, 32, 24, 16, 4, 0, 0, 0, 0, 0, 0, 0, 0, 0, 0, 0, 0, 0, 0, 0;Europe/Paris;39,0
2022-10-13T09:00:00Z;-1;9000003703;hourly;0,7966666667;7,5313807531;32,6359832636;5,0209205021;10,0418410042;3,7656903766;3,7656903766;20,0836820084;12,5523012552;1,2552301255;3,7656903766;2,5104602510;7,5313807531;1;0, 0, 30.7692307692, 61.5384615385, 7.6923076923, 0, 0, 0;0, 0, 0, 0, 3.8461538462, 26.9230769231, 42.3076923077, 19.2307692308, 3.8461538462, 3.8461538462, 0, 0, 0, 0, 0, 0, 0, 0, 0, 0, 0, 0, 0, 0, 0;Europe/Paris;35,5
2022-10-13T10:00:00Z;-1;9000003703;hourly;0,7875000000;10,1587301587;55,8730158730;8,8888888889;7,6190476190;2,5396825397;7,6190476190;19,0476190476;36,8253968254;1,2698412698;7,6190476190;2,5396825397;5,0793650794;1;2.2727272727, 6.8181818182, 31.8181818182, 38.6363636364, 13.6363636364, 6.8181818182, 0, 0;2.2727272727, 0, 0, 6.8181818182, 18.1818181818, 13.6363636364, 15.9090909091, 22.7272727273, 13.6363636364, 0, 6.8181818182, 0, 0, 0, 0, 0, 0, 0, 0, 0, 0, 0, 0, 0, 0;Europe/Paris;39,5
2022-10-13T11:00:00Z;-1;9000003703;hourly;0,7783333333;11,5631691649;52,6766595289;3,8543897216;3,8543897216;6,4239828694;5,1391862955;24,4111349036;28,2655246253;1,2847965739;2,5695931478;2,5695931478;1,2847965739;1;2.4390243902, 2.4390243902, 34.1463414634, 41.4634146341, 19.512195122, 0, 0, 0;2.4390243902, 0, 2.4390243902, 0, 14.6341463415, 19.512195122, 26.8292682927, 14.6341463415, 12.1951219512, 7.3170731707, 0, 0, 0, 0, 0, 0, 0, 0, 0, 0, 0, 0, 0, 0, 0;Europe/Paris;39,5
2022-10-13T12:00:00Z;-1;9000003703;hourly;0,7688888889;11,7052023121;19,5086705202;10,4046242775;6,5028901734;5,2023121387;6,5028901734;6,5028901734;13,0057803468;5,2023121387;5,2023121387;1,3005780347;5,2023121387;1;0, 0, 6.6666666667, 80, 13.3333333333, 0, 0, 0;0, 0, 0, 0, 0, 6.6666666667, 40, 40, 13.3333333333, 0, 0, 0, 0, 0, 0, 0, 0, 0, 0, 0, 0, 0, 0, 0, 0;Europe/Paris;37,5
2022-10-13T13:00:00Z;-1;9000003703;hourly;0,7747222222;6,4539261384;36,1419863750;7,7447113661;24,5249193259;1,2907852277;5,1631409107;12,9078522768;23,2341340982;6,4539261384;1,2907852277;12,9078522768;11,6170670491;1;0, 0, 35.7142857143, 42.8571428571, 21.4285714286, 0, 0, 0;0, 0, 0, 0, 7.1428571429, 28.5714285714, 21.4285714286, 21.4285714286, 7.1428571429, 14.2857142857, 0, 0, 0, 0, 0, 0, 0, 0, 0, 0, 0, 0, 0, 0, 0;Europe/Paris;42,0
2022-10-13T14:00:00Z;-1;9000003703;hourly;0,7861111111;15,2650176678;83,9575971731;30,5300353357;52,1554770318;3,8162544170;11,4487632509;43,2508833922;40,7067137809;13,9929328622;16,5371024735;13,9929328622;38,1625441696;1;7.5757575758, 9.0909090909, 34.8484848485, 40.9090909091, 7.5757575758, 0, 0, 0;6.0606060606, 1.5151515152, 1.5151515152, 7.5757575758, 18.1818181818, 16.6666666667, 28.7878787879, 12.1212121212, 6.0606060606, 1.5151515152, 0, 0, 0, 0, 0, 0, 0, 0, 0, 0, 0, 0, 0, 0, 0;Europe/Paris;34,5
2022-10-13T15:00:00Z;-1;9000003703;hourly;0,8030555556;23,6596333449;119,5434105846;14,9429263231;12,4524386026;14,9429263231;8,7167070218;39,8478035282;79,6956070564;8,7167070218;6,2262193013;7,4714631615;4,9809754410;1;2.0833333333, 6.25, 26.0416666667, 57.2916666667, 8.3333333333, 0, 0, 0;1.0416666667, 1.0416666667, 1.0416666667, 5.2083333333, 12.5, 13.5416666667, 32.2916666667, 25, 6.25, 2.0833333333, 0, 0, 0, 0, 0, 0, 0, 0, 0, 0, 0, 0, 0, 0, 0;Europe/Paris;36,0
2022-10-13T16:00:00Z;-1;9000003703;hourly;0,7925000000;22,7129337539;123,6593059937;11,3564668770;16,4037854890;7,5709779180;15,1419558360;40,3785488959;83,2807570978;3,7854889590;7,5709779180;2,5236593060;13,8801261830;1;2.0408163265, 2.0408163265, 19.387755102, 57.1428571429, 18.3673469388, 0, 1.0204081633, 0;1.0204081633, 1.0204081633, 0, 2.0408163265, 5.1020408163, 14.2857142857, 35.7142857143, 21.4285714286, 11.2244897959, 7.1428571429, 0, 0, 1.0204081633, 0, 0, 0, 0, 0, 0, 0, 0, 0, 0, 0, 0;Europe/Paris;39,5
2022-10-13T17:00:00Z;-1;9000003703;hourly;0,1683333333;23,7623762376;160,3960396040;11,8811881188;0,0000000000;5,9405940594;17,8217821782;53,4653465347;106,9306930693;5,9405940594;5,9405940594;0,0000000000;0,0000000000;1;0, 3.7037037037, 33.3333333333, 59.2592592593, 0, 3.7037037037, 0, 0;0, 0, 3.7037037037, 0, 18.5185185185, 14.8148148148, 51.8518518519, 7.4074074074, 0, 0, 0, 3.7037037037, 0, 0, 0, 0, 0, 0, 0, 0, 0, 0, 0, 0, 0;Europe/Paris;32,0
2022-10-13T18:00:00Z;-1;9000003703;hourly;0,0000000000;0,0000000000;0,0000000000;0,0000000000;0,0000000000;0,0000000000;0,0000000000;0,0000000000;0,0000000000;0,0000000000;0,0000000000;0,0000000000;0,0000000000;1;0, 0, 0, 0, 0, 0, 0, 0;0, 0, 0, 0, 0, 0, 0, 0, 0, 0, 0, 0, 0, 0, 0, 0, 0, 0, 0, 0, 0, 0, 0, 0, 0;Europe/Paris;NA
2022-10-14T09:00:00Z;-1;9000003703;hourly;0,8702777778;11,4905841047;24,1302266199;6,8943504628;29,8755186722;9,1924672838;2,2981168209;9,1924672838;14,9377593361;4,5962336419;2,2981168209;27,5774018513;2,2981168209;1;9.5238095238, 0, 4.7619047619, 66.6666666667, 19.0476190476, 0, 0, 0;4.7619047619, 4.7619047619, 0, 0, 0, 4.7619047619, 23.8095238095, 42.8571428571, 19.0476190476, 0, 0, 0, 0, 0, 0, 0, 0, 0, 0, 0, 0, 0, 0, 0, 0;Europe/Paris;38,5
2022-10-14T10:00:00Z;-1;9000003703;hourly;0,7702777778;15,5787955283;50,6310854670;7,7893977642;7,7893977642;11,6840966462;3,8946988821;14,2805625676;36,3505228994;3,8946988821;3,8946988821;0,0000000000;7,7893977642;1;5.1282051282, 0, 17.9487179487, 48.7179487179, 28.2051282051, 0, 0, 0;5.1282051282, 0, 0, 0, 2.5641025641, 15.3846153846, 17.9487179487, 30.7692307692, 17.9487179487, 10.2564102564, 0, 0, 0, 0, 0, 0, 0, 0, 0, 0, 0, 0, 0, 0, 0;Europe/Paris;41,0
2022-10-14T11:00:00Z;-1;9000003703;hourly;0,7736111111;23,2675044883;34,9012567325;15,5116696589;6,4631956912;15,5116696589;7,7558348294;12,9263913824;21,9748653501;9,0484739677;6,4631956912;5,1705565530;1,2926391382;1;3.7037037037, 0, 3.7037037037, 48.1481481481, 37.037037037, 7.4074074074, 0, 0;3.7037037037, 0, 0, 0, 0, 3.7037037037, 14.8148148148, 33.3333333333, 25.9259259259, 11.1111111111, 7.4074074074, 0, 0, 0, 0, 0, 0, 0, 0, 0, 0, 0, 0, 0, 0;Europe/Paris;44,0
2022-10-14T12:00:00Z;-1;9000003703;hourly;0,7875000000;6,3492063492;35,5555555556;2,5396825397;2,5396825397;5,0793650794;1,2698412698;15,2380952381;20,3174603175;0,0000000000;2,5396825397;0,0000000000;2,5396825397;1;0, 0, 17.8571428571, 57.1428571429, 25, 0, 0, 0;0, 0, 0, 0, 0, 17.8571428571, 21.4285714286, 35.7142857143, 14.2857142857, 10.7142857143, 0, 0, 0, 0, 0, 0, 0, 0, 0, 0, 0, 0, 0, 0, 0;Europe/Paris;41,0
2022-10-14T13:00:00Z;-1;9000003703;hourly;0,7827777778;5,1100070972;39,6025550035;2,5550035486;6,3875088715;3,8325053229;1,2775017743;12,7750177431;26,8275372605;0,0000000000;2,5550035486;3,8325053229;2,5550035486;1;9.6774193548, 0, 41.935483871, 35.4838709677, 12.9032258065, 0, 0, 0;3.2258064516, 6.4516129032, 0, 0, 9.6774193548, 32.2580645161, 9.6774193548, 25.8064516129, 12.9032258065, 0, 0, 0, 0, 0, 0, 0, 0, 0, 0, 0, 0, 0, 0, 0, 0;Europe/Paris;37,0
2022-10-14T14:00:00Z;-1;9000003703;hourly;0,7897222222;17,7277523743;108,8990502990;20,2602884277;46,8519169891;6,3313401337;11,3964122406;60,7808652832;48,1181850158;5,0650721069;15,1952163208;18,9940204010;27,8578965881;1;10.4651162791, 2.3255813953, 30.2325581395, 46.511627907, 10.4651162791, 0, 0, 0;6.976744186, 3.488372093, 2.3255813953, 0, 5.8139534884, 24.4186046512, 27.9069767442, 18.6046511628, 8.1395348837, 2.3255813953, 0, 0, 0, 0, 0, 0, 0, 0, 0, 0, 0, 0, 0, 0, 0;Europe/Paris;36,5
2022-10-14T15:00:00Z;-1;9000003703;hourly;0,7925000000;39,1167192429;108,5173501577;10,0946372240;10,0946372240;22,7129337539;16,4037854890;23,9747634069;84,5425867508;5,0473186120;5,0473186120;3,7854889590;6,3091482650;1;5.8139534884, 2.3255813953, 23.2558139535, 39.5348837209, 27.9069767442, 1.1627906977, 0, 0;4.6511627907, 1.1627906977, 1.1627906977, 1.1627906977, 6.976744186, 16.2790697674, 24.4186046512, 15.1162790698, 23.2558139535, 4.6511627907, 1.1627906977, 0, 0, 0, 0, 0, 0, 0, 0, 0, 0, 0, 0, 0, 0;Europe/Paris;40,5
2022-10-14T16:00:00Z;-1;9000003703;hourly;0,7930555556;23,9579684764;168,9667250438;8,8266199650;17,6532399299;8,8266199650;15,1313485114;76,9176882662;92,0490367776;3,7828371278;5,0437828371;10,0875656743;7,5656742557;1;3.7313432836, 5.9701492537, 28.3582089552, 44.0298507463, 16.4179104478, 1.4925373134, 0, 0;2.9850746269, 0.7462686567, 0.7462686567, 5.223880597, 11.1940298507, 17.1641791045, 22.3880597015, 21.6417910448, 11.9402985075, 4.4776119403, 1.4925373134, 0, 0, 0, 0, 0, 0, 0, 0, 0, 0, 0, 0, 0, 0;Europe/Paris;38,5
2022-10-14T17:00:00Z;-1;9000003703;hourly;0,0763888889;117,8181818182;222,5454545455;13,0909090909;0,0000000000;39,2727272727;78,5454545455;65,4545454545;157,0909090909;0,0000000000;13,0909090909;0,0000000000;0,0000000000;1;0, 5.8823529412, 23.5294117647, 58.8235294118, 11.7647058824, 0, 0, 0;0, 0, 0, 5.8823529412, 0, 23.5294117647, 47.0588235294, 11.7647058824, 11.7647058824, 0, 0, 0, 0, 0, 0, 0, 0, 0, 0, 0, 0, 0, 0, 0, 0;Europe/Paris;36,0
2022-10-14T18:00:00Z;-1;9000003703;hourly;0,0000000000;0,0000000000;0,0000000000;0,0000000000;0,0000000000;0,0000000000;0,0000000000;0,0000000000;0,0000000000;0,0000000000;0,0000000000;0,0000000000;0,0000000000;1;0, 0, 0, 0, 0, 0, 0, 0;0, 0, 0, 0, 0, 0, 0, 0, 0, 0, 0, 0, 0, 0, 0, 0, 0, 0, 0, 0, 0, 0, 0, 0, 0;Europe/Paris;NA
2022-10-15T03:00:00Z;-1;9000003703;hourly;0,0000000000;0,0000000000;0,0000000000;0,0000000000;0,0000000000;0,0000000000;0,0000000000;0,0000000000;0,0000000000;0,0000000000;0,0000000000;0,0000000000;0,0000000000;1;0, 0, 0, 0, 0, 0, 0, 0;0, 0, 0, 0, 0, 0, 0, 0, 0, 0, 0, 0, 0, 0, 0, 0, 0, 0, 0, 0, 0, 0, 0, 0, 0;Europe/Paris;NA
2022-10-15T04:00:00Z;-1;9000003703;hourly;0,0000000000;0,0000000000;0,0000000000;0,0000000000;0,0000000000;0,0000000000;0,0000000000;0,0000000000;0,0000000000;0,0000000000;0,0000000000;0,0000000000;0,0000000000;1;0, 0, 0, 0, 0, 0, 0, 0;0, 0, 0, 0, 0, 0, 0, 0, 0, 0, 0, 0, 0, 0, 0, 0, 0, 0, 0, 0, 0, 0, 0, 0, 0;Europe/Paris;NA
2022-10-15T05:00:00Z;-1;9000003703;hourly;0,0000000000;0,0000000000;0,0000000000;0,0000000000;0,0000000000;0,0000000000;0,0000000000;0,0000000000;0,0000000000;0,0000000000;0,0000000000;0,0000000000;0,0000000000;1;0, 0, 0, 0, 0, 0, 0, 0;0, 0, 0, 0, 0, 0, 0, 0, 0, 0, 0, 0, 0, 0, 0, 0, 0, 0, 0, 0, 0, 0, 0, 0, 0;Europe/Paris;NA
2022-10-15T06:00:00Z;-1;9000003703;hourly;0,5166666667;1,9354838710;27,0967741935;0,0000000000;3,8709677419;1,9354838710;0,0000000000;9,6774193548;17,4193548387;0,0000000000;0,0000000000;3,8709677419;0,0000000000;1;0, 7.1428571429, 35.7142857143, 42.8571428571, 14.2857142857, 0, 0, 0;0, 0, 0, 7.1428571429, 7.1428571429, 28.5714285714, 28.5714285714, 14.2857142857, 0, 14.2857142857, 0, 0, 0, 0, 0, 0, 0, 0, 0, 0, 0, 0, 0, 0, 0;Europe/Paris;37,0
2022-10-15T07:00:00Z;-1;9000003703;hourly;0,7752777778;28,3769258330;19,3479039771;15,4783231817;10,3188821211;15,4783231817;12,8986026514;6,4493013257;12,8986026514;7,7391615908;7,7391615908;2,5797205303;7,7391615908;1;6.6666666667, 0, 13.3333333333, 53.3333333333, 26.6666666667, 0, 0, 0;6.6666666667, 0, 0, 0, 0, 13.3333333333, 13.3333333333, 40, 26.6666666667, 0, 0, 0, 0, 0, 0, 0, 0, 0, 0, 0, 0, 0, 0, 0, 0;Europe/Paris;39,5
2022-10-15T08:00:00Z;-1;9000003703;hourly;0,7725000000;47,8964401294;69,9029126214;25,8899676375;14,2394822006;37,5404530744;10,3559870550;14,2394822006;55,6634304207;18,1229773463;7,7669902913;5,1779935275;9,0614886731;1;12.962962963, 1.8518518519, 24.0740740741, 33.3333333333, 20.3703703704, 5.5555555556, 0, 1.8518518519;9.2592592593, 3.7037037037, 0, 1.8518518519, 1.8518518519, 22.2222222222, 18.5185185185, 14.8148148148, 14.8148148148, 5.5555555556, 5.5555555556, 0, 0, 0, 0, 0, 0, 0, 1.8518518519, 0, 0, 0, 0, 0, 0;Europe/Paris;42,0
2022-10-15T09:00:00Z;-1;9000003703;hourly;0,7894444444;32,9345531316;105,1372273047;8,8669950739;19,0007037298;26,6009852217;6,3335679099;46,8684025334;58,2688247713;3,8001407460;5,0668543279;8,8669950739;10,1337086559;1;1.2048192771, 1.2048192771, 31.3253012048, 49.3975903614, 15.6626506024, 0, 0, 1.2048192771;1.2048192771, 0, 0, 1.2048192771, 7.2289156627, 24.0963855422, 37.3493975904, 12.0481927711, 12.0481927711, 3.6144578313, 0, 0, 0, 0, 1.2048192771, 0, 0, 0, 0, 0, 0, 0, 0, 0, 0;Europe/Paris;38,5
2022-10-15T10:00:00Z;-1;9000003703;hourly;0,7877777778;15,2327221439;140,9026798307;12,6939351199;7,6163610719;7,6163610719;7,6163610719;63,4696755994;77,4330042313;3,8081805360;8,8857545839;6,3469675599;1,2693935120;1;1.8018018018, 0.9009009009, 37.8378378378, 43.2432432432, 15.3153153153, 0.9009009009, 0, 0;1.8018018018, 0, 0, 0.9009009009, 10.8108108108, 27.027027027, 27.9279279279, 15.3153153153, 10.8108108108, 4.5045045045, 0.9009009009, 0, 0, 0, 0, 0, 0, 0, 0, 0, 0, 0, 0, 0, 0;Europe/Paris;38,0
2022-10-15T11:00:00Z;-1;9000003703;hourly;0,7919444444;11,3644335321;78,2883198878;3,7881445107;0,0000000000;5,0508593476;6,3135741845;26,5170115749;51,7713083129;1,2627148369;2,5254296738;0,0000000000;0,0000000000;1;1.6129032258, 3.2258064516, 14.5161290323, 56.4516129032, 20.9677419355, 3.2258064516, 0, 0;0, 1.6129032258, 3.2258064516, 0, 1.6129032258, 12.9032258065, 22.5806451613, 33.8709677419, 12.9032258065, 8.064516129, 1.6129032258, 1.6129032258, 0, 0, 0, 0, 0, 0, 0, 0, 0, 0, 0, 0, 0;Europe/Paris;41,0
2022-10-15T12:00:00Z;-1;9000003703;hourly;0,7622222222;10,4956268222;64,2857142857;7,8717201166;17,0553935860;3,9358600583;6,5597667638;24,9271137026;39,3586005831;7,8717201166;0,0000000000;6,5597667638;10,4956268222;1;4.0816326531, 2.0408163265, 48.9795918367, 40.8163265306, 4.0816326531, 0, 0, 0;4.0816326531, 0, 0, 2.0408163265, 8.1632653061, 40.8163265306, 18.3673469388, 22.4489795918, 2.0408163265, 2.0408163265, 0, 0, 0, 0, 0, 0, 0, 0, 0, 0, 0, 0, 0, 0, 0;Europe/Paris;35,0
2022-10-15T13:00:00Z;-1;9000003703;hourly;0,7486111111;6,6790352505;53,4322820037;36,0667903525;6,6790352505;2,6716141002;4,0074211503;25,3803339518;28,0519480519;16,0296846011;20,0371057514;2,6716141002;4,0074211503;1;0, 12.5, 57.5, 22.5, 7.5, 0, 0, 0;0, 0, 2.5, 10, 17.5, 40, 10, 12.5, 2.5, 5, 0, 0, 0, 0, 0, 0, 0, 0, 0, 0, 0, 0, 0, 0, 0;Europe/Paris;34,5
2022-10-15T14:00:00Z;-1;9000003703;hourly;0,7744444444;11,6212338594;61,9799139168;15,4949784792;0,0000000000;6,4562410330;5,1649928264;25,8249641320;36,1549497848;3,8737446198;11,6212338594;0,0000000000;0,0000000000;1;6.25, 25, 45.8333333333, 20.8333333333, 2.0833333333, 0, 0, 0;6.25, 0, 4.1666666667, 20.8333333333, 22.9166666667, 22.9166666667, 6.25, 14.5833333333, 2.0833333333, 0, 0, 0, 0, 0, 0, 0, 0, 0, 0, 0, 0, 0, 0, 0, 0;Europe/Paris;33,0
2022-10-15T15:00:00Z;-1;9000003703;hourly;0,7833333333;8,9361702128;79,1489361702;7,6595744681;10,2127659574;6,3829787234;2,5531914894;33,1914893617;45,9574468085;6,3829787234;1,2765957447;8,9361702128;1,2765957447;1;1.6129032258, 6.4516129032, 33.8709677419, 45.1612903226, 9.6774193548, 3.2258064516, 0, 0;1.6129032258, 0, 1.6129032258, 4.8387096774, 16.1290322581, 17.7419354839, 20.9677419355, 24.1935483871, 4.8387096774, 4.8387096774, 3.2258064516, 0, 0, 0, 0, 0, 0, 0, 0, 0, 0, 0, 0, 0, 0;Europe/Paris;37,0
2022-10-15T16:00:00Z;-1;9000003703;hourly;0,7947222222;2,5166025865;89,3393918210;15,0996155190;10,0664103460;1,2583012933;1,2583012933;37,7490387976;51,5903530234;13,8413142258;1,2583012933;6,2915064663;3,7749038798;1;1.4084507042, 4.2253521127, 33.8028169014, 42.2535211268, 15.4929577465, 2.8169014085, 0, 0;1.4084507042, 0, 0, 4.2253521127, 9.8591549296, 23.9436619718, 33.8028169014, 8.4507042254, 11.2676056338, 4.2253521127, 2.8169014085, 0, 0, 0, 0, 0, 0, 0, 0, 0, 0, 0, 0, 0, 0;Europe/Paris;39,0
2022-10-15T17:00:00Z;-1;9000003703;hourly;0,2322222222;4,3062200957;73,2057416268;17,2248803828;12,9186602871;4,3062200957;0,0000000000;25,8373205742;47,3684210526;0,0000000000;17,2248803828;0,0000000000;12,9186602871;1;0, 5.8823529412, 35.2941176471, 47.0588235294, 11.7647058824, 0, 0, 0;0, 0, 0, 5.8823529412, 23.5294117647, 11.7647058824, 29.4117647059, 17.6470588235, 11.7647058824, 0, 0, 0, 0, 0, 0, 0, 0, 0, 0, 0, 0, 0, 0, 0, 0;Europe/Paris;36,5
2022-10-15T18:00:00Z;-1;9000003703;hourly;0,0000000000;0,0000000000;0,0000000000;0,0000000000;0,0000000000;0,0000000000;0,0000000000;0,0000000000;0,0000000000;0,0000000000;0,0000000000;0,0000000000;0,0000000000;1;0, 0, 0, 0, 0, 0, 0, 0;0, 0, 0, 0, 0, 0, 0, 0, 0, 0, 0, 0, 0, 0, 0, 0, 0, 0, 0, 0, 0, 0, 0, 0, 0;Europe/Paris;NA
2022-10-16T03:00:00Z;-1;9000003703;hourly;0,0000000000;0,0000000000;0,0000000000;0,0000000000;0,0000000000;0,0000000000;0,0000000000;0,0000000000;0,0000000000;0,0000000000;0,0000000000;0,0000000000;0,0000000000;1;0, 0, 0, 0, 0, 0, 0, 0;0, 0, 0, 0, 0, 0, 0, 0, 0, 0, 0, 0, 0, 0, 0, 0, 0, 0, 0, 0, 0, 0, 0, 0, 0;Europe/Paris;NA
2022-10-16T04:00:00Z;-1;9000003703;hourly;0,0000000000;0,0000000000;0,0000000000;0,0000000000;0,0000000000;0,0000000000;0,0000000000;0,0000000000;0,0000000000;0,0000000000;0,0000000000;0,0000000000;0,0000000000;1;0, 0, 0, 0, 0, 0, 0, 0;0, 0, 0, 0, 0, 0, 0, 0, 0, 0, 0, 0, 0, 0, 0, 0, 0, 0, 0, 0, 0, 0, 0, 0, 0;Europe/Paris;NA
2022-10-16T05:00:00Z;-1;9000003703;hourly;0,0000000000;0,0000000000;0,0000000000;0,0000000000;0,0000000000;0,0000000000;0,0000000000;0,0000000000;0,0000000000;0,0000000000;0,0000000000;0,0000000000;0,0000000000;1;0, 0, 0, 0, 0, 0, 0, 0;0, 0, 0, 0, 0, 0, 0, 0, 0, 0, 0, 0, 0, 0, 0, 0, 0, 0, 0, 0, 0, 0, 0, 0, 0;Europe/Paris;NA
2022-10-16T06:00:00Z;-1;9000003703;hourly;0,1625000000;6,1538461538;6,1538461538;12,3076923077;0,0000000000;6,1538461538;0,0000000000;6,1538461538;0,0000000000;6,1538461538;6,1538461538;0,0000000000;0,0000000000;1;0, 0, 0, 100, 0, 0, 0, 0;0, 0, 0, 0, 0, 0, 0, 100, 0, 0, 0, 0, 0, 0, 0, 0, 0, 0, 0, 0, 0, 0, 0, 0, 0;Europe/Paris;36,5
2022-10-16T07:00:00Z;-1;9000003703;hourly;0,5366666667;0,0000000000;31,6770186335;1,8633540373;7,4534161491;0,0000000000;0,0000000000;11,1801242236;20,4968944099;0,0000000000;1,8633540373;1,8633540373;5,5900621118;1;5.8823529412, 0, 35.2941176471, 41.1764705882, 11.7647058824, 5.8823529412, 0, 0;5.8823529412, 0, 0, 0, 11.7647058824, 23.5294117647, 35.2941176471, 5.8823529412, 5.8823529412, 5.8823529412, 5.8823529412, 0, 0, 0, 0, 0, 0, 0, 0, 0, 0, 0, 0, 0, 0;Europe/Paris;39,5
2022-10-16T08:00:00Z;-1;9000003703;hourly;0,6272222222;15,9433126661;38,2639503986;12,7546501329;12,7546501329;7,9716563330;7,9716563330;17,5376439327;20,7263064659;3,1886625332;9,5659875996;7,9716563330;4,7829937998;1;0, 0, 41.6666666667, 33.3333333333, 12.5, 0, 4.1666666667, 8.3333333333;0, 0, 0, 0, 25, 16.6666666667, 20.8333333333, 12.5, 12.5, 0, 0, 0, 4.1666666667, 0, 0, 0, 0, 0, 0, 0, 0, 8.3333333333, 0, 0, 0;Europe/Paris;41,5
2022-10-16T09:00:00Z;-1;9000003703;hourly;0,6613888889;9,0718185636;65,0146997060;7,5598488030;24,1915161697;6,0478790424;3,0239395212;21,1675766485;43,8471230575;3,0239395212;4,5359092818;12,0957580848;12,0957580848;1;0, 0, 20.9302325581, 62.7906976744, 11.6279069767, 2.3255813953, 0, 2.3255813953;0, 0, 0, 0, 4.6511627907, 16.2790697674, 41.8604651163, 20.9302325581, 11.6279069767, 0, 0, 2.3255813953, 0, 0, 0, 0, 2.3255813953, 0, 0, 0, 0, 0, 0, 0, 0;Europe/Paris;38,0
2022-10-16T10:00:00Z;-1;9000003703;hourly;0,6161111111;6,4923354373;74,6618575293;11,3615870153;4,8692515780;6,4923354373;0,0000000000;29,2155094680;45,4463480613;3,2461677187;8,1154192967;0,0000000000;4,8692515780;1;2.1739130435, 0, 30.4347826087, 50, 17.3913043478, 0, 0, 0;0, 2.1739130435, 0, 0, 8.6956521739, 21.7391304348, 30.4347826087, 19.5652173913, 13.0434782609, 4.347826087, 0, 0, 0, 0, 0, 0, 0, 0, 0, 0, 0, 0, 0, 0, 0;Europe/Paris;38,5
2022-10-16T11:00:00Z;-1;9000003703;hourly;0,6097222222;3,2801822323;21,3211845103;0,0000000000;0,0000000000;1,6400911162;1,6400911162;6,5603644647;14,7608200456;0,0000000000;0,0000000000;0,0000000000;0,0000000000;1;0, 15.3846153846, 23.0769230769, 46.1538461538, 7.6923076923, 0, 0, 7.6923076923;0, 0, 0, 15.3846153846, 15.3846153846, 7.6923076923, 7.6923076923, 38.4615384615, 0, 7.6923076923, 0, 0, 0, 0, 0, 0, 0, 0, 7.6923076923, 0, 0, 0, 0, 0, 0;Europe/Paris;37,5
2022-10-16T12:00:00Z;-1;9000003703;hourly;0,4277777778;4,6753246753;14,0259740260;7,0129870130;0,0000000000;2,3376623377;2,3376623377;7,0129870130;7,0129870130;2,3376623377;4,6753246753;0,0000000000;0,0000000000;1;16.6666666667, 0, 33.3333333333, 50, 0, 0, 0, 0;16.6666666667, 0, 0, 0, 0, 33.3333333333, 16.6666666667, 33.3333333333, 0, 0, 0, 0, 0, 0, 0, 0, 0, 0, 0, 0, 0, 0, 0, 0, 0;Europe/Paris;35,0
2022-10-16T13:00:00Z;-1;9000003703;hourly;0,7766666667;1,2875536481;24,4635193133;18,0257510730;7,7253218884;1,2875536481;0,0000000000;15,4506437768;9,0128755365;7,7253218884;10,3004291845;2,5751072961;5,1502145923;1;10.5263157895, 10.5263157895, 21.0526315789, 47.3684210526, 10.5263157895, 0, 0, 0;5.2631578947, 5.2631578947, 5.2631578947, 5.2631578947, 5.2631578947, 15.7894736842, 10.5263157895, 36.8421052632, 10.5263157895, 0, 0, 0, 0, 0, 0, 0, 0, 0, 0, 0, 0, 0, 0, 0, 0;Europe/Paris;37,0
2022-10-16T14:00:00Z;-1;9000003703;hourly;0,7661111111;10,4423495286;13,0529369108;6,5264684554;2,6105873822;5,2211747643;5,2211747643;5,2211747643;7,8317621465;2,6105873822;3,9158810732;2,6105873822;0,0000000000;1;0, 0, 40, 50, 10, 0, 0, 0;0, 0, 0, 0, 10, 30, 30, 20, 0, 10, 0, 0, 0, 0, 0, 0, 0, 0, 0, 0, 0, 0, 0, 0, 0;Europe/Paris;36,0
2022-10-16T15:00:00Z;-1;9000003703;hourly;0,7838888889;3,8270729979;36,9950389794;1,2756909993;3,8270729979;2,5513819986;1,2756909993;10,2055279943;26,7895109851;0,0000000000;1,2756909993;0,0000000000;3,8270729979;1;6.8965517241, 6.8965517241, 27.5862068966, 44.8275862069, 13.7931034483, 0, 0, 0;3.4482758621, 3.4482758621, 3.4482758621, 3.4482758621, 6.8965517241, 20.6896551724, 24.1379310345, 20.6896551724, 0, 13.7931034483, 0, 0, 0, 0, 0, 0, 0, 0, 0, 0, 0, 0, 0, 0, 0;Europe/Paris;37,0
2022-10-16T16:00:00Z;-1;9000003703;hourly;0,7816666667;1,2793176972;65,2452025586;15,3518123667;10,2345415778;1,2793176972;0,0000000000;19,1897654584;46,0554371002;3,8379530917;11,5138592751;7,6759061834;2,5586353945;1;0, 1.9607843137, 37.2549019608, 43.137254902, 17.6470588235, 0, 0, 0;0, 0, 1.9607843137, 0, 15.6862745098, 21.568627451, 35.2941176471, 7.8431372549, 17.6470588235, 0, 0, 0, 0, 0, 0, 0, 0, 0, 0, 0, 0, 0, 0, 0, 0;Europe/Paris;38,0
2022-10-16T17:00:00Z;-1;9000003703;hourly;0,2827777778;3,5363457760;56,5815324165;3,5363457760;3,5363457760;0,0000000000;3,5363457760;14,1453831041;42,4361493124;0,0000000000;3,5363457760;0,0000000000;3,5363457760;1;0, 0, 25, 56.25, 12.5, 0, 6.25, 0;0, 0, 0, 0, 12.5, 12.5, 37.5, 18.75, 12.5, 0, 0, 0, 6.25, 0, 0, 0, 0, 0, 0, 0, 0, 0, 0, 0, 0;Europe/Paris;39,0
2022-10-16T18:00:00Z;-1;9000003703;hourly;0,0000000000;0,0000000000;0,0000000000;0,0000000000;0,0000000000;0,0000000000;0,0000000000;0,0000000000;0,0000000000;0,0000000000;0,0000000000;0,0000000000;0,0000000000;1;0, 0, 0, 0, 0, 0, 0, 0;0, 0, 0, 0, 0, 0, 0, 0, 0, 0, 0, 0, 0, 0, 0, 0, 0, 0, 0, 0, 0, 0, 0, 0, 0;Europe/Paris;NA
2022-10-17T09:00:00Z;-1;9000003703;hourly;0,9908333333;0,0000000000;0,0000000000;0,0000000000;0,0000000000;0,0000000000;0,0000000000;0,0000000000;0,0000000000;0,0000000000;0,0000000000;0,0000000000;0,0000000000;1;0, 0, 0, 0, 0, 0, 0, 0;0, 0, 0, 0, 0, 0, 0, 0, 0, 0, 0, 0, 0, 0, 0, 0, 0, 0, 0, 0, 0, 0, 0, 0, 0;Europe/Paris;NA
2022-10-17T10:00:00Z;-1;9000003703;hourly;0,7888888889;10,1408450704;50,7042253521;1,2676056338;8,8732394366;6,3380281690;3,8028169014;13,9436619718;36,7605633803;0,0000000000;1,2676056338;3,8028169014;5,0704225352;1;0, 2.5, 12.5, 50, 30, 5, 0, 0;0, 0, 0, 2.5, 5, 7.5, 27.5, 22.5, 22.5, 7.5, 5, 0, 0, 0, 0, 0, 0, 0, 0, 0, 0, 0, 0, 0, 0;Europe/Paris;42,0
2022-10-17T11:00:00Z;-1;9000003703;hourly;0,7900000000;11,3924050633;49,3670886076;3,7974683544;6,3291139241;8,8607594937;2,5316455696;20,2531645570;29,1139240506;3,7974683544;0,0000000000;3,7974683544;2,5316455696;1;0, 7.6923076923, 28.2051282051, 58.9743589744, 5.1282051282, 0, 0, 0;0, 0, 0, 7.6923076923, 7.6923076923, 20.5128205128, 38.4615384615, 20.5128205128, 5.1282051282, 0, 0, 0, 0, 0, 0, 0, 0, 0, 0, 0, 0, 0, 0, 0, 0;Europe/Paris;35,0
2022-10-17T12:00:00Z;-1;9000003703;hourly;0,7838888889;2,5513819986;33,1679659816;6,3784549965;2,5513819986;0,0000000000;2,5513819986;12,7569099929;20,4110559887;2,5513819986;3,8270729979;2,5513819986;0,0000000000;1;0, 23.0769230769, 26.9230769231, 34.6153846154, 11.5384615385, 3.8461538462, 0, 0;0, 0, 11.5384615385, 11.5384615385, 11.5384615385, 15.3846153846, 11.5384615385, 23.0769230769, 7.6923076923, 3.8461538462, 3.8461538462, 0, 0, 0, 0, 0, 0, 0, 0, 0, 0, 0, 0, 0, 0;Europe/Paris;37,5
2022-10-17T13:00:00Z;-1;9000003703;hourly;0,8027777778;9,9653979239;47,3356401384;1,2456747405;11,2110726644;6,2283737024;3,7370242215;19,9307958478;27,4048442907;0,0000000000;1,2456747405;4,9826989619;6,2283737024;1;0, 10.5263157895, 36.8421052632, 47.3684210526, 5.2631578947, 0, 0, 0;0, 0, 7.8947368421, 2.6315789474, 7.8947368421, 28.9473684211, 26.3157894737, 21.0526315789, 2.6315789474, 2.6315789474, 0, 0, 0, 0, 0, 0, 0, 0, 0, 0, 0, 0, 0, 0, 0;Europe/Paris;35,0
2022-10-17T14:00:00Z;-1;9000003703;hourly;0,7894444444;13,9338494018;73,4693877551;21,5341308937;55,7353976073;3,8001407460;10,1337086559;36,7346938776;36,7346938776;5,0668543279;16,4672765658;16,4672765658;39,2681210415;1;1.724137931, 10.3448275862, 48.275862069, 36.2068965517, 3.4482758621, 0, 0, 0;1.724137931, 0, 3.4482758621, 6.8965517241, 20.6896551724, 27.5862068966, 22.4137931034, 13.7931034483, 0, 3.4482758621, 0, 0, 0, 0, 0, 0, 0, 0, 0, 0, 0, 0, 0, 0, 0;Europe/Paris;33,5
2022-10-17T15:00:00Z;-1;9000003703;hourly;0,7952777778;52,8117359413;134,5441844219;8,8019559902;26,4058679707;41,4949353825;11,3168005589;41,4949353825;93,0492490395;5,0296891373;3,7722668530;21,3761788334;5,0296891373;1;1.8691588785, 7.476635514, 30.8411214953, 42.0560747664, 16.8224299065, 0.9345794393, 0, 0;0.9345794393, 0.9345794393, 1.8691588785, 5.6074766355, 14.953271028, 15.8878504673, 23.3644859813, 18.691588785, 12.1495327103, 4.6728971963, 0, 0.9345794393, 0, 0, 0, 0, 0, 0, 0, 0, 0, 0, 0, 0, 0;Europe/Paris;38,5
2022-10-17T16:00:00Z;-1;9000003703;hourly;0,7738888889;14,2139267767;149,8923187365;14,2139267767;12,9217516152;5,1687006461;9,0452261307;36,1809045226;113,7114142139;2,5843503230;11,6295764537;5,1687006461;7,7530509691;1;2.5862068966, 3.4482758621, 32.7586206897, 49.1379310345, 11.2068965517, 0.8620689655, 0, 0;1.724137931, 0.8620689655, 0, 3.4482758621, 8.6206896552, 24.1379310345, 31.0344827586, 18.1034482759, 9.4827586207, 1.724137931, 0.8620689655, 0, 0, 0, 0, 0, 0, 0, 0, 0, 0, 0, 0, 0, 0;Europe/Paris;36,5
2022-10-17T17:00:00Z;-1;9000003703;hourly;0,0402777778;0,0000000000;124,1379310345;0,0000000000;0,0000000000;0,0000000000;0,0000000000;0,0000000000;124,1379310345;0,0000000000;0,0000000000;0,0000000000;0,0000000000;1;0, 0, 0, 100, 0, 0, 0, 0;0, 0, 0, 0, 0, 0, 40, 60, 0, 0, 0, 0, 0, 0, 0, 0, 0, 0, 0, 0, 0, 0, 0, 0, 0;Europe/Paris;36,0
2022-10-17T18:00:00Z;-1;9000003703;hourly;0,0000000000;0,0000000000;0,0000000000;0,0000000000;0,0000000000;0,0000000000;0,0000000000;0,0000000000;0,0000000000;0,0000000000;0,0000000000;0,0000000000;0,0000000000;1;0, 0, 0, 0, 0, 0, 0, 0;0, 0, 0, 0, 0, 0, 0, 0, 0, 0, 0, 0, 0, 0, 0, 0, 0, 0, 0, 0, 0, 0, 0, 0, 0;Europe/Paris;NA
2022-10-18T08:00:00Z;-1;9000003703;hourly;0,9616666667;1,0398613518;4,1594454073;0,0000000000;1,0398613518;1,0398613518;0,0000000000;1,0398613518;3,1195840555;0,0000000000;0,0000000000;0,0000000000;1,0398613518;1;25, 0, 25, 50, 0, 0, 0, 0;25, 0, 0, 0, 25, 0, 25, 25, 0, 0, 0, 0, 0, 0, 0, 0, 0, 0, 0, 0, 0, 0, 0, 0, 0;Europe/Paris;34,5
2022-10-18T09:00:00Z;-1;9000003703;hourly;0,7925000000;11,3564668770;45,4258675079;3,7854889590;8,8328075710;7,5709779180;3,7854889590;10,0946372240;35,3312302839;1,2618296530;2,5236593060;3,7854889590;5,0473186120;1;0, 0, 30.5555555556, 47.2222222222, 16.6666666667, 5.5555555556, 0, 0;0, 0, 0, 0, 5.5555555556, 25, 22.2222222222, 25, 13.8888888889, 2.7777777778, 2.7777777778, 2.7777777778, 0, 0, 0, 0, 0, 0, 0, 0, 0, 0, 0, 0, 0;Europe/Paris;40,0
2022-10-18T10:00:00Z;-1;9000003703;hourly;0,7983333333;0,0000000000;52,6096033403;3,7578288100;8,7682672234;0,0000000000;0,0000000000;15,0313152401;37,5782881002;2,5052192067;1,2526096033;2,5052192067;6,2630480167;1;0, 7.1428571429, 19.0476190476, 42.8571428571, 28.5714285714, 2.380952381, 0, 0;0, 0, 4.7619047619, 2.380952381, 4.7619047619, 14.2857142857, 19.0476190476, 23.8095238095, 21.4285714286, 7.1428571429, 2.380952381, 0, 0, 0, 0, 0, 0, 0, 0, 0, 0, 0, 0, 0, 0;Europe/Paris;41,0
2022-10-18T11:00:00Z;-1;9000003703;hourly;0,8016666667;8,7318087318;46,1538461538;7,4844074844;7,4844074844;4,9896049896;3,7422037422;16,2162162162;29,9376299376;6,2370062370;1,2474012474;4,9896049896;2,4948024948;1;0, 0, 24.3243243243, 48.6486486486, 24.3243243243, 2.7027027027, 0, 0;0, 0, 0, 0, 5.4054054054, 18.9189189189, 24.3243243243, 24.3243243243, 16.2162162162, 8.1081081081, 2.7027027027, 0, 0, 0, 0, 0, 0, 0, 0, 0, 0, 0, 0, 0, 0;Europe/Paris;41,0
2022-10-18T12:00:00Z;-1;9000003703;hourly;0,7863888889;6,3581773225;39,4206993995;1,2716354645;2,5432709290;3,8149063935;2,5432709290;15,2596255740;24,1610738255;0,0000000000;1,2716354645;2,5432709290;0,0000000000;1;3.2258064516, 3.2258064516, 12.9032258065, 58.064516129, 22.5806451613, 0, 0, 0;3.2258064516, 0, 0, 3.2258064516, 6.4516129032, 6.4516129032, 35.4838709677, 22.5806451613, 16.1290322581, 6.4516129032, 0, 0, 0, 0, 0, 0, 0, 0, 0, 0, 0, 0, 0, 0, 0;Europe/Paris;40,0
2022-10-18T13:00:00Z;-1;9000003703;hourly;0,7805555556;15,3736654804;56,3701067616;19,2170818505;8,9679715302;8,9679715302;6,4056939502;25,6227758007;30,7473309609;7,6868327402;11,5302491103;2,5622775801;6,4056939502;1;0, 2.2727272727, 43.1818181818, 34.0909090909, 13.6363636364, 2.2727272727, 0, 4.5454545455;0, 0, 0, 2.2727272727, 15.9090909091, 27.2727272727, 22.7272727273, 11.3636363636, 9.0909090909, 4.5454545455, 2.2727272727, 0, 0, 0, 0, 0, 0, 0, 0, 0, 0, 0, 0, 0, 4.5454545455;Europe/Paris;40,5
2022-10-18T14:00:00Z;-1;9000003703;hourly;0,7861111111;15,2650176678;66,1484098940;41,9787985866;41,9787985866;10,1766784452;5,0883392226;17,8091872792;48,3392226148;13,9929328622;27,9858657244;13,9929328622;27,9858657244;1;0, 11.5384615385, 38.4615384615, 38.4615384615, 11.5384615385, 0, 0, 0;0, 0, 3.8461538462, 7.6923076923, 19.2307692308, 19.2307692308, 25, 13.4615384615, 11.5384615385, 0, 0, 0, 0, 0, 0, 0, 0, 0, 0, 0, 0, 0, 0, 0, 0;Europe/Paris;36,0
2022-10-18T15:00:00Z;-1;9000003703;hourly;0,7936111111;37,8018900945;124,7462373119;8,8204410221;28,9814490725;26,4613230662;11,3405670284;31,5015750788;93,2446622331;3,7801890095;5,0402520126;21,4210710536;7,5603780189;1;2.0202020202, 1.0101010101, 32.3232323232, 48.4848484848, 14.1414141414, 1.0101010101, 0, 1.0101010101;2.0202020202, 0, 0, 1.0101010101, 6.0606060606, 26.2626262626, 28.2828282828, 20.202020202, 11.1111111111, 3.0303030303, 1.0101010101, 0, 0, 0, 0, 0, 0, 0, 0, 0, 0, 0, 0, 0, 1.0101010101;Europe/Paris;38,0
2022-10-18T16:00:00Z;-1;9000003703;hourly;0,8016666667;31,1850311850;134,7193347193;11,2266112266;14,9688149688;21,2058212058;9,9792099792;31,1850311850;103,5343035343;4,9896049896;6,2370062370;3,7422037422;11,2266112266;1;0, 0.9259259259, 37.962962963, 44.4444444444, 15.7407407407, 0.9259259259, 0, 0;0, 0, 0.9259259259, 0, 7.4074074074, 30.5555555556, 25, 19.4444444444, 12.962962963, 2.7777777778, 0.9259259259, 0, 0, 0, 0, 0, 0, 0, 0, 0, 0, 0, 0, 0, 0;Europe/Paris;38,0
2022-10-18T17:00:00Z;-1;9000003703;hourly;0,1272222222;7,8602620087;157,2052401747;0,0000000000;7,8602620087;0,0000000000;7,8602620087;86,4628820961;70,7423580786;0,0000000000;0,0000000000;0,0000000000;7,8602620087;1;0, 0, 40, 45, 5, 5, 0, 5;0, 0, 0, 0, 10, 30, 30, 15, 5, 0, 5, 0, 0, 0, 0, 5, 0, 0, 0, 0, 0, 0, 0, 0, 0;Europe/Paris;37,5
2022-10-18T18:00:00Z;-1;9000003703;hourly;0,0000000000;0,0000000000;0,0000000000;0,0000000000;0,0000000000;0,0000000000;0,0000000000;0,0000000000;0,0000000000;0,0000000000;0,0000000000;0,0000000000;0,0000000000;1;0, 0, 0, 0, 0, 0, 0, 0;0, 0, 0, 0, 0, 0, 0, 0, 0, 0, 0, 0, 0, 0, 0, 0, 0, 0, 0, 0, 0, 0, 0, 0, 0;Europe/Paris;NA
2022-10-19T05:00:00Z;-1;9000003703;hourly;0,0000000000;0,0000000000;0,0000000000;0,0000000000;0,0000000000;0,0000000000;0,0000000000;0,0000000000;0,0000000000;0,0000000000;0,0000000000;0,0000000000;0,0000000000;1;0, 0, 0, 0, 0, 0, 0, 0;0, 0, 0, 0, 0, 0, 0, 0, 0, 0, 0, 0, 0, 0, 0, 0, 0, 0, 0, 0, 0, 0, 0, 0, 0;Europe/Paris;NA
2022-10-19T06:00:00Z;-1;9000003703;hourly;0,1825000000;5,4794520548;38,3561643836;5,4794520548;5,4794520548;0,0000000000;5,4794520548;21,9178082192;16,4383561644;5,4794520548;0,0000000000;5,4794520548;0,0000000000;1;0, 14.2857142857, 42.8571428571, 42.8571428571, 0, 0, 0, 0;0, 0, 14.2857142857, 0, 14.2857142857, 28.5714285714, 0, 42.8571428571, 0, 0, 0, 0, 0, 0, 0, 0, 0, 0, 0, 0, 0, 0, 0, 0, 0;Europe/Paris;36,0
2022-10-19T07:00:00Z;-1;9000003703;hourly;0,6630555556;16,5898617512;24,1307080017;10,5571847507;7,5408462505;6,0326770004;10,5571847507;19,6062002514;4,5245077503;9,0490155006;1,5081692501;4,5245077503;3,0163385002;1;0, 12.5, 43.75, 37.5, 6.25, 0, 0, 0;0, 0, 0, 12.5, 12.5, 31.25, 31.25, 6.25, 6.25, 0, 0, 0, 0, 0, 0, 0, 0, 0, 0, 0, 0, 0, 0, 0, 0;Europe/Paris;32,0
2022-10-19T08:00:00Z;-1;9000003703;hourly;0,7938888889;15,1154653604;37,7886634010;10,0769769069;6,2981105668;8,8173547936;6,2981105668;13,8558432470;23,9328201540;6,2981105668;3,7788663401;5,0384884535;1,2596221134;1;6.6666666667, 3.3333333333, 16.6666666667, 40, 30, 3.3333333333, 0, 0;6.6666666667, 0, 3.3333333333, 0, 3.3333333333, 13.3333333333, 30, 10, 30, 0, 3.3333333333, 0, 0, 0, 0, 0, 0, 0, 0, 0, 0, 0, 0, 0, 0;Europe/Paris;40,5
2022-10-19T09:00:00Z;-1;9000003703;hourly;0,5966666667;18,4357541899;48,6033519553;15,0837988827;0,0000000000;11,7318435754;6,7039106145;18,4357541899;30,1675977654;5,0279329609;10,0558659218;0,0000000000;0,0000000000;1;0, 0, 44.8275862069, 44.8275862069, 3.4482758621, 3.4482758621, 0, 3.4482758621;0, 0, 0, 0, 17.2413793103, 27.5862068966, 24.1379310345, 20.6896551724, 3.4482758621, 0, 0, 3.4482758621, 0, 0, 3.4482758621, 0, 0, 0, 0, 0, 0, 0, 0, 0, 0;Europe/Paris;36,5
2022-10-19T10:00:00Z;-1;9000003703;hourly;0,7266666667;22,0183486239;89,4495412844;56,4220183486;0,0000000000;12,3853211009;9,6330275229;33,0275229358;56,4220183486;15,1376146789;41,2844036697;0,0000000000;0,0000000000;1;0, 12.3076923077, 46.1538461538, 38.4615384615, 3.0769230769, 0, 0, 0;0, 0, 3.0769230769, 9.2307692308, 18.4615384615, 27.6923076923, 32.3076923077, 6.1538461538, 1.5384615385, 1.5384615385, 0, 0, 0, 0, 0, 0, 0, 0, 0, 0, 0, 0, 0, 0, 0;Europe/Paris;31,5
2022-10-19T11:00:00Z;-1;9000003703;hourly;0,6000000000;16,6666666667;126,6666666667;21,6666666667;0,0000000000;5,0000000000;11,6666666667;55,0000000000;71,6666666667;15,0000000000;6,6666666667;0,0000000000;0,0000000000;1;0, 14.4736842105, 43.4210526316, 36.8421052632, 5.2631578947, 0, 0, 0;0, 0, 3.9473684211, 10.5263157895, 21.0526315789, 22.3684210526, 23.6842105263, 13.1578947368, 2.6315789474, 2.6315789474, 0, 0, 0, 0, 0, 0, 0, 0, 0, 0, 0, 0, 0, 0, 0;Europe/Paris;34,0
2022-10-19T12:00:00Z;-1;9000003703;hourly;0,7861111111;19,0812720848;95,4063604240;15,2650176678;3,8162544170;15,2650176678;3,8162544170;30,5300353357;64,8763250883;2,5441696113;12,7208480565;2,5441696113;1,2720848057;1;1.3333333333, 10.6666666667, 54.6666666667, 32, 1.3333333333, 0, 0, 0;1.3333333333, 0, 0, 10.6666666667, 21.3333333333, 33.3333333333, 22.6666666667, 9.3333333333, 1.3333333333, 0, 0, 0, 0, 0, 0, 0, 0, 0, 0, 0, 0, 0, 0, 0, 0;Europe/Paris;31,5
2022-10-19T13:00:00Z;-1;9000003703;hourly;0,7888888889;21,5492957746;102,6760563380;15,2112676056;1,2676056338;12,6760563380;8,8732394366;58,3098591549;44,3661971831;12,6760563380;2,5352112676;0,0000000000;1,2676056338;1;3.7037037037, 12.3456790123, 58.024691358, 22.2222222222, 3.7037037037, 0, 0, 0;3.7037037037, 0, 1.2345679012, 11.1111111111, 39.5061728395, 18.5185185185, 16.049382716, 6.1728395062, 2.4691358025, 1.2345679012, 0, 0, 0, 0, 0, 0, 0, 0, 0, 0, 0, 0, 0, 0, 0;Europe/Paris;31,0
2022-10-19T14:00:00Z;-1;9000003703;hourly;0,7777777778;12,8571428571;96,4285714286;19,2857142857;14,1428571429;9,0000000000;3,8571428571;46,2857142857;50,1428571429;10,2857142857;9,0000000000;0,0000000000;14,1428571429;1;6.6666666667, 12, 53.3333333333, 25.3333333333, 2.6666666667, 0, 0, 0;4, 2.6666666667, 6.6666666667, 5.3333333333, 22.6666666667, 30.6666666667, 17.3333333333, 8, 2.6666666667, 0, 0, 0, 0, 0, 0, 0, 0, 0, 0, 0, 0, 0, 0, 0, 0;Europe/Paris;31,0
2022-10-19T15:00:00Z;-1;9000003703;hourly;0,8000000000;16,2500000000;110,0000000000;23,7500000000;10,0000000000;10,0000000000;6,2500000000;42,5000000000;67,5000000000;15,0000000000;8,7500000000;2,5000000000;7,5000000000;1;21.5909090909, 31.8181818182, 37.5, 9.0909090909, 0, 0, 0, 0;14.7727272727, 6.8181818182, 13.6363636364, 18.1818181818, 21.5909090909, 15.9090909091, 9.0909090909, 0, 0, 0, 0, 0, 0, 0, 0, 0, 0, 0, 0, 0, 0, 0, 0, 0, 0;Europe/Paris;25,5
2022-10-19T16:00:00Z;-1;9000003703;hourly;0,7972222222;20,0696864111;117,9094076655;7,5261324042;13,7979094077;8,7804878049;11,2891986063;45,1567944251;72,7526132404;2,5087108014;5,0174216028;3,7630662021;10,0348432056;1;0, 3.1914893617, 34.0425531915, 54.2553191489, 8.5106382979, 0, 0, 0;0, 0, 0, 3.1914893617, 8.5106382979, 25.5319148936, 35.1063829787, 19.1489361702, 5.3191489362, 3.1914893617, 0, 0, 0, 0, 0, 0, 0, 0, 0, 0, 0, 0, 0, 0, 0;Europe/Paris;36,0
2022-10-19T17:00:00Z;-1;9000003703;hourly;0,1825000000;27,3972602740;186,3013698630;0,0000000000;10,9589041096;21,9178082192;5,4794520548;60,2739726027;126,0273972603;0,0000000000;0,0000000000;5,4794520548;5,4794520548;1;0, 5.8823529412, 52.9411764706, 35.2941176471, 2.9411764706, 2.9411764706, 0, 0;0, 0, 2.9411764706, 2.9411764706, 11.7647058824, 41.1764705882, 26.4705882353, 8.8235294118, 2.9411764706, 0, 0, 2.9411764706, 0, 0, 0, 0, 0, 0, 0, 0, 0, 0, 0, 0, 0;Europe/Paris;32,5
2022-10-19T18:00:00Z;-1;9000003703;hourly;0,0000000000;0,0000000000;0,0000000000;0,0000000000;0,0000000000;0,0000000000;0,0000000000;0,0000000000;0,0000000000;0,0000000000;0,0000000000;0,0000000000;0,0000000000;1;0, 0, 0, 0, 0, 0, 0, 0;0, 0, 0, 0, 0, 0, 0, 0, 0, 0, 0, 0, 0, 0, 0, 0, 0, 0, 0, 0, 0, 0, 0, 0, 0;Europe/Paris;NA
2022-10-20T05:00:00Z;-1;9000003703;hourly;0,0000000000;0,0000000000;0,0000000000;0,0000000000;0,0000000000;0,0000000000;0,0000000000;0,0000000000;0,0000000000;0,0000000000;0,0000000000;0,0000000000;0,0000000000;1;0, 0, 0, 0, 0, 0, 0, 0;0, 0, 0, 0, 0, 0, 0, 0, 0, 0, 0, 0, 0, 0, 0, 0, 0, 0, 0, 0, 0, 0, 0, 0, 0;Europe/Paris;NA
2022-10-20T06:00:00Z;-1;9000003703;hourly;0,2850000000;45,6140350877;21,0526315789;28,0701754386;10,5263157895;31,5789473684;14,0350877193;7,0175438596;14,0350877193;17,5438596491;10,5263157895;10,5263157895;0,0000000000;1;16.6666666667, 0, 0, 66.6666666667, 16.6666666667, 0, 0, 0;16.6666666667, 0, 0, 0, 0, 0, 16.6666666667, 50, 16.6666666667, 0, 0, 0, 0, 0, 0, 0, 0, 0, 0, 0, 0, 0, 0, 0, 0;Europe/Paris;38,0
2022-10-20T07:00:00Z;-1;9000003703;hourly;0,7419444444;12,1302882815;12,1302882815;22,9127667540;8,0868588544;6,7390490453;5,3912392362;2,6956196181;9,4346686634;16,1737177087;6,7390490453;5,3912392362;2,6956196181;1;11.1111111111, 0, 44.4444444444, 22.2222222222, 11.1111111111, 11.1111111111, 0, 0;0, 11.1111111111, 0, 0, 33.3333333333, 11.1111111111, 22.2222222222, 0, 11.1111111111, 0, 11.1111111111, 0, 0, 0, 0, 0, 0, 0, 0, 0, 0, 0, 0, 0, 0;Europe/Paris;41,0
2022-10-20T08:00:00Z;-1;9000003703;hourly;0,7250000000;11,0344827586;19,3103448276;30,3448275862;9,6551724138;4,1379310345;6,8965517241;4,1379310345;15,1724137931;12,4137931034;17,9310344828;2,7586206897;6,8965517241;1;57.1428571429, 35.7142857143, 7.1428571429, 0, 0, 0, 0, 0;42.8571428571, 14.2857142857, 14.2857142857, 21.4285714286, 0, 7.1428571429, 0, 0, 0, 0, 0, 0, 0, 0, 0, 0, 0, 0, 0, 0, 0, 0, 0, 0, 0;Europe/Paris;15,5
2022-10-20T09:00:00Z;-1;9000003703;hourly;0,6716666667;11,9106699752;2,9776674938;22,3325062035;2,9776674938;4,4665012407;7,4441687345;1,4888337469;1,4888337469;10,4218362283;11,9106699752;1,4888337469;1,4888337469;1;100, 0, 0, 0, 0, 0, 0, 0;100, 0, 0, 0, 0, 0, 0, 0, 0, 0, 0, 0, 0, 0, 0, 0, 0, 0, 0, 0, 0, 0, 0, 0, 0;Europe/Paris;2,5
2022-10-20T10:00:00Z;-1;9000003703;hourly;0,7213888889;30,4967269927;22,1794378129;18,0207932229;1,3862148633;8,3172891798;22,1794378129;6,9310743165;15,2483634963;6,9310743165;11,0897189064;0,0000000000;1,3862148633;1;12.5, 18.75, 31.25, 37.5, 0, 0, 0, 0;6.25, 6.25, 6.25, 12.5, 0, 31.25, 25, 12.5, 0, 0, 0, 0, 0, 0, 0, 0, 0, 0, 0, 0, 0, 0, 0, 0, 0;Europe/Paris;32,0
2022-10-20T11:00:00Z;-1;9000003703;hourly;0,7391666667;18,9402480271;50,0563697858;13,5287485908;0,0000000000;10,8229988726;8,1172491545;22,9988726043;27,0574971815;5,4114994363;8,1172491545;0,0000000000;0,0000000000;1;5.4054054054, 10.8108108108, 48.6486486486, 35.1351351351, 0, 0, 0, 0;5.4054054054, 0, 0, 10.8108108108, 16.2162162162, 32.4324324324, 27.027027027, 8.1081081081, 0, 0, 0, 0, 0, 0, 0, 0, 0, 0, 0, 0, 0, 0, 0, 0, 0;Europe/Paris;31,0
2022-10-20T12:00:00Z;-1;9000003703;hourly;0,7597222222;9,2138939671;23,6928702011;10,5301645338;0,0000000000;7,8976234004;1,3162705667;10,5301645338;13,1627056673;5,2650822669;5,2650822669;0,0000000000;0,0000000000;1;0, 11.1111111111, 77.7777777778, 11.1111111111, 0, 0, 0, 0;0, 0, 0, 11.1111111111, 50, 27.7777777778, 11.1111111111, 0, 0, 0, 0, 0, 0, 0, 0, 0, 0, 0, 0, 0, 0, 0, 0, 0, 0;Europe/Paris;27,0
2022-10-20T13:00:00Z;-1;9000003703;hourly;0,7063888889;7,0782540307;18,4034604797;21,2347620920;2,8313016123;1,4156508061;5,6626032245;12,7408572552;5,6626032245;8,4939048368;12,7408572552;1,4156508061;1,4156508061;1;15.3846153846, 7.6923076923, 61.5384615385, 7.6923076923, 7.6923076923, 0, 0, 0;7.6923076923, 7.6923076923, 0, 7.6923076923, 38.4615384615, 23.0769230769, 0, 7.6923076923, 7.6923076923, 0, 0, 0, 0, 0, 0, 0, 0, 0, 0, 0, 0, 0, 0, 0, 0;Europe/Paris;33,0
2022-10-20T14:00:00Z;-1;9000003703;hourly;0,7422222222;16,1676646707;35,0299401198;14,8203592814;6,7365269461;0,0000000000;16,1676646707;10,7784431138;24,2514970060;2,6946107784;12,1257485030;1,3473053892;5,3892215569;1;46.1538461538, 19.2307692308, 26.9230769231, 7.6923076923, 0, 0, 0, 0;23.0769230769, 23.0769230769, 7.6923076923, 11.5384615385, 15.3846153846, 11.5384615385, 7.6923076923, 0, 0, 0, 0, 0, 0, 0, 0, 0, 0, 0, 0, 0, 0, 0, 0, 0, 0;Europe/Paris;24,5
2022-10-20T15:00:00Z;-1;9000003703;hourly;0,7591666667;14,4895718990;110,6476399561;10,5378704720;3,9517014270;5,2689352360;9,2206366630;46,1031833150;64,5444566411;3,9517014270;6,5861690450;1,3172338090;2,6344676180;1;45.2380952381, 28.5714285714, 23.8095238095, 1.1904761905, 0, 0, 0, 1.1904761905;28.5714285714, 16.6666666667, 9.5238095238, 19.0476190476, 15.4761904762, 8.3333333333, 0, 1.1904761905, 0, 0, 0, 0, 0, 0, 0, 0, 0, 0, 0, 0, 0, 0, 0, 0, 1.1904761905;Europe/Paris;21,0
2022-10-20T16:00:00Z;-1;9000003703;hourly;0,7805555556;16,6548042705;120,4270462633;20,4982206406;11,5302491103;3,8434163701;12,8113879004;44,8398576512;75,5871886121;5,1245551601;15,3736654804;2,5622775801;8,9679715302;1;13.829787234, 12.7659574468, 47.8723404255, 23.4042553191, 2.1276595745, 0, 0, 0;10.6382978723, 3.1914893617, 2.1276595745, 10.6382978723, 13.829787234, 34.0425531915, 21.2765957447, 2.1276595745, 2.1276595745, 0, 0, 0, 0, 0, 0, 0, 0, 0, 0, 0, 0, 0, 0, 0, 0;Europe/Paris;30,0
2022-10-20T17:00:00Z;-1;9000003703;hourly;0,0944444444;42,3529411765;137,6470588235;21,1764705882;31,7647058824;10,5882352941;31,7647058824;31,7647058824;105,8823529412;10,5882352941;10,5882352941;31,7647058824;0,0000000000;1;0, 7.6923076923, 46.1538461538, 38.4615384615, 0, 7.6923076923, 0, 0;0, 0, 0, 7.6923076923, 0, 46.1538461538, 38.4615384615, 0, 0, 0, 0, 7.6923076923, 0, 0, 0, 0, 0, 0, 0, 0, 0, 0, 0, 0, 0;Europe/Paris;31,5
2022-10-20T18:00:00Z;-1;9000003703;hourly;0,0000000000;0,0000000000;0,0000000000;0,0000000000;0,0000000000;0,0000000000;0,0000000000;0,0000000000;0,0000000000;0,0000000000;0,0000000000;0,0000000000;0,0000000000;1;0, 0, 0, 0, 0, 0, 0, 0;0, 0, 0, 0, 0, 0, 0, 0, 0, 0, 0, 0, 0, 0, 0, 0, 0, 0, 0, 0, 0, 0, 0, 0, 0;Europe/Paris;NA
2022-10-21T05:00:00Z;-1;9000003703;hourly;0,0000000000;0,0000000000;0,0000000000;0,0000000000;0,0000000000;0,0000000000;0,0000000000;0,0000000000;0,0000000000;0,0000000000;0,0000000000;0,0000000000;0,0000000000;1;0, 0, 0, 0, 0, 0, 0, 0;0, 0, 0, 0, 0, 0, 0, 0, 0, 0, 0, 0, 0, 0, 0, 0, 0, 0, 0, 0, 0, 0, 0, 0, 0;Europe/Paris;NA
2022-10-21T06:00:00Z;-1;9000003703;hourly;0,2111111111;23,6842105263;33,1578947368;9,4736842105;4,7368421053;14,2105263158;9,4736842105;23,6842105263;9,4736842105;0,0000000000;9,4736842105;0,0000000000;4,7368421053;1;0, 0, 42.8571428571, 42.8571428571, 14.2857142857, 0, 0, 0;0, 0, 0, 0, 28.5714285714, 14.2857142857, 28.5714285714, 14.2857142857, 14.2857142857, 0, 0, 0, 0, 0, 0, 0, 0, 0, 0, 0, 0, 0, 0, 0, 0;Europe/Paris;37,0
2022-10-21T07:00:00Z;-1;9000003703;hourly;0,6200000000;8,0645161290;48,3870967742;4,8387096774;8,0645161290;1,6129032258;6,4516129032;30,6451612903;17,7419354839;3,2258064516;1,6129032258;8,0645161290;0,0000000000;1;6.6666666667, 3.3333333333, 40, 36.6666666667, 13.3333333333, 0, 0, 0;6.6666666667, 0, 3.3333333333, 0, 16.6666666667, 23.3333333333, 16.6666666667, 20, 10, 3.3333333333, 0, 0, 0, 0, 0, 0, 0, 0, 0, 0, 0, 0, 0, 0, 0;Europe/Paris;37,0
2022-10-21T08:00:00Z;-1;9000003703;hourly;0,5897222222;18,6528497409;33,9142722562;11,8699952897;10,1742816769;6,7828544512;11,8699952897;18,6528497409;15,2614225153;10,1742816769;1,6957136128;6,7828544512;3,3914272256;1;20, 10, 15, 50, 5, 0, 0, 0;5, 15, 0, 10, 5, 10, 30, 20, 5, 0, 0, 0, 0, 0, 0, 0, 0, 0, 0, 0, 0, 0, 0, 0, 0;Europe/Paris;35,0
2022-10-21T09:00:00Z;-1;9000003703;hourly;0,6230555556;32,0998662506;38,5198395007;16,0499331253;9,6299598752;9,6299598752;22,4699063754;19,2599197503;19,2599197503;16,0499331253;0,0000000000;6,4199732501;3,2099866251;1;4.1666666667, 25, 25, 29.1666666667, 12.5, 4.1666666667, 0, 0;4.1666666667, 0, 12.5, 12.5, 12.5, 12.5, 16.6666666667, 12.5, 12.5, 0, 4.1666666667, 0, 0, 0, 0, 0, 0, 0, 0, 0, 0, 0, 0, 0, 0;Europe/Paris;38,0
2022-10-21T10:00:00Z;-1;9000003703;hourly;0,5783333333;48,4149855908;46,6858789625;22,4783861671;3,4582132565;12,1037463977;36,3112391931;10,3746397695;36,3112391931;13,8328530259;8,6455331412;3,4582132565;0,0000000000;1;14.8148148148, 11.1111111111, 29.6296296296, 40.7407407407, 0, 0, 3.7037037037, 0;7.4074074074, 7.4074074074, 3.7037037037, 7.4074074074, 14.8148148148, 14.8148148148, 25.9259259259, 14.8148148148, 0, 0, 0, 0, 3.7037037037, 0, 0, 0, 0, 0, 0, 0, 0, 0, 0, 0, 0;Europe/Paris;33,5
2022-10-21T11:00:00Z;-1;9000003703;hourly;0,5794444444;29,3384467881;100,0958772771;24,1610738255;13,8063279003;10,3547459252;18,9837008629;41,4189837009;58,6768935762;5,1773729626;18,9837008629;3,4515819751;10,3547459252;1;3.4482758621, 20.6896551724, 46.5517241379, 22.4137931034, 3.4482758621, 0, 0, 3.4482758621;3.4482758621, 0, 5.1724137931, 15.5172413793, 25.8620689655, 20.6896551724, 15.5172413793, 6.8965517241, 3.4482758621, 0, 0, 0, 0, 0, 1.724137931, 1.724137931, 0, 0, 0, 0, 0, 0, 0, 0, 0;Europe/Paris;32,0
2022-10-21T12:00:00Z;-1;9000003703;hourly;0,5536111111;16,2568991470;32,5137982940;57,8023080783;3,6126442549;5,4189663823;10,8379327647;12,6442548921;19,8695434019;32,5137982940;25,2885097842;3,6126442549;0,0000000000;1;0, 27.7777777778, 55.5555555556, 16.6666666667, 0, 0, 0, 0;0, 0, 11.1111111111, 16.6666666667, 33.3333333333, 22.2222222222, 16.6666666667, 0, 0, 0, 0, 0, 0, 0, 0, 0, 0, 0, 0, 0, 0, 0, 0, 0, 0;Europe/Paris;28,0
2022-10-21T13:00:00Z;-1;9000003703;hourly;0,5758333333;8,6830680174;22,5759768452;45,1519536903;6,9464544139;3,4732272069;5,2098408104;12,1562952243;10,4196816208;17,3661360347;27,7858176556;3,4732272069;3,4732272069;1;30.7692307692, 7.6923076923, 23.0769230769, 38.4615384615, 0, 0, 0, 0;23.0769230769, 7.6923076923, 0, 7.6923076923, 15.3846153846, 7.6923076923, 23.0769230769, 15.3846153846, 0, 0, 0, 0, 0, 0, 0, 0, 0, 0, 0, 0, 0, 0, 0, 0, 0;Europe/Paris;32,5
2022-10-21T14:00:00Z;-1;9000003703;hourly;0,5747222222;38,2793620106;97,4383760271;46,9792170130;76,5587240213;19,1396810053;19,1396810053;50,4591590140;46,9792170130;27,8395360077;19,1396810053;33,0594490092;43,4992750121;1;14.2857142857, 16.0714285714, 42.8571428571, 21.4285714286, 3.5714285714, 1.7857142857, 0, 0;10.7142857143, 3.5714285714, 7.1428571429, 8.9285714286, 23.2142857143, 19.6428571429, 16.0714285714, 5.3571428571, 3.5714285714, 0, 0, 1.7857142857, 0, 0, 0, 0, 0, 0, 0, 0, 0, 0, 0, 0, 0;Europe/Paris;31,0
2022-10-21T15:00:00Z;-1;9000003703;hourly;0,6463888889;32,4881822089;105,1998281049;17,0176192523;20,1117318436;20,1117318436;12,3764503653;29,3940696175;75,8057584873;13,9235066609;3,0941125913;9,2823377740;10,8293940696;1;4.4117647059, 11.7647058824, 48.5294117647, 27.9411764706, 5.8823529412, 0, 1.4705882353, 0;1.4705882353, 2.9411764706, 0, 11.7647058824, 17.6470588235, 30.8823529412, 14.7058823529, 13.2352941176, 5.8823529412, 0, 0, 0, 1.4705882353, 0, 0, 0, 0, 0, 0, 0, 0, 0, 0, 0, 0;Europe/Paris;34,5
2022-10-21T16:00:00Z;-1;9000003703;hourly;0,6238888889;24,0427426536;157,0792520036;11,2199465717;19,2341941229;12,8227960819;11,2199465717;68,9225289403;88,1567230632;3,2056990205;8,0142475512;11,2199465717;8,0142475512;1;1.0204081633, 6.1224489796, 44.8979591837, 38.7755102041, 9.1836734694, 0, 0, 0;1.0204081633, 0, 0, 6.1224489796, 20.4081632653, 24.4897959184, 24.4897959184, 14.2857142857, 6.1224489796, 3.0612244898, 0, 0, 0, 0, 0, 0, 0, 0, 0, 0, 0, 0, 0, 0, 0;Europe/Paris;35,5
2022-10-21T17:00:00Z;-1;9000003703;hourly;0,0388888889;0,0000000000;180,0000000000;0,0000000000;0,0000000000;0,0000000000;0,0000000000;128,5714285714;51,4285714286;0,0000000000;0,0000000000;0,0000000000;0,0000000000;1;0, 0, 57.1428571429, 42.8571428571, 0, 0, 0, 0;0, 0, 0, 0, 14.2857142857, 42.8571428571, 28.5714285714, 14.2857142857, 0, 0, 0, 0, 0, 0, 0, 0, 0, 0, 0, 0, 0, 0, 0, 0, 0;Europe/Paris;32,5
2022-10-21T18:00:00Z;-1;9000003703;hourly;0,0000000000;0,0000000000;0,0000000000;0,0000000000;0,0000000000;0,0000000000;0,0000000000;0,0000000000;0,0000000000;0,0000000000;0,0000000000;0,0000000000;0,0000000000;1;0, 0, 0, 0, 0, 0, 0, 0;0, 0, 0, 0, 0, 0, 0, 0, 0, 0, 0, 0, 0, 0, 0, 0, 0, 0, 0, 0, 0, 0, 0, 0, 0;Europe/Paris;NA
2022-10-22T08:00:00Z;-1;9000003703;hourly;0,7638888889;7,8545454545;87,7090909091;10,4727272727;18,3272727273;2,6181818182;5,2363636364;52,3636363636;35,3454545455;6,5454545455;3,9272727273;10,4727272727;7,8545454545;1;1.4925373134, 19.4029850746, 38.8059701493, 35.8208955224, 4.4776119403, 0, 0, 0;0, 1.4925373134, 7.4626865672, 11.9402985075, 10.447761194, 28.3582089552, 23.8805970149, 11.9402985075, 1.4925373134, 2.9850746269, 0, 0, 0, 0, 0, 0, 0, 0, 0, 0, 0, 0, 0, 0, 0;Europe/Paris;33,0
2022-10-22T09:00:00Z;-1;9000003703;hourly;0,7838888889;19,1353649894;95,6768249468;14,0326009922;19,1353649894;12,7569099929;6,3784549965;30,6165839830;65,0602409639;8,9298369950;5,1027639972;12,7569099929;6,3784549965;1;0, 9.3333333333, 29.3333333333, 49.3333333333, 10.6666666667, 0, 0, 1.3333333333;0, 0, 2.6666666667, 6.6666666667, 9.3333333333, 20, 25.3333333333, 24, 9.3333333333, 1.3333333333, 0, 0, 0, 0, 0, 0, 0, 0, 0, 1.3333333333, 0, 0, 0, 0, 0;Europe/Paris;37,0
2022-10-22T10:00:00Z;-1;9000003703;hourly;0,7872222222;19,0543401553;78,7579393084;15,2434721242;8,8920254058;13,9731827805;5,0811573747;41,9195483416;36,8383909668;10,1623147495;5,0811573747;3,8108680311;5,0811573747;1;1.6129032258, 11.2903225806, 46.7741935484, 32.2580645161, 6.4516129032, 1.6129032258, 0, 0;1.6129032258, 0, 0, 11.2903225806, 29.0322580645, 17.7419354839, 14.5161290323, 17.7419354839, 4.8387096774, 1.6129032258, 1.6129032258, 0, 0, 0, 0, 0, 0, 0, 0, 0, 0, 0, 0, 0, 0;Europe/Paris;35,5
2022-10-22T11:00:00Z;-1;9000003703;hourly;0,7850000000;7,6433121019;38,2165605096;5,0955414013;5,0955414013;3,8216560510;3,8216560510;12,7388535032;25,4777070064;2,5477707006;2,5477707006;5,0955414013;0,0000000000;1;3.3333333333, 10, 16.6666666667, 63.3333333333, 6.6666666667, 0, 0, 0;3.3333333333, 0, 0, 10, 10, 6.6666666667, 43.3333333333, 20, 3.3333333333, 3.3333333333, 0, 0, 0, 0, 0, 0, 0, 0, 0, 0, 0, 0, 0, 0, 0;Europe/Paris;35,5
2022-10-22T12:00:00Z;-1;9000003703;hourly;0,7916666667;7,5789473684;45,4736842105;5,0526315789;0,0000000000;6,3157894737;1,2631578947;18,9473684211;26,5263157895;0,0000000000;5,0526315789;0,0000000000;0,0000000000;1;0, 11.1111111111, 44.4444444444, 41.6666666667, 2.7777777778, 0, 0, 0;0, 0, 2.7777777778, 8.3333333333, 11.1111111111, 33.3333333333, 30.5555555556, 11.1111111111, 0, 2.7777777778, 0, 0, 0, 0, 0, 0, 0, 0, 0, 0, 0, 0, 0, 0, 0;Europe/Paris;32,5
2022-10-22T13:00:00Z;-1;9000003703;hourly;0,8025000000;8,7227414330;72,2741433022;3,7383177570;6,2305295950;6,2305295950;2,4922118380;36,1370716511;36,1370716511;3,7383177570;0,0000000000;3,7383177570;2,4922118380;1;0, 8.6206896552, 34.4827586207, 48.275862069, 8.6206896552, 0, 0, 0;0, 0, 0, 8.6206896552, 12.0689655172, 22.4137931034, 32.7586206897, 15.5172413793, 8.6206896552, 0, 0, 0, 0, 0, 0, 0, 0, 0, 0, 0, 0, 0, 0, 0, 0;Europe/Paris;35,5
2022-10-22T14:00:00Z;-1;9000003703;hourly;0,8069444444;7,4354561102;52,0481927711;8,6746987952;2,4784853701;4,9569707401;2,4784853701;16,1101549053;35,9380378657;7,4354561102;1,2392426850;1,2392426850;1,2392426850;1;0, 9.5238095238, 26.1904761905, 50, 11.9047619048, 2.380952381, 0, 0;0, 0, 7.1428571429, 2.380952381, 7.1428571429, 19.0476190476, 30.9523809524, 19.0476190476, 9.5238095238, 2.380952381, 0, 2.380952381, 0, 0, 0, 0, 0, 0, 0, 0, 0, 0, 0, 0, 0;Europe/Paris;37,5
2022-10-22T15:00:00Z;-1;9000003703;hourly;0,8000000000;7,5000000000;93,7500000000;16,2500000000;7,5000000000;3,7500000000;3,7500000000;30,0000000000;63,7500000000;8,7500000000;7,5000000000;6,2500000000;1,2500000000;1;0, 0, 26.6666666667, 58.6666666667, 12, 1.3333333333, 0, 1.3333333333;0, 0, 0, 0, 1.3333333333, 25.3333333333, 40, 18.6666666667, 8, 4, 1.3333333333, 0, 0, 0, 0, 0, 0, 1.3333333333, 0, 0, 0, 0, 0, 0, 0;Europe/Paris;37,5
2022-10-22T16:00:00Z;-1;9000003703;hourly;0,7916666667;7,5789473684;111,1578947368;16,4210526316;6,3157894737;3,7894736842;3,7894736842;29,0526315789;82,1052631579;5,0526315789;11,3684210526;2,5263157895;3,7894736842;1;0, 1.1363636364, 30.6818181818, 52.2727272727, 13.6363636364, 1.1363636364, 0, 1.1363636364;0, 0, 0, 1.1363636364, 11.3636363636, 19.3181818182, 29.5454545455, 22.7272727273, 11.3636363636, 2.2727272727, 1.1363636364, 0, 0, 0, 0, 0, 0, 0, 1.1363636364, 0, 0, 0, 0, 0, 0;Europe/Paris;38,0
2022-10-22T17:00:00Z;-1;9000003703;hourly;0,1530555556;0,0000000000;78,4029038113;6,5335753176;0,0000000000;0,0000000000;0,0000000000;32,6678765880;45,7350272232;0,0000000000;6,5335753176;0,0000000000;0,0000000000;1;0, 8.3333333333, 33.3333333333, 41.6666666667, 16.6666666667, 0, 0, 0;0, 0, 0, 8.3333333333, 25, 8.3333333333, 41.6666666667, 0, 8.3333333333, 8.3333333333, 0, 0, 0, 0, 0, 0, 0, 0, 0, 0, 0, 0, 0, 0, 0;Europe/Paris;38,5
2022-10-22T18:00:00Z;-1;9000003703;hourly;0,0000000000;0,0000000000;0,0000000000;0,0000000000;0,0000000000;0,0000000000;0,0000000000;0,0000000000;0,0000000000;0,0000000000;0,0000000000;0,0000000000;0,0000000000;1;0, 0, 0, 0, 0, 0, 0, 0;0, 0, 0, 0, 0, 0, 0, 0, 0, 0, 0, 0, 0, 0, 0, 0, 0, 0, 0, 0, 0, 0, 0, 0, 0;Europe/Paris;NA
2022-10-24T06:00:00Z;-1;9000003703;hourly;0,0172222222;58,0645161290;0,0000000000;0,0000000000;0,0000000000;58,0645161290;0,0000000000;0,0000000000;0,0000000000;0,0000000000;0,0000000000;0,0000000000;0,0000000000;1;0, 0, 0, 0, 0, 0, 0, 0;0, 0, 0, 0, 0, 0, 0, 0, 0, 0, 0, 0, 0, 0, 0, 0, 0, 0, 0, 0, 0, 0, 0, 0, 0;Europe/Paris;NA
2022-10-24T07:00:00Z;-1;9000003703;hourly;0,7891666667;16,4730728617;24,0760295671;2,5343189018;2,5343189018;6,3357972545;10,1372756072;11,4044350581;12,6715945090;2,5343189018;0,0000000000;0,0000000000;2,5343189018;1;0, 0, 21.0526315789, 63.1578947368, 15.7894736842, 0, 0, 0;0, 0, 0, 0, 10.5263157895, 10.5263157895, 15.7894736842, 47.3684210526, 5.2631578947, 10.5263157895, 0, 0, 0, 0, 0, 0, 0, 0, 0, 0, 0, 0, 0, 0, 0;Europe/Paris;38,5
2022-10-24T08:00:00Z;-1;9000003703;hourly;0,6972222222;11,4741035857;12,9083665339;10,0398406375;0,0000000000;5,7370517928;5,7370517928;4,3027888446;8,6055776892;5,7370517928;4,3027888446;0,0000000000;0,0000000000;1;55.5555555556, 0, 33.3333333333, 11.1111111111, 0, 0, 0, 0;33.3333333333, 22.2222222222, 0, 0, 11.1111111111, 22.2222222222, 0, 11.1111111111, 0, 0, 0, 0, 0, 0, 0, 0, 0, 0, 0, 0, 0, 0, 0, 0, 0;Europe/Paris;26,5
2022-10-24T09:00:00Z;-1;9000003703;hourly;0,7680555556;24,7377938517;10,4159132007;6,5099457505;15,6238698011;13,0198915009;11,7179023508;3,9059674503;6,5099457505;3,9059674503;2,6039783002;7,8119349005;7,8119349005;1;0, 0, 12.5, 87.5, 0, 0, 0, 0;0, 0, 0, 0, 0, 12.5, 37.5, 50, 0, 0, 0, 0, 0, 0, 0, 0, 0, 0, 0, 0, 0, 0, 0, 0, 0;Europe/Paris;36,0
2022-10-24T10:00:00Z;-1;9000003703;hourly;0,7350000000;4,0816326531;58,5034013605;9,5238095238;8,1632653061;0,0000000000;4,0816326531;14,9659863946;43,5374149660;5,4421768707;4,0816326531;5,4421768707;2,7210884354;1;4.6511627907, 0, 16.2790697674, 39.5348837209, 32.5581395349, 4.6511627907, 0, 2.3255813953;2.3255813953, 2.3255813953, 0, 0, 4.6511627907, 11.6279069767, 23.2558139535, 16.2790697674, 18.6046511628, 13.9534883721, 2.3255813953, 2.3255813953, 0, 0, 0, 2.3255813953, 0, 0, 0, 0, 0, 0, 0, 0, 0;Europe/Paris;44,5
2022-10-24T11:00:00Z;-1;9000003703;hourly;0,7661111111;5,2211747643;41,7693981146;11,7476432197;9,1370558376;1,3052936911;3,9158810732;23,4952864394;18,2741116751;7,8317621465;3,9158810732;3,9158810732;5,2211747643;1;0, 3.125, 62.5, 25, 6.25, 0, 0, 3.125;0, 0, 0, 3.125, 25, 37.5, 25, 0, 3.125, 3.125, 0, 0, 0, 0, 3.125, 0, 0, 0, 0, 0, 0, 0, 0, 0, 0;Europe/Paris;31,5
2022-10-24T12:00:00Z;-1;9000003703;hourly;0,7227777778;27,6710222905;35,9723289777;41,5065334358;0,0000000000;9,6848578017;17,9861644889;17,9861644889;17,9861644889;13,8355111453;27,6710222905;0,0000000000;0,0000000000;1;15.3846153846, 15.3846153846, 38.4615384615, 26.9230769231, 3.8461538462, 0, 0, 0;11.5384615385, 3.8461538462, 3.8461538462, 11.5384615385, 30.7692307692, 7.6923076923, 15.3846153846, 11.5384615385, 3.8461538462, 0, 0, 0, 0, 0, 0, 0, 0, 0, 0, 0, 0, 0, 0, 0, 0;Europe/Paris;32,5
2022-10-24T13:00:00Z;-1;9000003703;hourly;0,7386111111;12,1850319669;24,3700639338;12,1850319669;0,0000000000;5,4155697631;6,7694622038;16,2467092892;8,1233546446;6,7694622038;5,4155697631;0,0000000000;0,0000000000;1;11.1111111111, 33.3333333333, 38.8888888889, 11.1111111111, 5.5555555556, 0, 0, 0;0, 11.1111111111, 0, 33.3333333333, 11.1111111111, 27.7777777778, 5.5555555556, 5.5555555556, 5.5555555556, 0, 0, 0, 0, 0, 0, 0, 0, 0, 0, 0, 0, 0, 0, 0, 0;Europe/Paris;29,0
2022-10-24T14:00:00Z;-1;9000003703;hourly;0,7169444444;11,1584657110;16,7376985664;11,1584657110;4,1844246416;1,3948082139;9,7636574971;2,7896164277;13,9480821387;4,1844246416;6,9740410694;1,3948082139;2,7896164277;1;0, 0, 58.3333333333, 33.3333333333, 0, 8.3333333333, 0, 0;0, 0, 0, 0, 25, 33.3333333333, 16.6666666667, 16.6666666667, 0, 0, 8.3333333333, 0, 0, 0, 0, 0, 0, 0, 0, 0, 0, 0, 0, 0, 0;Europe/Paris;35,5
2022-10-24T15:00:00Z;-1;9000003703;hourly;0,7838888889;21,6867469880;49,7519489724;3,8270729979;2,5513819986;1,2756909993;20,4110559887;15,3082919915;34,4436569809;2,5513819986;1,2756909993;1,2756909993;1,2756909993;1;12.8205128205, 5.1282051282, 33.3333333333, 35.8974358974, 10.2564102564, 0, 2.5641025641, 0;7.6923076923, 5.1282051282, 5.1282051282, 0, 12.8205128205, 20.5128205128, 17.9487179487, 17.9487179487, 5.1282051282, 5.1282051282, 0, 0, 2.5641025641, 0, 0, 0, 0, 0, 0, 0, 0, 0, 0, 0, 0;Europe/Paris;37,0
2022-10-24T16:00:00Z;-1;9000003703;hourly;0,8019444444;33,6681676481;67,3363352962;3,7409075165;7,4818150329;6,2348458608;27,4333217873;13,7166608937;53,6196744025;0,0000000000;3,7409075165;0,0000000000;7,4818150329;1;5.5555555556, 0, 18.5185185185, 57.4074074074, 18.5185185185, 0, 0, 0;3.7037037037, 1.8518518519, 0, 0, 3.7037037037, 14.8148148148, 18.5185185185, 38.8888888889, 16.6666666667, 1.8518518519, 0, 0, 0, 0, 0, 0, 0, 0, 0, 0, 0, 0, 0, 0, 0;Europe/Paris;38,5
2022-10-24T17:00:00Z;-1;9000003703;hourly;0,1455555556;6,8702290076;48,0916030534;0,0000000000;0,0000000000;0,0000000000;6,8702290076;20,6106870229;27,4809160305;0,0000000000;0,0000000000;0,0000000000;0,0000000000;1;14.2857142857, 0, 28.5714285714, 28.5714285714, 28.5714285714, 0, 0, 0;14.2857142857, 0, 0, 0, 0, 28.5714285714, 28.5714285714, 0, 14.2857142857, 14.2857142857, 0, 0, 0, 0, 0, 0, 0, 0, 0, 0, 0, 0, 0, 0, 0;Europe/Paris;42,0
2022-10-24T18:00:00Z;-1;9000003703;hourly;0,0000000000;0,0000000000;0,0000000000;0,0000000000;0,0000000000;0,0000000000;0,0000000000;0,0000000000;0,0000000000;0,0000000000;0,0000000000;0,0000000000;0,0000000000;1;0, 0, 0, 0, 0, 0, 0, 0;0, 0, 0, 0, 0, 0, 0, 0, 0, 0, 0, 0, 0, 0, 0, 0, 0, 0, 0, 0, 0, 0, 0, 0, 0;Europe/Paris;NA
2022-10-25T06:00:00Z;-1;9000003703;hourly;0,0913888889;0,0000000000;21,8844984802;10,9422492401;0,0000000000;0,0000000000;0,0000000000;10,9422492401;10,9422492401;0,0000000000;10,9422492401;0,0000000000;0,0000000000;1;0, 0, 0, 50, 0, 50, 0, 0;0, 0, 0, 0, 0, 0, 50, 0, 0, 0, 50, 0, 0, 0, 0, 0, 0, 0, 0, 0, 0, 0, 0, 0, 0;Europe/Paris;51,0
2022-10-25T07:00:00Z;-1;9000003703;hourly;0,7352777778;5,4401208916;38,0808462410;5,4401208916;4,0800906687;2,7200604458;2,7200604458;16,3203626747;21,7604835663;2,7200604458;2,7200604458;2,7200604458;1,3600302229;1;0, 3.5714285714, 39.2857142857, 50, 7.1428571429, 0, 0, 0;0, 0, 0, 3.5714285714, 14.2857142857, 25, 21.4285714286, 28.5714285714, 7.1428571429, 0, 0, 0, 0, 0, 0, 0, 0, 0, 0, 0, 0, 0, 0, 0, 0;Europe/Paris;36,0
2022-10-25T08:00:00Z;-1;9000003703;hourly;0,8025000000;7,4766355140;42,3676012461;8,7227414330;3,7383177570;4,9844236760;2,4922118380;13,7071651090;28,6604361371;3,7383177570;4,9844236760;1,2461059190;2,4922118380;1;5.8823529412, 2.9411764706, 35.2941176471, 38.2352941176, 17.6470588235, 0, 0, 0;2.9411764706, 2.9411764706, 0, 2.9411764706, 11.7647058824, 23.5294117647, 23.5294117647, 14.7058823529, 11.7647058824, 5.8823529412, 0, 0, 0, 0, 0, 0, 0, 0, 0, 0, 0, 0, 0, 0, 0;Europe/Paris;38,5
2022-10-25T09:00:00Z;-1;9000003703;hourly;0,7688888889;13,0057803468;36,4161849711;2,6011560694;3,9017341040;5,2023121387;7,8034682081;9,1040462428;27,3121387283;1,3005780347;1,3005780347;2,6011560694;1,3005780347;1;0, 3.5714285714, 42.8571428571, 46.4285714286, 7.1428571429, 0, 0, 0;0, 0, 0, 3.5714285714, 17.8571428571, 25, 32.1428571429, 14.2857142857, 3.5714285714, 3.5714285714, 0, 0, 0, 0, 0, 0, 0, 0, 0, 0, 0, 0, 0, 0, 0;Europe/Paris;35,0
2022-10-25T10:00:00Z;-1;9000003703;hourly;0,8050000000;8,6956521739;58,3850931677;7,4534161491;3,7267080745;4,9689440994;3,7267080745;12,4223602484;45,9627329193;6,2111801242;1,2422360248;1,2422360248;2,4844720497;1;0, 10.6382978723, 21.2765957447, 55.3191489362, 8.5106382979, 2.1276595745, 2.1276595745, 0;0, 0, 2.1276595745, 8.5106382979, 6.3829787234, 14.8936170213, 29.7872340426, 25.5319148936, 6.3829787234, 2.1276595745, 2.1276595745, 0, 0, 2.1276595745, 0, 0, 0, 0, 0, 0, 0, 0, 0, 0, 0;Europe/Paris;37,0
2022-10-25T11:00:00Z;-1;9000003703;hourly;0,7972222222;5,0174216028;37,6306620209;6,2717770035;6,2717770035;1,2543554007;3,7630662021;13,7979094077;23,8327526132;2,5087108014;3,7630662021;1,2543554007;5,0174216028;1;0, 6.6666666667, 46.6666666667, 30, 16.6666666667, 0, 0, 0;0, 0, 0, 6.6666666667, 16.6666666667, 30, 16.6666666667, 13.3333333333, 10, 6.6666666667, 0, 0, 0, 0, 0, 0, 0, 0, 0, 0, 0, 0, 0, 0, 0;Europe/Paris;38,5
2022-10-25T12:00:00Z;-1;9000003703;hourly;0,8005555556;6,2456627342;29,9791811242;16,2387231090;7,4947952811;3,7473976405;2,4982650937;18,7369882026;11,2421929216;3,7473976405;12,4913254684;3,7473976405;3,7473976405;1;0, 0, 50, 41.6666666667, 8.3333333333, 0, 0, 0;0, 0, 0, 0, 12.5, 37.5, 25, 16.6666666667, 8.3333333333, 0, 0, 0, 0, 0, 0, 0, 0, 0, 0, 0, 0, 0, 0, 0, 0;Europe/Paris;35,5
2022-10-25T13:00:00Z;-1;9000003703;hourly;0,8041666667;4,9740932642;44,7668393782;8,7046632124;8,7046632124;3,7305699482;1,2435233161;4,9740932642;39,7927461140;4,9740932642;3,7305699482;4,9740932642;3,7305699482;1;0, 11.1111111111, 11.1111111111, 61.1111111111, 13.8888888889, 2.7777777778, 0, 0;0, 0, 0, 11.1111111111, 2.7777777778, 8.3333333333, 44.4444444444, 16.6666666667, 2.7777777778, 11.1111111111, 2.7777777778, 0, 0, 0, 0, 0, 0, 0, 0, 0, 0, 0, 0, 0, 0;Europe/Paris;40,5
2022-10-25T14:00:00Z;-1;9000003703;hourly;0,8069444444;6,1962134251;45,8519793460;3,7177280551;12,3924268503;4,9569707401;1,2392426850;13,6316695353;32,2203098107;2,4784853701;1,2392426850;4,9569707401;7,4354561102;1;0, 2.7027027027, 32.4324324324, 48.6486486486, 16.2162162162, 0, 0, 0;0, 0, 0, 2.7027027027, 10.8108108108, 21.6216216216, 27.027027027, 21.6216216216, 13.5135135135, 2.7027027027, 0, 0, 0, 0, 0, 0, 0, 0, 0, 0, 0, 0, 0, 0, 0;Europe/Paris;38,0
2022-10-25T15:00:00Z;-1;9000003703;hourly;0,7827777778;8,9425124202;75,3726046842;7,6650106458;15,3300212917;1,2775017743;7,6650106458;16,6075230660;58,7650816182;1,2775017743;6,3875088715;10,2200141945;5,1100070972;1;3.3898305085, 3.3898305085, 44.0677966102, 40.6779661017, 8.4745762712, 0, 0, 0;0, 3.3898305085, 1.6949152542, 1.6949152542, 16.9491525424, 27.1186440678, 22.0338983051, 18.6440677966, 8.4745762712, 0, 0, 0, 0, 0, 0, 0, 0, 0, 0, 0, 0, 0, 0, 0, 0;Europe/Paris;35,5
2022-10-25T16:00:00Z;-1;9000003703;hourly;0,7344444444;9,5310136157;84,4175491679;4,0847201210;10,8925869894;1,3615733737;8,1694402421;14,9773071104;69,4402420575;1,3615733737;2,7231467474;5,4462934947;5,4462934947;1;1.6129032258, 6.4516129032, 27.4193548387, 50, 12.9032258065, 1.6129032258, 0, 0;0, 1.6129032258, 3.2258064516, 3.2258064516, 9.6774193548, 17.7419354839, 27.4193548387, 22.5806451613, 11.2903225806, 1.6129032258, 1.6129032258, 0, 0, 0, 0, 0, 0, 0, 0, 0, 0, 0, 0, 0, 0;Europe/Paris;37,5
2022-10-25T17:00:00Z;-1;9000003703;hourly;0,0502777778;0,0000000000;39,7790055249;0,0000000000;0,0000000000;0,0000000000;0,0000000000;0,0000000000;39,7790055249;0,0000000000;0,0000000000;0,0000000000;0,0000000000;1;0, 0, 50, 0, 50, 0, 0, 0;0, 0, 0, 0, 0, 50, 0, 0, 0, 50, 0, 0, 0, 0, 0, 0, 0, 0, 0, 0, 0, 0, 0, 0, 0;Europe/Paris;46,0
2022-10-25T18:00:00Z;-1;9000003703;hourly;0,0000000000;0,0000000000;0,0000000000;0,0000000000;0,0000000000;0,0000000000;0,0000000000;0,0000000000;0,0000000000;0,0000000000;0,0000000000;0,0000000000;0,0000000000;1;0, 0, 0, 0, 0, 0, 0, 0;0, 0, 0, 0, 0, 0, 0, 0, 0, 0, 0, 0, 0, 0, 0, 0, 0, 0, 0, 0, 0, 0, 0, 0, 0;Europe/Paris;NA
2022-10-26T07:00:00Z;-1;9000003703;hourly;0,5519444444;7,2471061902;19,9295420232;12,6824358329;3,6235530951;0,0000000000;7,2471061902;9,0588827378;10,8706592854;1,8117765476;10,8706592854;3,6235530951;0,0000000000;1;18.1818181818, 0, 9.0909090909, 54.5454545455, 9.0909090909, 9.0909090909, 0, 0;18.1818181818, 0, 0, 0, 0, 9.0909090909, 36.3636363636, 18.1818181818, 0, 9.0909090909, 9.0909090909, 0, 0, 0, 0, 0, 0, 0, 0, 0, 0, 0, 0, 0, 0;Europe/Paris;44,0
2022-10-26T08:00:00Z;-1;9000003703;hourly;0,6094444444;8,2041932543;26,2534184139;8,2041932543;4,9225159526;4,9225159526;3,2816773017;3,2816773017;22,9717411121;3,2816773017;4,9225159526;0,0000000000;4,9225159526;1;0, 6.25, 25, 37.5, 18.75, 12.5, 0, 0;0, 0, 0, 6.25, 0, 25, 12.5, 25, 12.5, 6.25, 12.5, 0, 0, 0, 0, 0, 0, 0, 0, 0, 0, 0, 0, 0, 0;Europe/Paris;45,5
2022-10-26T09:00:00Z;-1;9000003703;hourly;0,6194444444;12,9147982063;45,2017937220;6,4573991031;8,0717488789;6,4573991031;6,4573991031;17,7578475336;27,4439461883;1,6143497758;4,8430493274;1,6143497758;6,4573991031;1;3.5714285714, 7.1428571429, 42.8571428571, 32.1428571429, 14.2857142857, 0, 0, 0;0, 3.5714285714, 3.5714285714, 3.5714285714, 14.2857142857, 28.5714285714, 17.8571428571, 14.2857142857, 7.1428571429, 7.1428571429, 0, 0, 0, 0, 0, 0, 0, 0, 0, 0, 0, 0, 0, 0, 0;Europe/Paris;37,5
2022-10-26T10:00:00Z;-1;9000003703;hourly;0,5919444444;25,3402158611;47,3017362740;3,3786954481;1,6893477241;8,4467386204;16,8934772407;11,8254340685;35,4763022055;1,6893477241;1,6893477241;1,6893477241;0,0000000000;1;21.4285714286, 3.5714285714, 7.1428571429, 32.1428571429, 28.5714285714, 7.1428571429, 0, 0;17.8571428571, 3.5714285714, 0, 3.5714285714, 0, 7.1428571429, 17.8571428571, 14.2857142857, 25, 3.5714285714, 3.5714285714, 3.5714285714, 0, 0, 0, 0, 0, 0, 0, 0, 0, 0, 0, 0, 0;Europe/Paris;41,5
2022-10-26T11:00:00Z;-1;9000003703;hourly;0,6233333333;8,0213903743;40,1069518717;4,8128342246;3,2085561497;4,8128342246;3,2085561497;22,4598930481;17,6470588235;3,2085561497;1,6042780749;1,6042780749;1,6042780749;1;16, 12, 8, 48, 8, 4, 4, 0;12, 4, 4, 8, 8, 0, 16, 32, 0, 8, 4, 0, 4, 0, 0, 0, 0, 0, 0, 0, 0, 0, 0, 0, 0;Europe/Paris;43,0
2022-10-26T12:00:00Z;-1;9000003703;hourly;0,6166666667;8,1081081081;40,5405405405;3,2432432432;1,6216216216;4,8648648649;3,2432432432;21,0810810811;19,4594594595;1,6216216216;1,6216216216;1,6216216216;0,0000000000;1;0, 4, 28, 56, 8, 4, 0, 0;0, 0, 0, 4, 12, 16, 20, 36, 8, 0, 4, 0, 0, 0, 0, 0, 0, 0, 0, 0, 0, 0, 0, 0, 0;Europe/Paris;37,0
2022-10-26T13:00:00Z;-1;9000003703;hourly;0,6041666667;8,2758620690;41,3793103448;11,5862068966;8,2758620690;3,3103448276;4,9655172414;16,5517241379;24,8275862069;3,3103448276;8,2758620690;4,9655172414;3,3103448276;1;8, 4, 16, 64, 8, 0, 0, 0;8, 0, 0, 4, 4, 12, 24, 40, 8, 0, 0, 0, 0, 0, 0, 0, 0, 0, 0, 0, 0, 0, 0, 0, 0;Europe/Paris;36,5
2022-10-26T14:00:00Z;-1;9000003703;hourly;0,6636111111;13,5621598995;63,2900795312;6,0276266220;1,5069066555;0,0000000000;13,5621598995;19,5897865216;43,7002930096;0,0000000000;6,0276266220;1,5069066555;0,0000000000;1;7.1428571429, 23.8095238095, 59.5238095238, 9.5238095238, 0, 0, 0, 0;4.7619047619, 2.380952381, 9.5238095238, 14.2857142857, 30.9523809524, 28.5714285714, 9.5238095238, 0, 0, 0, 0, 0, 0, 0, 0, 0, 0, 0, 0, 0, 0, 0, 0, 0, 0;Europe/Paris;26,5
2022-10-26T15:00:00Z;-1;9000003703;hourly;0,6683333333;8,9775561097;79,3017456359;5,9850374065;10,4738154613;2,9925187032;5,9850374065;31,4214463840;47,8802992519;2,9925187032;2,9925187032;2,9925187032;7,4812967581;1;41.5094339623, 28.3018867925, 24.5283018868, 5.6603773585, 0, 0, 0, 0;28.3018867925, 13.2075471698, 13.2075471698, 15.0943396226, 11.320754717, 13.2075471698, 1.8867924528, 3.7735849057, 0, 0, 0, 0, 0, 0, 0, 0, 0, 0, 0, 0, 0, 0, 0, 0, 0;Europe/Paris;24,0
2022-10-26T16:00:00Z;-1;9000003703;hourly;0,6105555556;18,0163785259;68,7898089172;6,5514103731;11,4649681529;4,9135577798;13,1028207461;14,7406733394;54,0491355778;0,0000000000;6,5514103731;1,6378525933;9,8271155596;1;4.7619047619, 2.380952381, 23.8095238095, 47.619047619, 19.0476190476, 2.380952381, 0, 0;2.380952381, 2.380952381, 0, 2.380952381, 7.1428571429, 16.6666666667, 28.5714285714, 19.0476190476, 16.6666666667, 2.380952381, 0, 2.380952381, 0, 0, 0, 0, 0, 0, 0, 0, 0, 0, 0, 0, 0;Europe/Paris;39,5
2022-10-26T17:00:00Z;-1;9000003703;hourly;0,0897222222;0,0000000000;33,4365325077;0,0000000000;0,0000000000;0,0000000000;0,0000000000;11,1455108359;22,2910216718;0,0000000000;0,0000000000;0,0000000000;0,0000000000;1;0, 33.3333333333, 0, 66.6666666667, 0, 0, 0, 0;0, 0, 0, 33.3333333333, 0, 0, 66.6666666667, 0, 0, 0, 0, 0, 0, 0, 0, 0, 0, 0, 0, 0, 0, 0, 0, 0, 0;Europe/Paris;31,5
2022-10-26T18:00:00Z;-1;9000003703;hourly;0,0000000000;0,0000000000;0,0000000000;0,0000000000;0,0000000000;0,0000000000;0,0000000000;0,0000000000;0,0000000000;0,0000000000;0,0000000000;0,0000000000;0,0000000000;1;0, 0, 0, 0, 0, 0, 0, 0;0, 0, 0, 0, 0, 0, 0, 0, 0, 0, 0, 0, 0, 0, 0, 0, 0, 0, 0, 0, 0, 0, 0, 0, 0;Europe/Paris;NA
2022-10-27T07:00:00Z;-1;9000003703;hourly;0,3841666667;15,6182212581;54,6637744035;5,2060737527;10,4121475054;7,8091106291;7,8091106291;15,6182212581;39,0455531453;5,2060737527;0,0000000000;2,6030368764;7,8091106291;1;0, 0, 28.5714285714, 66.6666666667, 4.7619047619, 0, 0, 0;0, 0, 0, 0, 0, 28.5714285714, 23.8095238095, 42.8571428571, 4.7619047619, 0, 0, 0, 0, 0, 0, 0, 0, 0, 0, 0, 0, 0, 0, 0, 0;Europe/Paris;36,5
2022-10-27T08:00:00Z;-1;9000003703;hourly;0,7902777778;7,5922671353;37,9613356766;11,3884007030;2,5307557118;3,7961335677;3,7961335677;10,1230228471;27,8383128295;6,3268892794;5,0615114236;2,5307557118;0,0000000000;1;13.3333333333, 6.6666666667, 20, 40, 13.3333333333, 3.3333333333, 0, 3.3333333333;13.3333333333, 0, 0, 6.6666666667, 10, 10, 26.6666666667, 13.3333333333, 10, 3.3333333333, 3.3333333333, 0, 0, 0, 0, 3.3333333333, 0, 0, 0, 0, 0, 0, 0, 0, 0;Europe/Paris;40,0
2022-10-27T09:00:00Z;-1;9000003703;hourly;0,7747222222;11,6170670491;25,8157045536;6,4539261384;2,5815704554;5,1631409107;6,4539261384;9,0354965938;16,7802079598;3,8723556830;2,5815704554;0,0000000000;2,5815704554;1;5, 5, 10, 40, 20, 15, 0, 5;5, 0, 5, 0, 5, 5, 25, 15, 10, 10, 10, 5, 0, 0, 0, 5, 0, 0, 0, 0, 0, 0, 0, 0, 0;Europe/Paris;50,0
2022-10-27T10:00:00Z;-1;9000003703;hourly;0,7933333333;6,3025210084;45,3781512605;7,5630252101;1,2605042017;2,5210084034;3,7815126050;3,7815126050;41,5966386555;3,7815126050;3,7815126050;0,0000000000;1,2605042017;1;0, 2.7777777778, 19.4444444444, 38.8888888889, 36.1111111111, 2.7777777778, 0, 0;0, 0, 0, 2.7777777778, 2.7777777778, 16.6666666667, 19.4444444444, 19.4444444444, 16.6666666667, 19.4444444444, 2.7777777778, 0, 0, 0, 0, 0, 0, 0, 0, 0, 0, 0, 0, 0, 0;Europe/Paris;44,5
2022-10-27T11:00:00Z;-1;9000003703;hourly;0,7922222222;12,6227208976;44,1795231417;11,3604488079;1,2622720898;7,5736325386;5,0490883590;18,9340813464;25,2454417952;8,8359046283;2,5245441795;0,0000000000;1,2622720898;1;0, 2.8571428571, 48.5714285714, 37.1428571429, 8.5714285714, 2.8571428571, 0, 0;0, 0, 0, 2.8571428571, 14.2857142857, 34.2857142857, 20, 17.1428571429, 5.7142857143, 2.8571428571, 2.8571428571, 0, 0, 0, 0, 0, 0, 0, 0, 0, 0, 0, 0, 0, 0;Europe/Paris;36,5
2022-10-27T12:00:00Z;-1;9000003703;hourly;0,7869444444;7,6244264031;41,9343452171;8,8951641370;0,0000000000;5,0829509354;2,5414754677;13,9781150724;27,9562301447;3,8122132016;5,0829509354;0,0000000000;0,0000000000;1;9.0909090909, 15.1515151515, 45.4545454545, 24.2424242424, 6.0606060606, 0, 0, 0;6.0606060606, 3.0303030303, 0, 15.1515151515, 15.1515151515, 30.303030303, 24.2424242424, 0, 6.0606060606, 0, 0, 0, 0, 0, 0, 0, 0, 0, 0, 0, 0, 0, 0, 0, 0;Europe/Paris;30,5
2022-10-27T13:00:00Z;-1;9000003703;hourly;0,7983333333;2,5052192067;30,0626304802;10,0208768267;8,7682672234;2,5052192067;0,0000000000;12,5260960334;17,5365344468;6,2630480167;3,7578288100;5,0104384134;3,7578288100;1;0, 4.1666666667, 45.8333333333, 45.8333333333, 4.1666666667, 0, 0, 0;0, 0, 0, 4.1666666667, 20.8333333333, 25, 37.5, 8.3333333333, 4.1666666667, 0, 0, 0, 0, 0, 0, 0, 0, 0, 0, 0, 0, 0, 0, 0, 0;Europe/Paris;32,0
2022-10-27T14:00:00Z;-1;9000003703;hourly;0,7952777778;6,2871114216;54,0691582256;5,0296891373;11,3168005589;2,5148445686;3,7722668530;18,8613342648;35,2078239609;3,7722668530;1,2574222843;7,5445337059;3,7722668530;1;0, 2.3255813953, 46.511627907, 39.5348837209, 11.6279069767, 0, 0, 0;0, 0, 2.3255813953, 0, 18.6046511628, 27.9069767442, 23.2558139535, 16.2790697674, 4.6511627907, 6.976744186, 0, 0, 0, 0, 0, 0, 0, 0, 0, 0, 0, 0, 0, 0, 0;Europe/Paris;36,5
2022-10-27T15:00:00Z;-1;9000003703;hourly;0,7930555556;10,0875656743;70,6129597198;7,5656742557;8,8266199650;3,7828371278;6,3047285464;11,3485113835;59,2644483363;2,5218914186;5,0437828371;2,5218914186;6,3047285464;1;0, 1.7857142857, 28.5714285714, 58.9285714286, 10.7142857143, 0, 0, 0;0, 0, 0, 1.7857142857, 10.7142857143, 17.8571428571, 30.3571428571, 28.5714285714, 7.1428571429, 3.5714285714, 0, 0, 0, 0, 0, 0, 0, 0, 0, 0, 0, 0, 0, 0, 0;Europe/Paris;37,0
2022-10-27T16:00:00Z;-1;9000003703;hourly;0,8033333333;9,9585062241;94,6058091286;6,2240663900;12,4481327801;1,2448132780;8,7136929461;16,1825726141;78,4232365145;3,7344398340;2,4896265560;2,4896265560;9,9585062241;1;0, 0, 34.2105263158, 46.0526315789, 17.1052631579, 1.3157894737, 0, 1.3157894737;0, 0, 0, 0, 6.5789473684, 27.6315789474, 27.6315789474, 18.4210526316, 17.1052631579, 0, 1.3157894737, 0, 0, 0, 0, 0, 0, 0, 0, 0, 0, 0, 0, 0, 1.3157894737;Europe/Paris;39,0
2022-10-27T17:00:00Z;-1;9000003703;hourly;0,0172222222;58,0645161290;290,3225806452;0,0000000000;0,0000000000;58,0645161290;0,0000000000;174,1935483871;116,1290322581;0,0000000000;0,0000000000;0,0000000000;0,0000000000;1;0, 0, 20, 80, 0, 0, 0, 0;0, 0, 0, 0, 20, 0, 80, 0, 0, 0, 0, 0, 0, 0, 0, 0, 0, 0, 0, 0, 0, 0, 0, 0, 0;Europe/Paris;31,5
2022-10-27T18:00:00Z;-1;9000003703;hourly;0,0000000000;0,0000000000;0,0000000000;0,0000000000;0,0000000000;0,0000000000;0,0000000000;0,0000000000;0,0000000000;0,0000000000;0,0000000000;0,0000000000;0,0000000000;1;0, 0, 0, 0, 0, 0, 0, 0;0, 0, 0, 0, 0, 0, 0, 0, 0, 0, 0, 0, 0, 0, 0, 0, 0, 0, 0, 0, 0, 0, 0, 0, 0;Europe/Paris;NA
2022-10-28T09:00:00Z;-1;9000003703;hourly;0,8583333333;16,3106796117;16,3106796117;11,6504854369;3,4951456311;6,9902912621;9,3203883495;5,8252427184;10,4854368932;5,8252427184;5,8252427184;0,0000000000;3,4951456311;1;28.5714285714, 28.5714285714, 14.2857142857, 21.4285714286, 7.1428571429, 0, 0, 0;21.4285714286, 7.1428571429, 14.2857142857, 14.2857142857, 7.1428571429, 7.1428571429, 7.1428571429, 14.2857142857, 0, 7.1428571429, 0, 0, 0, 0, 0, 0, 0, 0, 0, 0, 0, 0, 0, 0, 0;Europe/Paris;35,0
2022-10-28T10:00:00Z;-1;9000003703;hourly;0,7866666667;11,4406779661;50,8474576271;12,7118644068;15,2542372881;3,8135593220;7,6271186441;8,8983050847;41,9491525424;2,5423728814;10,1694915254;3,8135593220;11,4406779661;1;5, 7.5, 35, 32.5, 15, 5, 0, 0;0, 5, 2.5, 5, 12.5, 22.5, 22.5, 10, 10, 5, 5, 0, 0, 0, 0, 0, 0, 0, 0, 0, 0, 0, 0, 0, 0;Europe/Paris;40,0
2022-10-28T11:00:00Z;-1;9000003703;hourly;0,7922222222;10,0981767181;32,8190743338;6,3113604488;0,0000000000;2,5245441795;7,5736325386;17,6718092567;15,1472650771;1,2622720898;5,0490883590;0,0000000000;0,0000000000;1;0, 3.8461538462, 38.4615384615, 42.3076923077, 15.3846153846, 0, 0, 0;0, 0, 0, 3.8461538462, 23.0769230769, 15.3846153846, 26.9230769231, 15.3846153846, 7.6923076923, 7.6923076923, 0, 0, 0, 0, 0, 0, 0, 0, 0, 0, 0, 0, 0, 0, 0;Europe/Paris;37,5
2022-10-28T12:00:00Z;-1;9000003703;hourly;0,7308333333;8,2098061574;23,2611174458;43,7856328392;6,8415051311;0,0000000000;8,2098061574;4,1049030787;19,1562143672;12,3147092360;31,4709236032;2,7366020525;4,1049030787;1;11.7647058824, 17.6470588235, 23.5294117647, 41.1764705882, 5.8823529412, 0, 0, 0;5.8823529412, 5.8823529412, 11.7647058824, 5.8823529412, 11.7647058824, 11.7647058824, 29.4117647059, 11.7647058824, 5.8823529412, 0, 0, 0, 0, 0, 0, 0, 0, 0, 0, 0, 0, 0, 0, 0, 0;Europe/Paris;33,5
2022-10-28T13:00:00Z;-1;9000003703;hourly;0,7941666667;6,2959076600;41,5529905561;6,2959076600;5,0367261280;2,5183630640;3,7775445960;20,1469045121;21,4060860441;2,5183630640;3,7775445960;3,7775445960;1,2591815320;1;3.0303030303, 6.0606060606, 51.5151515152, 33.3333333333, 6.0606060606, 0, 0, 0;3.0303030303, 0, 0, 6.0606060606, 24.2424242424, 27.2727272727, 12.1212121212, 21.2121212121, 6.0606060606, 0, 0, 0, 0, 0, 0, 0, 0, 0, 0, 0, 0, 0, 0, 0, 0;Europe/Paris;35,5
2022-10-28T14:00:00Z;-1;9000003703;hourly;0,7966666667;5,0209205021;43,9330543933;7,5313807531;3,7656903766;3,7656903766;1,2552301255;15,0627615063;28,8702928870;5,0209205021;2,5104602510;1,2552301255;2,5104602510;1;0, 2.8571428571, 34.2857142857, 48.5714285714, 14.2857142857, 0, 0, 0;0, 0, 0, 2.8571428571, 22.8571428571, 11.4285714286, 17.1428571429, 31.4285714286, 11.4285714286, 2.8571428571, 0, 0, 0, 0, 0, 0, 0, 0, 0, 0, 0, 0, 0, 0, 0;Europe/Paris;37,5
2022-10-28T15:00:00Z;-1;9000003703;hourly;0,7963888889;7,5340076735;106,7317753750;11,3010115103;8,7896756191;5,0226717824;2,5113358912;32,6473665853;74,0844087897;7,5340076735;3,7670038368;3,7670038368;5,0226717824;1;1.1764705882, 5.8823529412, 28.2352941176, 43.5294117647, 15.2941176471, 2.3529411765, 2.3529411765, 1.1764705882;1.1764705882, 0, 0, 5.8823529412, 9.4117647059, 18.8235294118, 27.0588235294, 16.4705882353, 12.9411764706, 2.3529411765, 1.1764705882, 1.1764705882, 1.1764705882, 1.1764705882, 0, 1.1764705882, 0, 0, 0, 0, 0, 0, 0, 0, 0;Europe/Paris;40,0
2022-10-28T16:00:00Z;-1;9000003703;hourly;0,6852777778;10,2148358330;94,8520470207;2,9185245237;4,3777867856;4,3777867856;5,8370490474;37,9408188083;56,9112282124;0,0000000000;2,9185245237;1,4592622619;2,9185245237;1;0, 3.0769230769, 27.6923076923, 46.1538461538, 21.5384615385, 1.5384615385, 0, 0;0, 0, 0, 3.0769230769, 4.6153846154, 23.0769230769, 30.7692307692, 15.3846153846, 15.3846153846, 6.1538461538, 1.5384615385, 0, 0, 0, 0, 0, 0, 0, 0, 0, 0, 0, 0, 0, 0;Europe/Paris;40,0
2022-10-28T17:00:00Z;-1;9000003703;hourly;0,0000000000;0,0000000000;0,0000000000;0,0000000000;0,0000000000;0,0000000000;0,0000000000;0,0000000000;0,0000000000;0,0000000000;0,0000000000;0,0000000000;0,0000000000;1;0, 0, 0, 0, 0, 0, 0, 0;0, 0, 0, 0, 0, 0, 0, 0, 0, 0, 0, 0, 0, 0, 0, 0, 0, 0, 0, 0, 0, 0, 0, 0, 0;Europe/Paris;NA
2022-10-28T18:00:00Z;-1;9000003703;hourly;0,0000000000;0,0000000000;0,0000000000;0,0000000000;0,0000000000;0,0000000000;0,0000000000;0,0000000000;0,0000000000;0,0000000000;0,0000000000;0,0000000000;0,0000000000;1;0, 0, 0, 0, 0, 0, 0, 0;0, 0, 0, 0, 0, 0, 0, 0, 0, 0, 0, 0, 0, 0, 0, 0, 0, 0, 0, 0, 0, 0, 0, 0, 0;Europe/Paris;NA
2022-10-29T09:00:00Z;-1;9000003703;hourly;0,8727777778;5,7288351369;34,3730108211;3,4373010821;2,2915340547;4,5830681095;1,1457670274;19,4780394653;14,8949713558;1,1457670274;2,2915340547;1,1457670274;1,1457670274;1;0, 10, 36.6666666667, 36.6666666667, 13.3333333333, 3.3333333333, 0, 0;0, 0, 0, 10, 13.3333333333, 23.3333333333, 23.3333333333, 13.3333333333, 13.3333333333, 0, 3.3333333333, 0, 0, 0, 0, 0, 0, 0, 0, 0, 0, 0, 0, 0, 0;Europe/Paris;38,0
2022-10-29T10:00:00Z;-1;9000003703;hourly;0,7872222222;6,3514467184;57,1630204658;7,6217360621;1,2702893437;1,2702893437;5,0811573747;24,1354975300;33,0275229358;6,3514467184;1,2702893437;0,0000000000;1,2702893437;1;0, 8.8888888889, 37.7777777778, 40, 11.1111111111, 2.2222222222, 0, 0;0, 0, 4.4444444444, 4.4444444444, 11.1111111111, 26.6666666667, 24.4444444444, 15.5555555556, 6.6666666667, 4.4444444444, 2.2222222222, 0, 0, 0, 0, 0, 0, 0, 0, 0, 0, 0, 0, 0, 0;Europe/Paris;37,0
2022-10-29T11:00:00Z;-1;9000003703;hourly;0,7750000000;2,5806451613;37,4193548387;6,4516129032;3,8709677419;2,5806451613;0,0000000000;15,4838709677;21,9354838710;3,8709677419;2,5806451613;0,0000000000;3,8709677419;1;0, 0, 24.1379310345, 51.724137931, 24.1379310345, 0, 0, 0;0, 0, 0, 0, 17.2413793103, 6.8965517241, 37.9310344828, 13.7931034483, 24.1379310345, 0, 0, 0, 0, 0, 0, 0, 0, 0, 0, 0, 0, 0, 0, 0, 0;Europe/Paris;39,5
2022-10-29T12:00:00Z;-1;9000003703;hourly;0,7958333333;1,2565445026;60,3141361257;7,5392670157;2,5130890052;0,0000000000;1,2565445026;33,9267015707;26,3874345550;3,7696335079;3,7696335079;2,5130890052;0,0000000000;1;2.0833333333, 10.4166666667, 35.4166666667, 37.5, 12.5, 2.0833333333, 0, 0;2.0833333333, 0, 0, 10.4166666667, 12.5, 22.9166666667, 18.75, 18.75, 10.4166666667, 2.0833333333, 2.0833333333, 0, 0, 0, 0, 0, 0, 0, 0, 0, 0, 0, 0, 0, 0;Europe/Paris;37,5
2022-10-29T13:00:00Z;-1;9000003703;hourly;0,8011111111;3,7447988904;68,6546463245;4,9930651872;4,9930651872;1,2482662968;2,4965325936;28,7101248266;39,9445214979;3,7447988904;1,2482662968;2,4965325936;2,4965325936;1;1.8181818182, 3.6363636364, 34.5454545455, 58.1818181818, 0, 1.8181818182, 0, 0;1.8181818182, 0, 0, 3.6363636364, 14.5454545455, 20, 47.2727272727, 10.9090909091, 0, 0, 1.8181818182, 0, 0, 0, 0, 0, 0, 0, 0, 0, 0, 0, 0, 0, 0;Europe/Paris;32,5
2022-10-29T14:00:00Z;-1;9000003703;hourly;0,7866666667;5,0847457627;49,5762711864;10,1694915254;5,0847457627;2,5423728814;2,5423728814;20,3389830508;29,2372881356;5,0847457627;5,0847457627;2,5423728814;2,5423728814;1;5.1282051282, 23.0769230769, 58.9743589744, 12.8205128205, 0, 0, 0, 0;2.5641025641, 2.5641025641, 7.6923076923, 15.3846153846, 25.641025641, 33.3333333333, 10.2564102564, 2.5641025641, 0, 0, 0, 0, 0, 0, 0, 0, 0, 0, 0, 0, 0, 0, 0, 0, 0;Europe/Paris;27,0
2022-10-29T15:00:00Z;-1;9000003703;hourly;0,7897222222;5,0650721069;79,7748856841;6,3313401337;5,0650721069;3,7988040802;1,2662680267;37,9880408020;41,7868448822;1,2662680267;5,0650721069;1,2662680267;3,7988040802;1;15.873015873, 23.8095238095, 22.2222222222, 33.3333333333, 3.1746031746, 1.5873015873, 0, 0;4.7619047619, 11.1111111111, 9.5238095238, 14.2857142857, 7.9365079365, 14.2857142857, 23.8095238095, 9.5238095238, 0, 3.1746031746, 1.5873015873, 0, 0, 0, 0, 0, 0, 0, 0, 0, 0, 0, 0, 0, 0;Europe/Paris;32,5
2022-10-29T16:00:00Z;-1;9000003703;hourly;0,8088888889;3,7087912088;79,1208791209;6,1813186813;2,4725274725;2,4725274725;1,2362637363;33,3791208791;45,7417582418;3,7087912088;2,4725274725;1,2362637363;1,2362637363;1;0, 1.5625, 53.125, 40.625, 4.6875, 0, 0, 0;0, 0, 1.5625, 0, 15.625, 37.5, 23.4375, 17.1875, 4.6875, 0, 0, 0, 0, 0, 0, 0, 0, 0, 0, 0, 0, 0, 0, 0, 0;Europe/Paris;34,5
2022-10-29T17:00:00Z;-1;9000003703;hourly;0,0150000000;0,0000000000;66,6666666667;0,0000000000;0,0000000000;0,0000000000;0,0000000000;0,0000000000;66,6666666667;0,0000000000;0,0000000000;0,0000000000;0,0000000000;1;0, 0, 0, 100, 0, 0, 0, 0;0, 0, 0, 0, 0, 0, 100, 0, 0, 0, 0, 0, 0, 0, 0, 0, 0, 0, 0, 0, 0, 0, 0, 0, 0;Europe/Paris;31,5
2022-10-29T18:00:00Z;-1;9000003703;hourly;0,0000000000;0,0000000000;0,0000000000;0,0000000000;0,0000000000;0,0000000000;0,0000000000;0,0000000000;0,0000000000;0,0000000000;0,0000000000;0,0000000000;0,0000000000;1;0, 0, 0, 0, 0, 0, 0, 0;0, 0, 0, 0, 0, 0, 0, 0, 0, 0, 0, 0, 0, 0, 0, 0, 0, 0, 0, 0, 0, 0, 0, 0, 0;Europe/Paris;NA
2022-10-30T08:00:00Z;-1;9000003703;hourly;0,9605555556;1,0410641990;3,1231925969;0,0000000000;2,0821283979;0,0000000000;1,0410641990;2,0821283979;1,0410641990;0,0000000000;0,0000000000;0,0000000000;2,0821283979;1;0, 0, 0, 66.6666666667, 33.3333333333, 0, 0, 0;0, 0, 0, 0, 0, 0, 66.6666666667, 0, 33.3333333333, 0, 0, 0, 0, 0, 0, 0, 0, 0, 0, 0, 0, 0, 0, 0, 0;Europe/Paris;40,5
2022-10-30T09:00:00Z;-1;9000003703;hourly;0,7955555556;11,3128491620;33,9385474860;3,7709497207;12,5698324022;6,2849162011;5,0279329609;15,0837988827;18,8547486034;2,5139664804;1,2569832402;7,5418994413;5,0279329609;1;0, 11.1111111111, 37.037037037, 29.6296296296, 18.5185185185, 3.7037037037, 0, 0;0, 0, 0, 11.1111111111, 0, 37.037037037, 18.5185185185, 11.1111111111, 14.8148148148, 3.7037037037, 3.7037037037, 0, 0, 0, 0, 0, 0, 0, 0, 0, 0, 0, 0, 0, 0;Europe/Paris;40,0
2022-10-30T10:00:00Z;-1;9000003703;hourly;0,8022222222;12,4653739612;42,3822714681;8,7257617729;21,1911357341;4,9861495845;7,4792243767;12,4653739612;29,9168975069;4,9861495845;3,7396121884;9,9722991690;11,2188365651;1;0, 8.8235294118, 32.3529411765, 52.9411764706, 5.8823529412, 0, 0, 0;0, 0, 0, 8.8235294118, 11.7647058824, 20.5882352941, 35.2941176471, 17.6470588235, 5.8823529412, 0, 0, 0, 0, 0, 0, 0, 0, 0, 0, 0, 0, 0, 0, 0, 0;Europe/Paris;35,0
2022-10-30T11:00:00Z;-1;9000003703;hourly;0,7775000000;2,5723472669;33,4405144695;2,5723472669;2,5723472669;0,0000000000;2,5723472669;14,1479099678;19,2926045016;2,5723472669;0,0000000000;1,2861736334;1,2861736334;1;0, 0, 34.6153846154, 50, 11.5384615385, 3.8461538462, 0, 0;0, 0, 0, 0, 7.6923076923, 26.9230769231, 23.0769230769, 26.9230769231, 7.6923076923, 3.8461538462, 3.8461538462, 0, 0, 0, 0, 0, 0, 0, 0, 0, 0, 0, 0, 0, 0;Europe/Paris;37,5
2022-10-30T12:00:00Z;-1;9000003703;hourly;0,7536111111;0,0000000000;17,2502764467;13,2694434206;6,6347217103;0,0000000000;0,0000000000;7,9616660523;9,2886103944;3,9808330262;9,2886103944;2,6538886841;3,9808330262;1;15.3846153846, 0, 38.4615384615, 38.4615384615, 7.6923076923, 0, 0, 0;15.3846153846, 0, 0, 0, 15.3846153846, 23.0769230769, 23.0769230769, 15.3846153846, 7.6923076923, 0, 0, 0, 0, 0, 0, 0, 0, 0, 0, 0, 0, 0, 0, 0, 0;Europe/Paris;35,0
2022-10-30T13:00:00Z;-1;9000003703;hourly;0,7480555556;8,0207946528;22,7255848496;28,0727812848;0,0000000000;1,3367991088;6,6839955440;12,0311919792;10,6943928704;5,3471964352;22,7255848496;0,0000000000;0,0000000000;1;5.8823529412, 23.5294117647, 52.9411764706, 17.6470588235, 0, 0, 0, 0;5.8823529412, 0, 11.7647058824, 11.7647058824, 35.2941176471, 17.6470588235, 11.7647058824, 5.8823529412, 0, 0, 0, 0, 0, 0, 0, 0, 0, 0, 0, 0, 0, 0, 0, 0, 0;Europe/Paris;28,5
2022-10-30T14:00:00Z;-1;9000003703;hourly;0,7625000000;14,4262295082;20,9836065574;7,8688524590;1,3114754098;1,3114754098;13,1147540984;9,1803278689;11,8032786885;3,9344262295;3,9344262295;1,3114754098;0,0000000000;1;6.25, 50, 25, 12.5, 6.25, 0, 0, 0;0, 6.25, 18.75, 31.25, 12.5, 12.5, 12.5, 0, 6.25, 0, 0, 0, 0, 0, 0, 0, 0, 0, 0, 0, 0, 0, 0, 0, 0;Europe/Paris;29,0
2022-10-30T15:00:00Z;-1;9000003703;hourly;0,7816666667;2,5586353945;44,7761194030;7,6759061834;7,6759061834;1,2793176972;1,2793176972;25,5863539446;19,1897654584;3,8379530917;3,8379530917;3,8379530917;3,8379530917;1;0, 11.4285714286, 37.1428571429, 42.8571428571, 5.7142857143, 2.8571428571, 0, 0;0, 0, 0, 11.4285714286, 14.2857142857, 22.8571428571, 31.4285714286, 11.4285714286, 2.8571428571, 2.8571428571, 2.8571428571, 0, 0, 0, 0, 0, 0, 0, 0, 0, 0, 0, 0, 0, 0;Europe/Paris;34,5
2022-10-30T16:00:00Z;-1;9000003703;hourly;0,7066666667;21,2264150943;36,7924528302;7,0754716981;16,9811320755;9,9056603774;11,3207547170;9,9056603774;26,8867924528;2,8301886792;4,2452830189;4,2452830189;12,7358490566;1;0, 0, 57.6923076923, 19.2307692308, 23.0769230769, 0, 0, 0;0, 0, 0, 0, 7.6923076923, 50, 7.6923076923, 11.5384615385, 15.3846153846, 7.6923076923, 0, 0, 0, 0, 0, 0, 0, 0, 0, 0, 0, 0, 0, 0, 0;Europe/Paris;40,0
2022-10-30T17:00:00Z;-1;9000003703;hourly;0,0000000000;0,0000000000;0,0000000000;0,0000000000;0,0000000000;0,0000000000;0,0000000000;0,0000000000;0,0000000000;0,0000000000;0,0000000000;0,0000000000;0,0000000000;1;0, 0, 0, 0, 0, 0, 0, 0;0, 0, 0, 0, 0, 0, 0, 0, 0, 0, 0, 0, 0, 0, 0, 0, 0, 0, 0, 0, 0, 0, 0, 0, 0;Europe/Paris;NA
2022-10-30T18:00:00Z;-1;9000003703;hourly;0,0000000000;0,0000000000;0,0000000000;0,0000000000;0,0000000000;0,0000000000;0,0000000000;0,0000000000;0,0000000000;0,0000000000;0,0000000000;0,0000000000;0,0000000000;1;0, 0, 0, 0, 0, 0, 0, 0;0, 0, 0, 0, 0, 0, 0, 0, 0, 0, 0, 0, 0, 0, 0, 0, 0, 0, 0, 0, 0, 0, 0, 0, 0;Europe/Paris;NA
2022-10-31T09:00:00Z;-1;9000003703;hourly;0,9883333333;0,0000000000;0,0000000000;1,0118043845;0,0000000000;0,0000000000;0,0000000000;0,0000000000;0,0000000000;1,0118043845;0,0000000000;0,0000000000;0,0000000000;1;0, 0, 0, 0, 0, 0, 0, 0;0, 0, 0, 0, 0, 0, 0, 0, 0, 0, 0, 0, 0, 0, 0, 0, 0, 0, 0, 0, 0, 0, 0, 0, 0;Europe/Paris;NA
2022-10-31T10:00:00Z;-1;9000003703;hourly;0,7686111111;23,4188651970;33,8272497289;7,8062883990;7,8062883990;13,0104806650;10,4083845320;16,9136248645;16,9136248645;2,6020961330;5,2041922660;1,3010480665;6,5052403325;1;7.6923076923, 0, 23.0769230769, 46.1538461538, 23.0769230769, 0, 0, 0;3.8461538462, 3.8461538462, 0, 0, 15.3846153846, 7.6923076923, 23.0769230769, 23.0769230769, 23.0769230769, 0, 0, 0, 0, 0, 0, 0, 0, 0, 0, 0, 0, 0, 0, 0, 0;Europe/Paris;39,5
2022-10-31T11:00:00Z;-1;9000003703;hourly;0,7883333333;8,8794926004;46,9344608879;8,8794926004;6,3424947146;3,8054968288;5,0739957717;17,7589852008;29,1754756871;1,2684989429;7,6109936575;3,8054968288;2,5369978858;1;5.4054054054, 5.4054054054, 21.6216216216, 37.8378378378, 24.3243243243, 5.4054054054, 0, 0;5.4054054054, 0, 2.7027027027, 2.7027027027, 8.1081081081, 13.5135135135, 27.027027027, 10.8108108108, 18.9189189189, 5.4054054054, 5.4054054054, 0, 0, 0, 0, 0, 0, 0, 0, 0, 0, 0, 0, 0, 0;Europe/Paris;41,5
2022-10-31T12:00:00Z;-1;9000003703;hourly;0,8036111111;8,7106809540;54,7528517110;6,2219149672;8,7106809540;6,2219149672;2,4887659869;31,1095748358;23,6432768752;1,2443829934;4,9775319737;4,9775319737;3,7331489803;1;0, 9.0909090909, 29.5454545455, 43.1818181818, 18.1818181818, 0, 0, 0;0, 0, 2.2727272727, 6.8181818182, 11.3636363636, 18.1818181818, 29.5454545455, 13.6363636364, 11.3636363636, 6.8181818182, 0, 0, 0, 0, 0, 0, 0, 0, 0, 0, 0, 0, 0, 0, 0;Europe/Paris;39,0
2022-10-31T13:00:00Z;-1;9000003703;hourly;0,7963888889;3,7670038368;48,9710498779;5,0226717824;7,5340076735;0,0000000000;3,7670038368;26,3690268573;22,6020230206;1,2556679456;3,7670038368;6,2783397279;1,2556679456;1;0, 5.1282051282, 33.3333333333, 53.8461538462, 5.1282051282, 2.5641025641, 0, 0;0, 0, 0, 5.1282051282, 15.3846153846, 17.9487179487, 33.3333333333, 20.5128205128, 2.5641025641, 2.5641025641, 0, 2.5641025641, 0, 0, 0, 0, 0, 0, 0, 0, 0, 0, 0, 0, 0;Europe/Paris;35,5
2022-10-31T14:00:00Z;-1;9000003703;hourly;0,7927777778;3,7841625788;54,2396636300;2,5227750526;7,5683251577;0,0000000000;3,7841625788;29,0119131044;25,2277505256;1,2613875263;1,2613875263;3,7841625788;3,7841625788;1;4.6511627907, 6.976744186, 44.1860465116, 39.5348837209, 2.3255813953, 2.3255813953, 0, 0;2.3255813953, 2.3255813953, 2.3255813953, 4.6511627907, 11.6279069767, 32.5581395349, 30.2325581395, 9.3023255814, 2.3255813953, 0, 2.3255813953, 0, 0, 0, 0, 0, 0, 0, 0, 0, 0, 0, 0, 0, 0;Europe/Paris;32,5
2022-10-31T15:00:00Z;-1;9000003703;hourly;0,7747222222;10,3262818214;72,2839727501;5,1631409107;3,8723556830;7,7447113661;2,5815704554;28,3972750090;43,8866977411;1,2907852277;3,8723556830;2,5815704554;1,2907852277;1;5.3571428571, 5.3571428571, 26.7857142857, 50, 12.5, 0, 0, 0;3.5714285714, 1.7857142857, 0, 5.3571428571, 10.7142857143, 16.0714285714, 26.7857142857, 23.2142857143, 12.5, 0, 0, 0, 0, 0, 0, 0, 0, 0, 0, 0, 0, 0, 0, 0, 0;Europe/Paris;37,0
2022-10-31T16:00:00Z;-1;9000003703;hourly;0,5436111111;23,9141543178;58,8656106285;11,0373019928;14,7164026571;9,1977516607;14,7164026571;29,4328053143;29,4328053143;5,5186509964;5,5186509964;9,1977516607;5,5186509964;1;0, 3.125, 18.75, 59.375, 18.75, 0, 0, 0;0, 0, 3.125, 0, 3.125, 15.625, 31.25, 28.125, 9.375, 9.375, 0, 0, 0, 0, 0, 0, 0, 0, 0, 0, 0, 0, 0, 0, 0;Europe/Paris;39,5
2022-10-31T17:00:00Z;-1;9000003703;hourly;0,0000000000;0,0000000000;0,0000000000;0,0000000000;0,0000000000;0,0000000000;0,0000000000;0,0000000000;0,0000000000;0,0000000000;0,0000000000;0,0000000000;0,0000000000;1;0, 0, 0, 0, 0, 0, 0, 0;0, 0, 0, 0, 0, 0, 0, 0, 0, 0, 0, 0, 0, 0, 0, 0, 0, 0, 0, 0, 0, 0, 0, 0, 0;Europe/Paris;NA
2022-10-31T18:00:00Z;-1;9000003703;hourly;0,0000000000;0,0000000000;0,0000000000;0,0000000000;0,0000000000;0,0000000000;0,0000000000;0,0000000000;0,0000000000;0,0000000000;0,0000000000;0,0000000000;0,0000000000;1;0, 0, 0, 0, 0, 0, 0, 0;0, 0, 0, 0, 0, 0, 0, 0, 0, 0, 0, 0, 0, 0, 0, 0, 0, 0, 0, 0, 0, 0, 0, 0, 0;Europe/Paris;NA
2022-11-01T03:00:00Z;-1;9000003703;hourly;0,0000000000;0,0000000000;0,0000000000;0,0000000000;0,0000000000;0,0000000000;0,0000000000;0,0000000000;0,0000000000;0,0000000000;0,0000000000;0,0000000000;0,0000000000;1;0, 0, 0, 0, 0, 0, 0, 0;0, 0, 0, 0, 0, 0, 0, 0, 0, 0, 0, 0, 0, 0, 0, 0, 0, 0, 0, 0, 0, 0, 0, 0, 0;Europe/Paris;NA
2022-11-01T04:00:00Z;-1;9000003703;hourly;0,0000000000;0,0000000000;0,0000000000;0,0000000000;0,0000000000;0,0000000000;0,0000000000;0,0000000000;0,0000000000;0,0000000000;0,0000000000;0,0000000000;0,0000000000;1;0, 0, 0, 0, 0, 0, 0, 0;0, 0, 0, 0, 0, 0, 0, 0, 0, 0, 0, 0, 0, 0, 0, 0, 0, 0, 0, 0, 0, 0, 0, 0, 0;Europe/Paris;NA
2022-11-01T05:00:00Z;-1;9000003703;hourly;0,0000000000;0,0000000000;0,0000000000;0,0000000000;0,0000000000;0,0000000000;0,0000000000;0,0000000000;0,0000000000;0,0000000000;0,0000000000;0,0000000000;0,0000000000;1;0, 0, 0, 0, 0, 0, 0, 0;0, 0, 0, 0, 0, 0, 0, 0, 0, 0, 0, 0, 0, 0, 0, 0, 0, 0, 0, 0, 0, 0, 0, 0, 0;Europe/Paris;NA
2022-11-01T06:00:00Z;-1;9000003703;hourly;0,1627777778;0,0000000000;0,0000000000;0,0000000000;0,0000000000;0,0000000000;0,0000000000;0,0000000000;0,0000000000;0,0000000000;0,0000000000;0,0000000000;0,0000000000;1;0, 0, 0, 0, 0, 0, 0, 0;0, 0, 0, 0, 0, 0, 0, 0, 0, 0, 0, 0, 0, 0, 0, 0, 0, 0, 0, 0, 0, 0, 0, 0, 0;Europe/Paris;NA
2022-11-01T07:00:00Z;-1;9000003703;hourly;0,6863888889;1,4569000405;13,1121003642;1,4569000405;0,0000000000;0,0000000000;1,4569000405;8,7414002428;4,3707001214;0,0000000000;1,4569000405;0,0000000000;0,0000000000;1;0, 11.1111111111, 22.2222222222, 55.5555555556, 0, 11.1111111111, 0, 0;0, 0, 0, 11.1111111111, 0, 22.2222222222, 33.3333333333, 22.2222222222, 0, 0, 11.1111111111, 0, 0, 0, 0, 0, 0, 0, 0, 0, 0, 0, 0, 0, 0;Europe/Paris;36,5
2022-11-01T08:00:00Z;-1;9000003703;hourly;0,8013888889;1,2478336222;33,6915077990;2,4956672444;2,4956672444;0,0000000000;1,2478336222;13,7261698440;19,9653379549;2,4956672444;0,0000000000;1,2478336222;1,2478336222;1;0, 0, 18.5185185185, 51.8518518519, 22.2222222222, 0, 3.7037037037, 3.7037037037;0, 0, 0, 0, 7.4074074074, 11.1111111111, 29.6296296296, 22.2222222222, 18.5185185185, 3.7037037037, 0, 0, 3.7037037037, 0, 3.7037037037, 0, 0, 0, 0, 0, 0, 0, 0, 0, 0;Europe/Paris;41,5
2022-11-01T09:00:00Z;-1;9000003703;hourly;0,8050000000;13,6645962733;52,1739130435;2,4844720497;13,6645962733;8,6956521739;4,9689440994;26,0869565217;26,0869565217;2,4844720497;0,0000000000;8,6956521739;4,9689440994;1;2.380952381, 16.6666666667, 40.4761904762, 33.3333333333, 4.7619047619, 2.380952381, 0, 0;2.380952381, 0, 4.7619047619, 11.9047619048, 16.6666666667, 23.8095238095, 21.4285714286, 11.9047619048, 2.380952381, 2.380952381, 2.380952381, 0, 0, 0, 0, 0, 0, 0, 0, 0, 0, 0, 0, 0, 0;Europe/Paris;34,0
2022-11-01T10:00:00Z;-1;9000003703;hourly;0,7016666667;0,0000000000;54,1567695962;4,2755344418;7,1258907363;0,0000000000;0,0000000000;19,9524940618;34,2042755344;0,0000000000;4,2755344418;2,8503562945;4,2755344418;1;0, 7.8947368421, 44.7368421053, 36.8421052632, 10.5263157895, 0, 0, 0;0, 0, 0, 7.8947368421, 15.7894736842, 28.9473684211, 23.6842105263, 13.1578947368, 10.5263157895, 0, 0, 0, 0, 0, 0, 0, 0, 0, 0, 0, 0, 0, 0, 0, 0;Europe/Paris;36,0
2022-11-01T11:00:00Z;-1;9000003703;hourly;0,7105555556;5,6293979672;39,4057857701;21,1102423769;2,8146989836;4,2220484754;1,4073494918;7,0367474590;32,3690383112;7,0367474590;14,0734949179;0,0000000000;2,8146989836;1;3.5714285714, 3.5714285714, 28.5714285714, 53.5714285714, 7.1428571429, 3.5714285714, 0, 0;0, 3.5714285714, 0, 3.5714285714, 10.7142857143, 17.8571428571, 42.8571428571, 10.7142857143, 7.1428571429, 0, 0, 3.5714285714, 0, 0, 0, 0, 0, 0, 0, 0, 0, 0, 0, 0, 0;Europe/Paris;35,5
2022-11-01T12:00:00Z;-1;9000003703;hourly;0,7177777778;0,0000000000;6,9659442724;8,3591331269;4,1795665635;0,0000000000;0,0000000000;0,0000000000;6,9659442724;1,3931888545;6,9659442724;4,1795665635;0,0000000000;1;0, 0, 20, 60, 20, 0, 0, 0;0, 0, 0, 0, 0, 20, 20, 40, 0, 20, 0, 0, 0, 0, 0, 0, 0, 0, 0, 0, 0, 0, 0, 0, 0;Europe/Paris;43,5
2022-11-01T13:00:00Z;-1;9000003703;hourly;0,7372222222;1,3564431047;17,6337603617;6,7822155237;4,0693293142;0,0000000000;1,3564431047;12,2079879427;5,4257724190;2,7128862095;4,0693293142;1,3564431047;2,7128862095;1;15.3846153846, 7.6923076923, 38.4615384615, 38.4615384615, 0, 0, 0, 0;7.6923076923, 7.6923076923, 0, 7.6923076923, 23.0769230769, 15.3846153846, 30.7692307692, 7.6923076923, 0, 0, 0, 0, 0, 0, 0, 0, 0, 0, 0, 0, 0, 0, 0, 0, 0;Europe/Paris;31,5
2022-11-01T14:00:00Z;-1;9000003703;hourly;0,7186111111;8,3494395052;19,4820255122;5,5662930035;0,0000000000;5,5662930035;2,7831465017;9,7410127561;9,7410127561;1,3915732509;4,1747197526;0,0000000000;0,0000000000;1;21.4285714286, 0, 42.8571428571, 28.5714285714, 7.1428571429, 0, 0, 0;14.2857142857, 7.1428571429, 0, 0, 7.1428571429, 35.7142857143, 28.5714285714, 0, 7.1428571429, 0, 0, 0, 0, 0, 0, 0, 0, 0, 0, 0, 0, 0, 0, 0, 0;Europe/Paris;31,0
2022-11-01T15:00:00Z;-1;9000003703;hourly;0,7483333333;8,0178173719;22,7171492205;8,0178173719;6,6815144766;2,6726057906;5,3452115813;9,3541202673;13,3630289532;6,6815144766;1,3363028953;5,3452115813;1,3363028953;1;17.6470588235, 0, 5.8823529412, 58.8235294118, 17.6470588235, 0, 0, 0;17.6470588235, 0, 0, 0, 0, 5.8823529412, 41.1764705882, 17.6470588235, 11.7647058824, 5.8823529412, 0, 0, 0, 0, 0, 0, 0, 0, 0, 0, 0, 0, 0, 0, 0;Europe/Paris;38,5
2022-11-01T16:00:00Z;-1;9000003703;hourly;0,7358333333;10,8720271801;29,8980747452;6,7950169875;13,5900339751;4,0770101925;6,7950169875;12,2310305776;17,6670441676;6,7950169875;0,0000000000;5,4360135900;8,1540203851;1;0, 9.0909090909, 13.6363636364, 54.5454545455, 22.7272727273, 0, 0, 0;0, 0, 4.5454545455, 4.5454545455, 4.5454545455, 9.0909090909, 31.8181818182, 22.7272727273, 13.6363636364, 9.0909090909, 0, 0, 0, 0, 0, 0, 0, 0, 0, 0, 0, 0, 0, 0, 0;Europe/Paris;40,5
2022-11-01T17:00:00Z;-1;9000003703;hourly;0,0000000000;0,0000000000;0,0000000000;0,0000000000;0,0000000000;0,0000000000;0,0000000000;0,0000000000;0,0000000000;0,0000000000;0,0000000000;0,0000000000;0,0000000000;1;0, 0, 0, 0, 0, 0, 0, 0;0, 0, 0, 0, 0, 0, 0, 0, 0, 0, 0, 0, 0, 0, 0, 0, 0, 0, 0, 0, 0, 0, 0, 0, 0;Europe/Paris;NA
2022-11-01T18:00:00Z;-1;9000003703;hourly;0,0000000000;0,0000000000;0,0000000000;0,0000000000;0,0000000000;0,0000000000;0,0000000000;0,0000000000;0,0000000000;0,0000000000;0,0000000000;0,0000000000;0,0000000000;1;0, 0, 0, 0, 0, 0, 0, 0;0, 0, 0, 0, 0, 0, 0, 0, 0, 0, 0, 0, 0, 0, 0, 0, 0, 0, 0, 0, 0, 0, 0, 0, 0;Europe/Paris;NA
2022-11-01T19:00:00Z;-1;9000003703;hourly;0,0000000000;0,0000000000;0,0000000000;0,0000000000;0,0000000000;0,0000000000;0,0000000000;0,0000000000;0,0000000000;0,0000000000;0,0000000000;0,0000000000;0,0000000000;1;0, 0, 0, 0, 0, 0, 0, 0;0, 0, 0, 0, 0, 0, 0, 0, 0, 0, 0, 0, 0, 0, 0, 0, 0, 0, 0, 0, 0, 0, 0, 0, 0;Europe/Paris;NA
2022-11-02T10:00:00Z;-1;9000003703;hourly;0,3338888889;11,9800332779;47,9201331115;50,9151414309;2,9950083195;2,9950083195;8,9850249584;17,9700499168;29,9500831947;17,9700499168;32,9450915141;0,0000000000;2,9950083195;1;12.5, 6.25, 25, 31.25, 18.75, 0, 6.25, 0;6.25, 6.25, 6.25, 0, 6.25, 18.75, 31.25, 0, 18.75, 0, 0, 0, 6.25, 0, 0, 0, 0, 0, 0, 0, 0, 0, 0, 0, 0;Europe/Paris;40,0
2022-11-02T11:00:00Z;-1;9000003703;hourly;0,7641666667;15,7033805889;34,0239912759;14,3947655398;1,3086150491;10,4689203926;5,2344601963;9,1603053435;24,8636859324;6,5430752454;7,8516902944;0,0000000000;1,3086150491;1;0, 11.5384615385, 38.4615384615, 34.6153846154, 15.3846153846, 0, 0, 0;0, 0, 0, 11.5384615385, 19.2307692308, 19.2307692308, 30.7692307692, 3.8461538462, 7.6923076923, 7.6923076923, 0, 0, 0, 0, 0, 0, 0, 0, 0, 0, 0, 0, 0, 0, 0;Europe/Paris;37,5
2022-11-02T12:00:00Z;-1;9000003703;hourly;0,7125000000;1,4035087719;33,6842105263;19,6491228070;5,6140350877;0,0000000000;1,4035087719;9,8245614035;23,8596491228;8,4210526316;11,2280701754;4,2105263158;1,4035087719;1;4.1666666667, 12.5, 20.8333333333, 37.5, 25, 0, 0, 0;4.1666666667, 0, 0, 12.5, 0, 20.8333333333, 16.6666666667, 20.8333333333, 20.8333333333, 4.1666666667, 0, 0, 0, 0, 0, 0, 0, 0, 0, 0, 0, 0, 0, 0, 0;Europe/Paris;40,0
2022-11-02T13:00:00Z;-1;9000003703;hourly;0,7747222222;5,1631409107;29,6880602366;11,6170670491;5,1631409107;3,8723556830;1,2907852277;9,0354965938;20,6525636429;5,1631409107;6,4539261384;2,5815704554;2,5815704554;1;17.3913043478, 8.6956521739, 13.0434782609, 43.4782608696, 17.3913043478, 0, 0, 0;17.3913043478, 0, 0, 8.6956521739, 4.347826087, 8.6956521739, 13.0434782609, 30.4347826087, 13.0434782609, 4.347826087, 0, 0, 0, 0, 0, 0, 0, 0, 0, 0, 0, 0, 0, 0, 0;Europe/Paris;38,5
2022-11-02T14:00:00Z;-1;9000003703;hourly;0,7913888889;12,6360126360;27,7992277992;12,6360126360;2,5272025272;7,5816075816;5,0544050544;6,3180063180;21,4812214812;7,5816075816;5,0544050544;0,0000000000;2,5272025272;1;4.5454545455, 4.5454545455, 45.4545454545, 40.9090909091, 4.5454545455, 0, 0, 0;4.5454545455, 0, 0, 4.5454545455, 18.1818181818, 27.2727272727, 36.3636363636, 4.5454545455, 4.5454545455, 0, 0, 0, 0, 0, 0, 0, 0, 0, 0, 0, 0, 0, 0, 0, 0;Europe/Paris;31,5
2022-11-02T15:00:00Z;-1;9000003703;hourly;0,7980555556;7,5182735816;68,9175078315;6,2652279847;15,0365471632;2,5060911939;5,0121823877;26,3139575357;42,6035502959;3,7591367908;2,5060911939;8,7713191786;6,2652279847;1;1.8181818182, 5.4545454545, 40, 45.4545454545, 5.4545454545, 1.8181818182, 0, 0;0, 1.8181818182, 0, 5.4545454545, 10.9090909091, 29.0909090909, 32.7272727273, 12.7272727273, 5.4545454545, 0, 0, 1.8181818182, 0, 0, 0, 0, 0, 0, 0, 0, 0, 0, 0, 0, 0;Europe/Paris;34,5
2022-11-02T16:00:00Z;-1;9000003703;hourly;0,6611111111;7,5630252101;80,1680672269;6,0504201681;10,5882352941;1,5126050420;6,0504201681;16,6386554622;63,5294117647;1,5126050420;4,5378151261;3,0252100840;7,5630252101;1;3.7735849057, 7.5471698113, 41.5094339623, 33.9622641509, 7.5471698113, 3.7735849057, 0, 1.8867924528;1.8867924528, 1.8867924528, 1.8867924528, 5.6603773585, 15.0943396226, 26.4150943396, 22.641509434, 11.320754717, 1.8867924528, 5.6603773585, 1.8867924528, 1.8867924528, 0, 0, 0, 1.8867924528, 0, 0, 0, 0, 0, 0, 0, 0, 0;Europe/Paris;36,5
2022-11-02T17:00:00Z;-1;9000003703;hourly;0,0000000000;0,0000000000;0,0000000000;0,0000000000;0,0000000000;0,0000000000;0,0000000000;0,0000000000;0,0000000000;0,0000000000;0,0000000000;0,0000000000;0,0000000000;1;0, 0, 0, 0, 0, 0, 0, 0;0, 0, 0, 0, 0, 0, 0, 0, 0, 0, 0, 0, 0, 0, 0, 0, 0, 0, 0, 0, 0, 0, 0, 0, 0;Europe/Paris;NA
2022-11-02T18:00:00Z;-1;9000003703;hourly;0,0000000000;0,0000000000;0,0000000000;0,0000000000;0,0000000000;0,0000000000;0,0000000000;0,0000000000;0,0000000000;0,0000000000;0,0000000000;0,0000000000;0,0000000000;1;0, 0, 0, 0, 0, 0, 0, 0;0, 0, 0, 0, 0, 0, 0, 0, 0, 0, 0, 0, 0, 0, 0, 0, 0, 0, 0, 0, 0, 0, 0, 0, 0;Europe/Paris;NA
2022-11-03T09:00:00Z;-1;9000003703;hourly;0,8694444444;11,5015974441;5,7507987220;2,3003194888;1,1501597444;1,1501597444;10,3514376997;2,3003194888;3,4504792332;0,0000000000;2,3003194888;1,1501597444;0,0000000000;1;0, 0, 40, 40, 0, 20, 0, 0;0, 0, 0, 0, 20, 20, 0, 40, 0, 0, 20, 0, 0, 0, 0, 0, 0, 0, 0, 0, 0, 0, 0, 0, 0;Europe/Paris;49,0
2022-11-03T10:00:00Z;-1;9000003703;hourly;0,8061111111;9,9241902136;31,0130944176;1,2405237767;0,0000000000;3,7215713301;6,2026188835;11,1647139904;19,8483804273;1,2405237767;0,0000000000;0,0000000000;0,0000000000;1;0, 4, 28, 60, 8, 0, 0, 0;0, 0, 4, 0, 12, 16, 40, 20, 4, 4, 0, 0, 0, 0, 0, 0, 0, 0, 0, 0, 0, 0, 0, 0, 0;Europe/Paris;35,5
2022-11-03T11:00:00Z;-1;9000003703;hourly;0,7872222222;7,6217360621;47,0007057163;5,0811573747;1,2702893437;2,5405786874;5,0811573747;8,8920254058;38,1086803105;1,2702893437;3,8108680311;0,0000000000;1,2702893437;1;0, 2.7027027027, 13.5135135135, 37.8378378378, 37.8378378378, 8.1081081081, 0, 0;0, 0, 0, 2.7027027027, 0, 13.5135135135, 13.5135135135, 24.3243243243, 35.1351351351, 2.7027027027, 8.1081081081, 0, 0, 0, 0, 0, 0, 0, 0, 0, 0, 0, 0, 0, 0;Europe/Paris;42,0
2022-11-03T12:00:00Z;-1;9000003703;hourly;0,7786111111;3,8530146272;20,5494113450;7,7060292544;5,1373528362;0,0000000000;3,8530146272;6,4216910453;14,1277202997;5,1373528362;2,5686764181;3,8530146272;1,2843382091;1;0, 6.25, 18.75, 43.75, 25, 6.25, 0, 0;0, 0, 0, 6.25, 18.75, 0, 12.5, 31.25, 12.5, 12.5, 0, 6.25, 0, 0, 0, 0, 0, 0, 0, 0, 0, 0, 0, 0, 0;Europe/Paris;44,0
2022-11-03T13:00:00Z;-1;9000003703;hourly;0,7438888889;8,0657206871;25,5414488424;24,1971620612;2,6885735624;5,3771471247;2,6885735624;8,0657206871;17,4757281553;18,8200149365;5,3771471247;1,3442867812;1,3442867812;1;21.0526315789, 15.7894736842, 57.8947368421, 5.2631578947, 0, 0, 0, 0;15.7894736842, 5.2631578947, 0, 15.7894736842, 26.3157894737, 31.5789473684, 0, 5.2631578947, 0, 0, 0, 0, 0, 0, 0, 0, 0, 0, 0, 0, 0, 0, 0, 0, 0;Europe/Paris;26,0
2022-11-03T14:00:00Z;-1;9000003703;hourly;0,7555555556;13,2352941176;25,1470588235;6,6176470588;2,6470588235;7,9411764706;5,2941176471;7,9411764706;17,2058823529;3,9705882353;2,6470588235;2,6470588235;0,0000000000;1;10.5263157895, 31.5789473684, 31.5789473684, 26.3157894737, 0, 0, 0, 0;5.2631578947, 5.2631578947, 0, 31.5789473684, 15.7894736842, 15.7894736842, 21.0526315789, 5.2631578947, 0, 0, 0, 0, 0, 0, 0, 0, 0, 0, 0, 0, 0, 0, 0, 0, 0;Europe/Paris;30,0
2022-11-03T15:00:00Z;-1;9000003703;hourly;0,7786111111;6,4216910453;48,8048519443;0,0000000000;2,5686764181;1,2843382091;5,1373528362;19,2650731359;29,5397788084;0,0000000000;0,0000000000;0,0000000000;2,5686764181;1;13.1578947368, 21.0526315789, 26.3157894737, 31.5789473684, 7.8947368421, 0, 0, 0;7.8947368421, 5.2631578947, 13.1578947368, 7.8947368421, 7.8947368421, 18.4210526316, 15.7894736842, 15.7894736842, 5.2631578947, 2.6315789474, 0, 0, 0, 0, 0, 0, 0, 0, 0, 0, 0, 0, 0, 0, 0;Europe/Paris;35,0
2022-11-03T16:00:00Z;-1;9000003703;hourly;0,6622222222;6,0402684564;86,0738255034;6,0402684564;10,5704697987;3,0201342282;3,0201342282;24,1610738255;61,9127516779;3,0201342282;3,0201342282;3,0201342282;7,5503355705;1;1.7543859649, 8.7719298246, 19.298245614, 52.6315789474, 17.5438596491, 0, 0, 0;1.7543859649, 0, 3.5087719298, 5.2631578947, 8.7719298246, 10.5263157895, 33.3333333333, 19.298245614, 12.2807017544, 5.2631578947, 0, 0, 0, 0, 0, 0, 0, 0, 0, 0, 0, 0, 0, 0, 0;Europe/Paris;38,5
2022-11-03T17:00:00Z;-1;9000003703;hourly;0,0000000000;0,0000000000;0,0000000000;0,0000000000;0,0000000000;0,0000000000;0,0000000000;0,0000000000;0,0000000000;0,0000000000;0,0000000000;0,0000000000;0,0000000000;1;0, 0, 0, 0, 0, 0, 0, 0;0, 0, 0, 0, 0, 0, 0, 0, 0, 0, 0, 0, 0, 0, 0, 0, 0, 0, 0, 0, 0, 0, 0, 0, 0;Europe/Paris;NA
2022-11-03T18:00:00Z;-1;9000003703;hourly;0,0000000000;0,0000000000;0,0000000000;0,0000000000;0,0000000000;0,0000000000;0,0000000000;0,0000000000;0,0000000000;0,0000000000;0,0000000000;0,0000000000;0,0000000000;1;0, 0, 0, 0, 0, 0, 0, 0;0, 0, 0, 0, 0, 0, 0, 0, 0, 0, 0, 0, 0, 0, 0, 0, 0, 0, 0, 0, 0, 0, 0, 0, 0;Europe/Paris;NA
2022-11-04T03:00:00Z;-1;9000003703;hourly;0,0000000000;0,0000000000;0,0000000000;0,0000000000;0,0000000000;0,0000000000;0,0000000000;0,0000000000;0,0000000000;0,0000000000;0,0000000000;0,0000000000;0,0000000000;1;0, 0, 0, 0, 0, 0, 0, 0;0, 0, 0, 0, 0, 0, 0, 0, 0, 0, 0, 0, 0, 0, 0, 0, 0, 0, 0, 0, 0, 0, 0, 0, 0;Europe/Paris;NA
2022-11-04T04:00:00Z;-1;9000003703;hourly;0,0000000000;0,0000000000;0,0000000000;0,0000000000;0,0000000000;0,0000000000;0,0000000000;0,0000000000;0,0000000000;0,0000000000;0,0000000000;0,0000000000;0,0000000000;1;0, 0, 0, 0, 0, 0, 0, 0;0, 0, 0, 0, 0, 0, 0, 0, 0, 0, 0, 0, 0, 0, 0, 0, 0, 0, 0, 0, 0, 0, 0, 0, 0;Europe/Paris;NA
2022-11-04T05:00:00Z;-1;9000003703;hourly;0,0000000000;0,0000000000;0,0000000000;0,0000000000;0,0000000000;0,0000000000;0,0000000000;0,0000000000;0,0000000000;0,0000000000;0,0000000000;0,0000000000;0,0000000000;1;0, 0, 0, 0, 0, 0, 0, 0;0, 0, 0, 0, 0, 0, 0, 0, 0, 0, 0, 0, 0, 0, 0, 0, 0, 0, 0, 0, 0, 0, 0, 0, 0;Europe/Paris;NA
2022-11-04T06:00:00Z;-1;9000003703;hourly;0,0486111111;0,0000000000;41,1428571429;20,5714285714;0,0000000000;0,0000000000;0,0000000000;41,1428571429;0,0000000000;0,0000000000;20,5714285714;0,0000000000;0,0000000000;1;50, 0, 0, 50, 0, 0, 0, 0;0, 50, 0, 0, 0, 0, 50, 0, 0, 0, 0, 0, 0, 0, 0, 0, 0, 0, 0, 0, 0, 0, 0, 0, 0;Europe/Paris;31,0
2022-11-04T07:00:00Z;-1;9000003703;hourly;0,6388888889;7,8260869565;18,7826086957;1,5652173913;6,2608695652;3,1304347826;4,6956521739;10,9565217391;7,8260869565;1,5652173913;0,0000000000;6,2608695652;0,0000000000;1;16.6666666667, 0, 16.6666666667, 41.6666666667, 16.6666666667, 8.3333333333, 0, 0;16.6666666667, 0, 0, 0, 0, 16.6666666667, 25, 16.6666666667, 8.3333333333, 8.3333333333, 8.3333333333, 0, 0, 0, 0, 0, 0, 0, 0, 0, 0, 0, 0, 0, 0;Europe/Paris;43,5
2022-11-04T08:00:00Z;-1;9000003703;hourly;0,8033333333;7,4688796680;49,7925311203;3,7344398340;2,4896265560;4,9792531120;2,4896265560;12,4481327801;37,3443983402;1,2448132780;2,4896265560;0,0000000000;2,4896265560;1;32.5, 5, 7.5, 25, 22.5, 7.5, 0, 0;32.5, 0, 2.5, 2.5, 0, 7.5, 10, 15, 12.5, 10, 5, 2.5, 0, 0, 0, 0, 0, 0, 0, 0, 0, 0, 0, 0, 0;Europe/Paris;44,0
2022-11-04T09:00:00Z;-1;9000003703;hourly;0,7536111111;10,6155547365;27,8658311832;7,9616660523;5,3077773682;6,6347217103;3,9808330262;9,2886103944;18,5772207888;5,3077773682;2,6538886841;5,3077773682;0,0000000000;1;14.2857142857, 4.7619047619, 28.5714285714, 38.0952380952, 14.2857142857, 0, 0, 0;14.2857142857, 0, 0, 4.7619047619, 9.5238095238, 19.0476190476, 19.0476190476, 19.0476190476, 9.5238095238, 4.7619047619, 0, 0, 0, 0, 0, 0, 0, 0, 0, 0, 0, 0, 0, 0, 0;Europe/Paris;37,5
2022-11-04T10:00:00Z;-1;9000003703;hourly;0,7313888889;12,3053551082;34,1815419673;53,3232054690;19,1416635017;8,2035700722;4,1017850361;13,6726167869;20,5089251804;50,5886821117;2,7345233574;17,7744018230;1,3672616787;1;8, 16, 56, 16, 0, 4, 0, 0;8, 0, 4, 12, 20, 36, 8, 8, 0, 0, 4, 0, 0, 0, 0, 0, 0, 0, 0, 0, 0, 0, 0, 0, 0;Europe/Paris;30,5
2022-11-04T11:00:00Z;-1;9000003703;hourly;0,7313888889;4,1017850361;45,1196353969;28,7124952526;1,3672616787;2,7345233574;1,3672616787;8,2035700722;36,9160653247;25,9779718952;2,7345233574;0,0000000000;1,3672616787;1;0, 9.0909090909, 48.4848484848, 27.2727272727, 12.1212121212, 3.0303030303, 0, 0;0, 0, 3.0303030303, 6.0606060606, 21.2121212121, 27.2727272727, 15.1515151515, 12.1212121212, 9.0909090909, 3.0303030303, 3.0303030303, 0, 0, 0, 0, 0, 0, 0, 0, 0, 0, 0, 0, 0, 0;Europe/Paris;37,5
2022-11-04T12:00:00Z;-1;9000003703;hourly;0,7219444444;9,6960369373;40,1692958830;27,7029626780;0,0000000000;5,5405925356;4,1554444017;18,0069257407;22,1623701424;22,1623701424;5,5405925356;0,0000000000;0,0000000000;1;6.8965517241, 6.8965517241, 44.8275862069, 37.9310344828, 3.4482758621, 0, 0, 0;6.8965517241, 0, 3.4482758621, 3.4482758621, 17.2413793103, 27.5862068966, 27.5862068966, 10.3448275862, 3.4482758621, 0, 0, 0, 0, 0, 0, 0, 0, 0, 0, 0, 0, 0, 0, 0, 0;Europe/Paris;32,5
2022-11-04T13:00:00Z;-1;9000003703;hourly;0,7550000000;18,5430463576;27,8145695364;10,5960264901;1,3245033113;7,9470198675;10,5960264901;7,9470198675;19,8675496689;9,2715231788;1,3245033113;0,0000000000;1,3245033113;1;23.8095238095, 9.5238095238, 52.380952381, 9.5238095238, 4.7619047619, 0, 0, 0;23.8095238095, 0, 4.7619047619, 4.7619047619, 19.0476190476, 33.3333333333, 0, 9.5238095238, 4.7619047619, 0, 0, 0, 0, 0, 0, 0, 0, 0, 0, 0, 0, 0, 0, 0, 0;Europe/Paris;27,5
2022-11-04T14:00:00Z;-1;9000003703;hourly;0,7672222222;14,3374366401;23,4612599566;6,5170166546;1,3034033309;11,7306299783;2,6068066618;6,5170166546;16,9442433020;2,6068066618;3,9102099928;1,3034033309;0,0000000000;1;22.2222222222, 38.8888888889, 27.7777777778, 5.5555555556, 0, 5.5555555556, 0, 0;16.6666666667, 5.5555555556, 5.5555555556, 33.3333333333, 16.6666666667, 11.1111111111, 5.5555555556, 0, 0, 0, 0, 5.5555555556, 0, 0, 0, 0, 0, 0, 0, 0, 0, 0, 0, 0, 0;Europe/Paris;25,5
2022-11-04T15:00:00Z;-1;9000003703;hourly;0,7911111111;7,5842696629;55,6179775281;1,2640449438;3,7921348315;3,7921348315;3,7921348315;11,3764044944;44,2415730337;0,0000000000;1,2640449438;2,5280898876;1,2640449438;1;18.1818181818, 31.8181818182, 15.9090909091, 31.8181818182, 2.2727272727, 0, 0, 0;13.6363636364, 4.5454545455, 18.1818181818, 13.6363636364, 11.3636363636, 4.5454545455, 25, 6.8181818182, 0, 2.2727272727, 0, 0, 0, 0, 0, 0, 0, 0, 0, 0, 0, 0, 0, 0, 0;Europe/Paris;31,5
2022-11-04T16:00:00Z;-1;9000003703;hourly;0,6688888889;8,9700996678;113,6212624585;11,9601328904;11,9601328904;5,9800664452;2,9900332226;41,8604651163;71,7607973422;10,4651162791;1,4950166113;5,9800664452;5,9800664452;1;1.3157894737, 6.5789473684, 42.1052631579, 38.1578947368, 9.2105263158, 2.6315789474, 0, 0;0, 1.3157894737, 0, 6.5789473684, 9.2105263158, 32.8947368421, 23.6842105263, 14.4736842105, 7.8947368421, 1.3157894737, 0, 2.6315789474, 0, 0, 0, 0, 0, 0, 0, 0, 0, 0, 0, 0, 0;Europe/Paris;36,5
2022-11-04T17:00:00Z;-1;9000003703;hourly;0,0000000000;0,0000000000;0,0000000000;0,0000000000;0,0000000000;0,0000000000;0,0000000000;0,0000000000;0,0000000000;0,0000000000;0,0000000000;0,0000000000;0,0000000000;1;0, 0, 0, 0, 0, 0, 0, 0;0, 0, 0, 0, 0, 0, 0, 0, 0, 0, 0, 0, 0, 0, 0, 0, 0, 0, 0, 0, 0, 0, 0, 0, 0;Europe/Paris;NA
2022-11-04T18:00:00Z;-1;9000003703;hourly;0,0000000000;0,0000000000;0,0000000000;0,0000000000;0,0000000000;0,0000000000;0,0000000000;0,0000000000;0,0000000000;0,0000000000;0,0000000000;0,0000000000;0,0000000000;1;0, 0, 0, 0, 0, 0, 0, 0;0, 0, 0, 0, 0, 0, 0, 0, 0, 0, 0, 0, 0, 0, 0, 0, 0, 0, 0, 0, 0, 0, 0, 0, 0;Europe/Paris;NA
2022-11-05T08:00:00Z;-1;9000003703;hourly;0,9500000000;0,0000000000;12,6315789474;1,0526315789;2,1052631579;0,0000000000;0,0000000000;6,3157894737;6,3157894737;0,0000000000;1,0526315789;2,1052631579;0,0000000000;1;0, 8.3333333333, 41.6666666667, 41.6666666667, 0, 8.3333333333, 0, 0;0, 0, 0, 8.3333333333, 8.3333333333, 33.3333333333, 25, 16.6666666667, 0, 0, 8.3333333333, 0, 0, 0, 0, 0, 0, 0, 0, 0, 0, 0, 0, 0, 0;Europe/Paris;35,5
2022-11-05T09:00:00Z;-1;9000003703;hourly;0,7841666667;5,1009564293;54,8352816153;6,3761955367;10,2019128587;3,8257173220;1,2752391073;22,9543039320;31,8809776833;1,2752391073;5,1009564293;5,1009564293;5,1009564293;1;0, 4.6511627907, 25.5813953488, 48.8372093023, 20.9302325581, 0, 0, 0;0, 0, 0, 4.6511627907, 2.3255813953, 23.2558139535, 16.2790697674, 32.5581395349, 18.6046511628, 2.3255813953, 0, 0, 0, 0, 0, 0, 0, 0, 0, 0, 0, 0, 0, 0, 0;Europe/Paris;39,0
2022-11-05T10:00:00Z;-1;9000003703;hourly;0,7894444444;11,4004222379;50,6685432794;11,4004222379;10,1337086559;7,6002814919;3,8001407460;15,2005629838;35,4679802956;6,3335679099;5,0668543279;6,3335679099;3,8001407460;1;0, 10, 25, 52.5, 12.5, 0, 0, 0;0, 0, 0, 10, 17.5, 7.5, 27.5, 25, 2.5, 10, 0, 0, 0, 0, 0, 0, 0, 0, 0, 0, 0, 0, 0, 0, 0;Europe/Paris;37,0
2022-11-05T11:00:00Z;-1;9000003703;hourly;0,7958333333;11,3089005236;62,8272251309;3,7696335079;7,5392670157;3,7696335079;7,5392670157;18,8481675393;43,9790575916;2,5130890052;1,2565445026;1,2565445026;6,2827225131;1;6, 10, 30, 34, 18, 2, 0, 0;4, 2, 4, 6, 16, 14, 24, 10, 12, 6, 2, 0, 0, 0, 0, 0, 0, 0, 0, 0, 0, 0, 0, 0, 0;Europe/Paris;39,5
2022-11-05T12:00:00Z;-1;9000003703;hourly;0,7905555556;5,0597329585;35,4181307098;3,7947997189;1,2649332396;0,0000000000;5,0597329585;12,6493323963;22,7687983134;1,2649332396;2,5298664793;0,0000000000;1,2649332396;1;0, 3.5714285714, 17.8571428571, 57.1428571429, 17.8571428571, 3.5714285714, 0, 0;0, 0, 0, 3.5714285714, 0, 17.8571428571, 28.5714285714, 28.5714285714, 17.8571428571, 0, 3.5714285714, 0, 0, 0, 0, 0, 0, 0, 0, 0, 0, 0, 0, 0, 0;Europe/Paris;39,5
2022-11-05T13:00:00Z;-1;9000003703;hourly;0,8091666667;6,1791967044;61,7919670443;4,9433573635;2,4716786818;3,7075180227;2,4716786818;32,1318228630;29,6601441813;3,7075180227;1,2358393409;2,4716786818;0,0000000000;1;4, 4, 36, 26, 30, 0, 0, 0;2, 2, 0, 4, 10, 26, 18, 8, 20, 10, 0, 0, 0, 0, 0, 0, 0, 0, 0, 0, 0, 0, 0, 0, 0;Europe/Paris;41,0
2022-11-05T14:00:00Z;-1;9000003703;hourly;0,7994444444;5,0034746352;47,5330090341;8,7560806115;6,2543432940;1,2508686588;3,7526059764;21,2647671994;26,2682418346;3,7526059764;5,0034746352;2,5017373176;3,7526059764;1;0, 0, 39.4736842105, 47.3684210526, 13.1578947368, 0, 0, 0;0, 0, 0, 0, 15.7894736842, 23.6842105263, 21.0526315789, 26.3157894737, 13.1578947368, 0, 0, 0, 0, 0, 0, 0, 0, 0, 0, 0, 0, 0, 0, 0, 0;Europe/Paris;37,0
2022-11-05T15:00:00Z;-1;9000003703;hourly;0,7955555556;1,2569832402;61,5921787709;3,7709497207;5,0279329609;0,0000000000;1,2569832402;32,6815642458;28,9106145251;0,0000000000;3,7709497207;2,5139664804;2,5139664804;1;2.0408163265, 6.1224489796, 42.8571428571, 28.5714285714, 18.3673469388, 2.0408163265, 0, 0;2.0408163265, 0, 0, 6.1224489796, 18.3673469388, 24.4897959184, 10.2040816327, 18.3673469388, 14.2857142857, 4.0816326531, 2.0408163265, 0, 0, 0, 0, 0, 0, 0, 0, 0, 0, 0, 0, 0, 0;Europe/Paris;39,5
2022-11-05T16:00:00Z;-1;9000003703;hourly;0,4619444444;4,3295249549;67,1076368010;2,1647624775;8,6590499098;0,0000000000;4,3295249549;28,1419122069;38,9657245941;2,1647624775;0,0000000000;6,4942874324;2,1647624775;1;3.2258064516, 6.4516129032, 29.0322580645, 41.935483871, 16.1290322581, 3.2258064516, 0, 0;3.2258064516, 0, 0, 6.4516129032, 9.6774193548, 19.3548387097, 22.5806451613, 19.3548387097, 12.9032258065, 3.2258064516, 3.2258064516, 0, 0, 0, 0, 0, 0, 0, 0, 0, 0, 0, 0, 0, 0;Europe/Paris;39,0
2022-11-05T17:00:00Z;-1;9000003703;hourly;0,0000000000;0,0000000000;0,0000000000;0,0000000000;0,0000000000;0,0000000000;0,0000000000;0,0000000000;0,0000000000;0,0000000000;0,0000000000;0,0000000000;0,0000000000;1;0, 0, 0, 0, 0, 0, 0, 0;0, 0, 0, 0, 0, 0, 0, 0, 0, 0, 0, 0, 0, 0, 0, 0, 0, 0, 0, 0, 0, 0, 0, 0, 0;Europe/Paris;NA
2022-11-05T18:00:00Z;-1;9000003703;hourly;0,0000000000;0,0000000000;0,0000000000;0,0000000000;0,0000000000;0,0000000000;0,0000000000;0,0000000000;0,0000000000;0,0000000000;0,0000000000;0,0000000000;0,0000000000;1;0, 0, 0, 0, 0, 0, 0, 0;0, 0, 0, 0, 0, 0, 0, 0, 0, 0, 0, 0, 0, 0, 0, 0, 0, 0, 0, 0, 0, 0, 0, 0, 0;Europe/Paris;NA
2022-11-05T19:00:00Z;-1;9000003703;hourly;0,0000000000;0,0000000000;0,0000000000;0,0000000000;0,0000000000;0,0000000000;0,0000000000;0,0000000000;0,0000000000;0,0000000000;0,0000000000;0,0000000000;0,0000000000;1;0, 0, 0, 0, 0, 0, 0, 0;0, 0, 0, 0, 0, 0, 0, 0, 0, 0, 0, 0, 0, 0, 0, 0, 0, 0, 0, 0, 0, 0, 0, 0, 0;Europe/Paris;NA
2022-11-06T08:00:00Z;-1;9000003703;hourly;0,9600000000;0,0000000000;5,2083333333;0,0000000000;0,0000000000;0,0000000000;0,0000000000;4,1666666667;1,0416666667;0,0000000000;0,0000000000;0,0000000000;0,0000000000;1;0, 0, 40, 40, 20, 0, 0, 0;0, 0, 0, 0, 20, 20, 40, 0, 20, 0, 0, 0, 0, 0, 0, 0, 0, 0, 0, 0, 0, 0, 0, 0, 0;Europe/Paris;39,0
2022-11-06T09:00:00Z;-1;9000003703;hourly;0,7658333333;3,9173014146;32,6441784548;15,6692056583;1,3057671382;2,6115342764;1,3057671382;18,2807399347;14,3634385201;3,9173014146;11,7519042437;1,3057671382;0,0000000000;1;4, 0, 44, 40, 12, 0, 0, 0;4, 0, 0, 0, 4, 40, 28, 12, 8, 4, 0, 0, 0, 0, 0, 0, 0, 0, 0, 0, 0, 0, 0, 0, 0;Europe/Paris;36,0
2022-11-06T10:00:00Z;-1;9000003703;hourly;0,7891666667;10,1372756072;58,2893347413;11,4044350581;1,2671594509;5,0686378036;5,0686378036;19,0073917635;39,2819429778;6,3357972545;5,0686378036;1,2671594509;0,0000000000;1;0, 4.347826087, 32.6086956522, 56.5217391304, 6.5217391304, 0, 0, 0;0, 0, 2.1739130435, 2.1739130435, 10.8695652174, 21.7391304348, 36.9565217391, 19.5652173913, 6.5217391304, 0, 0, 0, 0, 0, 0, 0, 0, 0, 0, 0, 0, 0, 0, 0, 0;Europe/Paris;35,5
2022-11-06T11:00:00Z;-1;9000003703;hourly;0,7419444444;6,7390490453;28,3040059903;12,1302882815;1,3478098091;1,3478098091;5,3912392362;8,0868588544;20,2171471359;6,7390490453;5,3912392362;0,0000000000;1,3478098091;1;9.5238095238, 4.7619047619, 19.0476190476, 33.3333333333, 28.5714285714, 4.7619047619, 0, 0;9.5238095238, 0, 0, 4.7619047619, 9.5238095238, 9.5238095238, 14.2857142857, 19.0476190476, 9.5238095238, 19.0476190476, 4.7619047619, 0, 0, 0, 0, 0, 0, 0, 0, 0, 0, 0, 0, 0, 0;Europe/Paris;45,0
2022-11-06T12:00:00Z;-1;9000003703;hourly;0,7580555556;1,3191645291;15,8299743496;2,6383290583;1,3191645291;0,0000000000;1,3191645291;7,9149871748;7,9149871748;2,6383290583;0,0000000000;1,3191645291;0,0000000000;1;8.3333333333, 8.3333333333, 0, 50, 33.3333333333, 0, 0, 0;8.3333333333, 0, 8.3333333333, 0, 0, 0, 25, 25, 25, 8.3333333333, 0, 0, 0, 0, 0, 0, 0, 0, 0, 0, 0, 0, 0, 0, 0;Europe/Paris;41,0
2022-11-06T13:00:00Z;-1;9000003703;hourly;0,7580555556;0,0000000000;23,7449615244;9,2341517039;2,6383290583;0,0000000000;0,0000000000;10,5533162331;13,1916452913;7,9149871748;1,3191645291;2,6383290583;0,0000000000;1;5.5555555556, 16.6666666667, 66.6666666667, 11.1111111111, 0, 0, 0, 0;0, 5.5555555556, 5.5555555556, 11.1111111111, 33.3333333333, 33.3333333333, 5.5555555556, 5.5555555556, 0, 0, 0, 0, 0, 0, 0, 0, 0, 0, 0, 0, 0, 0, 0, 0, 0;Europe/Paris;27,0
2022-11-06T14:00:00Z;-1;9000003703;hourly;0,7527777778;13,2841328413;33,2103321033;7,9704797048;9,2988929889;3,9852398524;9,2988929889;22,5830258303;10,6273062731;3,9852398524;3,9852398524;5,3136531365;3,9852398524;1;32, 8, 40, 8, 12, 0, 0, 0;24, 8, 0, 8, 8, 32, 8, 0, 12, 0, 0, 0, 0, 0, 0, 0, 0, 0, 0, 0, 0, 0, 0, 0, 0;Europe/Paris;30,5
2022-11-06T15:00:00Z;-1;9000003703;hourly;0,7686111111;3,9031441995;29,9241055295;6,5052403325;6,5052403325;1,3010480665;2,6020961330;19,5157209975;10,4083845320;3,9031441995;2,6020961330;2,6020961330;3,9031441995;1;4.347826087, 17.3913043478, 30.4347826087, 39.1304347826, 8.6956521739, 0, 0, 0;0, 4.347826087, 8.6956521739, 8.6956521739, 0, 30.4347826087, 34.7826086957, 4.347826087, 8.6956521739, 0, 0, 0, 0, 0, 0, 0, 0, 0, 0, 0, 0, 0, 0, 0, 0;Europe/Paris;32,0
2022-11-06T16:00:00Z;-1;9000003703;hourly;0,6161111111;0,0000000000;51,9386834986;4,8692515780;16,2308385933;0,0000000000;0,0000000000;12,9846708747;38,9540126240;4,8692515780;0,0000000000;8,1154192967;8,1154192967;1;0, 6.25, 34.375, 50, 9.375, 0, 0, 0;0, 0, 0, 6.25, 12.5, 21.875, 25, 25, 9.375, 0, 0, 0, 0, 0, 0, 0, 0, 0, 0, 0, 0, 0, 0, 0, 0;Europe/Paris;36,5
2022-11-06T17:00:00Z;-1;9000003703;hourly;0,0000000000;0,0000000000;0,0000000000;0,0000000000;0,0000000000;0,0000000000;0,0000000000;0,0000000000;0,0000000000;0,0000000000;0,0000000000;0,0000000000;0,0000000000;1;0, 0, 0, 0, 0, 0, 0, 0;0, 0, 0, 0, 0, 0, 0, 0, 0, 0, 0, 0, 0, 0, 0, 0, 0, 0, 0, 0, 0, 0, 0, 0, 0;Europe/Paris;NA
2022-11-06T18:00:00Z;-1;9000003703;hourly;0,0000000000;0,0000000000;0,0000000000;0,0000000000;0,0000000000;0,0000000000;0,0000000000;0,0000000000;0,0000000000;0,0000000000;0,0000000000;0,0000000000;0,0000000000;1;0, 0, 0, 0, 0, 0, 0, 0;0, 0, 0, 0, 0, 0, 0, 0, 0, 0, 0, 0, 0, 0, 0, 0, 0, 0, 0, 0, 0, 0, 0, 0, 0;Europe/Paris;NA
2022-11-07T11:00:00Z;-1;9000003703;hourly;0,6916666667;7,2289156627;59,2771084337;7,2289156627;5,7831325301;1,4457831325;5,7831325301;11,5662650602;47,7108433735;0,0000000000;7,2289156627;4,3373493976;1,4457831325;1;0, 4.8780487805, 7.3170731707, 53.6585365854, 24.3902439024, 9.756097561, 0, 0;0, 0, 2.4390243902, 2.4390243902, 2.4390243902, 4.8780487805, 26.8292682927, 26.8292682927, 12.1951219512, 12.1951219512, 7.3170731707, 2.4390243902, 0, 0, 0, 0, 0, 0, 0, 0, 0, 0, 0, 0, 0;Europe/Paris;45,5
2022-11-07T12:00:00Z;-1;9000003703;hourly;0,7402777778;5,4033771107;35,1219512195;14,8592870544;8,1050656660;4,0525328330;1,3508442777;16,2101313321;18,9118198874;8,1050656660;6,7542213884;5,4033771107;2,7016885553;1;0, 0, 30.7692307692, 46.1538461538, 23.0769230769, 0, 0, 0;0, 0, 0, 0, 15.3846153846, 15.3846153846, 30.7692307692, 15.3846153846, 11.5384615385, 11.5384615385, 0, 0, 0, 0, 0, 0, 0, 0, 0, 0, 0, 0, 0, 0, 0;Europe/Paris;41,0
2022-11-07T13:00:00Z;-1;9000003703;hourly;0,7322222222;1,3657056146;19,1198786039;17,7541729894;16,3884673748;0,0000000000;1,3657056146;6,8285280728;12,2913505311;9,5599393020;8,1942336874;2,7314112291;13,6570561457;1;14.2857142857, 0, 35.7142857143, 42.8571428571, 7.1428571429, 0, 0, 0;14.2857142857, 0, 0, 0, 14.2857142857, 21.4285714286, 28.5714285714, 14.2857142857, 7.1428571429, 0, 0, 0, 0, 0, 0, 0, 0, 0, 0, 0, 0, 0, 0, 0, 0;Europe/Paris;34,5
2022-11-07T14:00:00Z;-1;9000003703;hourly;0,7508333333;9,3229744728;33,2963374029;2,6637069922;3,9955604883;1,3318534961;7,9911209767;9,3229744728;23,9733629301;1,3318534961;1,3318534961;0,0000000000;3,9955604883;1;40, 20, 40, 0, 0, 0, 0, 0;24, 16, 0, 20, 24, 16, 0, 0, 0, 0, 0, 0, 0, 0, 0, 0, 0, 0, 0, 0, 0, 0, 0, 0, 0;Europe/Paris;23,0
2022-11-07T15:00:00Z;-1;9000003703;hourly;0,7711111111;11,6714697406;102,4495677233;28,5302593660;44,0922190202;2,5936599424;9,0778097983;36,3112391931;66,1383285303;6,4841498559;22,0461095101;11,6714697406;32,4207492795;1;7.5949367089, 15.1898734177, 56.9620253165, 17.7215189873, 2.5316455696, 0, 0, 0;3.7974683544, 3.7974683544, 6.3291139241, 8.8607594937, 21.5189873418, 35.4430379747, 12.6582278481, 5.0632911392, 2.5316455696, 0, 0, 0, 0, 0, 0, 0, 0, 0, 0, 0, 0, 0, 0, 0, 0;Europe/Paris;29,5
2022-11-07T16:00:00Z;-1;9000003703;hourly;0,6133333333;16,3043478261;128,8043478261;13,0434782609;26,0869565217;11,4130434783;4,8913043478;32,6086956522;96,1956521739;9,7826086957;3,2608695652;16,3043478261;9,7826086957;1;5.0632911392, 10.1265822785, 35.4430379747, 37.9746835443, 8.8607594937, 2.5316455696, 0, 0;2.5316455696, 2.5316455696, 1.2658227848, 8.8607594937, 7.5949367089, 27.8481012658, 29.1139240506, 8.8607594937, 6.3291139241, 2.5316455696, 2.5316455696, 0, 0, 0, 0, 0, 0, 0, 0, 0, 0, 0, 0, 0, 0;Europe/Paris;35,5
2022-11-07T17:00:00Z;-1;9000003703;hourly;0,0000000000;0,0000000000;0,0000000000;0,0000000000;0,0000000000;0,0000000000;0,0000000000;0,0000000000;0,0000000000;0,0000000000;0,0000000000;0,0000000000;0,0000000000;1;0, 0, 0, 0, 0, 0, 0, 0;0, 0, 0, 0, 0, 0, 0, 0, 0, 0, 0, 0, 0, 0, 0, 0, 0, 0, 0, 0, 0, 0, 0, 0, 0;Europe/Paris;NA
2022-11-07T18:00:00Z;-1;9000003703;hourly;0,0000000000;0,0000000000;0,0000000000;0,0000000000;0,0000000000;0,0000000000;0,0000000000;0,0000000000;0,0000000000;0,0000000000;0,0000000000;0,0000000000;0,0000000000;1;0, 0, 0, 0, 0, 0, 0, 0;0, 0, 0, 0, 0, 0, 0, 0, 0, 0, 0, 0, 0, 0, 0, 0, 0, 0, 0, 0, 0, 0, 0, 0, 0;Europe/Paris;NA
2022-11-08T11:00:00Z;-1;9000003703;hourly;0,9383333333;1,0657193606;10,6571936057;1,0657193606;3,1971580817;0,0000000000;1,0657193606;4,2628774423;6,3943161634;1,0657193606;0,0000000000;1,0657193606;2,1314387211;1;0, 0, 20, 70, 10, 0, 0, 0;0, 0, 0, 0, 10, 10, 50, 20, 10, 0, 0, 0, 0, 0, 0, 0, 0, 0, 0, 0, 0, 0, 0, 0, 0;Europe/Paris;36,0
2022-11-08T12:00:00Z;-1;9000003703;hourly;0,7891666667;8,8701161563;48,1520591341;2,5343189018;8,8701161563;6,3357972545;2,5343189018;22,8088701162;25,3431890180;1,2671594509;1,2671594509;7,6029567054;1,2671594509;1;0, 5.2631578947, 34.2105263158, 52.6315789474, 7.8947368421, 0, 0, 0;0, 0, 2.6315789474, 2.6315789474, 7.8947368421, 26.3157894737, 26.3157894737, 26.3157894737, 7.8947368421, 0, 0, 0, 0, 0, 0, 0, 0, 0, 0, 0, 0, 0, 0, 0, 0;Europe/Paris;36,0
2022-11-08T13:00:00Z;-1;9000003703;hourly;0,7652777778;3,9201451906;33,9745916515;9,1470054446;2,6134301270;1,3067150635;2,6134301270;14,3738656987;19,6007259528;2,6134301270;6,5335753176;1,3067150635;1,3067150635;1;3.8461538462, 7.6923076923, 26.9230769231, 42.3076923077, 11.5384615385, 7.6923076923, 0, 0;0, 3.8461538462, 0, 7.6923076923, 0, 26.9230769231, 30.7692307692, 11.5384615385, 11.5384615385, 0, 7.6923076923, 0, 0, 0, 0, 0, 0, 0, 0, 0, 0, 0, 0, 0, 0;Europe/Paris;39,5
2022-11-08T14:00:00Z;-1;9000003703;hourly;0,7716666667;6,4794816415;19,4384449244;3,8876889849;9,0712742981;2,5917926566;3,8876889849;7,7753779698;11,6630669546;1,2958963283;2,5917926566;3,8876889849;5,1835853132;1;0, 26.6666666667, 40, 26.6666666667, 6.6666666667, 0, 0, 0;0, 0, 6.6666666667, 20, 13.3333333333, 26.6666666667, 26.6666666667, 0, 0, 6.6666666667, 0, 0, 0, 0, 0, 0, 0, 0, 0, 0, 0, 0, 0, 0, 0;Europe/Paris;31,0
2022-11-08T15:00:00Z;-1;9000003703;hourly;0,7613888889;9,1937249179;53,8489602335;23,6410069318;42,0284567676;3,9401678220;5,2535570960;23,6410069318;30,2079533017;1,3133892740;22,3276176578;17,0740605618;24,9543962058;1;9.756097561, 9.756097561, 56.0975609756, 21.9512195122, 2.4390243902, 0, 0, 0;7.3170731707, 2.4390243902, 2.4390243902, 7.3170731707, 39.0243902439, 17.0731707317, 12.1951219512, 9.756097561, 2.4390243902, 0, 0, 0, 0, 0, 0, 0, 0, 0, 0, 0, 0, 0, 0, 0, 0;Europe/Paris;31,5
2022-11-08T16:00:00Z;-1;9000003703;hourly;0,5247222222;17,1519322393;139,1212281630;15,2461619905;28,5865537321;13,3403917417;3,8115404976;45,7384859714;93,3827421916;9,5288512440;5,7173107464;20,9634727369;7,6230809952;1;0, 5.4794520548, 31.5068493151, 46.5753424658, 13.698630137, 2.7397260274, 0, 0;0, 0, 0, 5.4794520548, 12.3287671233, 19.1780821918, 28.7671232877, 17.8082191781, 12.3287671233, 1.3698630137, 1.3698630137, 1.3698630137, 0, 0, 0, 0, 0, 0, 0, 0, 0, 0, 0, 0, 0;Europe/Paris;38,0
2022-11-08T17:00:00Z;-1;9000003703;hourly;0,0000000000;0,0000000000;0,0000000000;0,0000000000;0,0000000000;0,0000000000;0,0000000000;0,0000000000;0,0000000000;0,0000000000;0,0000000000;0,0000000000;0,0000000000;1;0, 0, 0, 0, 0, 0, 0, 0;0, 0, 0, 0, 0, 0, 0, 0, 0, 0, 0, 0, 0, 0, 0, 0, 0, 0, 0, 0, 0, 0, 0, 0, 0;Europe/Paris;NA
2022-11-08T18:00:00Z;-1;9000003703;hourly;0,0000000000;0,0000000000;0,0000000000;0,0000000000;0,0000000000;0,0000000000;0,0000000000;0,0000000000;0,0000000000;0,0000000000;0,0000000000;0,0000000000;0,0000000000;1;0, 0, 0, 0, 0, 0, 0, 0;0, 0, 0, 0, 0, 0, 0, 0, 0, 0, 0, 0, 0, 0, 0, 0, 0, 0, 0, 0, 0, 0, 0, 0, 0;Europe/Paris;NA
2022-11-09T07:00:00Z;-1;9000003703;hourly;0,2255555556;4,4334975369;44,3349753695;8,8669950739;0,0000000000;0,0000000000;4,4334975369;31,0344827586;13,3004926108;8,8669950739;0,0000000000;0,0000000000;0,0000000000;1;0, 0, 20, 30, 50, 0, 0, 0;0, 0, 0, 0, 0, 20, 10, 20, 20, 30, 0, 0, 0, 0, 0, 0, 0, 0, 0, 0, 0, 0, 0, 0, 0;Europe/Paris;45,0
2022-11-09T08:00:00Z;-1;9000003703;hourly;0,8138888889;7,3720136519;30,7167235495;8,6006825939;6,1433447099;3,6860068259;3,6860068259;9,8293515358;20,8873720137;7,3720136519;1,2286689420;4,9146757679;1,2286689420;1;0, 0, 36, 48, 12, 4, 0, 0;0, 0, 0, 0, 4, 32, 24, 24, 8, 4, 4, 0, 0, 0, 0, 0, 0, 0, 0, 0, 0, 0, 0, 0, 0;Europe/Paris;38,0
2022-11-09T09:00:00Z;-1;9000003703;hourly;0,7944444444;6,2937062937;42,7972027972;6,2937062937;7,5524475524;3,7762237762;2,5174825175;16,3636363636;26,4335664336;6,2937062937;0,0000000000;3,7762237762;3,7762237762;1;0, 5.8823529412, 55.8823529412, 29.4117647059, 8.8235294118, 0, 0, 0;0, 0, 0, 5.8823529412, 17.6470588235, 38.2352941176, 20.5882352941, 8.8235294118, 5.8823529412, 2.9411764706, 0, 0, 0, 0, 0, 0, 0, 0, 0, 0, 0, 0, 0, 0, 0;Europe/Paris;34,0
2022-11-09T10:00:00Z;-1;9000003703;hourly;0,7983333333;16,2839248434;46,3465553236;20,0417536534;5,0104384134;10,0208768267;6,2630480167;11,2734864301;35,0730688935;5,0104384134;15,0313152401;0,0000000000;5,0104384134;1;0, 16.2162162162, 56.7567567568, 21.6216216216, 5.4054054054, 0, 0, 0;0, 0, 0, 16.2162162162, 24.3243243243, 32.4324324324, 21.6216216216, 0, 5.4054054054, 0, 0, 0, 0, 0, 0, 0, 0, 0, 0, 0, 0, 0, 0, 0, 0;Europe/Paris;30,5
2022-11-09T11:00:00Z;-1;9000003703;hourly;0,7638888889;31,4181818182;58,9090909091;48,4363636364;32,7272727273;17,0181818182;14,4000000000;9,1636363636;49,7454545455;18,3272727273;30,1090909091;14,4000000000;18,3272727273;1;6.6666666667, 15.5555555556, 46.6666666667, 28.8888888889, 2.2222222222, 0, 0, 0;2.2222222222, 4.4444444444, 4.4444444444, 11.1111111111, 17.7777777778, 28.8888888889, 24.4444444444, 4.4444444444, 2.2222222222, 0, 0, 0, 0, 0, 0, 0, 0, 0, 0, 0, 0, 0, 0, 0, 0;Europe/Paris;31,0
2022-11-09T12:00:00Z;-1;9000003703;hourly;0,8058333333;14,8914167528;89,3485005171;12,4095139607;4,9638055843;2,4819027921;12,4095139607;34,7466390900;54,6018614271;7,4457083764;4,9638055843;2,4819027921;2,4819027921;1;2.7777777778, 12.5, 51.3888888889, 31.9444444444, 1.3888888889, 0, 0, 0;2.7777777778, 0, 2.7777777778, 9.7222222222, 29.1666666667, 22.2222222222, 20.8333333333, 11.1111111111, 1.3888888889, 0, 0, 0, 0, 0, 0, 0, 0, 0, 0, 0, 0, 0, 0, 0, 0;Europe/Paris;32,0
2022-11-09T13:00:00Z;-1;9000003703;hourly;0,7741666667;6,4585575888;81,3778256189;25,8342303552;3,8751345533;3,8751345533;2,5834230355;36,1679224973;45,2099031216;14,2088266954;11,6254036598;2,5834230355;1,2917115178;1;4.7619047619, 26.9841269841, 50.7936507937, 14.2857142857, 3.1746031746, 0, 0, 0;1.5873015873, 3.1746031746, 7.9365079365, 19.0476190476, 20.6349206349, 30.1587301587, 11.1111111111, 3.1746031746, 3.1746031746, 0, 0, 0, 0, 0, 0, 0, 0, 0, 0, 0, 0, 0, 0, 0, 0;Europe/Paris;28,5
2022-11-09T14:00:00Z;-1;9000003703;hourly;0,7669444444;6,5193770373;88,6635277074;9,1271278522;7,8232524448;2,6077508149;3,9116262224;36,5085114089;52,1550162984;6,5193770373;2,6077508149;2,6077508149;5,2155016298;1;25, 38.2352941176, 32.3529411765, 4.4117647059, 0, 0, 0, 0;13.2352941176, 11.7647058824, 11.7647058824, 26.4705882353, 19.1176470588, 13.2352941176, 2.9411764706, 1.4705882353, 0, 0, 0, 0, 0, 0, 0, 0, 0, 0, 0, 0, 0, 0, 0, 0, 0;Europe/Paris;23,5
2022-11-09T15:00:00Z;-1;9000003703;hourly;0,7766666667;6,4377682403;119,7424892704;5,1502145923;16,7381974249;5,1502145923;1,2875536481;48,9270386266;70,8154506438;2,5751072961;2,5751072961;5,1502145923;11,5879828326;1;15.0537634409, 6.4516129032, 48.3870967742, 26.8817204301, 3.2258064516, 0, 0, 0;12.9032258065, 2.1505376344, 1.0752688172, 5.376344086, 20.4301075269, 27.9569892473, 17.2043010753, 9.6774193548, 1.0752688172, 2.1505376344, 0, 0, 0, 0, 0, 0, 0, 0, 0, 0, 0, 0, 0, 0, 0;Europe/Paris;32,0
2022-11-09T16:00:00Z;-1;9000003703;hourly;0,6152777778;11,3769751693;160,9029345372;22,7539503386;9,7516930023;9,7516930023;1,6252821670;65,0112866817;95,8916478555;16,2528216704;6,5011286682;4,8758465011;4,8758465011;1;1.0101010101, 5.0505050505, 51.5151515152, 39.3939393939, 3.0303030303, 0, 0, 0;1.0101010101, 0, 0, 5.0505050505, 18.1818181818, 33.3333333333, 19.1919191919, 20.202020202, 3.0303030303, 0, 0, 0, 0, 0, 0, 0, 0, 0, 0, 0, 0, 0, 0, 0, 0;Europe/Paris;34,5
2022-11-09T17:00:00Z;-1;9000003703;hourly;0,0000000000;0,0000000000;0,0000000000;0,0000000000;0,0000000000;0,0000000000;0,0000000000;0,0000000000;0,0000000000;0,0000000000;0,0000000000;0,0000000000;0,0000000000;1;0, 0, 0, 0, 0, 0, 0, 0;0, 0, 0, 0, 0, 0, 0, 0, 0, 0, 0, 0, 0, 0, 0, 0, 0, 0, 0, 0, 0, 0, 0, 0, 0;Europe/Paris;NA
2022-11-09T18:00:00Z;-1;9000003703;hourly;0,0000000000;0,0000000000;0,0000000000;0,0000000000;0,0000000000;0,0000000000;0,0000000000;0,0000000000;0,0000000000;0,0000000000;0,0000000000;0,0000000000;0,0000000000;1;0, 0, 0, 0, 0, 0, 0, 0;0, 0, 0, 0, 0, 0, 0, 0, 0, 0, 0, 0, 0, 0, 0, 0, 0, 0, 0, 0, 0, 0, 0, 0, 0;Europe/Paris;NA
2022-11-10T09:00:00Z;-1;9000003703;hourly;0,4797222222;2,0845396642;27,0990156340;14,5917776491;0,0000000000;2,0845396642;0,0000000000;14,5917776491;12,5072379849;8,3381586566;6,2536189925;0,0000000000;0,0000000000;1;0, 30.7692307692, 53.8461538462, 15.3846153846, 0, 0, 0, 0;0, 0, 0, 30.7692307692, 23.0769230769, 30.7692307692, 15.3846153846, 0, 0, 0, 0, 0, 0, 0, 0, 0, 0, 0, 0, 0, 0, 0, 0, 0, 0;Europe/Paris;27,5
2022-11-10T10:00:00Z;-1;9000003703;hourly;0,2013888889;19,8620689655;69,5172413793;0,0000000000;0,0000000000;14,8965517241;4,9655172414;24,8275862069;44,6896551724;0,0000000000;0,0000000000;0,0000000000;0,0000000000;1;7.1428571429, 21.4285714286, 35.7142857143, 35.7142857143, 0, 0, 0, 0;7.1428571429, 0, 0, 21.4285714286, 14.2857142857, 21.4285714286, 14.2857142857, 21.4285714286, 0, 0, 0, 0, 0, 0, 0, 0, 0, 0, 0, 0, 0, 0, 0, 0, 0;Europe/Paris;34,0
2022-11-10T11:00:00Z;-1;9000003703;hourly;0,0000000000;0,0000000000;0,0000000000;0,0000000000;0,0000000000;0,0000000000;0,0000000000;0,0000000000;0,0000000000;0,0000000000;0,0000000000;0,0000000000;0,0000000000;1;0, 0, 0, 0, 0, 0, 0, 0;0, 0, 0, 0, 0, 0, 0, 0, 0, 0, 0, 0, 0, 0, 0, 0, 0, 0, 0, 0, 0, 0, 0, 0, 0;Europe/Paris;NA
2022-11-10T12:00:00Z;-1;9000003703;hourly;0,3727777778;5,3651266766;40,2384500745;8,0476900149;0,0000000000;2,6825633383;2,6825633383;10,7302533532;29,5081967213;0,0000000000;8,0476900149;0,0000000000;0,0000000000;1;20, 6.6666666667, 20, 46.6666666667, 6.6666666667, 0, 0, 0;20, 0, 0, 6.6666666667, 13.3333333333, 6.6666666667, 26.6666666667, 20, 6.6666666667, 0, 0, 0, 0, 0, 0, 0, 0, 0, 0, 0, 0, 0, 0, 0, 0;Europe/Paris;35,5
2022-11-10T13:00:00Z;-1;9000003703;hourly;0,7241666667;2,7617951669;28,9988492520;8,2853855006;0,0000000000;0,0000000000;2,7617951669;11,0471806674;17,9516685846;4,1426927503;4,1426927503;0,0000000000;0,0000000000;1;14.2857142857, 19.0476190476, 33.3333333333, 28.5714285714, 0, 0, 0, 4.7619047619;14.2857142857, 0, 0, 19.0476190476, 23.8095238095, 9.5238095238, 28.5714285714, 0, 0, 0, 0, 0, 0, 0, 0, 0, 0, 0, 0, 4.7619047619, 0, 0, 0, 0, 0;Europe/Paris;30,5
2022-11-10T14:00:00Z;-1;9000003703;hourly;0,7875000000;7,6190476190;41,9047619048;12,6984126984;10,1587301587;7,6190476190;0,0000000000;12,6984126984;29,2063492063;5,0793650794;7,6190476190;3,8095238095;6,3492063492;1;15.1515151515, 36.3636363636, 36.3636363636, 12.1212121212, 0, 0, 0, 0;12.1212121212, 3.0303030303, 9.0909090909, 27.2727272727, 21.2121212121, 15.1515151515, 9.0909090909, 3.0303030303, 0, 0, 0, 0, 0, 0, 0, 0, 0, 0, 0, 0, 0, 0, 0, 0, 0;Europe/Paris;26,5
2022-11-10T15:00:00Z;-1;9000003703;hourly;0,7755555556;7,7363896848;87,6790830946;23,2091690544;41,2607449857;2,5787965616;5,1575931232;37,3925501433;50,2865329513;1,2893982808;21,9197707736;3,8681948424;37,3925501433;1;26.4705882353, 20.5882352941, 41.1764705882, 11.7647058824, 0, 0, 0, 0;20.5882352941, 5.8823529412, 8.8235294118, 11.7647058824, 25, 16.1764705882, 10.2941176471, 1.4705882353, 0, 0, 0, 0, 0, 0, 0, 0, 0, 0, 0, 0, 0, 0, 0, 0, 0;Europe/Paris;26,5
2022-11-10T16:00:00Z;-1;9000003703;hourly;0,5188888889;17,3447537473;138,7580299786;19,2719486081;32,7623126338;15,4175588865;1,9271948608;53,9614561028;84,7965738758;9,6359743041;9,6359743041;25,0535331906;7,7087794433;1;0, 2.7777777778, 38.8888888889, 51.3888888889, 6.9444444444, 0, 0, 0;0, 0, 1.3888888889, 1.3888888889, 13.8888888889, 25, 30.5555555556, 20.8333333333, 2.7777777778, 4.1666666667, 0, 0, 0, 0, 0, 0, 0, 0, 0, 0, 0, 0, 0, 0, 0;Europe/Paris;35,5
2022-11-10T17:00:00Z;-1;9000003703;hourly;0,0000000000;0,0000000000;0,0000000000;0,0000000000;0,0000000000;0,0000000000;0,0000000000;0,0000000000;0,0000000000;0,0000000000;0,0000000000;0,0000000000;0,0000000000;1;0, 0, 0, 0, 0, 0, 0, 0;0, 0, 0, 0, 0, 0, 0, 0, 0, 0, 0, 0, 0, 0, 0, 0, 0, 0, 0, 0, 0, 0, 0, 0, 0;Europe/Paris;NA
2022-11-14T06:00:00Z;-1;9000003703;hourly;0,0000000000;0,0000000000;0,0000000000;0,0000000000;0,0000000000;0,0000000000;0,0000000000;0,0000000000;0,0000000000;0,0000000000;0,0000000000;0,0000000000;0,0000000000;1;0, 0, 0, 0, 0, 0, 0, 0;0, 0, 0, 0, 0, 0, 0, 0, 0, 0, 0, 0, 0, 0, 0, 0, 0, 0, 0, 0, 0, 0, 0, 0, 0;Europe/Paris;NA
2022-11-14T07:00:00Z;-1;9000003703;hourly;0,3675000000;5,4421768707;73,4693877551;2,7210884354;5,4421768707;0,0000000000;5,4421768707;40,8163265306;32,6530612245;0,0000000000;2,7210884354;2,7210884354;2,7210884354;1;3.7037037037, 0, 37.037037037, 48.1481481481, 11.1111111111, 0, 0, 0;3.7037037037, 0, 0, 0, 7.4074074074, 29.6296296296, 37.037037037, 11.1111111111, 3.7037037037, 7.4074074074, 0, 0, 0, 0, 0, 0, 0, 0, 0, 0, 0, 0, 0, 0, 0;Europe/Paris;35,5
2022-11-14T08:00:00Z;-1;9000003703;hourly;0,8058333333;18,6142709411;31,0237849018;2,4819027921;0,0000000000;7,4457083764;11,1685625646;6,2047569804;24,8190279214;1,2409513961;1,2409513961;0,0000000000;0,0000000000;1;0, 4, 12, 40, 44, 0, 0, 0;0, 0, 0, 4, 4, 8, 28, 12, 28, 16, 0, 0, 0, 0, 0, 0, 0, 0, 0, 0, 0, 0, 0, 0, 0;Europe/Paris;43,0
2022-11-14T09:00:00Z;-1;9000003703;hourly;0,7991666667;10,0104275287;41,2930135558;2,5026068822;0,0000000000;6,2565172054;3,7539103233;8,7591240876;32,5338894682;1,2513034411;1,2513034411;0,0000000000;0,0000000000;1;3.0303030303, 0, 33.3333333333, 48.4848484848, 15.1515151515, 0, 0, 0;3.0303030303, 0, 0, 0, 9.0909090909, 24.2424242424, 27.2727272727, 21.2121212121, 15.1515151515, 0, 0, 0, 0, 0, 0, 0, 0, 0, 0, 0, 0, 0, 0, 0, 0;Europe/Paris;37,5
2022-11-14T10:00:00Z;-1;9000003703;hourly;0,7761111111;15,4617036507;23,1925554760;7,7308518253;2,5769506084;10,3078024338;5,1539012169;10,3078024338;12,8847530422;5,1539012169;2,5769506084;0,0000000000;2,5769506084;1;16.6666666667, 0, 33.3333333333, 38.8888888889, 5.5555555556, 5.5555555556, 0, 0;11.1111111111, 5.5555555556, 0, 0, 11.1111111111, 22.2222222222, 16.6666666667, 22.2222222222, 0, 5.5555555556, 5.5555555556, 0, 0, 0, 0, 0, 0, 0, 0, 0, 0, 0, 0, 0, 0;Europe/Paris;36,5
2022-11-14T11:00:00Z;-1;9000003703;hourly;0,7733333333;6,4655172414;49,1379310345;1,2931034483;2,5862068966;1,2931034483;5,1724137931;16,8103448276;32,3275862069;0,0000000000;1,2931034483;0,0000000000;2,5862068966;1;2.6315789474, 0, 26.3157894737, 39.4736842105, 28.9473684211, 2.6315789474, 0, 0;0, 2.6315789474, 0, 0, 7.8947368421, 18.4210526316, 15.7894736842, 23.6842105263, 15.7894736842, 13.1578947368, 2.6315789474, 0, 0, 0, 0, 0, 0, 0, 0, 0, 0, 0, 0, 0, 0;Europe/Paris;43,0
2022-11-14T12:00:00Z;-1;9000003703;hourly;0,7072222222;2,8279654360;24,0377062058;22,6237234878;11,3118617439;1,4139827180;1,4139827180;9,8978790259;14,1398271799;11,3118617439;11,3118617439;8,4838963079;2,8279654360;1;0, 0, 23.5294117647, 52.9411764706, 23.5294117647, 0, 0, 0;0, 0, 0, 0, 5.8823529412, 17.6470588235, 29.4117647059, 23.5294117647, 23.5294117647, 0, 0, 0, 0, 0, 0, 0, 0, 0, 0, 0, 0, 0, 0, 0, 0;Europe/Paris;39,5
2022-11-14T13:00:00Z;-1;9000003703;hourly;0,7591666667;7,9034028540;30,2963776070;21,0757409440;5,2689352360;5,2689352360;2,6344676180;14,4895718990;15,8068057080;11,8551042810;9,2206366630;2,6344676180;2,6344676180;1;4.347826087, 8.6956521739, 43.4782608696, 30.4347826087, 13.0434782609, 0, 0, 0;4.347826087, 0, 4.347826087, 4.347826087, 21.7391304348, 21.7391304348, 21.7391304348, 8.6956521739, 4.347826087, 8.6956521739, 0, 0, 0, 0, 0, 0, 0, 0, 0, 0, 0, 0, 0, 0, 0;Europe/Paris;36,5
2022-11-14T14:00:00Z;-1;9000003703;hourly;0,7694444444;6,4981949458;29,8916967509;11,6967509025;5,1985559567;5,1985559567;1,2996389892;11,6967509025;18,1949458484;3,8989169675;7,7978339350;1,2996389892;3,8989169675;1;4.347826087, 39.1304347826, 30.4347826087, 26.0869565217, 0, 0, 0, 0;4.347826087, 0, 17.3913043478, 21.7391304348, 17.3913043478, 13.0434782609, 17.3913043478, 8.6956521739, 0, 0, 0, 0, 0, 0, 0, 0, 0, 0, 0, 0, 0, 0, 0, 0, 0;Europe/Paris;30,5
2022-11-14T15:00:00Z;-1;9000003703;hourly;0,7755555556;9,0257879656;67,0487106017;20,6303724928;47,7077363897;2,5787965616;6,4469914040;23,2091690544;43,8395415473;5,1575931232;15,4727793696;9,0257879656;38,6819484241;1;19.2307692308, 23.0769230769, 40.3846153846, 13.4615384615, 0, 0, 1.9230769231, 1.9230769231;13.4615384615, 5.7692307692, 11.5384615385, 11.5384615385, 13.4615384615, 26.9230769231, 11.5384615385, 1.9230769231, 0, 0, 0, 0, 1.9230769231, 0, 0, 0, 0, 1.9230769231, 0, 0, 0, 0, 0, 0, 0;Europe/Paris;28,5
2022-11-14T16:00:00Z;-1;9000003703;hourly;0,5025000000;21,8905472637;117,4129353234;5,9701492537;27,8606965174;17,9104477612;3,9800995025;21,8905472637;95,5223880597;1,9900497512;3,9800995025;17,9104477612;9,9502487562;1;1.6949152542, 0, 23.7288135593, 61.0169491525, 11.8644067797, 0, 0, 1.6949152542;1.6949152542, 0, 0, 0, 6.7796610169, 16.9491525424, 32.2033898305, 28.813559322, 11.8644067797, 0, 0, 0, 0, 0, 0, 1.6949152542, 0, 0, 0, 0, 0, 0, 0, 0, 0;Europe/Paris;37,5
2022-11-14T17:00:00Z;-1;9000003703;hourly;0,0000000000;0,0000000000;0,0000000000;0,0000000000;0,0000000000;0,0000000000;0,0000000000;0,0000000000;0,0000000000;0,0000000000;0,0000000000;0,0000000000;0,0000000000;1;0, 0, 0, 0, 0, 0, 0, 0;0, 0, 0, 0, 0, 0, 0, 0, 0, 0, 0, 0, 0, 0, 0, 0, 0, 0, 0, 0, 0, 0, 0, 0, 0;Europe/Paris;NA
2022-11-14T18:00:00Z;-1;9000003703;hourly;0,0000000000;0,0000000000;0,0000000000;0,0000000000;0,0000000000;0,0000000000;0,0000000000;0,0000000000;0,0000000000;0,0000000000;0,0000000000;0,0000000000;0,0000000000;1;0, 0, 0, 0, 0, 0, 0, 0;0, 0, 0, 0, 0, 0, 0, 0, 0, 0, 0, 0, 0, 0, 0, 0, 0, 0, 0, 0, 0, 0, 0, 0, 0;Europe/Paris;NA
2022-11-15T07:00:00Z;-1;9000003703;hourly;0,3041666667;13,1506849315;52,6027397260;0,0000000000;0,0000000000;3,2876712329;9,8630136986;26,3013698630;26,3013698630;0,0000000000;0,0000000000;0,0000000000;0,0000000000;1;0, 0, 50, 37.5, 12.5, 0, 0, 0;0, 0, 0, 0, 12.5, 37.5, 25, 12.5, 6.25, 6.25, 0, 0, 0, 0, 0, 0, 0, 0, 0, 0, 0, 0, 0, 0, 0;Europe/Paris;36,5
2022-11-15T08:00:00Z;-1;9000003703;hourly;0,3458333333;8,6746987952;23,1325301205;11,5662650602;0,0000000000;2,8915662651;5,7831325301;11,5662650602;11,5662650602;8,6746987952;2,8915662651;0,0000000000;0,0000000000;1;12.5, 12.5, 12.5, 62.5, 0, 0, 0, 0;12.5, 0, 0, 12.5, 12.5, 0, 37.5, 25, 0, 0, 0, 0, 0, 0, 0, 0, 0, 0, 0, 0, 0, 0, 0, 0, 0;Europe/Paris;34,5
2022-11-15T09:00:00Z;-1;9000003703;hourly;0,5477777778;3,6511156187;20,0811359026;9,1277890467;0,0000000000;1,8255578093;1,8255578093;3,6511156187;16,4300202840;3,6511156187;5,4766734280;0,0000000000;0,0000000000;1;0, 9.0909090909, 9.0909090909, 54.5454545455, 27.2727272727, 0, 0, 0;0, 0, 0, 9.0909090909, 9.0909090909, 0, 27.2727272727, 27.2727272727, 18.1818181818, 9.0909090909, 0, 0, 0, 0, 0, 0, 0, 0, 0, 0, 0, 0, 0, 0, 0;Europe/Paris;41,0
2022-11-15T10:00:00Z;-1;9000003703;hourly;0,7525000000;10,6312292359;18,6046511628;17,2757475083;2,6578073090;6,6445182724;3,9867109635;7,9734219269;10,6312292359;3,9867109635;13,2890365449;1,3289036545;1,3289036545;1;21.4285714286, 0, 21.4285714286, 50, 7.1428571429, 0, 0, 0;21.4285714286, 0, 0, 0, 0, 21.4285714286, 35.7142857143, 14.2857142857, 7.1428571429, 0, 0, 0, 0, 0, 0, 0, 0, 0, 0, 0, 0, 0, 0, 0, 0;Europe/Paris;35,0
2022-11-15T11:00:00Z;-1;9000003703;hourly;0,7038888889;8,5240726125;28,4135753749;25,5722178374;5,6827150750;0,0000000000;8,5240726125;2,8413575375;25,5722178374;5,6827150750;19,8895027624;1,4206787687;4,2620363062;1;20, 5, 5, 55, 15, 0, 0, 0;20, 0, 5, 0, 0, 5, 40, 15, 5, 10, 0, 0, 0, 0, 0, 0, 0, 0, 0, 0, 0, 0, 0, 0, 0;Europe/Paris;37,5
2022-11-15T12:00:00Z;-1;9000003703;hourly;0,7291666667;5,4857142857;31,5428571429;26,0571428571;2,7428571429;2,7428571429;2,7428571429;24,6857142857;6,8571428571;17,8285714286;8,2285714286;2,7428571429;0,0000000000;1;8.6956521739, 17.3913043478, 30.4347826087, 39.1304347826, 4.347826087, 0, 0, 0;8.6956521739, 0, 4.347826087, 13.0434782609, 21.7391304348, 8.6956521739, 21.7391304348, 17.3913043478, 4.347826087, 0, 0, 0, 0, 0, 0, 0, 0, 0, 0, 0, 0, 0, 0, 0, 0;Europe/Paris;34,5
2022-11-15T13:00:00Z;-1;9000003703;hourly;0,7711111111;3,8904899135;31,1239193084;0,0000000000;3,8904899135;1,2968299712;2,5936599424;9,0778097983;22,0461095101;0,0000000000;0,0000000000;1,2968299712;2,5936599424;1;0, 0, 25, 54.1666666667, 16.6666666667, 4.1666666667, 0, 0;0, 0, 0, 0, 4.1666666667, 20.8333333333, 20.8333333333, 33.3333333333, 4.1666666667, 12.5, 4.1666666667, 0, 0, 0, 0, 0, 0, 0, 0, 0, 0, 0, 0, 0, 0;Europe/Paris;43,0
2022-11-15T14:00:00Z;-1;9000003703;hourly;0,7813888889;5,1190899396;23,0359047280;14,0774973338;2,5595449698;2,5595449698;2,5595449698;10,2381798791;12,7977248489;8,9584073942;5,1190899396;1,2797724849;1,2797724849;1;16.6666666667, 11.1111111111, 22.2222222222, 27.7777777778, 22.2222222222, 0, 0, 0;16.6666666667, 0, 0, 11.1111111111, 11.1111111111, 11.1111111111, 16.6666666667, 11.1111111111, 16.6666666667, 5.5555555556, 0, 0, 0, 0, 0, 0, 0, 0, 0, 0, 0, 0, 0, 0, 0;Europe/Paris;39,5
2022-11-15T15:00:00Z;-1;9000003703;hourly;0,7436111111;17,4822562570;56,4811355996;41,6884572282;51,1019798282;8,0687336571;9,4135225999;21,5166230855;34,9645125140;10,7583115428;30,9301456855;16,1374673142;34,9645125140;1;19.0476190476, 9.5238095238, 52.380952381, 11.9047619048, 7.1428571429, 0, 0, 0;16.6666666667, 2.380952381, 0, 9.5238095238, 23.8095238095, 28.5714285714, 4.7619047619, 7.1428571429, 7.1428571429, 0, 0, 0, 0, 0, 0, 0, 0, 0, 0, 0, 0, 0, 0, 0, 0;Europe/Paris;32,0
2022-11-15T16:00:00Z;-1;9000003703;hourly;0,4172222222;40,7456724368;119,8402130493;7,1904127830;40,7456724368;31,1584553928;9,5872170439;35,9520639148;83,8881491345;2,3968042610;4,7936085220;28,7616511318;11,9840213049;1;2, 4, 32, 46, 16, 0, 0, 0;2, 0, 0, 4, 12, 20, 24, 22, 10, 6, 0, 0, 0, 0, 0, 0, 0, 0, 0, 0, 0, 0, 0, 0, 0;Europe/Paris;38,0
2022-11-15T17:00:00Z;-1;9000003703;hourly;0,0000000000;0,0000000000;0,0000000000;0,0000000000;0,0000000000;0,0000000000;0,0000000000;0,0000000000;0,0000000000;0,0000000000;0,0000000000;0,0000000000;0,0000000000;1;0, 0, 0, 0, 0, 0, 0, 0;0, 0, 0, 0, 0, 0, 0, 0, 0, 0, 0, 0, 0, 0, 0, 0, 0, 0, 0, 0, 0, 0, 0, 0, 0;Europe/Paris;NA
2022-11-15T18:00:00Z;-1;9000003703;hourly;0,0000000000;0,0000000000;0,0000000000;0,0000000000;0,0000000000;0,0000000000;0,0000000000;0,0000000000;0,0000000000;0,0000000000;0,0000000000;0,0000000000;0,0000000000;1;0, 0, 0, 0, 0, 0, 0, 0;0, 0, 0, 0, 0, 0, 0, 0, 0, 0, 0, 0, 0, 0, 0, 0, 0, 0, 0, 0, 0, 0, 0, 0, 0;Europe/Paris;NA
2022-11-16T06:00:00Z;-1;9000003703;hourly;0,0000000000;0,0000000000;0,0000000000;0,0000000000;0,0000000000;0,0000000000;0,0000000000;0,0000000000;0,0000000000;0,0000000000;0,0000000000;0,0000000000;0,0000000000;1;0, 0, 0, 0, 0, 0, 0, 0;0, 0, 0, 0, 0, 0, 0, 0, 0, 0, 0, 0, 0, 0, 0, 0, 0, 0, 0, 0, 0, 0, 0, 0, 0;Europe/Paris;NA
2022-11-16T07:00:00Z;-1;9000003703;hourly;0,5663888889;17,6557135851;31,7802844532;5,2967140755;28,2491417361;10,5934281511;7,0622854340;22,9524276606;8,8278567925;5,2967140755;0,0000000000;28,2491417361;0,0000000000;1;0, 0, 27.7777777778, 55.5555555556, 16.6666666667, 0, 0, 0;0, 0, 0, 0, 5.5555555556, 22.2222222222, 27.7777777778, 27.7777777778, 11.1111111111, 5.5555555556, 0, 0, 0, 0, 0, 0, 0, 0, 0, 0, 0, 0, 0, 0, 0;Europe/Paris;38,0
2022-11-16T08:00:00Z;-1;9000003703;hourly;0,7836111111;12,7614321163;16,5898617512;7,6568592698;8,9330024814;5,1045728465;7,6568592698;8,9330024814;7,6568592698;2,5522864233;5,1045728465;8,9330024814;0,0000000000;1;0, 23.0769230769, 15.3846153846, 46.1538461538, 7.6923076923, 7.6923076923, 0, 0;0, 0, 15.3846153846, 7.6923076923, 0, 15.3846153846, 15.3846153846, 30.7692307692, 0, 7.6923076923, 7.6923076923, 0, 0, 0, 0, 0, 0, 0, 0, 0, 0, 0, 0, 0, 0;Europe/Paris;37,5
2022-11-16T09:00:00Z;-1;9000003703;hourly;0,8002777778;12,4956612287;26,2408885804;2,4991322457;6,2478306144;2,4991322457;9,9965289830;11,2460951059;14,9947934745;0,0000000000;2,4991322457;2,4991322457;3,7486983686;1;0, 0, 19.0476190476, 47.619047619, 23.8095238095, 9.5238095238, 0, 0;0, 0, 0, 0, 4.7619047619, 14.2857142857, 28.5714285714, 19.0476190476, 14.2857142857, 9.5238095238, 9.5238095238, 0, 0, 0, 0, 0, 0, 0, 0, 0, 0, 0, 0, 0, 0;Europe/Paris;44,5
2022-11-16T10:00:00Z;-1;9000003703;hourly;0,8002777778;8,7469628601;42,4852481777;3,7486983686;11,2460951059;6,2478306144;2,4991322457;14,9947934745;27,4904547032;0,0000000000;3,7486983686;2,4991322457;8,7469628601;1;5.8823529412, 0, 23.5294117647, 41.1764705882, 26.4705882353, 2.9411764706, 0, 0;5.8823529412, 0, 0, 0, 5.8823529412, 17.6470588235, 17.6470588235, 23.5294117647, 20.5882352941, 5.8823529412, 0, 2.9411764706, 0, 0, 0, 0, 0, 0, 0, 0, 0, 0, 0, 0, 0;Europe/Paris;41,0
2022-11-16T11:00:00Z;-1;9000003703;hourly;0,7916666667;25,2631578947;60,6315789474;11,3684210526;48,0000000000;8,8421052632;16,4210526316;16,4210526316;44,2105263158;1,2631578947;10,1052631579;12,6315789474;35,3684210526;1;0, 2.0833333333, 22.9166666667, 37.5, 33.3333333333, 4.1666666667, 0, 0;0, 0, 0, 2.0833333333, 12.5, 10.4166666667, 18.75, 18.75, 18.75, 14.5833333333, 4.1666666667, 0, 0, 0, 0, 0, 0, 0, 0, 0, 0, 0, 0, 0, 0;Europe/Paris;44,0
2022-11-16T12:00:00Z;-1;9000003703;hourly;0,7888888889;34,2253521127;49,4366197183;10,1408450704;11,4084507042;13,9436619718;20,2816901408;12,6760563380;36,7605633803;5,0704225352;5,0704225352;6,3380281690;5,0704225352;1;5.1282051282, 2.5641025641, 15.3846153846, 48.7179487179, 25.641025641, 2.5641025641, 0, 0;0, 5.1282051282, 0, 2.5641025641, 2.5641025641, 12.8205128205, 23.0769230769, 25.641025641, 15.3846153846, 10.2564102564, 2.5641025641, 0, 0, 0, 0, 0, 0, 0, 0, 0, 0, 0, 0, 0, 0;Europe/Paris;42,0
2022-11-16T13:00:00Z;-1;9000003703;hourly;0,7366666667;27,1493212670;48,8687782805;17,6470588235;0,0000000000;19,0045248869;8,1447963801;9,5022624434;39,3665158371;13,5746606335;4,0723981900;0,0000000000;0,0000000000;1;16.6666666667, 2.7777777778, 8.3333333333, 44.4444444444, 25, 2.7777777778, 0, 0;13.8888888889, 2.7777777778, 0, 2.7777777778, 2.7777777778, 5.5555555556, 33.3333333333, 11.1111111111, 19.4444444444, 5.5555555556, 2.7777777778, 0, 0, 0, 0, 0, 0, 0, 0, 0, 0, 0, 0, 0, 0;Europe/Paris;41,0
2022-11-16T14:00:00Z;-1;9000003703;hourly;0,5986111111;26,7285382831;28,3990719258;35,0812064965;1,6705336427;23,3874709977;3,3410672854;8,3526682135;20,0464037123;16,7053364269;18,3758700696;1,6705336427;0,0000000000;1;5.8823529412, 5.8823529412, 35.2941176471, 41.1764705882, 11.7647058824, 0, 0, 0;5.8823529412, 0, 5.8823529412, 0, 17.6470588235, 17.6470588235, 23.5294117647, 17.6470588235, 11.7647058824, 0, 0, 0, 0, 0, 0, 0, 0, 0, 0, 0, 0, 0, 0, 0, 0;Europe/Paris;36,5
2022-11-16T15:00:00Z;-1;9000003703;hourly;0,5113888889;15,6436719174;43,0200977729;87,9956545356;0,0000000000;11,7327539381;3,9109179794;9,7772949484;33,2428028246;41,0646387833;46,9310157523;0,0000000000;0,0000000000;1;4.5454545455, 0, 27.2727272727, 54.5454545455, 13.6363636364, 0, 0, 0;4.5454545455, 0, 0, 0, 9.0909090909, 18.1818181818, 40.9090909091, 13.6363636364, 13.6363636364, 0, 0, 0, 0, 0, 0, 0, 0, 0, 0, 0, 0, 0, 0, 0, 0;Europe/Paris;37,0
2022-11-16T16:00:00Z;-1;9000003703;hourly;0,1738888889;40,2555910543;80,5111821086;34,5047923323;17,2523961661;17,2523961661;23,0031948882;28,7539936102;51,7571884984;17,2523961661;17,2523961661;17,2523961661;0,0000000000;1;28.5714285714, 0, 21.4285714286, 42.8571428571, 7.1428571429, 0, 0, 0;7.1428571429, 21.4285714286, 0, 0, 7.1428571429, 14.2857142857, 28.5714285714, 14.2857142857, 7.1428571429, 0, 0, 0, 0, 0, 0, 0, 0, 0, 0, 0, 0, 0, 0, 0, 0;Europe/Paris;34,5
2022-11-16T17:00:00Z;-1;9000003703;hourly;0,0000000000;0,0000000000;0,0000000000;0,0000000000;0,0000000000;0,0000000000;0,0000000000;0,0000000000;0,0000000000;0,0000000000;0,0000000000;0,0000000000;0,0000000000;1;0, 0, 0, 0, 0, 0, 0, 0;0, 0, 0, 0, 0, 0, 0, 0, 0, 0, 0, 0, 0, 0, 0, 0, 0, 0, 0, 0, 0, 0, 0, 0, 0;Europe/Paris;NA
2022-11-16T18:00:00Z;-1;9000003703;hourly;0,0000000000;0,0000000000;0,0000000000;0,0000000000;0,0000000000;0,0000000000;0,0000000000;0,0000000000;0,0000000000;0,0000000000;0,0000000000;0,0000000000;0,0000000000;1;0, 0, 0, 0, 0, 0, 0, 0;0, 0, 0, 0, 0, 0, 0, 0, 0, 0, 0, 0, 0, 0, 0, 0, 0, 0, 0, 0, 0, 0, 0, 0, 0;Europe/Paris;NA
2022-11-17T08:00:00Z;-1;9000003703;hourly;0,8441666667;1,1846001974;20,1382033564;9,4768015795;13,0306021718;0,0000000000;1,1846001974;9,4768015795;10,6614017769;7,1076011846;2,3692003949;11,8460019743;1,1846001974;1;0, 11.7647058824, 5.8823529412, 41.1764705882, 35.2941176471, 5.8823529412, 0, 0;0, 0, 5.8823529412, 5.8823529412, 0, 5.8823529412, 29.4117647059, 11.7647058824, 23.5294117647, 11.7647058824, 0, 5.8823529412, 0, 0, 0, 0, 0, 0, 0, 0, 0, 0, 0, 0, 0;Europe/Paris;43,5
2022-11-17T09:00:00Z;-1;9000003703;hourly;0,6241666667;4,8064085447;32,0427236315;16,0213618158;1,6021361816;1,6021361816;3,2042723632;12,8170894526;19,2256341789;11,2149532710;4,8064085447;0,0000000000;1,6021361816;1;10, 15, 45, 15, 10, 0, 0, 5;10, 0, 0, 15, 25, 20, 10, 5, 5, 5, 0, 0, 0, 0, 0, 0, 0, 0, 0, 5, 0, 0, 0, 0, 0;Europe/Paris;37,5
2022-11-17T10:00:00Z;-1;9000003703;hourly;0,6847222222;14,6044624746;32,1298174442;4,3813387424;4,3813387424;7,3022312373;7,3022312373;16,0649087221;16,0649087221;2,9208924949;1,4604462475;1,4604462475;2,9208924949;1;0, 0, 36.3636363636, 45.4545454545, 9.0909090909, 9.0909090909, 0, 0;0, 0, 0, 0, 4.5454545455, 31.8181818182, 22.7272727273, 22.7272727273, 4.5454545455, 4.5454545455, 0, 9.0909090909, 0, 0, 0, 0, 0, 0, 0, 0, 0, 0, 0, 0, 0;Europe/Paris;41,0
2022-11-17T11:00:00Z;-1;9000003703;hourly;0,7044444444;29,8107255521;28,3911671924;22,7129337539;5,6782334385;11,3564668770;18,4542586751;12,7760252366;15,6151419558;12,7760252366;9,9369085174;4,2586750789;1,4195583596;1;10, 5, 45, 40, 0, 0, 0, 0;10, 0, 5, 0, 10, 35, 15, 25, 0, 0, 0, 0, 0, 0, 0, 0, 0, 0, 0, 0, 0, 0, 0, 0, 0;Europe/Paris;34,5
2022-11-17T12:00:00Z;-1;9000003703;hourly;0,7683333333;7,8091106291;37,7440347072;11,7136659436;3,9045553145;1,3015184382;6,5075921909;20,8242950108;16,9197396963;3,9045553145;7,8091106291;1,3015184382;2,6030368764;1;3.4482758621, 13.7931034483, 31.0344827586, 37.9310344828, 13.7931034483, 0, 0, 0;0, 3.4482758621, 6.8965517241, 6.8965517241, 13.7931034483, 17.2413793103, 17.2413793103, 20.6896551724, 10.3448275862, 3.4482758621, 0, 0, 0, 0, 0, 0, 0, 0, 0, 0, 0, 0, 0, 0, 0;Europe/Paris;37,0
2022-11-17T13:00:00Z;-1;9000003703;hourly;0,8052777778;7,4508451190;38,4960331149;1,2418075198;4,9672300793;3,7254225595;3,7254225595;22,3525353570;16,1434977578;0,0000000000;1,2418075198;2,4836150397;2,4836150397;1;0, 3.2258064516, 25.8064516129, 54.8387096774, 16.1290322581, 0, 0, 0;0, 0, 0, 3.2258064516, 9.6774193548, 16.1290322581, 41.935483871, 12.9032258065, 9.6774193548, 6.4516129032, 0, 0, 0, 0, 0, 0, 0, 0, 0, 0, 0, 0, 0, 0, 0;Europe/Paris;38,0
2022-11-17T14:00:00Z;-1;9000003703;hourly;0,8011111111;2,4965325936;49,9306518724;11,2343966713;8,7378640777;1,2482662968;1,2482662968;16,2274618585;33,7031900139;3,7447988904;7,4895977809;0,0000000000;8,7378640777;1;0, 2.5, 32.5, 55, 10, 0, 0, 0;0, 0, 0, 2.5, 15, 17.5, 27.5, 27.5, 5, 5, 0, 0, 0, 0, 0, 0, 0, 0, 0, 0, 0, 0, 0, 0, 0;Europe/Paris;36,5
2022-11-17T15:00:00Z;-1;9000003703;hourly;0,7969444444;10,0383408853;92,8546531893;41,4081561520;77,7971418613;3,7643778320;6,2739630533;37,6437783200;55,2108748693;20,0766817707;21,3314743813;32,6246078773;45,1725339840;1;1.3513513514, 12.1621621622, 44.5945945946, 32.4324324324, 8.1081081081, 1.3513513514, 0, 0;1.3513513514, 0, 5.4054054054, 6.7567567568, 22.972972973, 21.6216216216, 17.5675675676, 14.8648648649, 5.4054054054, 2.7027027027, 1.3513513514, 0, 0, 0, 0, 0, 0, 0, 0, 0, 0, 0, 0, 0, 0;Europe/Paris;35,5
2022-11-17T16:00:00Z;-1;9000003703;hourly;0,2436111111;36,9441277081;98,5176738883;12,3147092360;45,1539338655;36,9441277081;0,0000000000;36,9441277081;61,5735461802;8,2098061574;4,1049030787;36,9441277081;8,2098061574;1;0, 12.5, 33.3333333333, 37.5, 12.5, 4.1666666667, 0, 0;0, 0, 8.3333333333, 4.1666666667, 4.1666666667, 29.1666666667, 29.1666666667, 8.3333333333, 12.5, 0, 0, 4.1666666667, 0, 0, 0, 0, 0, 0, 0, 0, 0, 0, 0, 0, 0;Europe/Paris;38,0
2022-11-17T17:00:00Z;-1;9000003703;hourly;0,0000000000;0,0000000000;0,0000000000;0,0000000000;0,0000000000;0,0000000000;0,0000000000;0,0000000000;0,0000000000;0,0000000000;0,0000000000;0,0000000000;0,0000000000;1;0, 0, 0, 0, 0, 0, 0, 0;0, 0, 0, 0, 0, 0, 0, 0, 0, 0, 0, 0, 0, 0, 0, 0, 0, 0, 0, 0, 0, 0, 0, 0, 0;Europe/Paris;NA
2022-11-17T18:00:00Z;-1;9000003703;hourly;0,0000000000;0,0000000000;0,0000000000;0,0000000000;0,0000000000;0,0000000000;0,0000000000;0,0000000000;0,0000000000;0,0000000000;0,0000000000;0,0000000000;0,0000000000;1;0, 0, 0, 0, 0, 0, 0, 0;0, 0, 0, 0, 0, 0, 0, 0, 0, 0, 0, 0, 0, 0, 0, 0, 0, 0, 0, 0, 0, 0, 0, 0, 0;Europe/Paris;NA
2022-11-18T10:00:00Z;-1;9000003703;hourly;0,9027777778;5,5384615385;14,4000000000;7,7538461538;0,0000000000;3,3230769231;2,2153846154;2,2153846154;12,1846153846;4,4307692308;3,3230769231;0,0000000000;0,0000000000;1;0, 0, 53.8461538462, 46.1538461538, 0, 0, 0, 0;0, 0, 0, 0, 0, 53.8461538462, 38.4615384615, 7.6923076923, 0, 0, 0, 0, 0, 0, 0, 0, 0, 0, 0, 0, 0, 0, 0, 0, 0;Europe/Paris;31,5
2022-11-18T11:00:00Z;-1;9000003703;hourly;0,7872222222;16,5137614679;53,3521524347;15,2434721242;5,0811573747;6,3514467184;10,1623147495;7,6217360621;45,7304163726;8,8920254058;6,3514467184;2,5405786874;2,5405786874;1;2.380952381, 7.1428571429, 54.7619047619, 35.7142857143, 0, 0, 0, 0;0, 2.380952381, 0, 7.1428571429, 16.6666666667, 38.0952380952, 26.1904761905, 9.5238095238, 0, 0, 0, 0, 0, 0, 0, 0, 0, 0, 0, 0, 0, 0, 0, 0, 0;Europe/Paris;31,5
2022-11-18T12:00:00Z;-1;9000003703;hourly;0,7886111111;10,1444170483;60,8665022895;13,9485734414;5,0722085241;3,8041563931;6,3402606552;31,7013032758;29,1651990137;8,8763649172;5,0722085241;5,0722085241;0,0000000000;1;8.3333333333, 12.5, 60.4166666667, 16.6666666667, 2.0833333333, 0, 0, 0;6.25, 2.0833333333, 6.25, 6.25, 27.0833333333, 33.3333333333, 14.5833333333, 2.0833333333, 2.0833333333, 0, 0, 0, 0, 0, 0, 0, 0, 0, 0, 0, 0, 0, 0, 0, 0;Europe/Paris;29,0
2022-11-18T13:00:00Z;-1;9000003703;hourly;0,7847222222;11,4690265487;22,9380530973;7,6460176991;2,5486725664;5,0973451327;6,3716814159;8,9203539823;14,0176991150;1,2743362832;6,3716814159;1,2743362832;1,2743362832;1;0, 22.2222222222, 50, 22.2222222222, 0, 0, 0, 5.5555555556;0, 0, 11.1111111111, 11.1111111111, 22.2222222222, 27.7777777778, 22.2222222222, 0, 0, 0, 0, 0, 0, 0, 0, 0, 0, 0, 0, 0, 0, 0, 0, 0, 5.5555555556;Europe/Paris;30,5
2022-11-18T14:00:00Z;-1;9000003703;hourly;0,7991666667;8,7591240876;40,0417101147;5,0052137643;6,2565172054;6,2565172054;2,5026068822;13,7643378519;26,2773722628;5,0052137643;0,0000000000;3,7539103233;2,5026068822;1;0, 9.375, 34.375, 34.375, 18.75, 0, 0, 3.125;0, 0, 6.25, 3.125, 18.75, 15.625, 18.75, 15.625, 12.5, 6.25, 0, 0, 0, 0, 0, 0, 0, 0, 0, 3.125, 0, 0, 0, 0, 0;Europe/Paris;40,0
2022-11-18T15:00:00Z;-1;9000003703;hourly;0,7961111111;8,7927424983;97,9762735520;37,6831821354;46,4759246336;2,5122121424;6,2805303559;30,1465457083;67,8297278437;8,7927424983;28,8904396371;17,5854849965;28,8904396371;1;21.7948717949, 6.4102564103, 30.7692307692, 33.3333333333, 7.6923076923, 0, 0, 0;17.9487179487, 3.8461538462, 3.8461538462, 2.5641025641, 20.5128205128, 10.2564102564, 19.2307692308, 14.1025641026, 6.4102564103, 1.2820512821, 0, 0, 0, 0, 0, 0, 0, 0, 0, 0, 0, 0, 0, 0, 0;Europe/Paris;35,0
2022-11-18T16:00:00Z;-1;9000003703;hourly;0,3666666667;40,9090909091;136,3636363636;40,9090909091;30,0000000000;30,0000000000;10,9090909091;57,2727272727;79,0909090909;19,0909090909;21,8181818182;16,3636363636;13,6363636364;1;6, 6, 50, 32, 6, 0, 0, 0;4, 2, 0, 6, 28, 22, 12, 20, 6, 0, 0, 0, 0, 0, 0, 0, 0, 0, 0, 0, 0, 0, 0, 0, 0;Europe/Paris;35,5
2022-11-18T17:00:00Z;-1;9000003703;hourly;0,0000000000;0,0000000000;0,0000000000;0,0000000000;0,0000000000;0,0000000000;0,0000000000;0,0000000000;0,0000000000;0,0000000000;0,0000000000;0,0000000000;0,0000000000;1;0, 0, 0, 0, 0, 0, 0, 0;0, 0, 0, 0, 0, 0, 0, 0, 0, 0, 0, 0, 0, 0, 0, 0, 0, 0, 0, 0, 0, 0, 0, 0, 0;Europe/Paris;NA
2022-11-18T18:00:00Z;-1;9000003703;hourly;0,0000000000;0,0000000000;0,0000000000;0,0000000000;0,0000000000;0,0000000000;0,0000000000;0,0000000000;0,0000000000;0,0000000000;0,0000000000;0,0000000000;0,0000000000;1;0, 0, 0, 0, 0, 0, 0, 0;0, 0, 0, 0, 0, 0, 0, 0, 0, 0, 0, 0, 0, 0, 0, 0, 0, 0, 0, 0, 0, 0, 0, 0, 0;Europe/Paris;NA
2022-11-19T11:00:00Z;-1;9000003703;hourly;0,9225000000;2,1680216802;17,3441734417;4,3360433604;0,0000000000;1,0840108401;1,0840108401;7,5880758808;9,7560975610;0,0000000000;4,3360433604;0,0000000000;0,0000000000;1;18.75, 18.75, 43.75, 12.5, 6.25, 0, 0, 0;18.75, 0, 0, 18.75, 18.75, 25, 12.5, 0, 6.25, 0, 0, 0, 0, 0, 0, 0, 0, 0, 0, 0, 0, 0, 0, 0, 0;Europe/Paris;29,0
2022-11-19T12:00:00Z;-1;9000003703;hourly;0,7986111111;2,5043478261;53,8434782609;6,2608695652;2,5043478261;0,0000000000;2,5043478261;20,0347826087;33,8086956522;3,7565217391;2,5043478261;1,2521739130;1,2521739130;1;2.3255813953, 13.9534883721, 55.8139534884, 27.9069767442, 0, 0, 0, 0;2.3255813953, 0, 2.3255813953, 11.6279069767, 23.2558139535, 32.5581395349, 23.2558139535, 4.6511627907, 0, 0, 0, 0, 0, 0, 0, 0, 0, 0, 0, 0, 0, 0, 0, 0, 0;Europe/Paris;30,5
2022-11-19T13:00:00Z;-1;9000003703;hourly;0,7897222222;3,7988040802;58,2483292297;5,0650721069;0,0000000000;2,5325360535;1,2662680267;21,5265564544;36,7217727752;3,7988040802;1,2662680267;0,0000000000;0,0000000000;1;4.347826087, 19.5652173913, 56.5217391304, 19.5652173913, 0, 0, 0, 0;2.1739130435, 2.1739130435, 0, 19.5652173913, 21.7391304348, 34.7826086957, 19.5652173913, 0, 0, 0, 0, 0, 0, 0, 0, 0, 0, 0, 0, 0, 0, 0, 0, 0, 0;Europe/Paris;28,5
2022-11-19T14:00:00Z;-1;9000003703;hourly;0,7711111111;2,5936599424;35,0144092219;10,3746397695;5,1873198847;1,2968299712;1,2968299712;18,1556195965;16,8587896254;6,4841498559;3,8904899135;3,8904899135;1,2968299712;1;22.2222222222, 29.6296296296, 29.6296296296, 14.8148148148, 3.7037037037, 0, 0, 0;3.7037037037, 18.5185185185, 11.1111111111, 18.5185185185, 18.5185185185, 11.1111111111, 11.1111111111, 3.7037037037, 3.7037037037, 0, 0, 0, 0, 0, 0, 0, 0, 0, 0, 0, 0, 0, 0, 0, 0;Europe/Paris;29,0
2022-11-19T15:00:00Z;-1;9000003703;hourly;0,7991666667;6,2565172054;75,0782064651;7,5078206465;5,0052137643;0,0000000000;6,2565172054;40,0417101147;35,0364963504;5,0052137643;2,5026068822;3,7539103233;1,2513034411;1;3.3333333333, 8.3333333333, 45, 31.6666666667, 11.6666666667, 0, 0, 0;1.6666666667, 1.6666666667, 1.6666666667, 6.6666666667, 18.3333333333, 26.6666666667, 11.6666666667, 20, 10, 1.6666666667, 0, 0, 0, 0, 0, 0, 0, 0, 0, 0, 0, 0, 0, 0, 0;Europe/Paris;36,5
2022-11-19T16:00:00Z;-1;9000003703;hourly;0,3900000000;5,1282051282;79,4871794872;5,1282051282;15,3846153846;2,5641025641;2,5641025641;43,5897435897;35,8974358974;5,1282051282;0,0000000000;10,2564102564;5,1282051282;1;0, 3.2258064516, 48.3870967742, 45.1612903226, 3.2258064516, 0, 0, 0;0, 0, 0, 3.2258064516, 16.1290322581, 32.2580645161, 32.2580645161, 12.9032258065, 0, 3.2258064516, 0, 0, 0, 0, 0, 0, 0, 0, 0, 0, 0, 0, 0, 0, 0;Europe/Paris;33,0
2022-11-19T17:00:00Z;-1;9000003703;hourly;0,0000000000;0,0000000000;0,0000000000;0,0000000000;0,0000000000;0,0000000000;0,0000000000;0,0000000000;0,0000000000;0,0000000000;0,0000000000;0,0000000000;0,0000000000;1;0, 0, 0, 0, 0, 0, 0, 0;0, 0, 0, 0, 0, 0, 0, 0, 0, 0, 0, 0, 0, 0, 0, 0, 0, 0, 0, 0, 0, 0, 0, 0, 0;Europe/Paris;NA
2022-11-19T18:00:00Z;-1;9000003703;hourly;0,0000000000;0,0000000000;0,0000000000;0,0000000000;0,0000000000;0,0000000000;0,0000000000;0,0000000000;0,0000000000;0,0000000000;0,0000000000;0,0000000000;0,0000000000;1;0, 0, 0, 0, 0, 0, 0, 0;0, 0, 0, 0, 0, 0, 0, 0, 0, 0, 0, 0, 0, 0, 0, 0, 0, 0, 0, 0, 0, 0, 0, 0, 0;Europe/Paris;NA
2022-11-23T11:00:00Z;-1;9000003703;hourly;0,9127777778;13,1466828971;13,1466828971;3,2866707243;0,0000000000;7,6688983567;5,4777845405;2,1911138162;10,9555690809;1,0955569081;2,1911138162;0,0000000000;0,0000000000;1;0, 0, 66.6666666667, 33.3333333333, 0, 0, 0, 0;0, 0, 0, 0, 25, 41.6666666667, 25, 8.3333333333, 0, 0, 0, 0, 0, 0, 0, 0, 0, 0, 0, 0, 0, 0, 0, 0, 0;Europe/Paris;31,0
2022-11-23T12:00:00Z;-1;9000003703;hourly;0,7711111111;27,2334293948;71,3256484150;16,8587896254;2,5936599424;14,2651296830;12,9682997118;22,0461095101;49,2795389049;11,6714697406;5,1873198847;0,0000000000;2,5936599424;1;3.6363636364, 10.9090909091, 45.4545454545, 38.1818181818, 1.8181818182, 0, 0, 0;1.8181818182, 1.8181818182, 0, 10.9090909091, 29.0909090909, 16.3636363636, 34.5454545455, 3.6363636364, 1.8181818182, 0, 0, 0, 0, 0, 0, 0, 0, 0, 0, 0, 0, 0, 0, 0, 0;Europe/Paris;31,0
2022-11-23T13:00:00Z;-1;9000003703;hourly;0,7486111111;18,7012987013;58,7755102041;32,0593692022;4,0074211503;12,0222634508;6,6790352505;32,0593692022;26,7161410019;16,0296846011;16,0296846011;0,0000000000;4,0074211503;1;15.9090909091, 36.3636363636, 38.6363636364, 9.0909090909, 0, 0, 0, 0;9.0909090909, 6.8181818182, 15.9090909091, 20.4545454545, 20.4545454545, 18.1818181818, 9.0909090909, 0, 0, 0, 0, 0, 0, 0, 0, 0, 0, 0, 0, 0, 0, 0, 0, 0, 0;Europe/Paris;26,0
2022-11-23T14:00:00Z;-1;9000003703;hourly;0,7555555556;0,0000000000;72,7941176471;2,6470588235;0,0000000000;0,0000000000;0,0000000000;38,3823529412;34,4117647059;2,6470588235;0,0000000000;0,0000000000;0,0000000000;1;25.4545454545, 56.3636363636, 18.1818181818, 0, 0, 0, 0, 0;21.8181818182, 3.6363636364, 20, 36.3636363636, 12.7272727273, 5.4545454545, 0, 0, 0, 0, 0, 0, 0, 0, 0, 0, 0, 0, 0, 0, 0, 0, 0, 0, 0;Europe/Paris;18,5
2022-11-23T15:00:00Z;-1;9000003703;hourly;0,7888888889;11,4084507042;101,4084507042;8,8732394366;7,6056338028;7,6056338028;3,8028169014;40,5633802817;60,8450704225;1,2676056338;7,6056338028;5,0704225352;2,5352112676;1;22.5, 17.5, 31.25, 25, 3.75, 0, 0, 0;16.25, 6.25, 12.5, 5, 15, 16.25, 17.5, 7.5, 2.5, 1.25, 0, 0, 0, 0, 0, 0, 0, 0, 0, 0, 0, 0, 0, 0, 0;Europe/Paris;31,5
2022-11-23T16:00:00Z;-1;9000003703;hourly;0,3086111111;12,9612961296;162,0162016202;12,9612961296;9,7209720972;9,7209720972;3,2403240324;77,7677767777;84,2484248425;3,2403240324;9,7209720972;3,2403240324;6,4806480648;1;0, 6, 50, 28, 14, 2, 0, 0;0, 0, 0, 6, 20, 30, 18, 10, 8, 6, 2, 0, 0, 0, 0, 0, 0, 0, 0, 0, 0, 0, 0, 0, 0;Europe/Paris;38,0
2022-11-23T17:00:00Z;-1;9000003703;hourly;0,0000000000;0,0000000000;0,0000000000;0,0000000000;0,0000000000;0,0000000000;0,0000000000;0,0000000000;0,0000000000;0,0000000000;0,0000000000;0,0000000000;0,0000000000;1;0, 0, 0, 0, 0, 0, 0, 0;0, 0, 0, 0, 0, 0, 0, 0, 0, 0, 0, 0, 0, 0, 0, 0, 0, 0, 0, 0, 0, 0, 0, 0, 0;Europe/Paris;NA
2022-11-23T18:00:00Z;-1;9000003703;hourly;0,0000000000;0,0000000000;0,0000000000;0,0000000000;0,0000000000;0,0000000000;0,0000000000;0,0000000000;0,0000000000;0,0000000000;0,0000000000;0,0000000000;0,0000000000;1;0, 0, 0, 0, 0, 0, 0, 0;0, 0, 0, 0, 0, 0, 0, 0, 0, 0, 0, 0, 0, 0, 0, 0, 0, 0, 0, 0, 0, 0, 0, 0, 0;Europe/Paris;NA
2022-11-24T08:00:00Z;-1;9000003703;hourly;0,8255555556;6,0565275908;10,9017496635;4,8452220727;2,4226110363;3,6339165545;2,4226110363;6,0565275908;4,8452220727;2,4226110363;2,4226110363;1,2113055182;1,2113055182;1;0, 0, 22.2222222222, 33.3333333333, 22.2222222222, 22.2222222222, 0, 0;0, 0, 0, 0, 0, 22.2222222222, 33.3333333333, 0, 0, 22.2222222222, 22.2222222222, 0, 0, 0, 0, 0, 0, 0, 0, 0, 0, 0, 0, 0, 0;Europe/Paris;49,0
2022-11-24T09:00:00Z;-1;9000003703;hourly;0,7888888889;5,0704225352;15,2112676056;6,3380281690;5,0704225352;3,8028169014;1,2676056338;7,6056338028;7,6056338028;5,0704225352;1,2676056338;2,5352112676;2,5352112676;1;0, 0, 33.3333333333, 58.3333333333, 8.3333333333, 0, 0, 0;0, 0, 0, 0, 8.3333333333, 25, 33.3333333333, 25, 8.3333333333, 0, 0, 0, 0, 0, 0, 0, 0, 0, 0, 0, 0, 0, 0, 0, 0;Europe/Paris;36,0
2022-11-24T10:00:00Z;-1;9000003703;hourly;0,7741666667;16,7922497309;21,9590958019;5,1668460710;6,4585575888;7,7502691066;9,0419806243;9,0419806243;12,9171151776;3,8751345533;1,2917115178;3,8751345533;2,5834230355;1;23.5294117647, 0, 23.5294117647, 35.2941176471, 11.7647058824, 5.8823529412, 0, 0;17.6470588235, 5.8823529412, 0, 0, 5.8823529412, 17.6470588235, 23.5294117647, 11.7647058824, 11.7647058824, 0, 5.8823529412, 0, 0, 0, 0, 0, 0, 0, 0, 0, 0, 0, 0, 0, 0;Europe/Paris;38,5
2022-11-24T11:00:00Z;-1;9000003703;hourly;0,7372222222;14,9208741522;20,3466465712;12,2079879427;6,7822155237;6,7822155237;8,1386586285;5,4257724190;14,9208741522;4,0693293142;8,1386586285;2,7128862095;4,0693293142;1;0, 0, 6.6666666667, 66.6666666667, 26.6666666667, 0, 0, 0;0, 0, 0, 0, 0, 6.6666666667, 33.3333333333, 33.3333333333, 26.6666666667, 0, 0, 0, 0, 0, 0, 0, 0, 0, 0, 0, 0, 0, 0, 0, 0;Europe/Paris;39,5
2022-11-24T12:00:00Z;-1;9000003703;hourly;0,7133333333;9,8130841121;33,6448598131;25,2336448598;4,2056074766;1,4018691589;8,4112149533;15,4205607477;18,2242990654;16,8224299065;8,4112149533;1,4018691589;2,8037383178;1;8.3333333333, 0, 37.5, 37.5, 12.5, 4.1666666667, 0, 0;4.1666666667, 4.1666666667, 0, 0, 29.1666666667, 8.3333333333, 25, 12.5, 8.3333333333, 4.1666666667, 0, 4.1666666667, 0, 0, 0, 0, 0, 0, 0, 0, 0, 0, 0, 0, 0;Europe/Paris;38,5
2022-11-24T13:00:00Z;-1;9000003703;hourly;0,7661111111;9,1370558376;22,1899927484;3,9158810732;2,6105873822;3,9158810732;5,2211747643;3,9158810732;18,2741116751;2,6105873822;1,3052936911;0,0000000000;2,6105873822;1;0, 5.8823529412, 5.8823529412, 58.8235294118, 29.4117647059, 0, 0, 0;0, 0, 5.8823529412, 0, 0, 5.8823529412, 41.1764705882, 17.6470588235, 23.5294117647, 5.8823529412, 0, 0, 0, 0, 0, 0, 0, 0, 0, 0, 0, 0, 0, 0, 0;Europe/Paris;40,5
2022-11-24T14:00:00Z;-1;9000003703;hourly;0,7552777778;10,5921294594;14,5641780066;10,5921294594;6,6200809121;5,2960647297;5,2960647297;3,9720485473;10,5921294594;3,9720485473;6,6200809121;3,9720485473;2,6480323648;1;0, 0, 9.0909090909, 90.9090909091, 0, 0, 0, 0;0, 0, 0, 0, 0, 9.0909090909, 45.4545454545, 45.4545454545, 0, 0, 0, 0, 0, 0, 0, 0, 0, 0, 0, 0, 0, 0, 0, 0, 0;Europe/Paris;36,0
2022-11-24T15:00:00Z;-1;9000003703;hourly;0,7897222222;18,9940204010;74,7098135772;21,5265564544;72,1772775237;5,0650721069;13,9289482941;26,5916285614;48,1181850158;5,0650721069;16,4614843475;15,1952163208;56,9820612030;1;6.7796610169, 3.3898305085, 35.593220339, 45.7627118644, 8.4745762712, 0, 0, 0;3.3898305085, 3.3898305085, 0, 3.3898305085, 11.8644067797, 23.7288135593, 22.0338983051, 23.7288135593, 5.0847457627, 3.3898305085, 0, 0, 0, 0, 0, 0, 0, 0, 0, 0, 0, 0, 0, 0, 0;Europe/Paris;36,0
2022-11-24T16:00:00Z;-1;9000003703;hourly;0,1808333333;66,3594470046;33,1797235023;0,0000000000;99,5391705069;44,2396313364;22,1198156682;11,0599078341;22,1198156682;0,0000000000;0,0000000000;82,9493087558;16,5898617512;1;0, 0, 16.6666666667, 66.6666666667, 16.6666666667, 0, 0, 0;0, 0, 0, 0, 0, 16.6666666667, 33.3333333333, 33.3333333333, 16.6666666667, 0, 0, 0, 0, 0, 0, 0, 0, 0, 0, 0, 0, 0, 0, 0, 0;Europe/Paris;38,0
2022-11-24T17:00:00Z;-1;9000003703;hourly;0,0000000000;0,0000000000;0,0000000000;0,0000000000;0,0000000000;0,0000000000;0,0000000000;0,0000000000;0,0000000000;0,0000000000;0,0000000000;0,0000000000;0,0000000000;1;0, 0, 0, 0, 0, 0, 0, 0;0, 0, 0, 0, 0, 0, 0, 0, 0, 0, 0, 0, 0, 0, 0, 0, 0, 0, 0, 0, 0, 0, 0, 0, 0;Europe/Paris;NA
2022-11-24T18:00:00Z;-1;9000003703;hourly;0,0000000000;0,0000000000;0,0000000000;0,0000000000;0,0000000000;0,0000000000;0,0000000000;0,0000000000;0,0000000000;0,0000000000;0,0000000000;0,0000000000;0,0000000000;1;0, 0, 0, 0, 0, 0, 0, 0;0, 0, 0, 0, 0, 0, 0, 0, 0, 0, 0, 0, 0, 0, 0, 0, 0, 0, 0, 0, 0, 0, 0, 0, 0;Europe/Paris;NA
2022-11-25T12:00:00Z;-1;9000003703;hourly;0,8638888889;4,6302250804;41,6720257235;6,9453376206;1,1575562701;1,1575562701;3,4726688103;25,4662379421;16,2057877814;3,4726688103;3,4726688103;1,1575562701;0,0000000000;1;8.3333333333, 33.3333333333, 50, 5.5555555556, 2.7777777778, 0, 0, 0;8.3333333333, 0, 5.5555555556, 27.7777777778, 27.7777777778, 22.2222222222, 2.7777777778, 2.7777777778, 2.7777777778, 0, 0, 0, 0, 0, 0, 0, 0, 0, 0, 0, 0, 0, 0, 0, 0;Europe/Paris;26,0
2022-11-25T13:00:00Z;-1;9000003703;hourly;0,7752777778;9,0290218560;61,9132927266;6,4493013257;0,0000000000;1,2898602651;7,7391615908;20,6377642422;41,2755284844;2,5797205303;3,8695807954;0,0000000000;0,0000000000;1;12.5, 33.3333333333, 37.5, 16.6666666667, 0, 0, 0, 0;12.5, 0, 10.4166666667, 22.9166666667, 20.8333333333, 16.6666666667, 14.5833333333, 2.0833333333, 0, 0, 0, 0, 0, 0, 0, 0, 0, 0, 0, 0, 0, 0, 0, 0, 0;Europe/Paris;28,0
2022-11-25T14:00:00Z;-1;9000003703;hourly;0,7850000000;5,0955414013;48,4076433121;3,8216560510;1,2738853503;0,0000000000;5,0955414013;17,8343949045;30,5732484076;1,2738853503;2,5477707006;1,2738853503;0,0000000000;1;13.1578947368, 63.1578947368, 23.6842105263, 0, 0, 0, 0, 0;13.1578947368, 0, 31.5789473684, 31.5789473684, 21.0526315789, 2.6315789474, 0, 0, 0, 0, 0, 0, 0, 0, 0, 0, 0, 0, 0, 0, 0, 0, 0, 0, 0;Europe/Paris;19,5
2022-11-25T15:00:00Z;-1;9000003703;hourly;0,7855555556;11,4568599717;110,7496463932;34,3705799151;49,6463932107;5,0919377652;6,3649222065;38,1895332390;72,5601131542;11,4568599717;22,9137199434;15,2758132956;34,3705799151;1;19.5402298851, 16.091954023, 43.6781609195, 18.3908045977, 2.2988505747, 0, 0, 0;16.091954023, 3.4482758621, 6.8965517241, 9.1954022989, 17.2413793103, 26.4367816092, 13.7931034483, 4.5977011494, 2.2988505747, 0, 0, 0, 0, 0, 0, 0, 0, 0, 0, 0, 0, 0, 0, 0, 0;Europe/Paris;29,5
2022-11-25T16:00:00Z;-1;9000003703;hourly;0,3175000000;47,2440944882;163,7795275591;37,7952755906;40,9448818898;28,3464566929;18,8976377953;56,6929133858;107,0866141732;25,1968503937;12,5984251969;31,4960629921;9,4488188976;1;1.9230769231, 5.7692307692, 36.5384615385, 46.1538461538, 9.6153846154, 0, 0, 0;1.9230769231, 0, 1.9230769231, 3.8461538462, 19.2307692308, 17.3076923077, 30.7692307692, 15.3846153846, 7.6923076923, 1.9230769231, 0, 0, 0, 0, 0, 0, 0, 0, 0, 0, 0, 0, 0, 0, 0;Europe/Paris;35,5
2022-11-25T17:00:00Z;-1;9000003703;hourly;0,0000000000;0,0000000000;0,0000000000;0,0000000000;0,0000000000;0,0000000000;0,0000000000;0,0000000000;0,0000000000;0,0000000000;0,0000000000;0,0000000000;0,0000000000;1;0, 0, 0, 0, 0, 0, 0, 0;0, 0, 0, 0, 0, 0, 0, 0, 0, 0, 0, 0, 0, 0, 0, 0, 0, 0, 0, 0, 0, 0, 0, 0, 0;Europe/Paris;NA
2022-11-25T18:00:00Z;-1;9000003703;hourly;0,0000000000;0,0000000000;0,0000000000;0,0000000000;0,0000000000;0,0000000000;0,0000000000;0,0000000000;0,0000000000;0,0000000000;0,0000000000;0,0000000000;0,0000000000;1;0, 0, 0, 0, 0, 0, 0, 0;0, 0, 0, 0, 0, 0, 0, 0, 0, 0, 0, 0, 0, 0, 0, 0, 0, 0, 0, 0, 0, 0, 0, 0, 0;Europe/Paris;NA
2022-11-26T10:00:00Z;-1;9000003703;hourly;1,0000000000;0,0000000000;0,0000000000;0,0000000000;0,0000000000;0,0000000000;0,0000000000;0,0000000000;0,0000000000;0,0000000000;0,0000000000;0,0000000000;0,0000000000;1;0, 0, 0, 0, 0, 0, 0, 0;0, 0, 0, 0, 0, 0, 0, 0, 0, 0, 0, 0, 0, 0, 0, 0, 0, 0, 0, 0, 0, 0, 0, 0, 0;Europe/Paris;NA
2022-11-26T11:00:00Z;-1;9000003703;hourly;0,8211111111;6,0893098782;68,2002706360;6,0893098782;7,3071718539;2,4357239513;3,6535859269;32,8822733424;35,3179972936;3,6535859269;2,4357239513;3,6535859269;3,6535859269;1;0, 3.5714285714, 30.3571428571, 48.2142857143, 17.8571428571, 0, 0, 0;0, 0, 0, 3.5714285714, 5.3571428571, 25, 26.7857142857, 21.4285714286, 12.5, 5.3571428571, 0, 0, 0, 0, 0, 0, 0, 0, 0, 0, 0, 0, 0, 0, 0;Europe/Paris;38,5
2022-11-26T12:00:00Z;-1;9000003703;hourly;0,8050000000;3,7267080745;58,3850931677;6,2111801242;2,4844720497;3,7267080745;0,0000000000;29,8136645963;28,5714285714;3,7267080745;2,4844720497;1,2422360248;1,2422360248;1;0, 2.1276595745, 53.1914893617, 38.2978723404, 6.3829787234, 0, 0, 0;0, 0, 0, 2.1276595745, 31.914893617, 21.2765957447, 21.2765957447, 17.0212765957, 6.3829787234, 0, 0, 0, 0, 0, 0, 0, 0, 0, 0, 0, 0, 0, 0, 0, 0;Europe/Paris;35,0
2022-11-26T13:00:00Z;-1;9000003703;hourly;0,7988888889;5,0069541029;71,3490959666;3,7552155772;15,0208623088;3,7552155772;1,2517385257;32,5452016690;38,8038942976;2,5034770515;1,2517385257;10,0139082058;5,0069541029;1;1.7543859649, 1.7543859649, 33.3333333333, 50.8771929825, 8.7719298246, 3.5087719298, 0, 0;0, 1.7543859649, 0, 1.7543859649, 8.7719298246, 24.5614035088, 29.8245614035, 21.0526315789, 7.0175438596, 1.7543859649, 1.7543859649, 1.7543859649, 0, 0, 0, 0, 0, 0, 0, 0, 0, 0, 0, 0, 0;Europe/Paris;37,0
2022-11-26T14:00:00Z;-1;9000003703;hourly;0,8016666667;8,7318087318;84,8232848233;6,2370062370;3,7422037422;3,7422037422;4,9896049896;32,4324324324;52,3908523909;2,4948024948;3,7422037422;2,4948024948;1,2474012474;1;2.9411764706, 8.8235294118, 17.6470588235, 48.5294117647, 19.1176470588, 1.4705882353, 0, 1.4705882353;2.9411764706, 0, 1.4705882353, 7.3529411765, 2.9411764706, 14.7058823529, 29.4117647059, 19.1176470588, 16.1764705882, 2.9411764706, 0, 1.4705882353, 0, 0, 1.4705882353, 0, 0, 0, 0, 0, 0, 0, 0, 0, 0;Europe/Paris;39,5
2022-11-26T15:00:00Z;-1;9000003703;hourly;0,7980555556;2,5060911939;125,3045596937;10,0243647755;7,5182735816;0,0000000000;2,5060911939;58,8931430560;66,4114166377;0,0000000000;10,0243647755;6,2652279847;1,2530455969;1;3, 1, 27, 56, 12, 1, 0, 0;2, 1, 0, 1, 7, 20, 33, 23, 9, 3, 1, 0, 0, 0, 0, 0, 0, 0, 0, 0, 0, 0, 0, 0, 0;Europe/Paris;37,0
2022-11-26T16:00:00Z;-1;9000003703;hourly;0,0725000000;0,0000000000;41,3793103448;0,0000000000;13,7931034483;0,0000000000;0,0000000000;13,7931034483;27,5862068966;0,0000000000;0,0000000000;13,7931034483;0,0000000000;1;0, 0, 0, 100, 0, 0, 0, 0;0, 0, 0, 0, 0, 0, 0, 100, 0, 0, 0, 0, 0, 0, 0, 0, 0, 0, 0, 0, 0, 0, 0, 0, 0;Europe/Paris;36,5
2022-11-26T17:00:00Z;-1;9000003703;hourly;0,0000000000;0,0000000000;0,0000000000;0,0000000000;0,0000000000;0,0000000000;0,0000000000;0,0000000000;0,0000000000;0,0000000000;0,0000000000;0,0000000000;0,0000000000;1;0, 0, 0, 0, 0, 0, 0, 0;0, 0, 0, 0, 0, 0, 0, 0, 0, 0, 0, 0, 0, 0, 0, 0, 0, 0, 0, 0, 0, 0, 0, 0, 0;Europe/Paris;NA
2022-11-26T18:00:00Z;-1;9000003703;hourly;0,0000000000;0,0000000000;0,0000000000;0,0000000000;0,0000000000;0,0000000000;0,0000000000;0,0000000000;0,0000000000;0,0000000000;0,0000000000;0,0000000000;0,0000000000;1;0, 0, 0, 0, 0, 0, 0, 0;0, 0, 0, 0, 0, 0, 0, 0, 0, 0, 0, 0, 0, 0, 0, 0, 0, 0, 0, 0, 0, 0, 0, 0, 0;Europe/Paris;NA
2022-11-26T19:00:00Z;-1;9000003703;hourly;0,0000000000;0,0000000000;0,0000000000;0,0000000000;0,0000000000;0,0000000000;0,0000000000;0,0000000000;0,0000000000;0,0000000000;0,0000000000;0,0000000000;0,0000000000;1;0, 0, 0, 0, 0, 0, 0, 0;0, 0, 0, 0, 0, 0, 0, 0, 0, 0, 0, 0, 0, 0, 0, 0, 0, 0, 0, 0, 0, 0, 0, 0, 0;Europe/Paris;NA
2022-11-27T08:00:00Z;-1;9000003703;hourly;0,1527777778;13,0909090909;19,6363636364;0,0000000000;6,5454545455;13,0909090909;0,0000000000;6,5454545455;13,0909090909;0,0000000000;0,0000000000;6,5454545455;0,0000000000;1;0, 0, 33.3333333333, 33.3333333333, 0, 33.3333333333, 0, 0;0, 0, 0, 0, 0, 33.3333333333, 33.3333333333, 0, 0, 0, 33.3333333333, 0, 0, 0, 0, 0, 0, 0, 0, 0, 0, 0, 0, 0, 0;Europe/Paris;50,5
2022-11-27T09:00:00Z;-1;9000003703;hourly;0,8025000000;12,4610591900;43,6137071651;1,2461059190;6,2305295950;8,7227414330;3,7383177570;13,7071651090;29,9065420561;1,2461059190;0,0000000000;3,7383177570;2,4922118380;1;0, 2.8571428571, 14.2857142857, 65.7142857143, 11.4285714286, 5.7142857143, 0, 0;0, 0, 0, 2.8571428571, 2.8571428571, 11.4285714286, 28.5714285714, 37.1428571429, 5.7142857143, 5.7142857143, 5.7142857143, 0, 0, 0, 0, 0, 0, 0, 0, 0, 0, 0, 0, 0, 0;Europe/Paris;39,5
2022-11-27T10:00:00Z;-1;9000003703;hourly;0,7952777778;16,3464896961;59,0988473629;5,0296891373;18,8613342648;11,3168005589;5,0296891373;20,1187565491;38,9800908138;3,7722668530;1,2574222843;10,0593782745;8,8019559902;1;0, 0, 34.0425531915, 31.914893617, 31.914893617, 2.1276595745, 0, 0;0, 0, 0, 0, 6.3829787234, 27.6595744681, 17.0212765957, 14.8936170213, 17.0212765957, 14.8936170213, 0, 2.1276595745, 0, 0, 0, 0, 0, 0, 0, 0, 0, 0, 0, 0, 0;Europe/Paris;43,0
2022-11-27T11:00:00Z;-1;9000003703;hourly;0,8097222222;9,8799313894;49,3996569468;1,2349914237;17,2898799314;3,7049742710;6,1749571184;20,9948542024;28,4048027444;0,0000000000;1,2349914237;9,8799313894;7,4099485420;1;0, 2.5, 20, 37.5, 40, 0, 0, 0;0, 0, 0, 2.5, 2.5, 17.5, 20, 17.5, 22.5, 17.5, 0, 0, 0, 0, 0, 0, 0, 0, 0, 0, 0, 0, 0, 0, 0;Europe/Paris;43,0
2022-11-27T12:00:00Z;-1;9000003703;hourly;0,8025000000;6,2305295950;6,2305295950;0,0000000000;1,2461059190;3,7383177570;2,4922118380;2,4922118380;3,7383177570;0,0000000000;0,0000000000;0,0000000000;1,2461059190;1;0, 0, 0, 80, 20, 0, 0, 0;0, 0, 0, 0, 0, 0, 60, 20, 0, 20, 0, 0, 0, 0, 0, 0, 0, 0, 0, 0, 0, 0, 0, 0, 0;Europe/Paris;44,0
2022-11-27T13:00:00Z;-1;9000003703;hourly;0,7933333333;7,5630252101;22,6890756303;1,2605042017;1,2605042017;6,3025210084;1,2605042017;10,0840336134;12,6050420168;1,2605042017;0,0000000000;0,0000000000;1,2605042017;1;5.5555555556, 0, 22.2222222222, 44.4444444444, 11.1111111111, 16.6666666667, 0, 0;5.5555555556, 0, 0, 0, 5.5555555556, 16.6666666667, 22.2222222222, 22.2222222222, 5.5555555556, 5.5555555556, 16.6666666667, 0, 0, 0, 0, 0, 0, 0, 0, 0, 0, 0, 0, 0, 0;Europe/Paris;48,0
2022-11-27T14:00:00Z;-1;9000003703;hourly;0,7305555556;6,8441064639;31,4828897338;1,3688212928;5,4752851711;1,3688212928;5,4752851711;16,4258555133;15,0570342205;0,0000000000;1,3688212928;4,1064638783;1,3688212928;1;0, 0, 30.4347826087, 47.8260869565, 13.0434782609, 8.6956521739, 0, 0;0, 0, 0, 0, 8.6956521739, 21.7391304348, 17.3913043478, 30.4347826087, 8.6956521739, 4.347826087, 8.6956521739, 0, 0, 0, 0, 0, 0, 0, 0, 0, 0, 0, 0, 0, 0;Europe/Paris;41,5
2022-11-27T15:00:00Z;-1;9000003703;hourly;0,5025000000;9,9502487562;41,7910447761;1,9900497512;1,9900497512;3,9800995025;5,9701492537;15,9203980100;25,8706467662;1,9900497512;0,0000000000;1,9900497512;0,0000000000;1;9.5238095238, 4.7619047619, 14.2857142857, 38.0952380952, 33.3333333333, 0, 0, 0;0, 9.5238095238, 0, 4.7619047619, 4.7619047619, 9.5238095238, 4.7619047619, 33.3333333333, 14.2857142857, 19.0476190476, 0, 0, 0, 0, 0, 0, 0, 0, 0, 0, 0, 0, 0, 0, 0;Europe/Paris;43,5
2022-11-27T16:00:00Z;-1;9000003703;hourly;0,0000000000;0,0000000000;0,0000000000;0,0000000000;0,0000000000;0,0000000000;0,0000000000;0,0000000000;0,0000000000;0,0000000000;0,0000000000;0,0000000000;0,0000000000;1;0, 0, 0, 0, 0, 0, 0, 0;0, 0, 0, 0, 0, 0, 0, 0, 0, 0, 0, 0, 0, 0, 0, 0, 0, 0, 0, 0, 0, 0, 0, 0, 0;Europe/Paris;NA
2022-11-27T17:00:00Z;-1;9000003703;hourly;0,0000000000;0,0000000000;0,0000000000;0,0000000000;0,0000000000;0,0000000000;0,0000000000;0,0000000000;0,0000000000;0,0000000000;0,0000000000;0,0000000000;0,0000000000;1;0, 0, 0, 0, 0, 0, 0, 0;0, 0, 0, 0, 0, 0, 0, 0, 0, 0, 0, 0, 0, 0, 0, 0, 0, 0, 0, 0, 0, 0, 0, 0, 0;Europe/Paris;NA
2022-11-27T18:00:00Z;-1;9000003703;hourly;0,0000000000;0,0000000000;0,0000000000;0,0000000000;0,0000000000;0,0000000000;0,0000000000;0,0000000000;0,0000000000;0,0000000000;0,0000000000;0,0000000000;0,0000000000;1;0, 0, 0, 0, 0, 0, 0, 0;0, 0, 0, 0, 0, 0, 0, 0, 0, 0, 0, 0, 0, 0, 0, 0, 0, 0, 0, 0, 0, 0, 0, 0, 0;Europe/Paris;NA
2022-11-28T10:00:00Z;-1;9000003703;hourly;1,0000000000;0,0000000000;0,0000000000;0,0000000000;0,0000000000;0,0000000000;0,0000000000;0,0000000000;0,0000000000;0,0000000000;0,0000000000;0,0000000000;0,0000000000;1;0, 0, 0, 0, 0, 0, 0, 0;0, 0, 0, 0, 0, 0, 0, 0, 0, 0, 0, 0, 0, 0, 0, 0, 0, 0, 0, 0, 0, 0, 0, 0, 0;Europe/Paris;NA
2022-11-28T11:00:00Z;-1;9000003703;hourly;0,8044444444;18,6464088398;29,8342541436;1,2430939227;3,7292817680;12,4309392265;6,2154696133;7,4585635359;22,3756906077;0,0000000000;1,2430939227;0,0000000000;3,7292817680;1;4.1666666667, 4.1666666667, 25, 33.3333333333, 29.1666666667, 4.1666666667, 0, 0;4.1666666667, 0, 0, 4.1666666667, 8.3333333333, 16.6666666667, 16.6666666667, 16.6666666667, 20.8333333333, 8.3333333333, 4.1666666667, 0, 0, 0, 0, 0, 0, 0, 0, 0, 0, 0, 0, 0, 0;Europe/Paris;42,0
2022-11-28T12:00:00Z;-1;9000003703;hourly;0,7683333333;14,3167028200;39,0455531453;7,8091106291;2,6030368764;5,2060737527;9,1106290672;15,6182212581;23,4273318872;5,2060737527;2,6030368764;2,6030368764;0,0000000000;1;10, 3.3333333333, 36.6666666667, 46.6666666667, 3.3333333333, 0, 0, 0;10, 0, 3.3333333333, 0, 20, 16.6666666667, 33.3333333333, 13.3333333333, 0, 3.3333333333, 0, 0, 0, 0, 0, 0, 0, 0, 0, 0, 0, 0, 0, 0, 0;Europe/Paris;33,0
2022-11-28T13:00:00Z;-1;9000003703;hourly;0,7516666667;13,3037694013;31,9290465632;26,6075388027;5,3215077605;5,3215077605;7,9822616408;10,6430155211;21,2860310421;14,6341463415;11,9733924612;2,6607538803;2,6607538803;1;16.6666666667, 16.6666666667, 29.1666666667, 25, 12.5, 0, 0, 0;4.1666666667, 12.5, 4.1666666667, 12.5, 20.8333333333, 8.3333333333, 16.6666666667, 8.3333333333, 12.5, 0, 0, 0, 0, 0, 0, 0, 0, 0, 0, 0, 0, 0, 0, 0, 0;Europe/Paris;36,0
2022-11-28T14:00:00Z;-1;9000003703;hourly;0,7822222222;5,1136363636;20,4545454545;5,1136363636;5,1136363636;1,2784090909;3,8352272727;7,6704545455;12,7840909091;3,8352272727;1,2784090909;0,0000000000;5,1136363636;1;12.5, 12.5, 18.75, 43.75, 12.5, 0, 0, 0;6.25, 6.25, 12.5, 0, 6.25, 12.5, 25, 18.75, 6.25, 6.25, 0, 0, 0, 0, 0, 0, 0, 0, 0, 0, 0, 0, 0, 0, 0;Europe/Paris;37,0
2022-11-28T15:00:00Z;-1;9000003703;hourly;0,7858333333;16,5429480382;95,4400848356;25,4506892895;55,9915164369;2,5450689290;13,9978791092;34,3584305408;61,0816542948;6,3626723224;19,0880169671;17,8154825027;38,1760339343;1;12, 8, 38.6666666667, 33.3333333333, 4, 2.6666666667, 1.3333333333, 0;6.6666666667, 5.3333333333, 2.6666666667, 5.3333333333, 16, 22.6666666667, 18.6666666667, 14.6666666667, 2.6666666667, 1.3333333333, 1.3333333333, 1.3333333333, 1.3333333333, 0, 0, 0, 0, 0, 0, 0, 0, 0, 0, 0, 0;Europe/Paris;35,0
2022-11-28T16:00:00Z;-1;9000003703;hourly;0,2627777778;26,6384778013;68,4989429175;11,4164904863;45,6659619450;22,8329809725;3,8054968288;22,8329809725;45,6659619450;7,6109936575;3,8054968288;38,0549682875;7,6109936575;1;16.6666666667, 5.5555555556, 33.3333333333, 38.8888888889, 5.5555555556, 0, 0, 0;16.6666666667, 0, 5.5555555556, 0, 16.6666666667, 16.6666666667, 22.2222222222, 16.6666666667, 5.5555555556, 0, 0, 0, 0, 0, 0, 0, 0, 0, 0, 0, 0, 0, 0, 0, 0;Europe/Paris;34,5
2022-11-28T17:00:00Z;-1;9000003703;hourly;0,0000000000;0,0000000000;0,0000000000;0,0000000000;0,0000000000;0,0000000000;0,0000000000;0,0000000000;0,0000000000;0,0000000000;0,0000000000;0,0000000000;0,0000000000;1;0, 0, 0, 0, 0, 0, 0, 0;0, 0, 0, 0, 0, 0, 0, 0, 0, 0, 0, 0, 0, 0, 0, 0, 0, 0, 0, 0, 0, 0, 0, 0, 0;Europe/Paris;NA
2022-11-28T18:00:00Z;-1;9000003703;hourly;0,0000000000;0,0000000000;0,0000000000;0,0000000000;0,0000000000;0,0000000000;0,0000000000;0,0000000000;0,0000000000;0,0000000000;0,0000000000;0,0000000000;0,0000000000;1;0, 0, 0, 0, 0, 0, 0, 0;0, 0, 0, 0, 0, 0, 0, 0, 0, 0, 0, 0, 0, 0, 0, 0, 0, 0, 0, 0, 0, 0, 0, 0, 0;Europe/Paris;NA
2022-11-28T19:00:00Z;-1;9000003703;hourly;0,0000000000;0,0000000000;0,0000000000;0,0000000000;0,0000000000;0,0000000000;0,0000000000;0,0000000000;0,0000000000;0,0000000000;0,0000000000;0,0000000000;0,0000000000;1;0, 0, 0, 0, 0, 0, 0, 0;0, 0, 0, 0, 0, 0, 0, 0, 0, 0, 0, 0, 0, 0, 0, 0, 0, 0, 0, 0, 0, 0, 0, 0, 0;Europe/Paris;NA
2022-11-29T09:00:00Z;-1;9000003703;hourly;0,9900000000;0,0000000000;0,0000000000;0,0000000000;0,0000000000;0,0000000000;0,0000000000;0,0000000000;0,0000000000;0,0000000000;0,0000000000;0,0000000000;0,0000000000;1;0, 0, 0, 0, 0, 0, 0, 0;0, 0, 0, 0, 0, 0, 0, 0, 0, 0, 0, 0, 0, 0, 0, 0, 0, 0, 0, 0, 0, 0, 0, 0, 0;Europe/Paris;NA
2022-11-29T10:00:00Z;-1;9000003703;hourly;0,7836111111;14,0375753279;39,5604395604;6,3807160581;3,8284296349;6,3807160581;7,6568592698;14,0375753279;25,5228642325;5,1045728465;1,2761432116;2,5522864233;1,2761432116;1;6.4516129032, 9.6774193548, 25.8064516129, 35.4838709677, 19.3548387097, 3.2258064516, 0, 0;6.4516129032, 0, 0, 9.6774193548, 9.6774193548, 16.1290322581, 22.5806451613, 12.9032258065, 16.1290322581, 3.2258064516, 3.2258064516, 0, 0, 0, 0, 0, 0, 0, 0, 0, 0, 0, 0, 0, 0;Europe/Paris;40,0
2022-11-29T11:00:00Z;-1;9000003703;hourly;0,7816666667;7,6759061834;33,2622601279;7,6759061834;3,8379530917;1,2793176972;6,3965884861;6,3965884861;26,8656716418;1,2793176972;6,3965884861;1,2793176972;2,5586353945;1;0, 0, 57.6923076923, 34.6153846154, 7.6923076923, 0, 0, 0;0, 0, 0, 0, 23.0769230769, 34.6153846154, 23.0769230769, 11.5384615385, 3.8461538462, 3.8461538462, 0, 0, 0, 0, 0, 0, 0, 0, 0, 0, 0, 0, 0, 0, 0;Europe/Paris;34,5
2022-11-29T12:00:00Z;-1;9000003703;hourly;0,7750000000;9,0322580645;41,2903225806;11,6129032258;2,5806451613;5,1612903226;3,8709677419;23,2258064516;18,0645161290;10,3225806452;1,2903225806;0,0000000000;2,5806451613;1;9.375, 21.875, 37.5, 31.25, 0, 0, 0, 0;6.25, 3.125, 3.125, 18.75, 31.25, 6.25, 21.875, 9.375, 0, 0, 0, 0, 0, 0, 0, 0, 0, 0, 0, 0, 0, 0, 0, 0, 0;Europe/Paris;31,0
2022-11-29T13:00:00Z;-1;9000003703;hourly;0,7852777778;12,7343473647;26,7421294659;12,7343473647;2,5468694729;6,3671736823;6,3671736823;10,1874778918;16,5546515741;8,9140431553;3,8203042094;2,5468694729;0,0000000000;1;19.0476190476, 9.5238095238, 52.380952381, 14.2857142857, 4.7619047619, 0, 0, 0;9.5238095238, 9.5238095238, 0, 9.5238095238, 23.8095238095, 28.5714285714, 4.7619047619, 9.5238095238, 0, 4.7619047619, 0, 0, 0, 0, 0, 0, 0, 0, 0, 0, 0, 0, 0, 0, 0;Europe/Paris;32,0
2022-11-29T14:00:00Z;-1;9000003703;hourly;0,7669444444;2,6077508149;32,5968851865;10,4310032597;5,2155016298;1,3038754075;1,3038754075;11,7348786671;20,8620065194;3,9116262224;6,5193770373;3,9116262224;1,3038754075;1;48, 36, 16, 0, 0, 0, 0, 0;40, 8, 16, 20, 16, 0, 0, 0, 0, 0, 0, 0, 0, 0, 0, 0, 0, 0, 0, 0, 0, 0, 0, 0, 0;Europe/Paris;18,0
2022-11-29T15:00:00Z;-1;9000003703;hourly;0,7927777778;11,3524877365;70,6377014716;39,1030133146;55,5010511563;1,2613875263;10,0911002102;27,7505255781;42,8871758935;16,3980378416;22,7049754730;18,9208128942;36,5802382621;1;23.2142857143, 14.2857142857, 42.8571428571, 17.8571428571, 1.7857142857, 0, 0, 0;16.0714285714, 7.1428571429, 1.7857142857, 12.5, 25, 17.8571428571, 12.5, 5.3571428571, 1.7857142857, 0, 0, 0, 0, 0, 0, 0, 0, 0, 0, 0, 0, 0, 0, 0, 0;Europe/Paris;29,5
2022-11-29T16:00:00Z;-1;9000003703;hourly;0,2438888889;36,9020501139;131,2072892939;4,1002277904;36,9020501139;32,8018223235;4,1002277904;36,9020501139;94,3052391800;4,1002277904;0,0000000000;24,6013667426;12,3006833713;1;0, 3.125, 56.25, 37.5, 3.125, 0, 0, 0;0, 0, 0, 3.125, 25, 31.25, 25, 12.5, 0, 3.125, 0, 0, 0, 0, 0, 0, 0, 0, 0, 0, 0, 0, 0, 0, 0;Europe/Paris;32,5
2022-11-29T17:00:00Z;-1;9000003703;hourly;0,0000000000;0,0000000000;0,0000000000;0,0000000000;0,0000000000;0,0000000000;0,0000000000;0,0000000000;0,0000000000;0,0000000000;0,0000000000;0,0000000000;0,0000000000;1;0, 0, 0, 0, 0, 0, 0, 0;0, 0, 0, 0, 0, 0, 0, 0, 0, 0, 0, 0, 0, 0, 0, 0, 0, 0, 0, 0, 0, 0, 0, 0, 0;Europe/Paris;NA
2022-11-29T18:00:00Z;-1;9000003703;hourly;0,0000000000;0,0000000000;0,0000000000;0,0000000000;0,0000000000;0,0000000000;0,0000000000;0,0000000000;0,0000000000;0,0000000000;0,0000000000;0,0000000000;0,0000000000;1;0, 0, 0, 0, 0, 0, 0, 0;0, 0, 0, 0, 0, 0, 0, 0, 0, 0, 0, 0, 0, 0, 0, 0, 0, 0, 0, 0, 0, 0, 0, 0, 0;Europe/Paris;NA
2022-11-30T08:00:00Z;-1;9000003703;hourly;0,9627777778;0,0000000000;2,0773225620;0,0000000000;0,0000000000;0,0000000000;0,0000000000;0,0000000000;2,0773225620;0,0000000000;0,0000000000;0,0000000000;0,0000000000;1;0, 0, 0, 100, 0, 0, 0, 0;0, 0, 0, 0, 0, 0, 50, 50, 0, 0, 0, 0, 0, 0, 0, 0, 0, 0, 0, 0, 0, 0, 0, 0, 0;Europe/Paris;36,0
2022-11-30T09:00:00Z;-1;9000003703;hourly;0,7988888889;5,0069541029;30,0417246175;3,7552155772;10,0139082058;2,5034770515;2,5034770515;18,7760778860;11,2656467316;1,2517385257;2,5034770515;6,2586926287;3,7552155772;1;8.3333333333, 4.1666666667, 25, 50, 8.3333333333, 4.1666666667, 0, 0;8.3333333333, 0, 0, 4.1666666667, 4.1666666667, 20.8333333333, 20.8333333333, 29.1666666667, 8.3333333333, 0, 0, 4.1666666667, 0, 0, 0, 0, 0, 0, 0, 0, 0, 0, 0, 0, 0;Europe/Paris;37,0
2022-11-30T10:00:00Z;-1;9000003703;hourly;0,7861111111;7,6325088339;52,1554770318;13,9929328622;5,0883392226;6,3604240283;1,2720848057;17,8091872792;34,3462897527;2,5441696113;11,4487632509;2,5441696113;2,5441696113;1;0, 9.756097561, 51.2195121951, 36.5853658537, 2.4390243902, 0, 0, 0;0, 0, 4.8780487805, 4.8780487805, 21.9512195122, 29.2682926829, 21.9512195122, 14.6341463415, 2.4390243902, 0, 0, 0, 0, 0, 0, 0, 0, 0, 0, 0, 0, 0, 0, 0, 0;Europe/Paris;33,0
2022-11-30T11:00:00Z;-1;9000003703;hourly;0,7738888889;21,9669777459;73,6539842067;18,0904522613;7,7530509691;16,7982770998;5,1687006461;14,2139267767;59,4400574300;9,0452261307;9,0452261307;3,8765254846;3,8765254846;1;0, 8.7719298246, 50.8771929825, 31.5789473684, 8.7719298246, 0, 0, 0;0, 0, 3.5087719298, 5.2631578947, 14.0350877193, 36.8421052632, 26.3157894737, 5.2631578947, 8.7719298246, 0, 0, 0, 0, 0, 0, 0, 0, 0, 0, 0, 0, 0, 0, 0, 0;Europe/Paris;32,5
2022-11-30T12:00:00Z;-1;9000003703;hourly;0,7919444444;13,8898632059;82,0764643985;3,7881445107;0,0000000000;7,5762890214;6,3135741845;41,6695896177;40,4068747808;2,5254296738;1,2627148369;0,0000000000;0,0000000000;1;4.6153846154, 35.3846153846, 47.6923076923, 10.7692307692, 1.5384615385, 0, 0, 0;4.6153846154, 0, 6.1538461538, 29.2307692308, 21.5384615385, 26.1538461538, 10.7692307692, 0, 1.5384615385, 0, 0, 0, 0, 0, 0, 0, 0, 0, 0, 0, 0, 0, 0, 0, 0;Europe/Paris;27,0
2022-11-30T13:00:00Z;-1;9000003703;hourly;0,7933333333;1,2605042017;105,8823529412;7,5630252101;1,2605042017;1,2605042017;0,0000000000;45,3781512605;60,5042016807;5,0420168067;2,5210084034;0,0000000000;1,2605042017;1;10.7142857143, 41.6666666667, 40.4761904762, 5.9523809524, 0, 1.1904761905, 0, 0;8.3333333333, 2.380952381, 11.9047619048, 29.7619047619, 29.7619047619, 10.7142857143, 4.7619047619, 1.1904761905, 0, 0, 1.1904761905, 0, 0, 0, 0, 0, 0, 0, 0, 0, 0, 0, 0, 0, 0;Europe/Paris;24,0
2022-11-30T14:00:00Z;-1;9000003703;hourly;0,7741666667;2,5834230355;108,5037674919;2,5834230355;2,5834230355;0,0000000000;2,5834230355;45,2099031216;63,2938643703;1,2917115178;1,2917115178;0,0000000000;2,5834230355;1;21.4285714286, 66.6666666667, 11.9047619048, 0, 0, 0, 0, 0;10.7142857143, 10.7142857143, 30.9523809524, 35.7142857143, 10.7142857143, 1.1904761905, 0, 0, 0, 0, 0, 0, 0, 0, 0, 0, 0, 0, 0, 0, 0, 0, 0, 0, 0;Europe/Paris;17,0
2022-11-30T15:00:00Z;-1;9000003703;hourly;0,7802777778;7,6895692417;111,4987540050;1,2815948736;7,6895692417;1,2815948736;6,4079743681;52,5453898184;58,9533641865;1,2815948736;0,0000000000;0,0000000000;7,6895692417;1;41.3793103448, 11.4942528736, 32.183908046, 12.6436781609, 2.2988505747, 0, 0, 0;32.183908046, 9.1954022989, 6.8965517241, 4.5977011494, 12.6436781609, 19.5402298851, 9.1954022989, 3.4482758621, 2.2988505747, 0, 0, 0, 0, 0, 0, 0, 0, 0, 0, 0, 0, 0, 0, 0, 0;Europe/Paris;27,5
2022-11-30T16:00:00Z;-1;9000003703;hourly;0,3633333333;13,7614678899;154,1284403670;13,7614678899;2,7522935780;8,2568807339;5,5045871560;71,5596330275;82,5688073394;5,5045871560;8,2568807339;0,0000000000;2,7522935780;1;0, 7.1428571429, 57.1428571429, 30.3571428571, 3.5714285714, 0, 0, 1.7857142857;0, 0, 1.7857142857, 5.3571428571, 25, 32.1428571429, 14.2857142857, 16.0714285714, 3.5714285714, 0, 0, 0, 0, 0, 0, 1.7857142857, 0, 0, 0, 0, 0, 0, 0, 0, 0;Europe/Paris;34,5
2022-11-30T17:00:00Z;-1;9000003703;hourly;0,0000000000;0,0000000000;0,0000000000;0,0000000000;0,0000000000;0,0000000000;0,0000000000;0,0000000000;0,0000000000;0,0000000000;0,0000000000;0,0000000000;0,0000000000;1;0, 0, 0, 0, 0, 0, 0, 0;0, 0, 0, 0, 0, 0, 0, 0, 0, 0, 0, 0, 0, 0, 0, 0, 0, 0, 0, 0, 0, 0, 0, 0, 0;Europe/Paris;NA
2022-11-30T18:00:00Z;-1;9000003703;hourly;0,0000000000;0,0000000000;0,0000000000;0,0000000000;0,0000000000;0,0000000000;0,0000000000;0,0000000000;0,0000000000;0,0000000000;0,0000000000;0,0000000000;0,0000000000;1;0, 0, 0, 0, 0, 0, 0, 0;0, 0, 0, 0, 0, 0, 0, 0, 0, 0, 0, 0, 0, 0, 0, 0, 0, 0, 0, 0, 0, 0, 0, 0, 0;Europe/Paris;NA
2022-12-01T07:00:00Z;-1;9000003703;hourly;0,1872222222;0,0000000000;80,1186943620;5,3412462908;5,3412462908;0,0000000000;0,0000000000;58,7537091988;21,3649851632;5,3412462908;0,0000000000;0,0000000000;5,3412462908;1;6.6666666667, 0, 46.6666666667, 26.6666666667, 20, 0, 0, 0;6.6666666667, 0, 0, 0, 13.3333333333, 33.3333333333, 6.6666666667, 20, 20, 0, 0, 0, 0, 0, 0, 0, 0, 0, 0, 0, 0, 0, 0, 0, 0;Europe/Paris;39,0
2022-12-01T08:00:00Z;-1;9000003703;hourly;0,7969444444;7,5287556640;38,8985709306;5,0191704427;3,7643778320;2,5095852213;5,0191704427;25,0958522133;13,8027187173;5,0191704427;0,0000000000;3,7643778320;0,0000000000;1;0, 3.2258064516, 25.8064516129, 61.2903225806, 9.6774193548, 0, 0, 0;0, 0, 3.2258064516, 0, 9.6774193548, 16.1290322581, 45.1612903226, 16.1290322581, 6.4516129032, 3.2258064516, 0, 0, 0, 0, 0, 0, 0, 0, 0, 0, 0, 0, 0, 0, 0;Europe/Paris;36,0
2022-12-01T09:00:00Z;-1;9000003703;hourly;0,7952777778;5,0296891373;40,2375130981;8,8019559902;7,5445337059;1,2574222843;3,7722668530;17,6039119804;22,6336011177;5,0296891373;3,7722668530;6,2871114216;1,2574222843;1;0, 0, 34.375, 53.125, 12.5, 0, 0, 0;0, 0, 0, 0, 3.125, 31.25, 28.125, 25, 6.25, 6.25, 0, 0, 0, 0, 0, 0, 0, 0, 0, 0, 0, 0, 0, 0, 0;Europe/Paris;37,0
2022-12-01T10:00:00Z;-1;9000003703;hourly;0,7972222222;7,5261324042;37,6306620209;3,7630662021;7,5261324042;2,5087108014;5,0174216028;15,0522648084;22,5783972125;0,0000000000;3,7630662021;0,0000000000;7,5261324042;1;0, 0, 23.3333333333, 56.6666666667, 20, 0, 0, 0;0, 0, 0, 0, 0, 23.3333333333, 36.6666666667, 20, 10, 10, 0, 0, 0, 0, 0, 0, 0, 0, 0, 0, 0, 0, 0, 0, 0;Europe/Paris;40,0
2022-12-01T11:00:00Z;-1;9000003703;hourly;0,7886111111;3,8041563931;55,7942937654;16,4846777034;5,0722085241;2,5361042621;1,2680521310;17,7527298344;38,0415639310;10,1444170483;6,3402606552;1,2680521310;3,8041563931;1;0, 4.5454545455, 25, 40.9090909091, 27.2727272727, 2.2727272727, 0, 0;0, 0, 2.2727272727, 2.2727272727, 11.3636363636, 13.6363636364, 13.6363636364, 27.2727272727, 22.7272727273, 4.5454545455, 2.2727272727, 0, 0, 0, 0, 0, 0, 0, 0, 0, 0, 0, 0, 0, 0;Europe/Paris;40,5
2022-12-01T12:00:00Z;-1;9000003703;hourly;0,7558333333;3,9691289967;26,4608599779;11,9073869901;7,9382579934;2,6460859978;1,3230429989;10,5843439912;15,8765159868;10,5843439912;1,3230429989;3,9691289967;3,9691289967;1;15, 5, 65, 15, 0, 0, 0, 0;15, 0, 0, 5, 25, 40, 15, 0, 0, 0, 0, 0, 0, 0, 0, 0, 0, 0, 0, 0, 0, 0, 0, 0, 0;Europe/Paris;27,5
2022-12-01T13:00:00Z;-1;9000003703;hourly;0,8125000000;6,1538461538;48,0000000000;3,6923076923;0,0000000000;2,4615384615;3,6923076923;23,3846153846;24,6153846154;2,4615384615;1,2307692308;0,0000000000;0,0000000000;1;2.5641025641, 35.8974358974, 51.2820512821, 10.2564102564, 0, 0, 0, 0;2.5641025641, 0, 12.8205128205, 23.0769230769, 30.7692307692, 20.5128205128, 7.6923076923, 2.5641025641, 0, 0, 0, 0, 0, 0, 0, 0, 0, 0, 0, 0, 0, 0, 0, 0, 0;Europe/Paris;26,5
2022-12-01T14:00:00Z;-1;9000003703;hourly;0,7747222222;9,0354965938;38,7235568304;3,8723556830;2,5815704554;1,2907852277;7,7447113661;14,1986375045;24,5249193259;2,5815704554;1,2907852277;1,2907852277;1,2907852277;1;36.6666666667, 53.3333333333, 10, 0, 0, 0, 0, 0;33.3333333333, 3.3333333333, 26.6666666667, 26.6666666667, 6.6666666667, 3.3333333333, 0, 0, 0, 0, 0, 0, 0, 0, 0, 0, 0, 0, 0, 0, 0, 0, 0, 0, 0;Europe/Paris;16,5
2022-12-01T15:00:00Z;-1;9000003703;hourly;0,7855555556;10,1838755304;81,4710042433;39,4625176803;34,3705799151;2,5459688826;7,6379066478;29,2786421499;52,1923620934;11,4568599717;28,0056577086;7,6379066478;26,7326732673;1;26.5625, 18.75, 37.5, 15.625, 1.5625, 0, 0, 0;20.3125, 6.25, 6.25, 12.5, 17.1875, 20.3125, 10.9375, 4.6875, 1.5625, 0, 0, 0, 0, 0, 0, 0, 0, 0, 0, 0, 0, 0, 0, 0, 0;Europe/Paris;28,5
2022-12-01T16:00:00Z;-1;9000003703;hourly;0,2872222222;31,3346228240;125,3384912959;17,4081237911;27,8529980658;24,3713733075;6,9632495164;31,3346228240;94,0038684720;6,9632495164;10,4448742747;27,8529980658;0,0000000000;1;2.7777777778, 13.8888888889, 38.8888888889, 36.1111111111, 8.3333333333, 0, 0, 0;2.7777777778, 0, 5.5555555556, 8.3333333333, 11.1111111111, 27.7777777778, 16.6666666667, 19.4444444444, 8.3333333333, 0, 0, 0, 0, 0, 0, 0, 0, 0, 0, 0, 0, 0, 0, 0, 0;Europe/Paris;36,0
2022-12-01T17:00:00Z;-1;9000003703;hourly;0,0000000000;0,0000000000;0,0000000000;0,0000000000;0,0000000000;0,0000000000;0,0000000000;0,0000000000;0,0000000000;0,0000000000;0,0000000000;0,0000000000;0,0000000000;1;0, 0, 0, 0, 0, 0, 0, 0;0, 0, 0, 0, 0, 0, 0, 0, 0, 0, 0, 0, 0, 0, 0, 0, 0, 0, 0, 0, 0, 0, 0, 0, 0;Europe/Paris;NA
2022-12-01T18:00:00Z;-1;9000003703;hourly;0,0000000000;0,0000000000;0,0000000000;0,0000000000;0,0000000000;0,0000000000;0,0000000000;0,0000000000;0,0000000000;0,0000000000;0,0000000000;0,0000000000;0,0000000000;1;0, 0, 0, 0, 0, 0, 0, 0;0, 0, 0, 0, 0, 0, 0, 0, 0, 0, 0, 0, 0, 0, 0, 0, 0, 0, 0, 0, 0, 0, 0, 0, 0;Europe/Paris;NA
2022-12-02T10:00:00Z;-1;9000003703;hourly;0,8977777778;4,4554455446;22,2772277228;12,2524752475;0,0000000000;3,3415841584;1,1138613861;7,7970297030;14,4801980198;10,0247524752;2,2277227723;0,0000000000;0,0000000000;1;5, 10, 40, 45, 0, 0, 0, 0;0, 5, 0, 10, 15, 25, 35, 10, 0, 0, 0, 0, 0, 0, 0, 0, 0, 0, 0, 0, 0, 0, 0, 0, 0;Europe/Paris;32,0
2022-12-02T11:00:00Z;-1;9000003703;hourly;0,7855555556;16,5487977369;66,1951909477;6,3649222065;3,8189533239;7,6379066478;8,9108910891;21,6407355021;44,5544554455;1,2729844413;5,0919377652;0,0000000000;3,8189533239;1;1.9230769231, 0, 36.5384615385, 44.2307692308, 17.3076923077, 0, 0, 0;1.9230769231, 0, 0, 0, 21.1538461538, 15.3846153846, 19.2307692308, 25, 11.5384615385, 5.7692307692, 0, 0, 0, 0, 0, 0, 0, 0, 0, 0, 0, 0, 0, 0, 0;Europe/Paris;38,5
2022-12-02T12:00:00Z;-1;9000003703;hourly;0,8005555556;2,4982650937;83,6918806384;9,9930603747;13,7404580153;0,0000000000;2,4982650937;32,4774462179;51,2144344205;7,4947952811;2,4982650937;7,4947952811;6,2456627342;1;1.4925373134, 2.9850746269, 29.8507462687, 50.7462686567, 14.9253731343, 0, 0, 0;0, 1.4925373134, 0, 2.9850746269, 10.447761194, 19.4029850746, 32.8358208955, 17.9104477612, 8.9552238806, 5.9701492537, 0, 0, 0, 0, 0, 0, 0, 0, 0, 0, 0, 0, 0, 0, 0;Europe/Paris;37,5
2022-12-02T13:00:00Z;-1;9000003703;hourly;0,8022222222;9,9722991690;51,1080332410;1,2465373961;3,7396121884;3,7396121884;6,2326869806;18,6980609418;32,4099722992;1,2465373961;0,0000000000;2,4930747922;1,2465373961;1;0, 0, 19.512195122, 46.3414634146, 34.1463414634, 0, 0, 0;0, 0, 0, 0, 12.1951219512, 7.3170731707, 19.512195122, 26.8292682927, 24.3902439024, 9.756097561, 0, 0, 0, 0, 0, 0, 0, 0, 0, 0, 0, 0, 0, 0, 0;Europe/Paris;41,5
2022-12-02T14:00:00Z;-1;9000003703;hourly;0,8016666667;3,7422037422;77,3388773389;6,2370062370;7,4844074844;1,2474012474;2,4948024948;36,1746361746;41,1642411642;2,4948024948;3,7422037422;1,2474012474;6,2370062370;1;0, 3.2258064516, 25.8064516129, 54.8387096774, 14.5161290323, 1.6129032258, 0, 0;0, 0, 0, 3.2258064516, 12.9032258065, 12.9032258065, 35.4838709677, 19.3548387097, 12.9032258065, 1.6129032258, 1.6129032258, 0, 0, 0, 0, 0, 0, 0, 0, 0, 0, 0, 0, 0, 0;Europe/Paris;38,0
2022-12-02T15:00:00Z;-1;9000003703;hourly;0,8036111111;18,6657449015;118,2163843761;52,2640857242;42,3090217767;8,7106809540;9,9550639475;44,7977877636;73,4185966125;14,9325959212;37,3314898030;14,9325959212;27,3764258555;1;4.2105263158, 14.7368421053, 41.0526315789, 28.4210526316, 10.5263157895, 1.0526315789, 0, 0;2.1052631579, 2.1052631579, 3.1578947368, 11.5789473684, 8.4210526316, 32.6315789474, 17.8947368421, 10.5263157895, 10.5263157895, 0, 0, 1.0526315789, 0, 0, 0, 0, 0, 0, 0, 0, 0, 0, 0, 0, 0;Europe/Paris;36,0
2022-12-02T16:00:00Z;-1;9000003703;hourly;0,3005555556;29,9445471349;206,2846580407;13,3086876155;39,9260628466;23,2902033272;6,6543438078;83,1792975970;123,1053604436;9,9815157116;3,3271719039;29,9445471349;9,9815157116;1;3.2258064516, 4.8387096774, 54.8387096774, 27.4193548387, 9.6774193548, 0, 0, 0;3.2258064516, 0, 3.2258064516, 1.6129032258, 22.5806451613, 32.2580645161, 14.5161290323, 12.9032258065, 6.4516129032, 3.2258064516, 0, 0, 0, 0, 0, 0, 0, 0, 0, 0, 0, 0, 0, 0, 0;Europe/Paris;35,5
2022-12-02T17:00:00Z;-1;9000003703;hourly;0,0000000000;0,0000000000;0,0000000000;0,0000000000;0,0000000000;0,0000000000;0,0000000000;0,0000000000;0,0000000000;0,0000000000;0,0000000000;0,0000000000;0,0000000000;1;0, 0, 0, 0, 0, 0, 0, 0;0, 0, 0, 0, 0, 0, 0, 0, 0, 0, 0, 0, 0, 0, 0, 0, 0, 0, 0, 0, 0, 0, 0, 0, 0;Europe/Paris;NA
2022-12-02T18:00:00Z;-1;9000003703;hourly;0,0000000000;0,0000000000;0,0000000000;0,0000000000;0,0000000000;0,0000000000;0,0000000000;0,0000000000;0,0000000000;0,0000000000;0,0000000000;0,0000000000;0,0000000000;1;0, 0, 0, 0, 0, 0, 0, 0;0, 0, 0, 0, 0, 0, 0, 0, 0, 0, 0, 0, 0, 0, 0, 0, 0, 0, 0, 0, 0, 0, 0, 0, 0;Europe/Paris;NA
2022-12-03T09:00:00Z;-1;9000003703;hourly;0,8727777778;1,1457670274;68,7460216423;10,3119032463;9,1661362190;0,0000000000;1,1457670274;17,1865054106;51,5595162317;5,7288351369;4,5830681095;3,4373010821;5,7288351369;1;0, 3.3333333333, 31.6666666667, 53.3333333333, 11.6666666667, 0, 0, 0;0, 0, 1.6666666667, 1.6666666667, 10, 21.6666666667, 38.3333333333, 15, 10, 1.6666666667, 0, 0, 0, 0, 0, 0, 0, 0, 0, 0, 0, 0, 0, 0, 0;Europe/Paris;36,5
2022-12-03T10:00:00Z;-1;9000003703;hourly;0,7988888889;1,2517385257;147,7051460362;11,2656467316;6,2586926287;0,0000000000;1,2517385257;82,6147426982;65,0904033380;10,0139082058;1,2517385257;2,5034770515;3,7552155772;1;1.6949152542, 1.6949152542, 37.2881355932, 48.3050847458, 10.1694915254, 0.8474576271, 0, 0;0.8474576271, 0.8474576271, 0.8474576271, 0.8474576271, 12.7118644068, 24.5762711864, 30.5084745763, 17.7966101695, 7.6271186441, 2.5423728814, 0.8474576271, 0, 0, 0, 0, 0, 0, 0, 0, 0, 0, 0, 0, 0, 0;Europe/Paris;36,5
2022-12-03T11:00:00Z;-1;9000003703;hourly;0,7847222222;5,0973451327;138,9026548673;6,3716814159;11,4690265487;3,8230088496;1,2743362832;68,8141592920;70,0884955752;3,8230088496;2,5486725664;8,9203539823;2,5486725664;1;0.9174311927, 6.4220183486, 39.4495412844, 39.4495412844, 11.0091743119, 2.752293578, 0, 0;0.9174311927, 0, 0, 6.4220183486, 11.9266055046, 27.5229357798, 20.1834862385, 19.2660550459, 9.1743119266, 1.8348623853, 0.9174311927, 1.8348623853, 0, 0, 0, 0, 0, 0, 0, 0, 0, 0, 0, 0, 0;Europe/Paris;37,0
2022-12-03T12:00:00Z;-1;9000003703;hourly;0,8036111111;3,7331489803;110,7500864155;6,2219149672;4,9775319737;1,2443829934;2,4887659869;47,2865537504;63,4635326651;2,4887659869;3,7331489803;3,7331489803;1,2443829934;1;1.1235955056, 1.1235955056, 34.8314606742, 40.4494382022, 21.3483146067, 1.1235955056, 0, 0;1.1235955056, 0, 0, 1.1235955056, 12.3595505618, 22.4719101124, 28.0898876404, 12.3595505618, 15.7303370787, 5.6179775281, 1.1235955056, 0, 0, 0, 0, 0, 0, 0, 0, 0, 0, 0, 0, 0, 0;Europe/Paris;40,0
2022-12-03T13:00:00Z;-1;9000003703;hourly;0,8000000000;6,2500000000;136,2500000000;7,5000000000;5,0000000000;2,5000000000;3,7500000000;42,5000000000;93,7500000000;2,5000000000;5,0000000000;1,2500000000;3,7500000000;1;0.9174311927, 1.8348623853, 37.6146788991, 44.9541284404, 12.8440366972, 1.8348623853, 0, 0;0, 0.9174311927, 0, 1.8348623853, 11.0091743119, 26.6055045872, 32.1100917431, 12.8440366972, 9.1743119266, 3.6697247706, 1.8348623853, 0, 0, 0, 0, 0, 0, 0, 0, 0, 0, 0, 0, 0, 0;Europe/Paris;37,5
2022-12-03T14:00:00Z;-1;9000003703;hourly;0,8008333333;4,9947970864;207,2840790843;1,2486992716;17,4817898023;0,0000000000;4,9947970864;98,6472424558;108,6368366285;1,2486992716;0,0000000000;8,7408949011;8,7408949011;1;1.2048192771, 7.8313253012, 46.3855421687, 37.9518072289, 5.421686747, 1.2048192771, 0, 0;1.2048192771, 0, 0.6024096386, 7.2289156627, 16.265060241, 30.1204819277, 21.686746988, 16.265060241, 4.8192771084, 0.6024096386, 0.6024096386, 0.6024096386, 0, 0, 0, 0, 0, 0, 0, 0, 0, 0, 0, 0, 0;Europe/Paris;35,0
2022-12-03T15:00:00Z;-1;9000003703;hourly;0,7719444444;6,4771500540;178,7693414897;11,6588700972;19,4314501619;0,0000000000;6,4771500540;86,7938107233;91,9755307665;7,7725800648;3,8862900324;6,4771500540;12,9543001080;1;2.1739130435, 10.1449275362, 55.7971014493, 24.6376811594, 6.5217391304, 0.7246376812, 0, 0;2.1739130435, 0, 2.8985507246, 7.2463768116, 19.5652173913, 36.231884058, 19.5652173913, 5.0724637681, 5.7971014493, 0.7246376812, 0, 0.7246376812, 0, 0, 0, 0, 0, 0, 0, 0, 0, 0, 0, 0, 0;Europe/Paris;32,0
2022-12-03T16:00:00Z;-1;9000003703;hourly;0,0000000000;0,0000000000;0,0000000000;0,0000000000;0,0000000000;0,0000000000;0,0000000000;0,0000000000;0,0000000000;0,0000000000;0,0000000000;0,0000000000;0,0000000000;1;0, 0, 0, 0, 0, 0, 0, 0;0, 0, 0, 0, 0, 0, 0, 0, 0, 0, 0, 0, 0, 0, 0, 0, 0, 0, 0, 0, 0, 0, 0, 0, 0;Europe/Paris;NA
2022-12-03T17:00:00Z;-1;9000003703;hourly;0,0000000000;0,0000000000;0,0000000000;0,0000000000;0,0000000000;0,0000000000;0,0000000000;0,0000000000;0,0000000000;0,0000000000;0,0000000000;0,0000000000;0,0000000000;1;0, 0, 0, 0, 0, 0, 0, 0;0, 0, 0, 0, 0, 0, 0, 0, 0, 0, 0, 0, 0, 0, 0, 0, 0, 0, 0, 0, 0, 0, 0, 0, 0;Europe/Paris;NA
2022-12-03T18:00:00Z;-1;9000003703;hourly;0,0000000000;0,0000000000;0,0000000000;0,0000000000;0,0000000000;0,0000000000;0,0000000000;0,0000000000;0,0000000000;0,0000000000;0,0000000000;0,0000000000;0,0000000000;1;0, 0, 0, 0, 0, 0, 0, 0;0, 0, 0, 0, 0, 0, 0, 0, 0, 0, 0, 0, 0, 0, 0, 0, 0, 0, 0, 0, 0, 0, 0, 0, 0;Europe/Paris;NA
2022-12-04T10:00:00Z;-1;9000003703;hourly;0,9002777778;3,3323048442;108,8552915767;9,9969145326;11,1076828139;2,2215365628;1,1107682814;48,8738043814;59,9814871953;6,6646096884;3,3323048442;5,5538414070;5,5538414070;1;3.0612244898, 16.3265306122, 57.1428571429, 22.4489795918, 1.0204081633, 0, 0, 0;2.0408163265, 1.0204081633, 1.0204081633, 15.306122449, 28.5714285714, 28.5714285714, 15.306122449, 7.1428571429, 0, 1.0204081633, 0, 0, 0, 0, 0, 0, 0, 0, 0, 0, 0, 0, 0, 0, 0;Europe/Paris;30,5
2022-12-04T11:00:00Z;-1;9000003703;hourly;0,7802777778;3,8447846209;158,9177643289;17,9423282307;21,7871128515;1,2815948736;2,5631897472;102,5275898896;56,3901744393;7,6895692417;10,2527589890;14,0975436098;7,6895692417;1;1.6129032258, 8.064516129, 53.2258064516, 29.8387096774, 6.4516129032, 0.8064516129, 0, 0;1.6129032258, 0, 2.4193548387, 5.6451612903, 20.1612903226, 33.064516129, 22.5806451613, 7.2580645161, 4.0322580645, 2.4193548387, 0.8064516129, 0, 0, 0, 0, 0, 0, 0, 0, 0, 0, 0, 0, 0, 0;Europe/Paris;32,5
2022-12-04T12:00:00Z;-1;9000003703;hourly;0,8075000000;2,4767801858;126,3157894737;0,0000000000;2,4767801858;0,0000000000;2,4767801858;64,3962848297;61,9195046440;0,0000000000;0,0000000000;1,2383900929;1,2383900929;1;0.9803921569, 2.9411764706, 49.0196078431, 38.2352941176, 7.8431372549, 0.9803921569, 0, 0;0.9803921569, 0, 0.9803921569, 1.9607843137, 19.6078431373, 29.4117647059, 28.431372549, 9.8039215686, 4.9019607843, 2.9411764706, 0, 0.9803921569, 0, 0, 0, 0, 0, 0, 0, 0, 0, 0, 0, 0, 0;Europe/Paris;34,5
2022-12-04T13:00:00Z;-1;9000003703;hourly;0,8055555556;3,7241379310;150,2068965517;14,8965517241;16,1379310345;2,4827586207;1,2413793103;64,5517241379;85,6551724138;4,9655172414;9,9310344828;7,4482758621;8,6896551724;1;1.652892562, 4.958677686, 54.5454545455, 32.2314049587, 6.6115702479, 0, 0, 0;0.826446281, 0.826446281, 0.826446281, 4.132231405, 18.1818181818, 36.3636363636, 23.1404958678, 9.0909090909, 5.7851239669, 0.826446281, 0, 0, 0, 0, 0, 0, 0, 0, 0, 0, 0, 0, 0, 0, 0;Europe/Paris;33,0
2022-12-04T14:00:00Z;-1;9000003703;hourly;0,7961111111;10,0488485694;211,0258199581;21,3538032100;45,2198185625;6,2805303559;3,7683182135;99,2323796232;111,7934403350;6,2805303559;15,0732728542;21,3538032100;23,8660153524;1;4.1666666667, 13.0952380952, 54.7619047619, 26.1904761905, 1.7857142857, 0, 0, 0;1.1904761905, 2.9761904762, 0, 13.0952380952, 32.7380952381, 22.0238095238, 18.4523809524, 7.7380952381, 0.5952380952, 1.1904761905, 0, 0, 0, 0, 0, 0, 0, 0, 0, 0, 0, 0, 0, 0, 0;Europe/Paris;31,0
2022-12-04T15:00:00Z;-1;9000003703;hourly;0,7969444444;11,2931334960;151,8299058906;13,8027187173;26,3506448240;3,7643778320;7,5287556640;95,3642384106;56,4656674800;3,7643778320;10,0383408853;20,0766817707;6,2739630533;1;0.826446281, 12.3966942149, 52.0661157025, 28.9256198347, 4.132231405, 0.826446281, 0, 0.826446281;0.826446281, 0, 2.479338843, 9.9173553719, 23.9669421488, 28.0991735537, 19.0082644628, 9.9173553719, 2.479338843, 1.652892562, 0.826446281, 0, 0, 0, 0, 0, 0, 0, 0, 0, 0.826446281, 0, 0, 0, 0;Europe/Paris;33,0
2022-12-04T16:00:00Z;-1;9000003703;hourly;0,0275000000;0,0000000000;72,7272727273;0,0000000000;0,0000000000;0,0000000000;0,0000000000;36,3636363636;36,3636363636;0,0000000000;0,0000000000;0,0000000000;0,0000000000;1;0, 0, 50, 0, 50, 0, 0, 0;0, 0, 0, 0, 50, 0, 0, 0, 50, 0, 0, 0, 0, 0, 0, 0, 0, 0, 0, 0, 0, 0, 0, 0, 0;Europe/Paris;41,0
2022-12-04T17:00:00Z;-1;9000003703;hourly;0,0000000000;0,0000000000;0,0000000000;0,0000000000;0,0000000000;0,0000000000;0,0000000000;0,0000000000;0,0000000000;0,0000000000;0,0000000000;0,0000000000;0,0000000000;1;0, 0, 0, 0, 0, 0, 0, 0;0, 0, 0, 0, 0, 0, 0, 0, 0, 0, 0, 0, 0, 0, 0, 0, 0, 0, 0, 0, 0, 0, 0, 0, 0;Europe/Paris;NA
2022-12-04T18:00:00Z;-1;9000003703;hourly;0,0000000000;0,0000000000;0,0000000000;0,0000000000;0,0000000000;0,0000000000;0,0000000000;0,0000000000;0,0000000000;0,0000000000;0,0000000000;0,0000000000;0,0000000000;1;0, 0, 0, 0, 0, 0, 0, 0;0, 0, 0, 0, 0, 0, 0, 0, 0, 0, 0, 0, 0, 0, 0, 0, 0, 0, 0, 0, 0, 0, 0, 0, 0;Europe/Paris;NA
2022-12-05T11:00:00Z;-1;9000003703;hourly;0,9388888889;0,0000000000;14,9112426036;3,1952662722;1,0650887574;0,0000000000;0,0000000000;8,5207100592;6,3905325444;2,1301775148;1,0650887574;1,0650887574;0,0000000000;1;0, 7.1428571429, 35.7142857143, 42.8571428571, 14.2857142857, 0, 0, 0;0, 0, 0, 7.1428571429, 0, 35.7142857143, 21.4285714286, 21.4285714286, 14.2857142857, 0, 0, 0, 0, 0, 0, 0, 0, 0, 0, 0, 0, 0, 0, 0, 0;Europe/Paris;37,5
2022-12-05T12:00:00Z;-1;9000003703;hourly;0,8050000000;6,2111801242;55,9006211180;3,7267080745;12,4223602484;1,2422360248;4,9689440994;28,5714285714;27,3291925466;2,4844720497;1,2422360248;7,4534161491;4,9689440994;1;0, 0, 40, 37.7777777778, 22.2222222222, 0, 0, 0;0, 0, 0, 0, 15.5555555556, 24.4444444444, 17.7777777778, 20, 17.7777777778, 4.4444444444, 0, 0, 0, 0, 0, 0, 0, 0, 0, 0, 0, 0, 0, 0, 0;Europe/Paris;39,5
2022-12-05T13:00:00Z;-1;9000003703;hourly;0,8011111111;8,7378640777;43,6893203883;13,7309292649;8,7378640777;4,9930651872;3,7447988904;16,2274618585;27,4618585298;4,9930651872;8,7378640777;4,9930651872;3,7447988904;1;0, 5.7142857143, 22.8571428571, 57.1428571429, 14.2857142857, 0, 0, 0;0, 0, 5.7142857143, 0, 0, 22.8571428571, 25.7142857143, 31.4285714286, 14.2857142857, 0, 0, 0, 0, 0, 0, 0, 0, 0, 0, 0, 0, 0, 0, 0, 0;Europe/Paris;37,5
2022-12-05T14:00:00Z;-1;9000003703;hourly;0,7947222222;12,5830129325;51,5903530234;6,2915064663;21,3911219853;3,7749038798;8,8081090528;27,6826284516;23,9077245718;6,2915064663;0,0000000000;15,0996155190;6,2915064663;1;0, 4.8780487805, 39.0243902439, 41.4634146341, 14.6341463415, 0, 0, 0;0, 0, 2.4390243902, 2.4390243902, 9.756097561, 29.2682926829, 21.9512195122, 19.512195122, 7.3170731707, 7.3170731707, 0, 0, 0, 0, 0, 0, 0, 0, 0, 0, 0, 0, 0, 0, 0;Europe/Paris;37,5
2022-12-05T15:00:00Z;-1;9000003703;hourly;0,7994444444;6,2543432940;96,3168867269;33,7734537874;67,5469075747;3,7526059764;2,5017373176;37,5260597637;58,7908269632;6,2543432940;27,5191104934;17,5121612231;50,0347463516;1;1.2987012987, 9.0909090909, 36.3636363636, 45.4545454545, 7.7922077922, 0, 0, 0;1.2987012987, 0, 1.2987012987, 7.7922077922, 12.987012987, 23.3766233766, 24.6753246753, 20.7792207792, 6.4935064935, 1.2987012987, 0, 0, 0, 0, 0, 0, 0, 0, 0, 0, 0, 0, 0, 0, 0;Europe/Paris;36,0
2022-12-05T16:00:00Z;-1;9000003703;hourly;0,1033333333;87,0967741935;96,7741935484;0,0000000000;58,0645161290;67,7419354839;19,3548387097;19,3548387097;77,4193548387;0,0000000000;0,0000000000;48,3870967742;9,6774193548;1;0, 0, 20, 70, 10, 0, 0, 0;0, 0, 0, 0, 0, 20, 40, 30, 10, 0, 0, 0, 0, 0, 0, 0, 0, 0, 0, 0, 0, 0, 0, 0, 0;Europe/Paris;36,5
2022-12-05T17:00:00Z;-1;9000003703;hourly;0,0000000000;0,0000000000;0,0000000000;0,0000000000;0,0000000000;0,0000000000;0,0000000000;0,0000000000;0,0000000000;0,0000000000;0,0000000000;0,0000000000;0,0000000000;1;0, 0, 0, 0, 0, 0, 0, 0;0, 0, 0, 0, 0, 0, 0, 0, 0, 0, 0, 0, 0, 0, 0, 0, 0, 0, 0, 0, 0, 0, 0, 0, 0;Europe/Paris;NA
2022-12-05T18:00:00Z;-1;9000003703;hourly;0,0000000000;0,0000000000;0,0000000000;0,0000000000;0,0000000000;0,0000000000;0,0000000000;0,0000000000;0,0000000000;0,0000000000;0,0000000000;0,0000000000;0,0000000000;1;0, 0, 0, 0, 0, 0, 0, 0;0, 0, 0, 0, 0, 0, 0, 0, 0, 0, 0, 0, 0, 0, 0, 0, 0, 0, 0, 0, 0, 0, 0, 0, 0;Europe/Paris;NA
2022-12-06T12:00:00Z;-1;9000003703;hourly;0,8613888889;3,4827475008;41,7929700097;5,8045791680;3,4827475008;1,1609158336;2,3218316672;22,0574008384;19,7355691712;3,4827475008;2,3218316672;3,4827475008;0,0000000000;1;2.7777777778, 33.3333333333, 52.7777777778, 8.3333333333, 2.7777777778, 0, 0, 0;0, 2.7777777778, 5.5555555556, 27.7777777778, 25, 27.7777777778, 8.3333333333, 0, 0, 2.7777777778, 0, 0, 0, 0, 0, 0, 0, 0, 0, 0, 0, 0, 0, 0, 0;Europe/Paris;27,0
2022-12-06T13:00:00Z;-1;9000003703;hourly;0,8180555556;7,3344651952;33,0050933786;1,2224108659;1,2224108659;3,6672325976;3,6672325976;18,3361629881;14,6689303905;0,0000000000;1,2224108659;1,2224108659;0,0000000000;1;14.8148148148, 37.037037037, 44.4444444444, 3.7037037037, 0, 0, 0, 0;3.7037037037, 11.1111111111, 14.8148148148, 22.2222222222, 18.5185185185, 25.9259259259, 3.7037037037, 0, 0, 0, 0, 0, 0, 0, 0, 0, 0, 0, 0, 0, 0, 0, 0, 0, 0;Europe/Paris;25,5
2022-12-06T14:00:00Z;-1;9000003703;hourly;0,7908333333;8,8514225501;68,2824025290;2,5289778714;0,0000000000;2,5289778714;6,3224446786;29,0832455216;39,1991570074;1,2644889357;1,2644889357;0,0000000000;0,0000000000;1;24.0740740741, 68.5185185185, 7.4074074074, 0, 0, 0, 0, 0;14.8148148148, 9.2592592593, 33.3333333333, 35.1851851852, 5.5555555556, 1.8518518519, 0, 0, 0, 0, 0, 0, 0, 0, 0, 0, 0, 0, 0, 0, 0, 0, 0, 0, 0;Europe/Paris;16,5
2022-12-06T15:00:00Z;-1;9000003703;hourly;0,7852777778;12,7343473647;95,5076052352;48,3905199859;31,8358684117;6,3671736823;6,3671736823;44,5702157764;50,9373894588;3,8203042094;44,5702157764;14,0077821012;17,8280863106;1;17.3333333333, 13.3333333333, 48, 17.3333333333, 4, 0, 0, 0;12, 5.3333333333, 6.6666666667, 6.6666666667, 25.3333333333, 22.6666666667, 8, 9.3333333333, 2.6666666667, 1.3333333333, 0, 0, 0, 0, 0, 0, 0, 0, 0, 0, 0, 0, 0, 0, 0;Europe/Paris;31,5
2022-12-06T16:00:00Z;-1;9000003703;hourly;0,2469444444;48,5939257593;125,5343082115;32,3959505062;40,4949381327;32,3959505062;16,1979752531;52,6434195726;72,8908886389;24,2969628796;8,0989876265;40,4949381327;0,0000000000;1;3.2258064516, 19.3548387097, 22.5806451613, 41.935483871, 12.9032258065, 0, 0, 0;3.2258064516, 0, 0, 19.3548387097, 16.1290322581, 6.4516129032, 19.3548387097, 22.5806451613, 12.9032258065, 0, 0, 0, 0, 0, 0, 0, 0, 0, 0, 0, 0, 0, 0, 0, 0;Europe/Paris;37,0
2022-12-06T17:00:00Z;-1;9000003703;hourly;0,0000000000;0,0000000000;0,0000000000;0,0000000000;0,0000000000;0,0000000000;0,0000000000;0,0000000000;0,0000000000;0,0000000000;0,0000000000;0,0000000000;0,0000000000;1;0, 0, 0, 0, 0, 0, 0, 0;0, 0, 0, 0, 0, 0, 0, 0, 0, 0, 0, 0, 0, 0, 0, 0, 0, 0, 0, 0, 0, 0, 0, 0, 0;Europe/Paris;NA
2022-12-06T18:00:00Z;-1;9000003703;hourly;0,0000000000;0,0000000000;0,0000000000;0,0000000000;0,0000000000;0,0000000000;0,0000000000;0,0000000000;0,0000000000;0,0000000000;0,0000000000;0,0000000000;0,0000000000;1;0, 0, 0, 0, 0, 0, 0, 0;0, 0, 0, 0, 0, 0, 0, 0, 0, 0, 0, 0, 0, 0, 0, 0, 0, 0, 0, 0, 0, 0, 0, 0, 0;Europe/Paris;NA
2022-12-07T09:00:00Z;-1;9000003703;hourly;0,8655555556;2,3106546855;23,1065468549;3,4659820282;9,2426187420;0,0000000000;2,3106546855;8,0872913992;15,0192554557;2,3106546855;1,1553273427;2,3106546855;6,9319640565;1;5, 0, 20, 40, 35, 0, 0, 0;5, 0, 0, 0, 5, 15, 5, 35, 25, 10, 0, 0, 0, 0, 0, 0, 0, 0, 0, 0, 0, 0, 0, 0, 0;Europe/Paris;41,5
2022-12-07T10:00:00Z;-1;9000003703;hourly;0,8033333333;7,4688796680;51,0373443983;2,4896265560;11,2033195021;3,7344398340;3,7344398340;21,1618257261;29,8755186722;0,0000000000;2,4896265560;4,9792531120;6,2240663900;1;2.4390243902, 4.8780487805, 14.6341463415, 58.5365853659, 17.0731707317, 2.4390243902, 0, 0;2.4390243902, 0, 0, 4.8780487805, 4.8780487805, 9.756097561, 29.2682926829, 29.2682926829, 14.6341463415, 2.4390243902, 2.4390243902, 0, 0, 0, 0, 0, 0, 0, 0, 0, 0, 0, 0, 0, 0;Europe/Paris;39,0
2022-12-07T11:00:00Z;-1;9000003703;hourly;0,8000000000;30,0000000000;93,7500000000;17,5000000000;41,2500000000;15,0000000000;15,0000000000;27,5000000000;66,2500000000;2,5000000000;15,0000000000;12,5000000000;28,7500000000;1;4, 5.3333333333, 32, 45.3333333333, 10.6666666667, 2.6666666667, 0, 0;4, 0, 4, 1.3333333333, 9.3333333333, 22.6666666667, 22.6666666667, 22.6666666667, 9.3333333333, 1.3333333333, 2.6666666667, 0, 0, 0, 0, 0, 0, 0, 0, 0, 0, 0, 0, 0, 0;Europe/Paris;37,0
2022-12-07T12:00:00Z;-1;9000003703;hourly;0,7802777778;11,5343538626;65,3613385546;11,5343538626;10,2527589890;3,8447846209;7,6895692417;32,0398718405;33,3214667141;8,9711641153;2,5631897472;5,1263794945;5,1263794945;1;5.8823529412, 5.8823529412, 43.137254902, 37.2549019608, 7.8431372549, 0, 0, 0;5.8823529412, 0, 3.9215686275, 1.9607843137, 17.6470588235, 25.4901960784, 23.5294117647, 13.7254901961, 5.8823529412, 1.9607843137, 0, 0, 0, 0, 0, 0, 0, 0, 0, 0, 0, 0, 0, 0, 0;Europe/Paris;35,0
2022-12-07T13:00:00Z;-1;9000003703;hourly;0,7858333333;11,4528101803;100,5302226935;10,1802757158;1,2725344645;6,3626723224;5,0901378579;48,3563096501;52,1739130435;2,5450689290;7,6352067869;0,0000000000;1,2725344645;1;7.5949367089, 41.7721518987, 43.0379746835, 6.3291139241, 0, 0, 0, 1.2658227848;3.7974683544, 3.7974683544, 12.6582278481, 29.1139240506, 31.6455696203, 11.3924050633, 5.0632911392, 1.2658227848, 0, 0, 0, 0, 0, 0, 0, 0, 0, 0, 0, 0, 0, 0, 0, 0, 1.2658227848;Europe/Paris;24,5
2022-12-07T14:00:00Z;-1;9000003703;hourly;0,7847222222;3,8230088496;82,8318584071;2,5486725664;2,5486725664;1,2743362832;2,5486725664;44,6017699115;38,2300884956;2,5486725664;0,0000000000;1,2743362832;1,2743362832;1;35.3846153846, 58.4615384615, 6.1538461538, 0, 0, 0, 0, 0;13.8461538462, 21.5384615385, 32.3076923077, 26.1538461538, 3.0769230769, 3.0769230769, 0, 0, 0, 0, 0, 0, 0, 0, 0, 0, 0, 0, 0, 0, 0, 0, 0, 0, 0;Europe/Paris;16,0
2022-12-07T15:00:00Z;-1;9000003703;hourly;0,7830555556;1,2770485988;114,9343738915;11,4934373891;1,2770485988;1,2770485988;0,0000000000;42,1426037602;72,7917701313;5,1081943952;6,3852429940;0,0000000000;1,2770485988;1;35.5555555556, 13.3333333333, 23.3333333333, 24.4444444444, 3.3333333333, 0, 0, 0;27.7777777778, 7.7777777778, 7.7777777778, 5.5555555556, 10, 13.3333333333, 13.3333333333, 11.1111111111, 2.2222222222, 1.1111111111, 0, 0, 0, 0, 0, 0, 0, 0, 0, 0, 0, 0, 0, 0, 0;Europe/Paris;32,5
2022-12-07T16:00:00Z;-1;9000003703;hourly;0,3244444444;15,4109589041;191,0958904110;6,1643835616;9,2465753425;12,3287671233;3,0821917808;92,4657534247;98,6301369863;6,1643835616;0,0000000000;6,1643835616;3,0821917808;1;1.6129032258, 9.6774193548, 43.5483870968, 43.5483870968, 1.6129032258, 0, 0, 0;0, 1.6129032258, 1.6129032258, 8.064516129, 24.1935483871, 19.3548387097, 30.6451612903, 12.9032258065, 1.6129032258, 0, 0, 0, 0, 0, 0, 0, 0, 0, 0, 0, 0, 0, 0, 0, 0;Europe/Paris;32,5
2022-12-07T17:00:00Z;-1;9000003703;hourly;0,0000000000;0,0000000000;0,0000000000;0,0000000000;0,0000000000;0,0000000000;0,0000000000;0,0000000000;0,0000000000;0,0000000000;0,0000000000;0,0000000000;0,0000000000;1;0, 0, 0, 0, 0, 0, 0, 0;0, 0, 0, 0, 0, 0, 0, 0, 0, 0, 0, 0, 0, 0, 0, 0, 0, 0, 0, 0, 0, 0, 0, 0, 0;Europe/Paris;NA
2022-12-07T18:00:00Z;-1;9000003703;hourly;0,0000000000;0,0000000000;0,0000000000;0,0000000000;0,0000000000;0,0000000000;0,0000000000;0,0000000000;0,0000000000;0,0000000000;0,0000000000;0,0000000000;0,0000000000;1;0, 0, 0, 0, 0, 0, 0, 0;0, 0, 0, 0, 0, 0, 0, 0, 0, 0, 0, 0, 0, 0, 0, 0, 0, 0, 0, 0, 0, 0, 0, 0, 0;Europe/Paris;NA
2022-12-08T09:00:00Z;-1;9000003703;hourly;0,8780555556;7,9721607086;20,4998418222;1,1388801012;5,6944005062;6,8332806074;1,1388801012;5,6944005062;14,8054413160;0,0000000000;1,1388801012;0,0000000000;5,6944005062;1;0, 0, 33.3333333333, 38.8888888889, 27.7777777778, 0, 0, 0;0, 0, 0, 0, 0, 33.3333333333, 22.2222222222, 16.6666666667, 22.2222222222, 5.5555555556, 0, 0, 0, 0, 0, 0, 0, 0, 0, 0, 0, 0, 0, 0, 0;Europe/Paris;40,5
2022-12-08T10:00:00Z;-1;9000003703;hourly;0,7977777778;6,2674094708;35,0974930362;5,0139275766;5,0139275766;3,7604456825;2,5069637883;13,7883008357;21,3091922006;1,2534818942;3,7604456825;2,5069637883;2,5069637883;1;0, 0, 14.2857142857, 71.4285714286, 14.2857142857, 0, 0, 0;0, 0, 0, 0, 3.5714285714, 10.7142857143, 39.2857142857, 32.1428571429, 14.2857142857, 0, 0, 0, 0, 0, 0, 0, 0, 0, 0, 0, 0, 0, 0, 0, 0;Europe/Paris;37,5
2022-12-08T11:00:00Z;-1;9000003703;hourly;0,8013888889;9,9826689775;48,6655112652;2,4956672444;4,9913344887;3,7435008666;6,2391681109;17,4696707106;31,1958405546;1,2478336222;1,2478336222;1,2478336222;3,7435008666;1;5.1282051282, 2.5641025641, 12.8205128205, 33.3333333333, 38.4615384615, 7.6923076923, 0, 0;5.1282051282, 0, 0, 2.5641025641, 2.5641025641, 10.2564102564, 10.2564102564, 23.0769230769, 25.641025641, 12.8205128205, 5.1282051282, 2.5641025641, 0, 0, 0, 0, 0, 0, 0, 0, 0, 0, 0, 0, 0;Europe/Paris;44,5
2022-12-08T12:00:00Z;-1;9000003703;hourly;0,8061111111;4,9620951068;39,6967608546;3,7215713301;4,9620951068;2,4810475534;2,4810475534;17,3673328739;22,3294279807;1,2405237767;2,4810475534;1,2405237767;3,7215713301;1;0, 0, 25, 43.75, 31.25, 0, 0, 0;0, 0, 0, 0, 9.375, 15.625, 25, 18.75, 15.625, 15.625, 0, 0, 0, 0, 0, 0, 0, 0, 0, 0, 0, 0, 0, 0, 0;Europe/Paris;42,5
2022-12-08T13:00:00Z;-1;9000003703;hourly;0,8066666667;6,1983471074;38,4297520661;1,2396694215;4,9586776860;1,2396694215;4,9586776860;16,1157024793;22,3140495868;0,0000000000;1,2396694215;1,2396694215;3,7190082645;1;0, 0, 22.5806451613, 64.5161290323, 9.6774193548, 3.2258064516, 0, 0;0, 0, 0, 0, 3.2258064516, 19.3548387097, 12.9032258065, 51.6129032258, 6.4516129032, 3.2258064516, 3.2258064516, 0, 0, 0, 0, 0, 0, 0, 0, 0, 0, 0, 0, 0, 0;Europe/Paris;37,5
2022-12-08T14:00:00Z;-1;9000003703;hourly;0,8033333333;13,6929460581;57,2614107884;8,7136929461;7,4688796680;7,4688796680;6,2240663900;26,1410788382;31,1203319502;0,0000000000;8,7136929461;2,4896265560;4,9792531120;1;2.1739130435, 6.5217391304, 34.7826086957, 41.3043478261, 13.0434782609, 2.1739130435, 0, 0;2.1739130435, 0, 0, 6.5217391304, 4.347826087, 30.4347826087, 26.0869565217, 15.2173913043, 6.5217391304, 6.5217391304, 2.1739130435, 0, 0, 0, 0, 0, 0, 0, 0, 0, 0, 0, 0, 0, 0;Europe/Paris;37,5
2022-12-08T15:00:00Z;-1;9000003703;hourly;0,7972222222;16,3066202091;106,6202090592;38,8850174216;53,9372822300;11,2891986063;5,0174216028;46,4111498258;60,2090592334;7,5261324042;31,3588850174;22,5783972125;31,3588850174;1;1.1764705882, 5.8823529412, 48.2352941176, 38.8235294118, 5.8823529412, 0, 0, 0;0, 1.1764705882, 2.3529411765, 3.5294117647, 32.9411764706, 15.2941176471, 23.5294117647, 15.2941176471, 5.8823529412, 0, 0, 0, 0, 0, 0, 0, 0, 0, 0, 0, 0, 0, 0, 0, 0;Europe/Paris;34,5
2022-12-08T16:00:00Z;-1;9000003703;hourly;0,1408333333;63,9053254438;99,4082840237;21,3017751479;42,6035502959;56,8047337278;7,1005917160;56,8047337278;42,6035502959;21,3017751479;0,0000000000;42,6035502959;0,0000000000;1;0, 7.1428571429, 42.8571428571, 35.7142857143, 14.2857142857, 0, 0, 0;0, 0, 7.1428571429, 0, 21.4285714286, 21.4285714286, 28.5714285714, 7.1428571429, 14.2857142857, 0, 0, 0, 0, 0, 0, 0, 0, 0, 0, 0, 0, 0, 0, 0, 0;Europe/Paris;37,0
2022-12-08T17:00:00Z;-1;9000003703;hourly;0,0000000000;0,0000000000;0,0000000000;0,0000000000;0,0000000000;0,0000000000;0,0000000000;0,0000000000;0,0000000000;0,0000000000;0,0000000000;0,0000000000;0,0000000000;1;0, 0, 0, 0, 0, 0, 0, 0;0, 0, 0, 0, 0, 0, 0, 0, 0, 0, 0, 0, 0, 0, 0, 0, 0, 0, 0, 0, 0, 0, 0, 0, 0;Europe/Paris;NA
2022-12-08T18:00:00Z;-1;9000003703;hourly;0,0000000000;0,0000000000;0,0000000000;0,0000000000;0,0000000000;0,0000000000;0,0000000000;0,0000000000;0,0000000000;0,0000000000;0,0000000000;0,0000000000;0,0000000000;1;0, 0, 0, 0, 0, 0, 0, 0;0, 0, 0, 0, 0, 0, 0, 0, 0, 0, 0, 0, 0, 0, 0, 0, 0, 0, 0, 0, 0, 0, 0, 0, 0;Europe/Paris;NA
2022-12-09T09:00:00Z;-1;9000003703;hourly;0,9908333333;0,0000000000;0,0000000000;0,0000000000;0,0000000000;0,0000000000;0,0000000000;0,0000000000;0,0000000000;0,0000000000;0,0000000000;0,0000000000;0,0000000000;1;0, 0, 0, 0, 0, 0, 0, 0;0, 0, 0, 0, 0, 0, 0, 0, 0, 0, 0, 0, 0, 0, 0, 0, 0, 0, 0, 0, 0, 0, 0, 0, 0;Europe/Paris;NA
2022-12-09T10:00:00Z;-1;9000003703;hourly;0,8013888889;28,7001733102;37,4350086655;9,9826689775;3,7435008666;16,2218370884;12,4783362218;4,9913344887;32,4436741768;7,4870017331;2,4956672444;2,4956672444;1,2478336222;1;10, 6.6666666667, 70, 13.3333333333, 0, 0, 0, 0;6.6666666667, 3.3333333333, 6.6666666667, 0, 40, 30, 6.6666666667, 6.6666666667, 0, 0, 0, 0, 0, 0, 0, 0, 0, 0, 0, 0, 0, 0, 0, 0, 0;Europe/Paris;27,0
2022-12-09T11:00:00Z;-1;9000003703;hourly;0,7997222222;12,5043417853;60,0208405696;5,0017367141;2,5008683571;7,5026050712;5,0017367141;13,7547759639;46,2660646058;0,0000000000;5,0017367141;0,0000000000;2,5008683571;1;6.25, 12.5, 58.3333333333, 22.9166666667, 0, 0, 0, 0;4.1666666667, 2.0833333333, 2.0833333333, 10.4166666667, 22.9166666667, 35.4166666667, 16.6666666667, 6.25, 0, 0, 0, 0, 0, 0, 0, 0, 0, 0, 0, 0, 0, 0, 0, 0, 0;Europe/Paris;30,0
2022-12-09T12:00:00Z;-1;9000003703;hourly;0,8022222222;14,9584487535;73,5457063712;6,2326869806;11,2188365651;2,4930747922;12,4653739612;42,3822714681;31,1634349030;3,7396121884;2,4930747922;8,7257617729;2,4930747922;1;5.0847457627, 35.593220339, 50.8474576271, 8.4745762712, 0, 0, 0, 0;3.3898305085, 1.6949152542, 6.7796610169, 28.813559322, 32.2033898305, 18.6440677966, 8.4745762712, 0, 0, 0, 0, 0, 0, 0, 0, 0, 0, 0, 0, 0, 0, 0, 0, 0, 0;Europe/Paris;26,0
2022-12-09T13:00:00Z;-1;9000003703;hourly;0,8155555556;4,9046321526;50,2724795640;1,2261580381;0,0000000000;1,2261580381;3,6784741144;25,7493188011;24,5231607629;0,0000000000;1,2261580381;0,0000000000;0,0000000000;1;9.756097561, 34.1463414634, 43.9024390244, 12.1951219512, 0, 0, 0, 0;2.4390243902, 7.3170731707, 9.756097561, 24.3902439024, 24.3902439024, 19.512195122, 9.756097561, 2.4390243902, 0, 0, 0, 0, 0, 0, 0, 0, 0, 0, 0, 0, 0, 0, 0, 0, 0;Europe/Paris;27,0
2022-12-09T14:00:00Z;-1;9000003703;hourly;0,7625000000;3,9344262295;53,7704918033;2,6229508197;0,0000000000;1,3114754098;2,6229508197;19,6721311475;34,0983606557;2,6229508197;0,0000000000;0,0000000000;0,0000000000;1;21.9512195122, 68.2926829268, 9.756097561, 0, 0, 0, 0, 0;17.0731707317, 4.8780487805, 39.0243902439, 29.2682926829, 9.756097561, 0, 0, 0, 0, 0, 0, 0, 0, 0, 0, 0, 0, 0, 0, 0, 0, 0, 0, 0, 0;Europe/Paris;16,5
2022-12-09T15:00:00Z;-1;9000003703;hourly;0,7766666667;11,5879828326;101,7167381974;36,0515021459;50,2145922747;2,5751072961;9,0128755365;36,0515021459;65,6652360515;7,7253218884;28,3261802575;12,8755364807;37,3390557940;1;27.8481012658, 20.253164557, 25.3164556962, 24.0506329114, 2.5316455696, 0, 0, 0;22.7848101266, 5.0632911392, 8.8607594937, 11.3924050633, 8.8607594937, 16.4556962025, 20.253164557, 3.7974683544, 2.5316455696, 0, 0, 0, 0, 0, 0, 0, 0, 0, 0, 0, 0, 0, 0, 0, 0;Europe/Paris;30,5
2022-12-09T16:00:00Z;-1;9000003703;hourly;0,2944444444;33,9622641509;129,0566037736;16,9811320755;44,1509433962;27,1698113208;6,7924528302;40,7547169811;88,3018867925;3,3962264151;13,5849056604;33,9622641509;10,1886792453;1;2.6315789474, 5.2631578947, 26.3157894737, 57.8947368421, 7.8947368421, 0, 0, 0;2.6315789474, 0, 0, 5.2631578947, 15.7894736842, 10.5263157895, 39.4736842105, 18.4210526316, 7.8947368421, 0, 0, 0, 0, 0, 0, 0, 0, 0, 0, 0, 0, 0, 0, 0, 0;Europe/Paris;35,5
2022-12-09T17:00:00Z;-1;9000003703;hourly;0,0000000000;0,0000000000;0,0000000000;0,0000000000;0,0000000000;0,0000000000;0,0000000000;0,0000000000;0,0000000000;0,0000000000;0,0000000000;0,0000000000;0,0000000000;1;0, 0, 0, 0, 0, 0, 0, 0;0, 0, 0, 0, 0, 0, 0, 0, 0, 0, 0, 0, 0, 0, 0, 0, 0, 0, 0, 0, 0, 0, 0, 0, 0;Europe/Paris;NA
2022-12-09T18:00:00Z;-1;9000003703;hourly;0,0000000000;0,0000000000;0,0000000000;0,0000000000;0,0000000000;0,0000000000;0,0000000000;0,0000000000;0,0000000000;0,0000000000;0,0000000000;0,0000000000;0,0000000000;1;0, 0, 0, 0, 0, 0, 0, 0;0, 0, 0, 0, 0, 0, 0, 0, 0, 0, 0, 0, 0, 0, 0, 0, 0, 0, 0, 0, 0, 0, 0, 0, 0;Europe/Paris;NA
2022-12-10T03:00:00Z;-1;9000003703;hourly;0,0000000000;0,0000000000;0,0000000000;0,0000000000;0,0000000000;0,0000000000;0,0000000000;0,0000000000;0,0000000000;0,0000000000;0,0000000000;0,0000000000;0,0000000000;1;0, 0, 0, 0, 0, 0, 0, 0;0, 0, 0, 0, 0, 0, 0, 0, 0, 0, 0, 0, 0, 0, 0, 0, 0, 0, 0, 0, 0, 0, 0, 0, 0;Europe/Paris;NA
2022-12-10T04:00:00Z;-1;9000003703;hourly;0,0000000000;0,0000000000;0,0000000000;0,0000000000;0,0000000000;0,0000000000;0,0000000000;0,0000000000;0,0000000000;0,0000000000;0,0000000000;0,0000000000;0,0000000000;1;0, 0, 0, 0, 0, 0, 0, 0;0, 0, 0, 0, 0, 0, 0, 0, 0, 0, 0, 0, 0, 0, 0, 0, 0, 0, 0, 0, 0, 0, 0, 0, 0;Europe/Paris;NA
2022-12-10T05:00:00Z;-1;9000003703;hourly;0,0000000000;0,0000000000;0,0000000000;0,0000000000;0,0000000000;0,0000000000;0,0000000000;0,0000000000;0,0000000000;0,0000000000;0,0000000000;0,0000000000;0,0000000000;1;0, 0, 0, 0, 0, 0, 0, 0;0, 0, 0, 0, 0, 0, 0, 0, 0, 0, 0, 0, 0, 0, 0, 0, 0, 0, 0, 0, 0, 0, 0, 0, 0;Europe/Paris;NA
2022-12-10T06:00:00Z;-1;9000003703;hourly;0,0000000000;0,0000000000;0,0000000000;0,0000000000;0,0000000000;0,0000000000;0,0000000000;0,0000000000;0,0000000000;0,0000000000;0,0000000000;0,0000000000;0,0000000000;1;0, 0, 0, 0, 0, 0, 0, 0;0, 0, 0, 0, 0, 0, 0, 0, 0, 0, 0, 0, 0, 0, 0, 0, 0, 0, 0, 0, 0, 0, 0, 0, 0;Europe/Paris;NA
2022-12-10T07:00:00Z;-1;9000003703;hourly;0,1802777778;0,0000000000;33,2819722650;0,0000000000;5,5469953775;0,0000000000;0,0000000000;22,1879815100;11,0939907550;0,0000000000;0,0000000000;0,0000000000;5,5469953775;1;0, 0, 50, 33.3333333333, 16.6666666667, 0, 0, 0;0, 0, 0, 0, 0, 50, 16.6666666667, 16.6666666667, 0, 16.6666666667, 0, 0, 0, 0, 0, 0, 0, 0, 0, 0, 0, 0, 0, 0, 0;Europe/Paris;43,0
2022-12-10T08:00:00Z;-1;9000003703;hourly;0,7325000000;1,3651877133;73,7201365188;9,5563139932;4,0955631399;0,0000000000;1,3651877133;27,3037542662;46,4163822526;1,3651877133;8,1911262799;0,0000000000;4,0955631399;1;1.8518518519, 3.7037037037, 16.6666666667, 46.2962962963, 22.2222222222, 9.2592592593, 0, 0;1.8518518519, 0, 0, 3.7037037037, 7.4074074074, 9.2592592593, 29.6296296296, 16.6666666667, 16.6666666667, 5.5555555556, 7.4074074074, 1.8518518519, 0, 0, 0, 0, 0, 0, 0, 0, 0, 0, 0, 0, 0;Europe/Paris;42,5
2022-12-10T09:00:00Z;-1;9000003703;hourly;0,7966666667;6,2761506276;64,0167364017;35,1464435146;17,5732217573;1,2552301255;5,0209205021;30,1255230126;33,8912133891;23,8493723849;11,2970711297;8,7866108787;8,7866108787;1;13.7254901961, 19.6078431373, 23.5294117647, 27.4509803922, 13.7254901961, 1.9607843137, 0, 0;5.8823529412, 7.8431372549, 9.8039215686, 9.8039215686, 17.6470588235, 5.8823529412, 19.6078431373, 7.8431372549, 5.8823529412, 7.8431372549, 0, 1.9607843137, 0, 0, 0, 0, 0, 0, 0, 0, 0, 0, 0, 0, 0;Europe/Paris;38,0
2022-12-10T10:00:00Z;-1;9000003703;hourly;0,4613888889;6,5021071644;80,1926550271;13,0042143287;4,3347381096;2,1673690548;4,3347381096;30,3431667670;49,8494882601;6,5021071644;6,5021071644;2,1673690548;2,1673690548;1;5.4054054054, 24.3243243243, 70.2702702703, 0, 0, 0, 0, 0;5.4054054054, 0, 0, 24.3243243243, 40.5405405405, 29.7297297297, 0, 0, 0, 0, 0, 0, 0, 0, 0, 0, 0, 0, 0, 0, 0, 0, 0, 0, 0;Europe/Paris;25,0
2022-12-10T11:00:00Z;-1;9000003703;hourly;0,7919444444;3,7881445107;137,6359172220;6,3135741845;6,3135741845;1,2627148369;2,5254296738;68,1866011926;69,4493160295;1,2627148369;5,0508593476;3,7881445107;2,5254296738;1;2.752293578, 34.8623853211, 44.0366972477, 18.3486238532, 0, 0, 0, 0;0.9174311927, 1.8348623853, 9.1743119266, 25.6880733945, 24.7706422018, 19.2660550459, 12.8440366972, 5.504587156, 0, 0, 0, 0, 0, 0, 0, 0, 0, 0, 0, 0, 0, 0, 0, 0, 0;Europe/Paris;29,0
2022-12-10T12:00:00Z;-1;9000003703;hourly;0,8088888889;1,2362637363;67,9945054945;0,0000000000;2,4725274725;0,0000000000;1,2362637363;30,9065934066;37,0879120879;0,0000000000;0,0000000000;1,2362637363;1,2362637363;1;0, 23.6363636364, 45.4545454545, 30.9090909091, 0, 0, 0, 0;0, 0, 3.6363636364, 20, 23.6363636364, 21.8181818182, 23.6363636364, 7.2727272727, 0, 0, 0, 0, 0, 0, 0, 0, 0, 0, 0, 0, 0, 0, 0, 0, 0;Europe/Paris;31,0
2022-12-10T13:00:00Z;-1;9000003703;hourly;0,7947222222;1,2583012933;79,2729814750;8,8081090528;2,5166025865;0,0000000000;1,2583012933;45,2988465571;33,9741349179;6,2915064663;2,5166025865;1,2583012933;1,2583012933;1;14.2857142857, 31.746031746, 41.2698412698, 12.6984126984, 0, 0, 0, 0;9.5238095238, 4.7619047619, 12.6984126984, 19.0476190476, 33.3333333333, 7.9365079365, 11.1111111111, 1.5873015873, 0, 0, 0, 0, 0, 0, 0, 0, 0, 0, 0, 0, 0, 0, 0, 0, 0;Europe/Paris;26,0
2022-12-10T14:00:00Z;-1;9000003703;hourly;0,7863888889;5,0865418580;62,3101377605;7,6298127870;10,1730837160;1,2716354645;3,8149063935;26,7043447545;35,6057930060;3,8149063935;3,8149063935;3,8149063935;6,3581773225;1;8.1632653061, 36.7346938776, 32.6530612245, 16.3265306122, 6.1224489796, 0, 0, 0;6.1224489796, 2.0408163265, 12.2448979592, 24.4897959184, 14.2857142857, 18.3673469388, 10.2040816327, 6.1224489796, 6.1224489796, 0, 0, 0, 0, 0, 0, 0, 0, 0, 0, 0, 0, 0, 0, 0, 0;Europe/Paris;31,0
2022-12-10T15:00:00Z;-1;9000003703;hourly;0,8013888889;2,4956672444;94,8353552860;6,2391681109;14,9740034662;1,2478336222;1,2478336222;53,6568457539;41,1785095321;2,4956672444;3,7435008666;9,9826689775;4,9913344887;1;1.3157894737, 5.2631578947, 40.7894736842, 43.4210526316, 7.8947368421, 0, 1.3157894737, 0;1.3157894737, 0, 1.3157894737, 3.9473684211, 14.4736842105, 26.3157894737, 27.6315789474, 15.7894736842, 5.2631578947, 2.6315789474, 0, 0, 0, 1.3157894737, 0, 0, 0, 0, 0, 0, 0, 0, 0, 0, 0;Europe/Paris;35,5
2022-12-10T16:00:00Z;-1;9000003703;hourly;0,2177777778;0,0000000000;41,3265306122;9,1836734694;9,1836734694;0,0000000000;0,0000000000;22,9591836735;18,3673469388;0,0000000000;9,1836734694;9,1836734694;0,0000000000;1;0, 0, 55.5555555556, 44.4444444444, 0, 0, 0, 0;0, 0, 0, 0, 22.2222222222, 33.3333333333, 22.2222222222, 22.2222222222, 0, 0, 0, 0, 0, 0, 0, 0, 0, 0, 0, 0, 0, 0, 0, 0, 0;Europe/Paris;34,0
2022-12-10T17:00:00Z;-1;9000003703;hourly;0,0000000000;0,0000000000;0,0000000000;0,0000000000;0,0000000000;0,0000000000;0,0000000000;0,0000000000;0,0000000000;0,0000000000;0,0000000000;0,0000000000;0,0000000000;1;0, 0, 0, 0, 0, 0, 0, 0;0, 0, 0, 0, 0, 0, 0, 0, 0, 0, 0, 0, 0, 0, 0, 0, 0, 0, 0, 0, 0, 0, 0, 0, 0;Europe/Paris;NA
2022-12-10T18:00:00Z;-1;9000003703;hourly;0,0000000000;0,0000000000;0,0000000000;0,0000000000;0,0000000000;0,0000000000;0,0000000000;0,0000000000;0,0000000000;0,0000000000;0,0000000000;0,0000000000;0,0000000000;1;0, 0, 0, 0, 0, 0, 0, 0;0, 0, 0, 0, 0, 0, 0, 0, 0, 0, 0, 0, 0, 0, 0, 0, 0, 0, 0, 0, 0, 0, 0, 0, 0;Europe/Paris;NA
2022-12-11T10:00:00Z;-1;9000003703;hourly;0,8919444444;1,1211460604;28,0286515104;5,6057303021;10,0903145438;0,0000000000;1,1211460604;8,9691684833;19,0594830271;3,3634381813;2,2422921208;2,2422921208;7,8480224229;1;4, 0, 32, 32, 28, 4, 0, 0;0, 4, 0, 0, 12, 20, 12, 20, 20, 8, 4, 0, 0, 0, 0, 0, 0, 0, 0, 0, 0, 0, 0, 0, 0;Europe/Paris;41,5
2022-12-11T11:00:00Z;-1;9000003703;hourly;0,8011111111;2,4965325936;72,3994452150;2,4965325936;4,9930651872;1,2482662968;1,2482662968;24,9653259362;47,4341192788;2,4965325936;0,0000000000;0,0000000000;4,9930651872;1;0, 3.4482758621, 39.6551724138, 34.4827586207, 18.9655172414, 3.4482758621, 0, 0;0, 0, 0, 3.4482758621, 17.2413793103, 22.4137931034, 17.2413793103, 17.2413793103, 13.7931034483, 5.1724137931, 3.4482758621, 0, 0, 0, 0, 0, 0, 0, 0, 0, 0, 0, 0, 0, 0;Europe/Paris;40,0
2022-12-11T12:00:00Z;-1;9000003703;hourly;0,8061111111;1,2405237767;26,0509993108;0,0000000000;2,4810475534;1,2405237767;0,0000000000;9,9241902136;16,1268090972;0,0000000000;0,0000000000;1,2405237767;1,2405237767;1;4.7619047619, 0, 42.8571428571, 33.3333333333, 19.0476190476, 0, 0, 0;0, 4.7619047619, 0, 0, 23.8095238095, 19.0476190476, 14.2857142857, 19.0476190476, 19.0476190476, 0, 0, 0, 0, 0, 0, 0, 0, 0, 0, 0, 0, 0, 0, 0, 0;Europe/Paris;38,5
2022-12-11T13:00:00Z;-1;9000003703;hourly;0,7952777778;1,2574222843;28,9207125393;1,2574222843;10,0593782745;0,0000000000;1,2574222843;8,8019559902;20,1187565491;1,2574222843;0,0000000000;6,2871114216;3,7722668530;1;0, 8.6956521739, 34.7826086957, 39.1304347826, 13.0434782609, 4.347826087, 0, 0;0, 0, 0, 8.6956521739, 17.3913043478, 17.3913043478, 21.7391304348, 17.3913043478, 13.0434782609, 0, 0, 4.347826087, 0, 0, 0, 0, 0, 0, 0, 0, 0, 0, 0, 0, 0;Europe/Paris;38,5
2022-12-11T14:00:00Z;-1;9000003703;hourly;0,7850000000;2,5477707006;50,9554140127;8,9171974522;10,1910828025;1,2738853503;1,2738853503;21,6560509554;29,2993630573;6,3694267516;2,5477707006;5,0955414013;5,0955414013;1;10, 2.5, 55, 22.5, 7.5, 2.5, 0, 0;7.5, 2.5, 0, 2.5, 22.5, 32.5, 7.5, 15, 7.5, 0, 2.5, 0, 0, 0, 0, 0, 0, 0, 0, 0, 0, 0, 0, 0, 0;Europe/Paris;36,0
2022-12-11T15:00:00Z;-1;9000003703;hourly;0,7741666667;1,2917115178;69,7524219591;5,1668460710;11,6254036598;0,0000000000;1,2917115178;23,2508073197;46,5016146394;1,2917115178;3,8751345533;1,2917115178;10,3336921421;1;0, 1.8518518519, 20.3703703704, 57.4074074074, 18.5185185185, 1.8518518519, 0, 0;0, 0, 1.8518518519, 0, 5.5555555556, 14.8148148148, 42.5925925926, 14.8148148148, 12.962962963, 5.5555555556, 0, 1.8518518519, 0, 0, 0, 0, 0, 0, 0, 0, 0, 0, 0, 0, 0;Europe/Paris;39,5
2022-12-11T16:00:00Z;-1;9000003703;hourly;0,1227777778;0,0000000000;81,4479638009;0,0000000000;24,4343891403;0,0000000000;0,0000000000;48,8687782805;32,5791855204;0,0000000000;0,0000000000;0,0000000000;24,4343891403;1;0, 0, 70, 30, 0, 0, 0, 0;0, 0, 0, 0, 40, 30, 20, 10, 0, 0, 0, 0, 0, 0, 0, 0, 0, 0, 0, 0, 0, 0, 0, 0, 0;Europe/Paris;31,0
2022-12-11T17:00:00Z;-1;9000003703;hourly;0,0000000000;0,0000000000;0,0000000000;0,0000000000;0,0000000000;0,0000000000;0,0000000000;0,0000000000;0,0000000000;0,0000000000;0,0000000000;0,0000000000;0,0000000000;1;0, 0, 0, 0, 0, 0, 0, 0;0, 0, 0, 0, 0, 0, 0, 0, 0, 0, 0, 0, 0, 0, 0, 0, 0, 0, 0, 0, 0, 0, 0, 0, 0;Europe/Paris;NA
2022-12-11T18:00:00Z;-1;9000003703;hourly;0,0000000000;0,0000000000;0,0000000000;0,0000000000;0,0000000000;0,0000000000;0,0000000000;0,0000000000;0,0000000000;0,0000000000;0,0000000000;0,0000000000;0,0000000000;1;0, 0, 0, 0, 0, 0, 0, 0;0, 0, 0, 0, 0, 0, 0, 0, 0, 0, 0, 0, 0, 0, 0, 0, 0, 0, 0, 0, 0, 0, 0, 0, 0;Europe/Paris;NA
2022-12-12T11:00:00Z;-1;9000003703;hourly;0,6700000000;5,9701492537;65,6716417910;1,4925373134;8,9552238806;1,4925373134;4,4776119403;19,4029850746;46,2686567164;0,0000000000;1,4925373134;5,9701492537;2,9850746269;1;2.2727272727, 4.5454545455, 18.1818181818, 56.8181818182, 13.6363636364, 4.5454545455, 0, 0;2.2727272727, 0, 0, 4.5454545455, 2.2727272727, 15.9090909091, 31.8181818182, 25, 9.0909090909, 4.5454545455, 4.5454545455, 0, 0, 0, 0, 0, 0, 0, 0, 0, 0, 0, 0, 0, 0;Europe/Paris;39,0
2022-12-12T12:00:00Z;-1;9000003703;hourly;0,7925000000;2,5236593060;45,4258675079;12,6182965300;7,5709779180;1,2618296530;1,2618296530;25,2365930599;20,1892744479;8,8328075710;3,7854889590;5,0473186120;2,5236593060;1;2.7777777778, 5.5555555556, 36.1111111111, 47.2222222222, 8.3333333333, 0, 0, 0;0, 2.7777777778, 2.7777777778, 2.7777777778, 22.2222222222, 13.8888888889, 30.5555555556, 16.6666666667, 5.5555555556, 2.7777777778, 0, 0, 0, 0, 0, 0, 0, 0, 0, 0, 0, 0, 0, 0, 0;Europe/Paris;35,5
2022-12-12T13:00:00Z;-1;9000003703;hourly;0,8000000000;8,7500000000;26,2500000000;7,5000000000;6,2500000000;6,2500000000;2,5000000000;11,2500000000;15,0000000000;3,7500000000;3,7500000000;3,7500000000;2,5000000000;1;4.7619047619, 9.5238095238, 61.9047619048, 23.8095238095, 0, 0, 0, 0;4.7619047619, 0, 4.7619047619, 4.7619047619, 23.8095238095, 38.0952380952, 14.2857142857, 9.5238095238, 0, 0, 0, 0, 0, 0, 0, 0, 0, 0, 0, 0, 0, 0, 0, 0, 0;Europe/Paris;30,5
2022-12-12T14:00:00Z;-1;9000003703;hourly;0,7833333333;0,0000000000;33,1914893617;7,6595744681;1,2765957447;0,0000000000;0,0000000000;14,0425531915;19,1489361702;0,0000000000;7,6595744681;1,2765957447;0,0000000000;1;7.6923076923, 38.4615384615, 46.1538461538, 3.8461538462, 3.8461538462, 0, 0, 0;3.8461538462, 3.8461538462, 19.2307692308, 19.2307692308, 19.2307692308, 26.9230769231, 0, 3.8461538462, 0, 3.8461538462, 0, 0, 0, 0, 0, 0, 0, 0, 0, 0, 0, 0, 0, 0, 0;Europe/Paris;26,0
2022-12-12T15:00:00Z;-1;9000003703;hourly;0,8011111111;12,4826629681;74,8959778086;34,9514563107;48,6823855756;1,2482662968;11,2343966713;32,4549237171;42,4410540915;7,4895977809;27,4618585298;12,4826629681;36,1997226075;1;3.3333333333, 10, 41.6666666667, 38.3333333333, 5, 1.6666666667, 0, 0;1.6666666667, 1.6666666667, 0, 10, 18.3333333333, 23.3333333333, 28.3333333333, 10, 3.3333333333, 1.6666666667, 1.6666666667, 0, 0, 0, 0, 0, 0, 0, 0, 0, 0, 0, 0, 0, 0;Europe/Paris;33,5
2022-12-12T16:00:00Z;-1;9000003703;hourly;0,1211111111;57,7981651376;107,3394495413;41,2844036697;82,5688073394;57,7981651376;0,0000000000;41,2844036697;66,0550458716;24,7706422018;16,5137614679;57,7981651376;24,7706422018;1;0, 30.7692307692, 46.1538461538, 15.3846153846, 7.6923076923, 0, 0, 0;0, 0, 0, 30.7692307692, 23.0769230769, 23.0769230769, 7.6923076923, 7.6923076923, 7.6923076923, 0, 0, 0, 0, 0, 0, 0, 0, 0, 0, 0, 0, 0, 0, 0, 0;Europe/Paris;32,5
2022-12-12T17:00:00Z;-1;9000003703;hourly;0,0000000000;0,0000000000;0,0000000000;0,0000000000;0,0000000000;0,0000000000;0,0000000000;0,0000000000;0,0000000000;0,0000000000;0,0000000000;0,0000000000;0,0000000000;1;0, 0, 0, 0, 0, 0, 0, 0;0, 0, 0, 0, 0, 0, 0, 0, 0, 0, 0, 0, 0, 0, 0, 0, 0, 0, 0, 0, 0, 0, 0, 0, 0;Europe/Paris;NA
2022-12-12T18:00:00Z;-1;9000003703;hourly;0,0000000000;0,0000000000;0,0000000000;0,0000000000;0,0000000000;0,0000000000;0,0000000000;0,0000000000;0,0000000000;0,0000000000;0,0000000000;0,0000000000;0,0000000000;1;0, 0, 0, 0, 0, 0, 0, 0;0, 0, 0, 0, 0, 0, 0, 0, 0, 0, 0, 0, 0, 0, 0, 0, 0, 0, 0, 0, 0, 0, 0, 0, 0;Europe/Paris;NA
2022-12-12T19:00:00Z;-1;9000003703;hourly;0,0000000000;0,0000000000;0,0000000000;0,0000000000;0,0000000000;0,0000000000;0,0000000000;0,0000000000;0,0000000000;0,0000000000;0,0000000000;0,0000000000;0,0000000000;1;0, 0, 0, 0, 0, 0, 0, 0;0, 0, 0, 0, 0, 0, 0, 0, 0, 0, 0, 0, 0, 0, 0, 0, 0, 0, 0, 0, 0, 0, 0, 0, 0;Europe/Paris;NA
2022-12-13T10:00:00Z;-1;9000003703;hourly;0,9008333333;5,5504162812;14,4310823312;4,4403330250;1,1100832562;3,3302497687;2,2201665125;7,7705827937;6,6604995375;2,2201665125;2,2201665125;1,1100832562;0,0000000000;1;7.6923076923, 15.3846153846, 61.5384615385, 15.3846153846, 0, 0, 0, 0;7.6923076923, 0, 0, 15.3846153846, 38.4615384615, 23.0769230769, 15.3846153846, 0, 0, 0, 0, 0, 0, 0, 0, 0, 0, 0, 0, 0, 0, 0, 0, 0, 0;Europe/Paris;27,5
2022-12-13T11:00:00Z;-1;9000003703;hourly;0,7980555556;16,2895927602;51,3748694744;3,7591367908;1,2530455969;5,0121823877;11,2774103724;8,7713191786;42,6035502959;2,5060911939;1,2530455969;1,2530455969;0,0000000000;1;14.6341463415, 9.756097561, 43.9024390244, 26.8292682927, 4.8780487805, 0, 0, 0;12.1951219512, 2.4390243902, 2.4390243902, 7.3170731707, 26.8292682927, 17.0731707317, 24.3902439024, 2.4390243902, 4.8780487805, 0, 0, 0, 0, 0, 0, 0, 0, 0, 0, 0, 0, 0, 0, 0, 0;Europe/Paris;31,0
2022-12-13T12:00:00Z;-1;9000003703;hourly;0,7975000000;6,2695924765;45,1410658307;3,7617554859;7,5235109718;2,5078369906;3,7617554859;26,3322884013;18,8087774295;2,5078369906;1,2539184953;7,5235109718;0,0000000000;1;2.7777777778, 5.5555555556, 41.6666666667, 41.6666666667, 5.5555555556, 2.7777777778, 0, 0;2.7777777778, 0, 0, 5.5555555556, 16.6666666667, 25, 30.5555555556, 11.1111111111, 2.7777777778, 2.7777777778, 0, 2.7777777778, 0, 0, 0, 0, 0, 0, 0, 0, 0, 0, 0, 0, 0;Europe/Paris;34,5
2022-12-13T13:00:00Z;-1;9000003703;hourly;0,8077777778;8,6657496561;34,6629986245;3,7138927098;4,9518569464;4,9518569464;3,7138927098;13,6176066025;21,0453920220;0,0000000000;3,7138927098;1,2379642366;3,7138927098;1;0, 14.2857142857, 28.5714285714, 35.7142857143, 17.8571428571, 3.5714285714, 0, 0;0, 0, 0, 14.2857142857, 7.1428571429, 21.4285714286, 25, 10.7142857143, 10.7142857143, 7.1428571429, 3.5714285714, 0, 0, 0, 0, 0, 0, 0, 0, 0, 0, 0, 0, 0, 0;Europe/Paris;40,5
2022-12-13T14:00:00Z;-1;9000003703;hourly;0,7983333333;6,2630480167;51,3569937370;7,5156576200;3,7578288100;2,5052192067;3,7578288100;17,5365344468;33,8204592902;2,5052192067;5,0104384134;1,2526096033;2,5052192067;1;0, 7.3170731707, 46.3414634146, 36.5853658537, 7.3170731707, 2.4390243902, 0, 0;0, 0, 2.4390243902, 4.8780487805, 19.512195122, 26.8292682927, 19.512195122, 17.0731707317, 7.3170731707, 0, 0, 2.4390243902, 0, 0, 0, 0, 0, 0, 0, 0, 0, 0, 0, 0, 0;Europe/Paris;36,0
2022-12-13T15:00:00Z;-1;9000003703;hourly;0,7741666667;16,7922497309;71,0441334769;45,2099031216;37,4596340151;2,5834230355;14,2088266954;27,1259418730;43,9181916039;10,3336921421;34,8762109795;16,7922497309;20,6673842842;1;16.3636363636, 30.9090909091, 30.9090909091, 20, 1.8181818182, 0, 0, 0;9.0909090909, 7.2727272727, 10.9090909091, 20, 21.8181818182, 9.0909090909, 9.0909090909, 10.9090909091, 1.8181818182, 0, 0, 0, 0, 0, 0, 0, 0, 0, 0, 0, 0, 0, 0, 0, 0;Europe/Paris;31,0
2022-12-13T16:00:00Z;-1;9000003703;hourly;0,2327777778;47,2553699284;111,6945107399;8,5918854415;25,7756563246;25,7756563246;21,4797136038;38,6634844869;73,0310262530;4,2959427208;4,2959427208;25,7756563246;0,0000000000;1;3.8461538462, 11.5384615385, 65.3846153846, 19.2307692308, 0, 0, 0, 0;0, 3.8461538462, 0, 11.5384615385, 34.6153846154, 30.7692307692, 11.5384615385, 7.6923076923, 0, 0, 0, 0, 0, 0, 0, 0, 0, 0, 0, 0, 0, 0, 0, 0, 0;Europe/Paris;29,5
2022-12-13T17:00:00Z;-1;9000003703;hourly;0,0000000000;0,0000000000;0,0000000000;0,0000000000;0,0000000000;0,0000000000;0,0000000000;0,0000000000;0,0000000000;0,0000000000;0,0000000000;0,0000000000;0,0000000000;1;0, 0, 0, 0, 0, 0, 0, 0;0, 0, 0, 0, 0, 0, 0, 0, 0, 0, 0, 0, 0, 0, 0, 0, 0, 0, 0, 0, 0, 0, 0, 0, 0;Europe/Paris;NA
2022-12-13T18:00:00Z;-1;9000003703;hourly;0,0000000000;0,0000000000;0,0000000000;0,0000000000;0,0000000000;0,0000000000;0,0000000000;0,0000000000;0,0000000000;0,0000000000;0,0000000000;0,0000000000;0,0000000000;1;0, 0, 0, 0, 0, 0, 0, 0;0, 0, 0, 0, 0, 0, 0, 0, 0, 0, 0, 0, 0, 0, 0, 0, 0, 0, 0, 0, 0, 0, 0, 0, 0;Europe/Paris;NA
2022-12-14T03:00:00Z;-1;9000003703;hourly;0,0000000000;0,0000000000;0,0000000000;0,0000000000;0,0000000000;0,0000000000;0,0000000000;0,0000000000;0,0000000000;0,0000000000;0,0000000000;0,0000000000;0,0000000000;1;0, 0, 0, 0, 0, 0, 0, 0;0, 0, 0, 0, 0, 0, 0, 0, 0, 0, 0, 0, 0, 0, 0, 0, 0, 0, 0, 0, 0, 0, 0, 0, 0;Europe/Paris;NA
2022-12-14T04:00:00Z;-1;9000003703;hourly;0,0000000000;0,0000000000;0,0000000000;0,0000000000;0,0000000000;0,0000000000;0,0000000000;0,0000000000;0,0000000000;0,0000000000;0,0000000000;0,0000000000;0,0000000000;1;0, 0, 0, 0, 0, 0, 0, 0;0, 0, 0, 0, 0, 0, 0, 0, 0, 0, 0, 0, 0, 0, 0, 0, 0, 0, 0, 0, 0, 0, 0, 0, 0;Europe/Paris;NA
2022-12-14T05:00:00Z;-1;9000003703;hourly;0,0000000000;0,0000000000;0,0000000000;0,0000000000;0,0000000000;0,0000000000;0,0000000000;0,0000000000;0,0000000000;0,0000000000;0,0000000000;0,0000000000;0,0000000000;1;0, 0, 0, 0, 0, 0, 0, 0;0, 0, 0, 0, 0, 0, 0, 0, 0, 0, 0, 0, 0, 0, 0, 0, 0, 0, 0, 0, 0, 0, 0, 0, 0;Europe/Paris;NA
2022-12-14T06:00:00Z;-1;9000003703;hourly;0,0000000000;0,0000000000;0,0000000000;0,0000000000;0,0000000000;0,0000000000;0,0000000000;0,0000000000;0,0000000000;0,0000000000;0,0000000000;0,0000000000;0,0000000000;1;0, 0, 0, 0, 0, 0, 0, 0;0, 0, 0, 0, 0, 0, 0, 0, 0, 0, 0, 0, 0, 0, 0, 0, 0, 0, 0, 0, 0, 0, 0, 0, 0;Europe/Paris;NA
2022-12-14T07:00:00Z;-1;9000003703;hourly;0,0408333333;0,0000000000;0,0000000000;0,0000000000;0,0000000000;0,0000000000;0,0000000000;0,0000000000;0,0000000000;0,0000000000;0,0000000000;0,0000000000;0,0000000000;1;0, 0, 0, 0, 0, 0, 0, 0;0, 0, 0, 0, 0, 0, 0, 0, 0, 0, 0, 0, 0, 0, 0, 0, 0, 0, 0, 0, 0, 0, 0, 0, 0;Europe/Paris;NA
2022-12-14T08:00:00Z;-1;9000003703;hourly;0,6655555556;12,0200333890;22,5375626043;4,5075125209;3,0050083472;9,0150250417;3,0050083472;16,5275459098;6,0100166945;3,0050083472;1,5025041736;1,5025041736;1,5025041736;1;0, 0, 26.6666666667, 53.3333333333, 20, 0, 0, 0;0, 0, 0, 0, 0, 26.6666666667, 33.3333333333, 20, 13.3333333333, 6.6666666667, 0, 0, 0, 0, 0, 0, 0, 0, 0, 0, 0, 0, 0, 0, 0;Europe/Paris;39,5
2022-12-14T09:00:00Z;-1;9000003703;hourly;0,8047222222;9,9413186055;28,5812909907;2,4853296514;11,1839834311;6,2133241284;3,7279944770;12,4266482568;16,1546427339;1,2426648257;1,2426648257;6,2133241284;4,9706593027;1;0, 4.347826087, 8.6956521739, 73.9130434783, 13.0434782609, 0, 0, 0;0, 0, 0, 4.347826087, 4.347826087, 4.347826087, 43.4782608696, 30.4347826087, 13.0434782609, 0, 0, 0, 0, 0, 0, 0, 0, 0, 0, 0, 0, 0, 0, 0, 0;Europe/Paris;37,0
2022-12-14T10:00:00Z;-1;9000003703;hourly;0,8063888889;8,6806751636;59,5246296934;3,7202893558;2,4801929039;3,7202893558;4,9603858078;18,6014467792;40,9231829142;2,4801929039;1,2400964519;1,2400964519;1,2400964519;1;0, 0, 16.6666666667, 47.9166666667, 31.25, 4.1666666667, 0, 0;0, 0, 0, 0, 4.1666666667, 12.5, 22.9166666667, 25, 22.9166666667, 8.3333333333, 4.1666666667, 0, 0, 0, 0, 0, 0, 0, 0, 0, 0, 0, 0, 0, 0;Europe/Paris;42,0
2022-12-14T11:00:00Z;-1;9000003703;hourly;0,8002777778;17,4939257202;52,4817771607;2,4991322457;6,2478306144;8,7469628601;8,7469628601;4,9982644915;47,4835126692;0,0000000000;2,4991322457;3,7486983686;2,4991322457;1;0, 0, 7.1428571429, 33.3333333333, 52.380952381, 7.1428571429, 0, 0;0, 0, 0, 0, 0, 7.1428571429, 11.9047619048, 21.4285714286, 38.0952380952, 14.2857142857, 4.7619047619, 2.380952381, 0, 0, 0, 0, 0, 0, 0, 0, 0, 0, 0, 0, 0;Europe/Paris;45,0
2022-12-14T12:00:00Z;-1;9000003703;hourly;0,8005555556;32,4774462179;43,7196391395;1,2491325468;3,7473976405;14,9895905621;17,4878556558;12,4913254684;31,2283136711;0,0000000000;1,2491325468;1,2491325468;2,4982650937;1;0, 0, 17.1428571429, 51.4285714286, 25.7142857143, 5.7142857143, 0, 0;0, 0, 0, 0, 8.5714285714, 8.5714285714, 17.1428571429, 34.2857142857, 17.1428571429, 8.5714285714, 5.7142857143, 0, 0, 0, 0, 0, 0, 0, 0, 0, 0, 0, 0, 0, 0;Europe/Paris;42,5
2022-12-14T13:00:00Z;-1;9000003703;hourly;0,8016666667;47,4012474012;58,6278586279;0,0000000000;2,4948024948;32,4324324324;14,9688149688;16,2162162162;42,4116424116;0,0000000000;0,0000000000;1,2474012474;1,2474012474;1;0, 4.2553191489, 12.7659574468, 55.3191489362, 23.4042553191, 4.2553191489, 0, 0;0, 0, 0, 4.2553191489, 4.2553191489, 8.5106382979, 25.5319148936, 29.7872340426, 14.8936170213, 8.5106382979, 4.2553191489, 0, 0, 0, 0, 0, 0, 0, 0, 0, 0, 0, 0, 0, 0;Europe/Paris;41,5
2022-12-14T14:00:00Z;-1;9000003703;hourly;0,8052777778;28,5615729562;83,2011038289;0,0000000000;2,4836150397;17,3853052777;11,1762676785;32,2869955157;50,9141083132;0,0000000000;0,0000000000;2,4836150397;0,0000000000;1;1.4925373134, 4.4776119403, 29.8507462687, 46.2686567164, 16.4179104478, 1.4925373134, 0, 0;1.4925373134, 0, 1.4925373134, 2.9850746269, 7.4626865672, 22.3880597015, 29.8507462687, 16.4179104478, 11.9402985075, 4.4776119403, 1.4925373134, 0, 0, 0, 0, 0, 0, 0, 0, 0, 0, 0, 0, 0, 0;Europe/Paris;38,5
2022-12-14T15:00:00Z;-1;9000003703;hourly;0,7769444444;23,1676796568;84,9481587415;5,1483732571;5,1483732571;10,2967465141;12,8709331427;37,3257061137;47,6224526278;5,1483732571;0,0000000000;3,8612799428;1,2870933143;1;1.5151515152, 3.0303030303, 28.7878787879, 45.4545454545, 21.2121212121, 0, 0, 0;1.5151515152, 0, 0, 3.0303030303, 7.5757575758, 21.2121212121, 27.2727272727, 18.1818181818, 16.6666666667, 4.5454545455, 0, 0, 0, 0, 0, 0, 0, 0, 0, 0, 0, 0, 0, 0, 0;Europe/Paris;39,5
2022-12-14T16:00:00Z;-1;9000003703;hourly;0,0000000000;0,0000000000;0,0000000000;0,0000000000;0,0000000000;0,0000000000;0,0000000000;0,0000000000;0,0000000000;0,0000000000;0,0000000000;0,0000000000;0,0000000000;1;0, 0, 0, 0, 0, 0, 0, 0;0, 0, 0, 0, 0, 0, 0, 0, 0, 0, 0, 0, 0, 0, 0, 0, 0, 0, 0, 0, 0, 0, 0, 0, 0;Europe/Paris;NA
2022-12-14T17:00:00Z;-1;9000003703;hourly;0,0000000000;0,0000000000;0,0000000000;0,0000000000;0,0000000000;0,0000000000;0,0000000000;0,0000000000;0,0000000000;0,0000000000;0,0000000000;0,0000000000;0,0000000000;1;0, 0, 0, 0, 0, 0, 0, 0;0, 0, 0, 0, 0, 0, 0, 0, 0, 0, 0, 0, 0, 0, 0, 0, 0, 0, 0, 0, 0, 0, 0, 0, 0;Europe/Paris;NA
2022-12-14T18:00:00Z;-1;9000003703;hourly;0,0000000000;0,0000000000;0,0000000000;0,0000000000;0,0000000000;0,0000000000;0,0000000000;0,0000000000;0,0000000000;0,0000000000;0,0000000000;0,0000000000;0,0000000000;1;0, 0, 0, 0, 0, 0, 0, 0;0, 0, 0, 0, 0, 0, 0, 0, 0, 0, 0, 0, 0, 0, 0, 0, 0, 0, 0, 0, 0, 0, 0, 0, 0;Europe/Paris;NA
2022-12-15T11:00:00Z;-1;9000003703;hourly;0,6883333333;2,9055690073;55,2058111380;1,4527845036;1,4527845036;0,0000000000;2,9055690073;20,3389830508;34,8668280872;1,4527845036;0,0000000000;0,0000000000;1,4527845036;1;0, 2.6315789474, 31.5789473684, 52.6315789474, 10.5263157895, 2.6315789474, 0, 0;0, 0, 2.6315789474, 0, 13.1578947368, 18.4210526316, 34.2105263158, 18.4210526316, 7.8947368421, 2.6315789474, 2.6315789474, 0, 0, 0, 0, 0, 0, 0, 0, 0, 0, 0, 0, 0, 0;Europe/Paris;37,0
2022-12-15T12:00:00Z;-1;9000003703;hourly;0,8086111111;8,6568189626;48,2308485057;1,2366884232;2,4733768464;4,9467536929;3,7100652697;22,2603916180;25,9704568877;1,2366884232;0,0000000000;1,2366884232;1,2366884232;1;2.5641025641, 2.5641025641, 35.8974358974, 51.2820512821, 7.6923076923, 0, 0, 0;0, 2.5641025641, 0, 2.5641025641, 12.8205128205, 23.0769230769, 28.2051282051, 23.0769230769, 7.6923076923, 0, 0, 0, 0, 0, 0, 0, 0, 0, 0, 0, 0, 0, 0, 0, 0;Europe/Paris;36,0
2022-12-15T13:00:00Z;-1;9000003703;hourly;0,7950000000;2,5157232704;33,9622641509;3,7735849057;5,0314465409;2,5157232704;0,0000000000;15,0943396226;18,8679245283;2,5157232704;1,2578616352;2,5157232704;2,5157232704;1;0, 11.1111111111, 51.8518518519, 25.9259259259, 11.1111111111, 0, 0, 0;0, 0, 3.7037037037, 7.4074074074, 18.5185185185, 33.3333333333, 18.5185185185, 7.4074074074, 11.1111111111, 0, 0, 0, 0, 0, 0, 0, 0, 0, 0, 0, 0, 0, 0, 0, 0;Europe/Paris;35,0
2022-12-15T14:00:00Z;-1;9000003703;hourly;0,8083333333;3,7113402062;43,2989690722;1,2371134021;9,8969072165;0,0000000000;3,7113402062;12,3711340206;30,9278350515;0,0000000000;1,2371134021;3,7113402062;6,1855670103;1;0, 2.8571428571, 25.7142857143, 60, 11.4285714286, 0, 0, 0;0, 0, 0, 2.8571428571, 11.4285714286, 14.2857142857, 40, 20, 5.7142857143, 5.7142857143, 0, 0, 0, 0, 0, 0, 0, 0, 0, 0, 0, 0, 0, 0, 0;Europe/Paris;36,5
2022-12-15T15:00:00Z;-1;9000003703;hourly;0,7983333333;17,5365344468;91,4405010438;30,0626304802;33,8204592902;5,0104384134;12,5260960334;36,3256784969;55,1148225470;6,2630480167;23,7995824635;11,2734864301;22,5469728601;1;4.1095890411, 9.5890410959, 42.4657534247, 41.095890411, 2.7397260274, 0, 0, 0;1.3698630137, 2.7397260274, 2.7397260274, 6.8493150685, 16.4383561644, 26.0273972603, 27.397260274, 13.698630137, 2.7397260274, 0, 0, 0, 0, 0, 0, 0, 0, 0, 0, 0, 0, 0, 0, 0, 0;Europe/Paris;33,0
2022-12-15T16:00:00Z;-1;9000003703;hourly;0,1402777778;71,2871287129;135,4455445545;35,6435643564;71,2871287129;64,1584158416;7,1287128713;71,2871287129;64,1584158416;21,3861386139;14,2574257426;71,2871287129;0,0000000000;1;0, 21.0526315789, 47.3684210526, 26.3157894737, 5.2631578947, 0, 0, 0;0, 0, 5.2631578947, 15.7894736842, 15.7894736842, 31.5789473684, 21.0526315789, 5.2631578947, 5.2631578947, 0, 0, 0, 0, 0, 0, 0, 0, 0, 0, 0, 0, 0, 0, 0, 0;Europe/Paris;31,5
2022-12-15T17:00:00Z;-1;9000003703;hourly;0,0000000000;0,0000000000;0,0000000000;0,0000000000;0,0000000000;0,0000000000;0,0000000000;0,0000000000;0,0000000000;0,0000000000;0,0000000000;0,0000000000;0,0000000000;1;0, 0, 0, 0, 0, 0, 0, 0;0, 0, 0, 0, 0, 0, 0, 0, 0, 0, 0, 0, 0, 0, 0, 0, 0, 0, 0, 0, 0, 0, 0, 0, 0;Europe/Paris;NA
2022-12-15T18:00:00Z;-1;9000003703;hourly;0,0000000000;0,0000000000;0,0000000000;0,0000000000;0,0000000000;0,0000000000;0,0000000000;0,0000000000;0,0000000000;0,0000000000;0,0000000000;0,0000000000;0,0000000000;1;0, 0, 0, 0, 0, 0, 0, 0;0, 0, 0, 0, 0, 0, 0, 0, 0, 0, 0, 0, 0, 0, 0, 0, 0, 0, 0, 0, 0, 0, 0, 0, 0;Europe/Paris;NA
2022-12-16T08:00:00Z;-1;9000003703;hourly;0,9569444444;0,0000000000;12,5399129173;7,3149492017;30,3047895501;0,0000000000;0,0000000000;4,1799709724;8,3599419448;6,2699564586;1,0449927431;30,3047895501;0,0000000000;1;0, 0, 25, 25, 25, 16.6666666667, 0, 8.3333333333;0, 0, 0, 0, 0, 25, 16.6666666667, 8.3333333333, 25, 0, 8.3333333333, 8.3333333333, 0, 0, 0, 0, 8.3333333333, 0, 0, 0, 0, 0, 0, 0, 0;Europe/Paris;53,5
2022-12-16T09:00:00Z;-1;9000003703;hourly;0,7883333333;3,8054968288;27,9069767442;29,1754756871;2,5369978858;2,5369978858;1,2684989429;10,1479915433;17,7589852008;13,9534883721;15,2219873150;1,2684989429;1,2684989429;1;31.8181818182, 13.6363636364, 18.1818181818, 22.7272727273, 9.0909090909, 4.5454545455, 0, 0;27.2727272727, 4.5454545455, 4.5454545455, 9.0909090909, 13.6363636364, 4.5454545455, 9.0909090909, 13.6363636364, 9.0909090909, 0, 0, 4.5454545455, 0, 0, 0, 0, 0, 0, 0, 0, 0, 0, 0, 0, 0;Europe/Paris;37,0
2022-12-16T10:00:00Z;-1;9000003703;hourly;0,7902777778;12,6537785589;31,6344463972;36,6959578207;11,3884007030;11,3884007030;1,2653778559;6,3268892794;25,3075571178;3,7961335677;32,8998242531;2,5307557118;8,8576449912;1;20, 16, 60, 4, 0, 0, 0, 0;20, 0, 8, 8, 32, 28, 0, 4, 0, 0, 0, 0, 0, 0, 0, 0, 0, 0, 0, 0, 0, 0, 0, 0, 0;Europe/Paris;25,5
2022-12-16T11:00:00Z;-1;9000003703;hourly;0,8072222222;16,1046111493;49,5526496903;3,7164487268;2,4776324845;8,6717136958;7,4328974535;7,4328974535;42,1197522368;1,2388162423;2,4776324845;1,2388162423;1,2388162423;1;5, 2.5, 65, 25, 2.5, 0, 0, 0;2.5, 2.5, 0, 2.5, 30, 35, 15, 10, 2.5, 0, 0, 0, 0, 0, 0, 0, 0, 0, 0, 0, 0, 0, 0, 0, 0;Europe/Paris;31,5
2022-12-16T12:00:00Z;-1;9000003703;hourly;0,8036111111;11,1994469409;60,9747666782;7,4662979606;3,7331489803;6,2219149672;4,9775319737;27,3764258555;33,5983408227;7,4662979606;0,0000000000;2,4887659869;1,2443829934;1;6.1224489796, 24.4897959184, 51.0204081633, 18.3673469388, 0, 0, 0, 0;6.1224489796, 0, 6.1224489796, 18.3673469388, 22.4489795918, 28.5714285714, 14.2857142857, 4.0816326531, 0, 0, 0, 0, 0, 0, 0, 0, 0, 0, 0, 0, 0, 0, 0, 0, 0;Europe/Paris;28,5
2022-12-16T13:00:00Z;-1;9000003703;hourly;0,8111111111;7,3972602740;59,1780821918;4,9315068493;1,2328767123;1,2328767123;6,1643835616;23,4246575342;35,7534246575;3,6986301370;1,2328767123;1,2328767123;0,0000000000;1;8.3333333333, 35.4166666667, 47.9166666667, 8.3333333333, 0, 0, 0, 0;6.25, 2.0833333333, 10.4166666667, 25, 33.3333333333, 14.5833333333, 6.25, 2.0833333333, 0, 0, 0, 0, 0, 0, 0, 0, 0, 0, 0, 0, 0, 0, 0, 0, 0;Europe/Paris;25,0
2022-12-16T14:00:00Z;-1;9000003703;hourly;0,7669444444;10,4310032597;54,7627671134;7,8232524448;0,0000000000;1,3038754075;9,1271278522;20,8620065194;33,9007605940;2,6077508149;5,2155016298;0,0000000000;0,0000000000;1;47.619047619, 47.619047619, 4.7619047619, 0, 0, 0, 0, 0;38.0952380952, 9.5238095238, 35.7142857143, 11.9047619048, 2.380952381, 2.380952381, 0, 0, 0, 0, 0, 0, 0, 0, 0, 0, 0, 0, 0, 0, 0, 0, 0, 0, 0;Europe/Paris;13,0
2022-12-16T15:00:00Z;-1;9000003703;hourly;0,7861111111;16,5371024735;89,0459363958;11,4487632509;11,4487632509;11,4487632509;5,0883392226;29,2579505300;59,7879858657;3,8162544170;7,6325088339;3,8162544170;7,6325088339;1;34.2857142857, 15.7142857143, 31.4285714286, 18.5714285714, 0, 0, 0, 0;28.5714285714, 5.7142857143, 7.1428571429, 8.5714285714, 10, 21.4285714286, 15.7142857143, 2.8571428571, 0, 0, 0, 0, 0, 0, 0, 0, 0, 0, 0, 0, 0, 0, 0, 0, 0;Europe/Paris;28,5
2022-12-16T16:00:00Z;-1;9000003703;hourly;0,2066666667;33,8709677419;130,6451612903;14,5161290323;19,3548387097;19,3548387097;14,5161290323;24,1935483871;106,4516129032;4,8387096774;9,6774193548;14,5161290323;4,8387096774;1;0, 3.7037037037, 22.2222222222, 70.3703703704, 3.7037037037, 0, 0, 0;0, 0, 0, 3.7037037037, 0, 22.2222222222, 51.8518518519, 18.5185185185, 3.7037037037, 0, 0, 0, 0, 0, 0, 0, 0, 0, 0, 0, 0, 0, 0, 0, 0;Europe/Paris;34,5
2022-12-16T17:00:00Z;-1;9000003703;hourly;0,0000000000;0,0000000000;0,0000000000;0,0000000000;0,0000000000;0,0000000000;0,0000000000;0,0000000000;0,0000000000;0,0000000000;0,0000000000;0,0000000000;0,0000000000;1;0, 0, 0, 0, 0, 0, 0, 0;0, 0, 0, 0, 0, 0, 0, 0, 0, 0, 0, 0, 0, 0, 0, 0, 0, 0, 0, 0, 0, 0, 0, 0, 0;Europe/Paris;NA
2022-12-16T18:00:00Z;-1;9000003703;hourly;0,0000000000;0,0000000000;0,0000000000;0,0000000000;0,0000000000;0,0000000000;0,0000000000;0,0000000000;0,0000000000;0,0000000000;0,0000000000;0,0000000000;0,0000000000;1;0, 0, 0, 0, 0, 0, 0, 0;0, 0, 0, 0, 0, 0, 0, 0, 0, 0, 0, 0, 0, 0, 0, 0, 0, 0, 0, 0, 0, 0, 0, 0, 0;Europe/Paris;NA
2022-12-17T08:00:00Z;-1;9000003703;hourly;0,1677777778;0,0000000000;107,2847682119;0,0000000000;17,8807947020;0,0000000000;0,0000000000;29,8013245033;77,4834437086;0,0000000000;0,0000000000;11,9205298013;5,9602649007;1;0, 5.5555555556, 38.8888888889, 33.3333333333, 22.2222222222, 0, 0, 0;0, 0, 0, 5.5555555556, 5.5555555556, 33.3333333333, 22.2222222222, 11.1111111111, 11.1111111111, 11.1111111111, 0, 0, 0, 0, 0, 0, 0, 0, 0, 0, 0, 0, 0, 0, 0;Europe/Paris;40,5
2022-12-17T09:00:00Z;-1;9000003703;hourly;0,8086111111;3,7100652697;101,4084507042;2,4733768464;12,3668842322;0,0000000000;3,7100652697;58,1243558914;43,2840948128;1,2366884232;1,2366884232;6,1834421161;6,1834421161;1;0, 1.2195121951, 42.6829268293, 40.243902439, 14.6341463415, 1.2195121951, 0, 0;0, 0, 0, 1.2195121951, 7.3170731707, 35.3658536585, 23.1707317073, 17.0731707317, 13.4146341463, 1.2195121951, 1.2195121951, 0, 0, 0, 0, 0, 0, 0, 0, 0, 0, 0, 0, 0, 0;Europe/Paris;38,0
2022-12-17T10:00:00Z;-1;9000003703;hourly;0,7961111111;2,5122121424;118,0739706909;1,2561060712;6,2805303559;1,2561060712;1,2561060712;60,2930914166;57,7808792742;0,0000000000;1,2561060712;3,7683182135;2,5122121424;1;1.0638297872, 1.0638297872, 44.6808510638, 41.4893617021, 9.5744680851, 2.1276595745, 0, 0;1.0638297872, 0, 0, 1.0638297872, 14.8936170213, 29.7872340426, 22.3404255319, 19.1489361702, 7.4468085106, 2.1276595745, 2.1276595745, 0, 0, 0, 0, 0, 0, 0, 0, 0, 0, 0, 0, 0, 0;Europe/Paris;36,5
2022-12-17T11:00:00Z;-1;9000003703;hourly;0,7438888889;10,7542942494;102,1657953697;29,5743091860;8,0657206871;10,7542942494;0,0000000000;57,8043315907;44,3614637789;13,4428678118;16,1314413742;6,7214339059;1,3442867812;1;2.6315789474, 23.6842105263, 43.4210526316, 22.3684210526, 6.5789473684, 0, 0, 1.3157894737;1.3157894737, 1.3157894737, 2.6315789474, 21.0526315789, 19.7368421053, 23.6842105263, 11.8421052632, 10.5263157895, 5.2631578947, 1.3157894737, 0, 0, 0, 0, 0, 1.3157894737, 0, 0, 0, 0, 0, 0, 0, 0, 0;Europe/Paris;34,0
2022-12-17T12:00:00Z;-1;9000003703;hourly;0,7816666667;6,3965884861;48,6140724947;16,6311300640;0,0000000000;1,2793176972;5,1172707889;23,0277185501;25,5863539446;11,5138592751;5,1172707889;0,0000000000;0,0000000000;1;0, 31.5789473684, 55.2631578947, 10.5263157895, 2.6315789474, 0, 0, 0;0, 0, 10.5263157895, 21.0526315789, 13.1578947368, 42.1052631579, 10.5263157895, 0, 2.6315789474, 0, 0, 0, 0, 0, 0, 0, 0, 0, 0, 0, 0, 0, 0, 0, 0;Europe/Paris;27,5
2022-12-17T13:00:00Z;-1;9000003703;hourly;0,8044444444;4,9723756906;57,1823204420;6,2154696133;1,2430939227;0,0000000000;4,9723756906;23,6187845304;33,5635359116;2,4861878453;3,7292817680;1,2430939227;0,0000000000;1;8.6956521739, 36.9565217391, 47.8260869565, 6.5217391304, 0, 0, 0, 0;2.1739130435, 6.5217391304, 15.2173913043, 21.7391304348, 30.4347826087, 17.3913043478, 4.347826087, 2.1739130435, 0, 0, 0, 0, 0, 0, 0, 0, 0, 0, 0, 0, 0, 0, 0, 0, 0;Europe/Paris;25,0
2022-12-17T14:00:00Z;-1;9000003703;hourly;0,7813888889;7,6786349093;49,9111269108;1,2797724849;0,0000000000;2,5595449698;5,1190899396;24,3156772129;25,5954496978;0,0000000000;1,2797724849;0,0000000000;0,0000000000;1;20.5128205128, 48.7179487179, 25.641025641, 5.1282051282, 0, 0, 0, 0;10.2564102564, 10.2564102564, 33.3333333333, 15.3846153846, 17.9487179487, 7.6923076923, 2.5641025641, 2.5641025641, 0, 0, 0, 0, 0, 0, 0, 0, 0, 0, 0, 0, 0, 0, 0, 0, 0;Europe/Paris;22,0
2022-12-17T15:00:00Z;-1;9000003703;hourly;0,7836111111;3,8284296349;58,7025877348;3,8284296349;8,9330024814;1,2761432116;2,5522864233;30,6274370791;28,0751506558;1,2761432116;2,5522864233;6,3807160581;2,5522864233;1;10.8695652174, 10.8695652174, 26.0869565217, 39.1304347826, 10.8695652174, 2.1739130435, 0, 0;8.6956521739, 2.1739130435, 2.1739130435, 8.6956521739, 6.5217391304, 19.5652173913, 17.3913043478, 21.7391304348, 8.6956521739, 2.1739130435, 0, 2.1739130435, 0, 0, 0, 0, 0, 0, 0, 0, 0, 0, 0, 0, 0;Europe/Paris;37,0
2022-12-17T16:00:00Z;-1;9000003703;hourly;0,2561111111;3,9045553145;78,0911062907;0,0000000000;7,8091106291;3,9045553145;0,0000000000;46,8546637744;31,2364425163;0,0000000000;0,0000000000;3,9045553145;3,9045553145;1;0, 0, 55, 45, 0, 0, 0, 0;0, 0, 0, 0, 25, 30, 25, 20, 0, 0, 0, 0, 0, 0, 0, 0, 0, 0, 0, 0, 0, 0, 0, 0, 0;Europe/Paris;34,0
2022-12-17T17:00:00Z;-1;9000003703;hourly;0,0000000000;0,0000000000;0,0000000000;0,0000000000;0,0000000000;0,0000000000;0,0000000000;0,0000000000;0,0000000000;0,0000000000;0,0000000000;0,0000000000;0,0000000000;1;0, 0, 0, 0, 0, 0, 0, 0;0, 0, 0, 0, 0, 0, 0, 0, 0, 0, 0, 0, 0, 0, 0, 0, 0, 0, 0, 0, 0, 0, 0, 0, 0;Europe/Paris;NA
2022-12-17T18:00:00Z;-1;9000003703;hourly;0,0000000000;0,0000000000;0,0000000000;0,0000000000;0,0000000000;0,0000000000;0,0000000000;0,0000000000;0,0000000000;0,0000000000;0,0000000000;0,0000000000;0,0000000000;1;0, 0, 0, 0, 0, 0, 0, 0;0, 0, 0, 0, 0, 0, 0, 0, 0, 0, 0, 0, 0, 0, 0, 0, 0, 0, 0, 0, 0, 0, 0, 0, 0;Europe/Paris;NA
2022-12-18T09:00:00Z;-1;9000003703;hourly;0,5225000000;9,5693779904;34,4497607656;1,9138755981;1,9138755981;7,6555023923;1,9138755981;11,4832535885;22,9665071770;1,9138755981;0,0000000000;1,9138755981;0,0000000000;1;0, 5.5555555556, 61.1111111111, 33.3333333333, 0, 0, 0, 0;0, 0, 0, 5.5555555556, 44.4444444444, 16.6666666667, 16.6666666667, 16.6666666667, 0, 0, 0, 0, 0, 0, 0, 0, 0, 0, 0, 0, 0, 0, 0, 0, 0;Europe/Paris;33,0
2022-12-18T10:00:00Z;-1;9000003703;hourly;0,8069444444;18,5886402754;37,1772805508;0,0000000000;13,6316695353;11,1531841652;7,4354561102;11,1531841652;26,0240963855;0,0000000000;0,0000000000;3,7177280551;9,9139414802;1;0, 0, 16.6666666667, 73.3333333333, 10, 0, 0, 0;0, 0, 0, 0, 6.6666666667, 10, 56.6666666667, 16.6666666667, 6.6666666667, 3.3333333333, 0, 0, 0, 0, 0, 0, 0, 0, 0, 0, 0, 0, 0, 0, 0;Europe/Paris;36,0
2022-12-18T11:00:00Z;-1;9000003703;hourly;0,7977777778;12,5348189415;32,5905292479;5,0139275766;6,2674094708;7,5208913649;5,0139275766;5,0139275766;27,5766016713;3,7604456825;1,2534818942;3,7604456825;2,5069637883;1;0, 0, 15.3846153846, 53.8461538462, 23.0769230769, 7.6923076923, 0, 0;0, 0, 0, 0, 0, 15.3846153846, 15.3846153846, 38.4615384615, 19.2307692308, 3.8461538462, 3.8461538462, 3.8461538462, 0, 0, 0, 0, 0, 0, 0, 0, 0, 0, 0, 0, 0;Europe/Paris;41,5
2022-12-18T12:00:00Z;-1;9000003703;hourly;0,8025000000;9,9688473520;4,9844236760;1,2461059190;3,7383177570;3,7383177570;6,2305295950;2,4922118380;2,4922118380;1,2461059190;0,0000000000;2,4922118380;1,2461059190;1;0, 0, 50, 25, 25, 0, 0, 0;0, 0, 0, 0, 0, 50, 25, 0, 25, 0, 0, 0, 0, 0, 0, 0, 0, 0, 0, 0, 0, 0, 0, 0, 0;Europe/Paris;39,5
2022-12-18T13:00:00Z;-1;9000003703;hourly;0,7991666667;10,0104275287;20,0208550574;0,0000000000;0,0000000000;8,7591240876;1,2513034411;8,7591240876;11,2617309698;0,0000000000;0,0000000000;0,0000000000;0,0000000000;1;6.25, 0, 25, 50, 18.75, 0, 0, 0;6.25, 0, 0, 0, 0, 25, 25, 25, 6.25, 12.5, 0, 0, 0, 0, 0, 0, 0, 0, 0, 0, 0, 0, 0, 0, 0;Europe/Paris;40,5
2022-12-18T14:00:00Z;-1;9000003703;hourly;0,8094444444;19,7666437886;25,9437199725;0,0000000000;3,7062457104;11,1187371311;8,6479066575;12,3541523679;13,5895676047;0,0000000000;0,0000000000;2,4708304736;1,2354152368;1;0, 0, 19.0476190476, 38.0952380952, 28.5714285714, 14.2857142857, 0, 0;0, 0, 0, 0, 0, 19.0476190476, 14.2857142857, 23.8095238095, 14.2857142857, 14.2857142857, 14.2857142857, 0, 0, 0, 0, 0, 0, 0, 0, 0, 0, 0, 0, 0, 0;Europe/Paris;47,0
2022-12-18T15:00:00Z;-1;9000003703;hourly;0,7297222222;6,8519223449;21,9261515036;1,3703844690;5,4815378759;5,4815378759;1,3703844690;10,9630757518;10,9630757518;0,0000000000;1,3703844690;2,7407689380;2,7407689380;1;0, 6.25, 6.25, 75, 12.5, 0, 0, 0;0, 0, 0, 6.25, 0, 6.25, 43.75, 31.25, 12.5, 0, 0, 0, 0, 0, 0, 0, 0, 0, 0, 0, 0, 0, 0, 0, 0;Europe/Paris;37,0
2022-12-18T16:00:00Z;-1;9000003703;hourly;0,0408333333;24,4897959184;24,4897959184;0,0000000000;0,0000000000;24,4897959184;0,0000000000;24,4897959184;0,0000000000;0,0000000000;0,0000000000;0,0000000000;0,0000000000;1;0, 0, 0, 100, 0, 0, 0, 0;0, 0, 0, 0, 0, 0, 100, 0, 0, 0, 0, 0, 0, 0, 0, 0, 0, 0, 0, 0, 0, 0, 0, 0, 0;Europe/Paris;31,5
2022-12-18T17:00:00Z;-1;9000003703;hourly;0,0000000000;0,0000000000;0,0000000000;0,0000000000;0,0000000000;0,0000000000;0,0000000000;0,0000000000;0,0000000000;0,0000000000;0,0000000000;0,0000000000;0,0000000000;1;0, 0, 0, 0, 0, 0, 0, 0;0, 0, 0, 0, 0, 0, 0, 0, 0, 0, 0, 0, 0, 0, 0, 0, 0, 0, 0, 0, 0, 0, 0, 0, 0;Europe/Paris;NA
2022-12-18T18:00:00Z;-1;9000003703;hourly;0,0000000000;0,0000000000;0,0000000000;0,0000000000;0,0000000000;0,0000000000;0,0000000000;0,0000000000;0,0000000000;0,0000000000;0,0000000000;0,0000000000;0,0000000000;1;0, 0, 0, 0, 0, 0, 0, 0;0, 0, 0, 0, 0, 0, 0, 0, 0, 0, 0, 0, 0, 0, 0, 0, 0, 0, 0, 0, 0, 0, 0, 0, 0;Europe/Paris;NA
2022-12-19T10:00:00Z;-1;9000003703;hourly;0,9013888889;1,1093990755;11,0939907550;0,0000000000;2,2187981510;1,1093990755;0,0000000000;4,4375963020;6,6563944530;0,0000000000;0,0000000000;0,0000000000;2,2187981510;1;0, 10, 10, 40, 40, 0, 0, 0;0, 0, 0, 10, 0, 10, 20, 20, 20, 20, 0, 0, 0, 0, 0, 0, 0, 0, 0, 0, 0, 0, 0, 0, 0;Europe/Paris;43,5
2022-12-19T11:00:00Z;-1;9000003703;hourly;0,7969444444;15,0575113280;53,9560822586;8,7835482747;1,2547926107;10,0383408853;5,0191704427;18,8218891600;35,1341930986;5,0191704427;3,7643778320;1,2547926107;0,0000000000;1;2.3255813953, 2.3255813953, 23.2558139535, 48.8372093023, 18.6046511628, 4.6511627907, 0, 0;0, 2.3255813953, 2.3255813953, 0, 16.2790697674, 6.976744186, 20.9302325581, 27.9069767442, 13.9534883721, 4.6511627907, 2.3255813953, 2.3255813953, 0, 0, 0, 0, 0, 0, 0, 0, 0, 0, 0, 0, 0;Europe/Paris;40,5
2022-12-19T12:00:00Z;-1;9000003703;hourly;0,7505555556;6,6617320503;27,9792746114;5,3293856403;5,3293856403;2,6646928201;3,9970392302;15,9881569208;11,9911176906;1,3323464101;3,9970392302;3,9970392302;1,3323464101;1;4.7619047619, 0, 23.8095238095, 47.619047619, 19.0476190476, 4.7619047619, 0, 0;4.7619047619, 0, 0, 0, 4.7619047619, 19.0476190476, 28.5714285714, 19.0476190476, 4.7619047619, 14.2857142857, 4.7619047619, 0, 0, 0, 0, 0, 0, 0, 0, 0, 0, 0, 0, 0, 0;Europe/Paris;44,0
2022-12-19T13:00:00Z;-1;9000003703;hourly;0,7869444444;6,3536886693;36,8513942817;8,8951641370;6,3536886693;3,8122132016;2,5414754677;19,0610660078;17,7903282739;2,5414754677;6,3536886693;6,3536886693;0,0000000000;1;10.3448275862, 3.4482758621, 10.3448275862, 48.275862069, 24.1379310345, 3.4482758621, 0, 0;10.3448275862, 0, 0, 3.4482758621, 0, 10.3448275862, 27.5862068966, 20.6896551724, 20.6896551724, 3.4482758621, 3.4482758621, 0, 0, 0, 0, 0, 0, 0, 0, 0, 0, 0, 0, 0, 0;Europe/Paris;40,5
2022-12-19T14:00:00Z;-1;9000003703;hourly;0,8011111111;4,9930651872;44,9375866852;4,9930651872;2,4965325936;3,7447988904;1,2482662968;17,4757281553;27,4618585298;1,2482662968;3,7447988904;1,2482662968;1,2482662968;1;0, 11.1111111111, 16.6666666667, 52.7777777778, 16.6666666667, 2.7777777778, 0, 0;0, 0, 5.5555555556, 5.5555555556, 5.5555555556, 11.1111111111, 22.2222222222, 30.5555555556, 13.8888888889, 2.7777777778, 0, 2.7777777778, 0, 0, 0, 0, 0, 0, 0, 0, 0, 0, 0, 0, 0;Europe/Paris;39,0
2022-12-19T15:00:00Z;-1;9000003703;hourly;0,7955555556;7,5418994413;70,3910614525;13,8268156425;5,0279329609;5,0279329609;2,5139664804;31,4245810056;38,9664804469;10,0558659218;3,7709497207;2,5139664804;2,5139664804;1;1.7857142857, 3.5714285714, 26.7857142857, 55.3571428571, 10.7142857143, 1.7857142857, 0, 0;1.7857142857, 0, 0, 3.5714285714, 7.1428571429, 19.6428571429, 33.9285714286, 21.4285714286, 10.7142857143, 0, 1.7857142857, 0, 0, 0, 0, 0, 0, 0, 0, 0, 0, 0, 0, 0, 0;Europe/Paris;37,0
2022-12-19T16:00:00Z;-1;9000003703;hourly;0,1477777778;6,7669172932;87,9699248120;0,0000000000;6,7669172932;0,0000000000;6,7669172932;33,8345864662;54,1353383459;0,0000000000;0,0000000000;6,7669172932;0,0000000000;1;0, 0, 46.1538461538, 46.1538461538, 7.6923076923, 0, 0, 0;0, 0, 0, 0, 46.1538461538, 0, 23.0769230769, 23.0769230769, 7.6923076923, 0, 0, 0, 0, 0, 0, 0, 0, 0, 0, 0, 0, 0, 0, 0, 0;Europe/Paris;36,0
2022-12-19T17:00:00Z;-1;9000003703;hourly;0,0000000000;0,0000000000;0,0000000000;0,0000000000;0,0000000000;0,0000000000;0,0000000000;0,0000000000;0,0000000000;0,0000000000;0,0000000000;0,0000000000;0,0000000000;1;0, 0, 0, 0, 0, 0, 0, 0;0, 0, 0, 0, 0, 0, 0, 0, 0, 0, 0, 0, 0, 0, 0, 0, 0, 0, 0, 0, 0, 0, 0, 0, 0;Europe/Paris;NA
2022-12-19T18:00:00Z;-1;9000003703;hourly;0,0000000000;0,0000000000;0,0000000000;0,0000000000;0,0000000000;0,0000000000;0,0000000000;0,0000000000;0,0000000000;0,0000000000;0,0000000000;0,0000000000;0,0000000000;1;0, 0, 0, 0, 0, 0, 0, 0;0, 0, 0, 0, 0, 0, 0, 0, 0, 0, 0, 0, 0, 0, 0, 0, 0, 0, 0, 0, 0, 0, 0, 0, 0;Europe/Paris;NA
2022-12-20T10:00:00Z;-1;9000003703;hourly;0,9061111111;14,3470263642;6,6217044758;6,6217044758;0,0000000000;8,8289393010;5,5180870632;0,0000000000;6,6217044758;2,2072348253;4,4144696505;0,0000000000;0,0000000000;1;0, 0, 16.6666666667, 50, 33.3333333333, 0, 0, 0;0, 0, 0, 0, 0, 16.6666666667, 33.3333333333, 16.6666666667, 16.6666666667, 16.6666666667, 0, 0, 0, 0, 0, 0, 0, 0, 0, 0, 0, 0, 0, 0, 0;Europe/Paris;43,0
2022-12-20T11:00:00Z;-1;9000003703;hourly;0,8011111111;28,7101248266;37,4479889043;8,7378640777;3,7447988904;9,9861303745;18,7239944521;4,9930651872;32,4549237171;4,9930651872;3,7447988904;3,7447988904;0,0000000000;1;0, 0, 3.3333333333, 56.6666666667, 30, 6.6666666667, 0, 3.3333333333;0, 0, 0, 0, 0, 3.3333333333, 33.3333333333, 23.3333333333, 23.3333333333, 6.6666666667, 3.3333333333, 3.3333333333, 0, 0, 0, 0, 0, 0, 0, 0, 0, 0, 0, 0, 3.3333333333;Europe/Paris;43,5
2022-12-20T12:00:00Z;-1;9000003703;hourly;0,7913888889;27,7992277992;10,1088101088;5,0544050544;1,2636012636;20,2176202176;7,5816075816;3,7908037908;6,3180063180;2,5272025272;2,5272025272;0,0000000000;1,2636012636;1;0, 0, 37.5, 25, 37.5, 0, 0, 0;0, 0, 0, 0, 37.5, 0, 12.5, 12.5, 25, 12.5, 0, 0, 0, 0, 0, 0, 0, 0, 0, 0, 0, 0, 0, 0, 0;Europe/Paris;42,0
2022-12-20T13:00:00Z;-1;9000003703;hourly;0,8044444444;16,1602209945;21,1325966851;3,7292817680;1,2430939227;9,9447513812;6,2154696133;6,2154696133;14,9171270718;3,7292817680;0,0000000000;0,0000000000;1,2430939227;1;0, 0, 23.5294117647, 58.8235294118, 11.7647058824, 0, 5.8823529412, 0;0, 0, 0, 0, 11.7647058824, 11.7647058824, 35.2941176471, 23.5294117647, 11.7647058824, 0, 0, 0, 5.8823529412, 0, 0, 0, 0, 0, 0, 0, 0, 0, 0, 0, 0;Europe/Paris;38,5
2022-12-20T14:00:00Z;-1;9000003703;hourly;0,7975000000;15,0470219436;23,8244514107;3,7617554859;6,2695924765;10,0313479624;5,0156739812;11,2852664577;12,5391849530;1,2539184953;2,5078369906;1,2539184953;5,0156739812;1;0, 0, 36.8421052632, 57.8947368421, 5.2631578947, 0, 0, 0;0, 0, 0, 0, 21.0526315789, 15.7894736842, 15.7894736842, 42.1052631579, 5.2631578947, 0, 0, 0, 0, 0, 0, 0, 0, 0, 0, 0, 0, 0, 0, 0, 0;Europe/Paris;36,5
2022-12-20T15:00:00Z;-1;9000003703;hourly;0,7950000000;31,4465408805;46,5408805031;2,5157232704;3,7735849057;13,8364779874;17,6100628931;8,8050314465;37,7358490566;1,2578616352;1,2578616352;2,5157232704;1,2578616352;1;0, 2.7027027027, 16.2162162162, 59.4594594595, 18.9189189189, 2.7027027027, 0, 0;0, 0, 0, 2.7027027027, 2.7027027027, 13.5135135135, 35.1351351351, 24.3243243243, 8.1081081081, 10.8108108108, 2.7027027027, 0, 0, 0, 0, 0, 0, 0, 0, 0, 0, 0, 0, 0, 0;Europe/Paris;41,5
2022-12-20T16:00:00Z;-1;9000003703;hourly;0,0802777778;12,4567474048;37,3702422145;0,0000000000;0,0000000000;12,4567474048;0,0000000000;0,0000000000;37,3702422145;0,0000000000;0,0000000000;0,0000000000;0,0000000000;1;0, 33.3333333333, 0, 0, 66.6666666667, 0, 0, 0;0, 0, 0, 33.3333333333, 0, 0, 0, 0, 66.6666666667, 0, 0, 0, 0, 0, 0, 0, 0, 0, 0, 0, 0, 0, 0, 0, 0;Europe/Paris;41,5
2022-12-20T17:00:00Z;-1;9000003703;hourly;0,0000000000;0,0000000000;0,0000000000;0,0000000000;0,0000000000;0,0000000000;0,0000000000;0,0000000000;0,0000000000;0,0000000000;0,0000000000;0,0000000000;0,0000000000;1;0, 0, 0, 0, 0, 0, 0, 0;0, 0, 0, 0, 0, 0, 0, 0, 0, 0, 0, 0, 0, 0, 0, 0, 0, 0, 0, 0, 0, 0, 0, 0, 0;Europe/Paris;NA
2022-12-20T18:00:00Z;-1;9000003703;hourly;0,0000000000;0,0000000000;0,0000000000;0,0000000000;0,0000000000;0,0000000000;0,0000000000;0,0000000000;0,0000000000;0,0000000000;0,0000000000;0,0000000000;0,0000000000;1;0, 0, 0, 0, 0, 0, 0, 0;0, 0, 0, 0, 0, 0, 0, 0, 0, 0, 0, 0, 0, 0, 0, 0, 0, 0, 0, 0, 0, 0, 0, 0, 0;Europe/Paris;NA
2022-12-21T10:00:00Z;-1;9000003703;hourly;0,0630555556;0,0000000000;79,2951541850;0,0000000000;0,0000000000;0,0000000000;0,0000000000;47,5770925110;31,7180616740;0,0000000000;0,0000000000;0,0000000000;0,0000000000;1;0, 0, 60, 40, 0, 0, 0, 0;0, 0, 0, 0, 40, 20, 40, 0, 0, 0, 0, 0, 0, 0, 0, 0, 0, 0, 0, 0, 0, 0, 0, 0, 0;Europe/Paris;30,5
2022-12-21T11:00:00Z;-1;9000003703;hourly;0,6166666667;16,2162162162;40,5405405405;3,2432432432;0,0000000000;6,4864864865;9,7297297297;14,5945945946;25,9459459459;1,6216216216;1,6216216216;0,0000000000;0,0000000000;1;8, 0, 4, 60, 16, 8, 0, 4;8, 0, 0, 0, 0, 4, 8, 52, 8, 8, 8, 0, 0, 0, 0, 0, 0, 0, 4, 0, 0, 0, 0, 0, 0;Europe/Paris;45,5
2022-12-21T12:00:00Z;-1;9000003703;hourly;0,6350000000;20,4724409449;37,7952755906;6,2992125984;3,1496062992;14,1732283465;6,2992125984;15,7480314961;22,0472440945;4,7244094488;1,5748031496;1,5748031496;1,5748031496;1;8.3333333333, 0, 12.5, 45.8333333333, 25, 8.3333333333, 0, 0;8.3333333333, 0, 0, 0, 0, 12.5, 25, 20.8333333333, 16.6666666667, 8.3333333333, 0, 8.3333333333, 0, 0, 0, 0, 0, 0, 0, 0, 0, 0, 0, 0, 0;Europe/Paris;43,5
2022-12-21T13:00:00Z;-1;9000003703;hourly;0,6197222222;9,6817570596;40,3406544151;4,8408785298;8,0681308830;4,8408785298;4,8408785298;12,9090094128;27,4316450022;1,6136261766;3,2272523532;4,8408785298;3,2272523532;1;20, 0, 4, 52, 20, 4, 0, 0;12, 8, 0, 0, 0, 4, 28, 24, 12, 8, 4, 0, 0, 0, 0, 0, 0, 0, 0, 0, 0, 0, 0, 0, 0;Europe/Paris;41,5
2022-12-21T14:00:00Z;-1;9000003703;hourly;0,5872222222;10,2175969726;39,1674550615;3,4058656575;6,8117313150;3,4058656575;6,8117313150;18,7322611164;20,4351939451;1,7029328288;1,7029328288;1,7029328288;5,1087984863;1;4.347826087, 0, 30.4347826087, 26.0869565217, 34.7826086957, 4.347826087, 0, 0;4.347826087, 0, 0, 0, 13.0434782609, 17.3913043478, 13.0434782609, 13.0434782609, 21.7391304348, 13.0434782609, 0, 4.347826087, 0, 0, 0, 0, 0, 0, 0, 0, 0, 0, 0, 0, 0;Europe/Paris;43,5
2022-12-21T15:00:00Z;-1;9000003703;hourly;0,5269444444;34,1591987348;47,4433315762;9,4886663152;1,8977332630;26,5682656827;7,5909330522;13,2841328413;34,1591987348;5,6931997891;3,7954665261;1,8977332630;0,0000000000;1;0, 8, 12, 52, 20, 8, 0, 0;0, 0, 8, 0, 4, 8, 28, 24, 12, 8, 8, 0, 0, 0, 0, 0, 0, 0, 0, 0, 0, 0, 0, 0, 0;Europe/Paris;43,0
2022-12-21T16:00:00Z;-1;9000003703;hourly;0,0816666667;48,9795918367;0,0000000000;12,2448979592;12,2448979592;48,9795918367;0,0000000000;0,0000000000;0,0000000000;0,0000000000;12,2448979592;12,2448979592;0,0000000000;1;0, 0, 0, 0, 0, 0, 0, 0;0, 0, 0, 0, 0, 0, 0, 0, 0, 0, 0, 0, 0, 0, 0, 0, 0, 0, 0, 0, 0, 0, 0, 0, 0;Europe/Paris;NA
2022-12-21T17:00:00Z;-1;9000003703;hourly;0,0000000000;0,0000000000;0,0000000000;0,0000000000;0,0000000000;0,0000000000;0,0000000000;0,0000000000;0,0000000000;0,0000000000;0,0000000000;0,0000000000;0,0000000000;1;0, 0, 0, 0, 0, 0, 0, 0;0, 0, 0, 0, 0, 0, 0, 0, 0, 0, 0, 0, 0, 0, 0, 0, 0, 0, 0, 0, 0, 0, 0, 0, 0;Europe/Paris;NA
2022-12-21T18:00:00Z;-1;9000003703;hourly;0,0000000000;0,0000000000;0,0000000000;0,0000000000;0,0000000000;0,0000000000;0,0000000000;0,0000000000;0,0000000000;0,0000000000;0,0000000000;0,0000000000;0,0000000000;1;0, 0, 0, 0, 0, 0, 0, 0;0, 0, 0, 0, 0, 0, 0, 0, 0, 0, 0, 0, 0, 0, 0, 0, 0, 0, 0, 0, 0, 0, 0, 0, 0;Europe/Paris;NA
2022-12-22T10:00:00Z;-1;9000003703;hourly;1,0000000000;0,0000000000;0,0000000000;0,0000000000;0,0000000000;0,0000000000;0,0000000000;0,0000000000;0,0000000000;0,0000000000;0,0000000000;0,0000000000;0,0000000000;1;0, 0, 0, 0, 0, 0, 0, 0;0, 0, 0, 0, 0, 0, 0, 0, 0, 0, 0, 0, 0, 0, 0, 0, 0, 0, 0, 0, 0, 0, 0, 0, 0;Europe/Paris;NA
2022-12-22T11:00:00Z;-1;9000003703;hourly;0,8205555556;14,6242383209;42,6540284360;1,2186865267;2,4373730535;6,0934326337;8,5308056872;15,8429248477;26,8111035884;0,0000000000;1,2186865267;1,2186865267;1,2186865267;1;2.8571428571, 0, 20, 40, 28.5714285714, 8.5714285714, 0, 0;2.8571428571, 0, 0, 0, 5.7142857143, 14.2857142857, 20, 20, 22.8571428571, 5.7142857143, 5.7142857143, 2.8571428571, 0, 0, 0, 0, 0, 0, 0, 0, 0, 0, 0, 0, 0;Europe/Paris;42,5
2022-12-22T12:00:00Z;-1;9000003703;hourly;0,7958333333;17,5916230366;36,4397905759;2,5130890052;0,0000000000;6,2827225131;11,3089005236;16,3350785340;20,1047120419;1,2565445026;1,2565445026;0,0000000000;0,0000000000;1;3.4482758621, 3.4482758621, 13.7931034483, 44.8275862069, 34.4827586207, 0, 0, 0;3.4482758621, 0, 3.4482758621, 0, 0, 13.7931034483, 27.5862068966, 17.2413793103, 31.0344827586, 3.4482758621, 0, 0, 0, 0, 0, 0, 0, 0, 0, 0, 0, 0, 0, 0, 0;Europe/Paris;40,5
2022-12-22T13:00:00Z;-1;9000003703;hourly;0,7930555556;20,1751313485;26,4798598949;2,5218914186;2,5218914186;12,6094570928;7,5656742557;10,0875656743;16,3922942207;1,2609457093;1,2609457093;1,2609457093;1,2609457093;1;0, 0, 28.5714285714, 57.1428571429, 14.2857142857, 0, 0, 0;0, 0, 0, 0, 19.0476190476, 9.5238095238, 14.2857142857, 42.8571428571, 9.5238095238, 4.7619047619, 0, 0, 0, 0, 0, 0, 0, 0, 0, 0, 0, 0, 0, 0, 0;Europe/Paris;37,5
2022-12-22T14:00:00Z;-1;9000003703;hourly;0,7997222222;13,7547759639;30,0104202848;5,0017367141;2,5008683571;6,2521708927;7,5026050712;12,5043417853;17,5060784995;1,2504341785;3,7513025356;1,2504341785;1,2504341785;1;4.1666666667, 4.1666666667, 12.5, 50, 29.1666666667, 0, 0, 0;4.1666666667, 0, 0, 4.1666666667, 0, 12.5, 25, 25, 12.5, 16.6666666667, 0, 0, 0, 0, 0, 0, 0, 0, 0, 0, 0, 0, 0, 0, 0;Europe/Paris;43,0
2022-12-22T15:00:00Z;-1;9000003703;hourly;0,8002777778;14,9947934745;39,9861159320;1,2495661229;8,7469628601;4,9982644915;9,9965289830;16,2443595974;23,7417563346;0,0000000000;1,2495661229;3,7486983686;4,9982644915;1;15.625, 3.125, 18.75, 50, 9.375, 3.125, 0, 0;15.625, 0, 3.125, 0, 6.25, 12.5, 12.5, 37.5, 6.25, 3.125, 3.125, 0, 0, 0, 0, 0, 0, 0, 0, 0, 0, 0, 0, 0, 0;Europe/Paris;37,0
2022-12-22T16:00:00Z;-1;9000003703;hourly;0,1488888889;26,8656716418;53,7313432836;6,7164179104;6,7164179104;6,7164179104;20,1492537313;20,1492537313;33,5820895522;0,0000000000;6,7164179104;0,0000000000;6,7164179104;1;12.5, 12.5, 37.5, 37.5, 0, 0, 0, 0;12.5, 0, 0, 12.5, 12.5, 25, 25, 12.5, 0, 0, 0, 0, 0, 0, 0, 0, 0, 0, 0, 0, 0, 0, 0, 0, 0;Europe/Paris;32,0
2022-12-22T17:00:00Z;-1;9000003703;hourly;0,0000000000;0,0000000000;0,0000000000;0,0000000000;0,0000000000;0,0000000000;0,0000000000;0,0000000000;0,0000000000;0,0000000000;0,0000000000;0,0000000000;0,0000000000;1;0, 0, 0, 0, 0, 0, 0, 0;0, 0, 0, 0, 0, 0, 0, 0, 0, 0, 0, 0, 0, 0, 0, 0, 0, 0, 0, 0, 0, 0, 0, 0, 0;Europe/Paris;NA
2022-12-22T18:00:00Z;-1;9000003703;hourly;0,0000000000;0,0000000000;0,0000000000;0,0000000000;0,0000000000;0,0000000000;0,0000000000;0,0000000000;0,0000000000;0,0000000000;0,0000000000;0,0000000000;0,0000000000;1;0, 0, 0, 0, 0, 0, 0, 0;0, 0, 0, 0, 0, 0, 0, 0, 0, 0, 0, 0, 0, 0, 0, 0, 0, 0, 0, 0, 0, 0, 0, 0, 0;Europe/Paris;NA
2022-12-23T08:00:00Z;-1;9000003703;hourly;0,9552777778;1,0468159349;4,1872637395;0,0000000000;1,0468159349;0,0000000000;1,0468159349;3,1404478046;1,0468159349;0,0000000000;0,0000000000;1,0468159349;0,0000000000;1;0, 0, 25, 75, 0, 0, 0, 0;0, 0, 0, 0, 0, 25, 50, 25, 0, 0, 0, 0, 0, 0, 0, 0, 0, 0, 0, 0, 0, 0, 0, 0, 0;Europe/Paris;34,5
2022-12-23T09:00:00Z;-1;9000003703;hourly;0,8019444444;9,9757533772;63,5954277797;3,7409075165;7,4818150329;6,2348458608;3,7409075165;36,1621059924;27,4333217873;1,2469691722;2,4939383443;4,9878766886;2,4939383443;1;0, 1.9607843137, 31.3725490196, 58.8235294118, 7.8431372549, 0, 0, 0;0, 0, 0, 1.9607843137, 9.8039215686, 21.568627451, 33.3333333333, 25.4901960784, 7.8431372549, 0, 0, 0, 0, 0, 0, 0, 0, 0, 0, 0, 0, 0, 0, 0, 0;Europe/Paris;36,0
2022-12-23T10:00:00Z;-1;9000003703;hourly;0,7983333333;8,7682672234;57,6200417537;5,0104384134;11,2734864301;3,7578288100;5,0104384134;32,5678496868;25,0521920668;1,2526096033;3,7578288100;5,0104384134;6,2630480167;1;0, 4.347826087, 43.4782608696, 34.7826086957, 17.3913043478, 0, 0, 0;0, 0, 2.1739130435, 2.1739130435, 8.6956521739, 34.7826086957, 19.5652173913, 15.2173913043, 10.8695652174, 6.5217391304, 0, 0, 0, 0, 0, 0, 0, 0, 0, 0, 0, 0, 0, 0, 0;Europe/Paris;38,5
2022-12-23T11:00:00Z;-1;9000003703;hourly;0,8000000000;13,7500000000;52,5000000000;2,5000000000;2,5000000000;1,2500000000;12,5000000000;12,5000000000;40,0000000000;2,5000000000;0,0000000000;1,2500000000;1,2500000000;1;0, 0, 9.5238095238, 40.4761904762, 33.3333333333, 14.2857142857, 2.380952381, 0;0, 0, 0, 0, 0, 9.5238095238, 19.0476190476, 21.4285714286, 28.5714285714, 4.7619047619, 11.9047619048, 2.380952381, 2.380952381, 0, 0, 0, 0, 0, 0, 0, 0, 0, 0, 0, 0;Europe/Paris;48,0
2022-12-23T12:00:00Z;-1;9000003703;hourly;0,7977777778;8,7743732591;51,3927576602;5,0139275766;5,0139275766;6,2674094708;2,5069637883;28,8300835655;22,5626740947;2,5069637883;2,5069637883;0,0000000000;5,0139275766;1;0, 4.8780487805, 29.2682926829, 43.9024390244, 19.512195122, 2.4390243902, 0, 0;0, 0, 2.4390243902, 2.4390243902, 7.3170731707, 21.9512195122, 19.512195122, 24.3902439024, 12.1951219512, 7.3170731707, 0, 2.4390243902, 0, 0, 0, 0, 0, 0, 0, 0, 0, 0, 0, 0, 0;Europe/Paris;40,5
2022-12-23T13:00:00Z;-1;9000003703;hourly;0,8072222222;1,2388162423;50,7914659326;0,0000000000;6,1940812113;1,2388162423;0,0000000000;19,8210598761;30,9704060564;0,0000000000;0,0000000000;3,7164487268;2,4776324845;1;0, 0, 24.3902439024, 63.4146341463, 12.1951219512, 0, 0, 0;0, 0, 0, 0, 9.756097561, 14.6341463415, 36.5853658537, 26.8292682927, 9.756097561, 2.4390243902, 0, 0, 0, 0, 0, 0, 0, 0, 0, 0, 0, 0, 0, 0, 0;Europe/Paris;37,0
2022-12-23T14:00:00Z;-1;9000003703;hourly;0,8033333333;4,9792531120;69,7095435685;2,4896265560;11,2033195021;1,2448132780;3,7344398340;32,3651452282;37,3443983402;2,4896265560;0,0000000000;3,7344398340;7,4688796680;1;0, 1.7857142857, 30.3571428571, 53.5714285714, 12.5, 1.7857142857, 0, 0;0, 0, 0, 1.7857142857, 5.3571428571, 25, 32.1428571429, 21.4285714286, 10.7142857143, 1.7857142857, 1.7857142857, 0, 0, 0, 0, 0, 0, 0, 0, 0, 0, 0, 0, 0, 0;Europe/Paris;37,5
2022-12-23T15:00:00Z;-1;9000003703;hourly;0,8019444444;4,9878766886;84,7939037063;0,0000000000;13,7166608937;3,7409075165;1,2469691722;39,9030135088;44,8908901974;0,0000000000;0,0000000000;8,7287842051;4,9878766886;1;1.4705882353, 1.4705882353, 26.4705882353, 54.4117647059, 14.7058823529, 1.4705882353, 0, 0;1.4705882353, 0, 0, 1.4705882353, 8.8235294118, 17.6470588235, 39.7058823529, 14.7058823529, 10.2941176471, 4.4117647059, 1.4705882353, 0, 0, 0, 0, 0, 0, 0, 0, 0, 0, 0, 0, 0, 0;Europe/Paris;38,0
2022-12-23T16:00:00Z;-1;9000003703;hourly;0,1111111111;0,0000000000;108,0000000000;9,0000000000;9,0000000000;0,0000000000;0,0000000000;45,0000000000;63,0000000000;9,0000000000;0,0000000000;9,0000000000;0,0000000000;1;0, 0, 41.6666666667, 58.3333333333, 0, 0, 0, 0;0, 0, 0, 0, 16.6666666667, 25, 33.3333333333, 25, 0, 0, 0, 0, 0, 0, 0, 0, 0, 0, 0, 0, 0, 0, 0, 0, 0;Europe/Paris;34,5
2022-12-23T17:00:00Z;-1;9000003703;hourly;0,0000000000;0,0000000000;0,0000000000;0,0000000000;0,0000000000;0,0000000000;0,0000000000;0,0000000000;0,0000000000;0,0000000000;0,0000000000;0,0000000000;0,0000000000;1;0, 0, 0, 0, 0, 0, 0, 0;0, 0, 0, 0, 0, 0, 0, 0, 0, 0, 0, 0, 0, 0, 0, 0, 0, 0, 0, 0, 0, 0, 0, 0, 0;Europe/Paris;NA
2022-12-23T18:00:00Z;-1;9000003703;hourly;0,0000000000;0,0000000000;0,0000000000;0,0000000000;0,0000000000;0,0000000000;0,0000000000;0,0000000000;0,0000000000;0,0000000000;0,0000000000;0,0000000000;0,0000000000;1;0, 0, 0, 0, 0, 0, 0, 0;0, 0, 0, 0, 0, 0, 0, 0, 0, 0, 0, 0, 0, 0, 0, 0, 0, 0, 0, 0, 0, 0, 0, 0, 0;Europe/Paris;NA
2022-12-24T10:00:00Z;-1;9000003703;hourly;1,0000000000;0,0000000000;0,0000000000;0,0000000000;0,0000000000;0,0000000000;0,0000000000;0,0000000000;0,0000000000;0,0000000000;0,0000000000;0,0000000000;0,0000000000;1;0, 0, 0, 0, 0, 0, 0, 0;0, 0, 0, 0, 0, 0, 0, 0, 0, 0, 0, 0, 0, 0, 0, 0, 0, 0, 0, 0, 0, 0, 0, 0, 0;Europe/Paris;NA
2022-12-24T11:00:00Z;-1;9000003703;hourly;0,8216666667;9,7363083164;35,2941176471;0,0000000000;13,3874239351;3,6511156187;6,0851926978;10,9533468560;24,3407707911;0,0000000000;0,0000000000;4,8681541582;8,5192697769;1;0, 0, 24.1379310345, 48.275862069, 27.5862068966, 0, 0, 0;0, 0, 0, 0, 0, 24.1379310345, 27.5862068966, 20.6896551724, 17.2413793103, 10.3448275862, 0, 0, 0, 0, 0, 0, 0, 0, 0, 0, 0, 0, 0, 0, 0;Europe/Paris;41,0
2022-12-24T12:00:00Z;-1;9000003703;hourly;0,8055555556;8,6896551724;43,4482758621;1,2413793103;1,2413793103;3,7241379310;4,9655172414;16,1379310345;27,3103448276;1,2413793103;0,0000000000;1,2413793103;0,0000000000;1;0, 0, 20, 37.1428571429, 42.8571428571, 0, 0, 0;0, 0, 0, 0, 8.5714285714, 11.4285714286, 14.2857142857, 22.8571428571, 31.4285714286, 11.4285714286, 0, 0, 0, 0, 0, 0, 0, 0, 0, 0, 0, 0, 0, 0, 0;Europe/Paris;42,0
2022-12-24T13:00:00Z;-1;9000003703;hourly;0,8025000000;7,4766355140;47,3520249221;1,2461059190;2,4922118380;6,2305295950;1,2461059190;17,4454828660;29,9065420561;0,0000000000;1,2461059190;0,0000000000;2,4922118380;1;0, 0, 23.6842105263, 52.6315789474, 21.0526315789, 2.6315789474, 0, 0;0, 0, 0, 0, 7.8947368421, 15.7894736842, 28.9473684211, 23.6842105263, 13.1578947368, 7.8947368421, 2.6315789474, 0, 0, 0, 0, 0, 0, 0, 0, 0, 0, 0, 0, 0, 0;Europe/Paris;41,0
2022-12-24T14:00:00Z;-1;9000003703;hourly;0,8016666667;4,9896049896;42,4116424116;1,2474012474;11,2266112266;1,2474012474;3,7422037422;22,4532224532;19,9584199584;1,2474012474;0,0000000000;9,9792099792;1,2474012474;1;0, 2.9411764706, 20.5882352941, 50, 20.5882352941, 5.8823529412, 0, 0;0, 0, 0, 2.9411764706, 8.8235294118, 11.7647058824, 29.4117647059, 20.5882352941, 14.7058823529, 5.8823529412, 2.9411764706, 2.9411764706, 0, 0, 0, 0, 0, 0, 0, 0, 0, 0, 0, 0, 0;Europe/Paris;41,5
2022-12-24T15:00:00Z;-1;9000003703;hourly;0,8038888889;3,7318590187;55,9778852799;6,2197650311;6,2197650311;1,2439530062;2,4879060124;29,8548721493;26,1230131306;2,4879060124;3,7318590187;2,4879060124;3,7318590187;1;4.4444444444, 4.4444444444, 35.5555555556, 48.8888888889, 6.6666666667, 0, 0, 0;0, 4.4444444444, 2.2222222222, 2.2222222222, 11.1111111111, 24.4444444444, 22.2222222222, 26.6666666667, 2.2222222222, 4.4444444444, 0, 0, 0, 0, 0, 0, 0, 0, 0, 0, 0, 0, 0, 0, 0;Europe/Paris;36,0
2022-12-24T16:00:00Z;-1;9000003703;hourly;0,1266666667;7,8947368421;47,3684210526;0,0000000000;7,8947368421;0,0000000000;7,8947368421;23,6842105263;23,6842105263;0,0000000000;0,0000000000;7,8947368421;0,0000000000;1;0, 0, 50, 50, 0, 0, 0, 0;0, 0, 0, 0, 16.6666666667, 33.3333333333, 50, 0, 0, 0, 0, 0, 0, 0, 0, 0, 0, 0, 0, 0, 0, 0, 0, 0, 0;Europe/Paris;31,0
2022-12-24T17:00:00Z;-1;9000003703;hourly;0,0000000000;0,0000000000;0,0000000000;0,0000000000;0,0000000000;0,0000000000;0,0000000000;0,0000000000;0,0000000000;0,0000000000;0,0000000000;0,0000000000;0,0000000000;1;0, 0, 0, 0, 0, 0, 0, 0;0, 0, 0, 0, 0, 0, 0, 0, 0, 0, 0, 0, 0, 0, 0, 0, 0, 0, 0, 0, 0, 0, 0, 0, 0;Europe/Paris;NA
2022-12-24T18:00:00Z;-1;9000003703;hourly;0,0000000000;0,0000000000;0,0000000000;0,0000000000;0,0000000000;0,0000000000;0,0000000000;0,0000000000;0,0000000000;0,0000000000;0,0000000000;0,0000000000;0,0000000000;1;0, 0, 0, 0, 0, 0, 0, 0;0, 0, 0, 0, 0, 0, 0, 0, 0, 0, 0, 0, 0, 0, 0, 0, 0, 0, 0, 0, 0, 0, 0, 0, 0;Europe/Paris;NA
2022-12-24T19:00:00Z;-1;9000003703;hourly;0,0000000000;0,0000000000;0,0000000000;0,0000000000;0,0000000000;0,0000000000;0,0000000000;0,0000000000;0,0000000000;0,0000000000;0,0000000000;0,0000000000;0,0000000000;1;0, 0, 0, 0, 0, 0, 0, 0;0, 0, 0, 0, 0, 0, 0, 0, 0, 0, 0, 0, 0, 0, 0, 0, 0, 0, 0, 0, 0, 0, 0, 0, 0;Europe/Paris;NA
2022-12-28T13:00:00Z;-1;9000003703;hourly;0,8650000000;6,9364161850;19,6531791908;2,3121387283;1,1560693642;1,1560693642;5,7803468208;11,5606936416;8,0924855491;2,3121387283;0,0000000000;0,0000000000;1,1560693642;1;0, 5.8823529412, 41.1764705882, 35.2941176471, 11.7647058824, 0, 5.8823529412, 0;0, 0, 0, 5.8823529412, 23.5294117647, 17.6470588235, 11.7647058824, 23.5294117647, 11.7647058824, 0, 0, 0, 5.8823529412, 0, 0, 0, 0, 0, 0, 0, 0, 0, 0, 0, 0;Europe/Paris;38,5
2022-12-28T14:00:00Z;-1;9000003703;hourly;0,8041666667;17,4093264249;62,1761658031;6,2176165803;2,4870466321;9,9481865285;7,4611398964;28,6010362694;33,5751295337;6,2176165803;0,0000000000;1,2435233161;1,2435233161;1;0, 4, 18, 52, 24, 2, 0, 0;0, 0, 0, 4, 6, 12, 22, 30, 18, 6, 2, 0, 0, 0, 0, 0, 0, 0, 0, 0, 0, 0, 0, 0, 0;Europe/Paris;40,5
2022-12-28T15:00:00Z;-1;9000003703;hourly;0,7941666667;12,5918153200;61,6998950682;6,2959076600;1,2591815320;5,0367261280;7,5550891920;23,9244491081;37,7754459601;1,2591815320;5,0367261280;1,2591815320;0,0000000000;1;0, 0, 28.5714285714, 55.1020408163, 16.3265306122, 0, 0, 0;0, 0, 0, 0, 14.2857142857, 14.2857142857, 20.4081632653, 34.693877551, 12.2448979592, 4.0816326531, 0, 0, 0, 0, 0, 0, 0, 0, 0, 0, 0, 0, 0, 0, 0;Europe/Paris;38,0
2022-12-28T16:00:00Z;-1;9000003703;hourly;0,0883333333;22,6415094340;124,5283018868;0,0000000000;0,0000000000;11,3207547170;11,3207547170;79,2452830189;45,2830188679;0,0000000000;0,0000000000;0,0000000000;0,0000000000;1;9.0909090909, 0, 45.4545454545, 45.4545454545, 0, 0, 0, 0;9.0909090909, 0, 0, 0, 27.2727272727, 18.1818181818, 18.1818181818, 27.2727272727, 0, 0, 0, 0, 0, 0, 0, 0, 0, 0, 0, 0, 0, 0, 0, 0, 0;Europe/Paris;34,5
2022-12-28T17:00:00Z;-1;9000003703;hourly;0,0000000000;0,0000000000;0,0000000000;0,0000000000;0,0000000000;0,0000000000;0,0000000000;0,0000000000;0,0000000000;0,0000000000;0,0000000000;0,0000000000;0,0000000000;1;0, 0, 0, 0, 0, 0, 0, 0;0, 0, 0, 0, 0, 0, 0, 0, 0, 0, 0, 0, 0, 0, 0, 0, 0, 0, 0, 0, 0, 0, 0, 0, 0;Europe/Paris;NA
2022-12-28T18:00:00Z;-1;9000003703;hourly;0,0000000000;0,0000000000;0,0000000000;0,0000000000;0,0000000000;0,0000000000;0,0000000000;0,0000000000;0,0000000000;0,0000000000;0,0000000000;0,0000000000;0,0000000000;1;0, 0, 0, 0, 0, 0, 0, 0;0, 0, 0, 0, 0, 0, 0, 0, 0, 0, 0, 0, 0, 0, 0, 0, 0, 0, 0, 0, 0, 0, 0, 0, 0;Europe/Paris;NA
2022-12-29T07:00:00Z;-1;9000003703;hourly;0,0816666667;0,0000000000;24,4897959184;0,0000000000;0,0000000000;0,0000000000;0,0000000000;24,4897959184;0,0000000000;0,0000000000;0,0000000000;0,0000000000;0,0000000000;1;0, 0, 0, 100, 0, 0, 0, 0;0, 0, 0, 0, 0, 0, 0, 100, 0, 0, 0, 0, 0, 0, 0, 0, 0, 0, 0, 0, 0, 0, 0, 0, 0;Europe/Paris;36,5
2022-12-29T08:00:00Z;-1;9000003703;hourly;0,6522222222;4,5996592845;29,1311754685;0,0000000000;3,0664395230;4,5996592845;0,0000000000;10,7325383305;18,3986371380;0,0000000000;0,0000000000;0,0000000000;3,0664395230;1;0, 10.5263157895, 26.3157894737, 26.3157894737, 31.5789473684, 5.2631578947, 0, 0;0, 0, 0, 10.5263157895, 5.2631578947, 21.0526315789, 15.7894736842, 10.5263157895, 21.0526315789, 10.5263157895, 0, 5.2631578947, 0, 0, 0, 0, 0, 0, 0, 0, 0, 0, 0, 0, 0;Europe/Paris;43,0
2022-12-29T09:00:00Z;-1;9000003703;hourly;0,8016666667;1,2474012474;32,4324324324;7,4844074844;6,2370062370;0,0000000000;1,2474012474;14,9688149688;17,4636174636;4,9896049896;2,4948024948;2,4948024948;3,7422037422;1;11.5384615385, 0, 38.4615384615, 38.4615384615, 11.5384615385, 0, 0, 0;0, 11.5384615385, 0, 0, 7.6923076923, 30.7692307692, 23.0769230769, 15.3846153846, 11.5384615385, 0, 0, 0, 0, 0, 0, 0, 0, 0, 0, 0, 0, 0, 0, 0, 0;Europe/Paris;36,5
2022-12-29T10:00:00Z;-1;9000003703;hourly;0,8002777778;8,7469628601;32,4887191947;4,9982644915;3,7486983686;4,9982644915;3,7486983686;9,9965289830;22,4921902117;2,4991322457;2,4991322457;2,4991322457;1,2495661229;1;7.6923076923, 26.9230769231, 61.5384615385, 3.8461538462, 0, 0, 0, 0;3.8461538462, 3.8461538462, 15.3846153846, 11.5384615385, 38.4615384615, 23.0769230769, 3.8461538462, 0, 0, 0, 0, 0, 0, 0, 0, 0, 0, 0, 0, 0, 0, 0, 0, 0, 0;Europe/Paris;25,0
2022-12-29T11:00:00Z;-1;9000003703;hourly;0,7933333333;6,3025210084;40,3361344538;3,7815126050;2,5210084034;2,5210084034;3,7815126050;12,6050420168;27,7310924370;2,5210084034;1,2605042017;2,5210084034;0,0000000000;1;6.25, 15.625, 50, 25, 3.125, 0, 0, 0;6.25, 0, 0, 15.625, 18.75, 31.25, 21.875, 3.125, 3.125, 0, 0, 0, 0, 0, 0, 0, 0, 0, 0, 0, 0, 0, 0, 0, 0;Europe/Paris;30,5
2022-12-29T12:00:00Z;-1;9000003703;hourly;0,7613888889;3,9401678220;35,4615103977;24,9543962058;1,3133892740;1,3133892740;2,6267785480;17,0740605618;18,3874498358;18,3874498358;6,5669463699;0,0000000000;1,3133892740;1;11.1111111111, 29.6296296296, 25.9259259259, 29.6296296296, 3.7037037037, 0, 0, 0;7.4074074074, 3.7037037037, 11.1111111111, 18.5185185185, 11.1111111111, 14.8148148148, 29.6296296296, 0, 3.7037037037, 0, 0, 0, 0, 0, 0, 0, 0, 0, 0, 0, 0, 0, 0, 0, 0;Europe/Paris;30,5
2022-12-29T13:00:00Z;-1;9000003703;hourly;0,7763888889;6,4400715564;29,6243291592;9,0161001789;1,2880143113;2,5760286225;3,8640429338;9,0161001789;20,6082289803;1,2880143113;7,7280858676;0,0000000000;1,2880143113;1;0, 4.347826087, 47.8260869565, 21.7391304348, 17.3913043478, 8.6956521739, 0, 0;0, 0, 0, 4.347826087, 21.7391304348, 26.0869565217, 8.6956521739, 13.0434782609, 13.0434782609, 4.347826087, 8.6956521739, 0, 0, 0, 0, 0, 0, 0, 0, 0, 0, 0, 0, 0, 0;Europe/Paris;41,5
2022-12-29T14:00:00Z;-1;9000003703;hourly;0,7725000000;12,9449838188;36,2459546926;10,3559870550;6,4724919094;5,1779935275;7,7669902913;18,1229773463;18,1229773463;6,4724919094;3,8834951456;2,5889967638;3,8834951456;1;14.2857142857, 39.2857142857, 17.8571428571, 21.4285714286, 3.5714285714, 3.5714285714, 0, 0;7.1428571429, 7.1428571429, 39.2857142857, 0, 10.7142857143, 7.1428571429, 17.8571428571, 3.5714285714, 3.5714285714, 0, 3.5714285714, 0, 0, 0, 0, 0, 0, 0, 0, 0, 0, 0, 0, 0, 0;Europe/Paris;31,5
2022-12-29T15:00:00Z;-1;9000003703;hourly;0,7775000000;9,0032154341;39,8713826367;7,7170418006;10,2893890675;5,1446945338;3,8585209003;14,1479099678;25,7234726688;5,1446945338;2,5723472669;6,4308681672;3,8585209003;1;12.9032258065, 6.4516129032, 32.2580645161, 38.7096774194, 6.4516129032, 0, 3.2258064516, 0;9.6774193548, 3.2258064516, 0, 6.4516129032, 9.6774193548, 22.5806451613, 32.2580645161, 6.4516129032, 6.4516129032, 0, 0, 0, 3.2258064516, 0, 0, 0, 0, 0, 0, 0, 0, 0, 0, 0, 0;Europe/Paris;33,5
2022-12-29T16:00:00Z;-1;9000003703;hourly;0,2802777778;0,0000000000;64,2220019822;14,2715559960;17,8394449950;0,0000000000;0,0000000000;28,5431119921;35,6788899901;10,7036669970;3,5678889990;10,7036669970;7,1357779980;1;11.1111111111, 11.1111111111, 11.1111111111, 50, 11.1111111111, 5.5555555556, 0, 0;5.5555555556, 5.5555555556, 5.5555555556, 5.5555555556, 0, 11.1111111111, 38.8888888889, 11.1111111111, 11.1111111111, 0, 5.5555555556, 0, 0, 0, 0, 0, 0, 0, 0, 0, 0, 0, 0, 0, 0;Europe/Paris;38,5
2022-12-29T17:00:00Z;-1;9000003703;hourly;0,0000000000;0,0000000000;0,0000000000;0,0000000000;0,0000000000;0,0000000000;0,0000000000;0,0000000000;0,0000000000;0,0000000000;0,0000000000;0,0000000000;0,0000000000;1;0, 0, 0, 0, 0, 0, 0, 0;0, 0, 0, 0, 0, 0, 0, 0, 0, 0, 0, 0, 0, 0, 0, 0, 0, 0, 0, 0, 0, 0, 0, 0, 0;Europe/Paris;NA
2022-12-29T18:00:00Z;-1;9000003703;hourly;0,0000000000;0,0000000000;0,0000000000;0,0000000000;0,0000000000;0,0000000000;0,0000000000;0,0000000000;0,0000000000;0,0000000000;0,0000000000;0,0000000000;0,0000000000;1;0, 0, 0, 0, 0, 0, 0, 0;0, 0, 0, 0, 0, 0, 0, 0, 0, 0, 0, 0, 0, 0, 0, 0, 0, 0, 0, 0, 0, 0, 0, 0, 0;Europe/Paris;NA
2022-12-30T12:00:00Z;-1;9000003703;hourly;0,8455555556;7,0959264126;11,8265440210;5,9132720105;2,3653088042;7,0959264126;0,0000000000;5,9132720105;5,9132720105;3,5479632063;2,3653088042;1,1826544021;1,1826544021;1;0, 0, 30, 50, 20, 0, 0, 0;0, 0, 0, 0, 0, 30, 20, 30, 10, 10, 0, 0, 0, 0, 0, 0, 0, 0, 0, 0, 0, 0, 0, 0, 0;Europe/Paris;40,0
2022-12-30T13:00:00Z;-1;9000003703;hourly;0,7800000000;3,8461538462;29,4871794872;2,5641025641;1,2820512821;3,8461538462;0,0000000000;6,4102564103;23,0769230769;0,0000000000;2,5641025641;0,0000000000;1,2820512821;1;4.347826087, 0, 13.0434782609, 60.8695652174, 21.7391304348, 0, 0, 0;4.347826087, 0, 0, 0, 4.347826087, 8.6956521739, 26.0869565217, 34.7826086957, 13.0434782609, 8.6956521739, 0, 0, 0, 0, 0, 0, 0, 0, 0, 0, 0, 0, 0, 0, 0;Europe/Paris;40,0
2022-12-30T14:00:00Z;-1;9000003703;hourly;0,7919444444;11,3644335321;45,4577341284;3,7881445107;1,2627148369;7,5762890214;3,7881445107;13,8898632059;31,5678709225;1,2627148369;2,5254296738;1,2627148369;0,0000000000;1;5.5555555556, 0, 19.4444444444, 55.5555555556, 13.8888888889, 5.5555555556, 0, 0;5.5555555556, 0, 0, 0, 2.7777777778, 16.6666666667, 22.2222222222, 33.3333333333, 13.8888888889, 0, 2.7777777778, 2.7777777778, 0, 0, 0, 0, 0, 0, 0, 0, 0, 0, 0, 0, 0;Europe/Paris;39,0
2022-12-30T15:00:00Z;-1;9000003703;hourly;0,7883333333;8,8794926004;64,6934460888;7,6109936575;5,0739957717;5,0739957717;3,8054968288;26,6384778013;38,0549682875;3,8054968288;3,8054968288;2,5369978858;2,5369978858;1;3.9215686275, 0, 29.4117647059, 54.9019607843, 9.8039215686, 1.9607843137, 0, 0;3.9215686275, 0, 0, 0, 11.7647058824, 17.6470588235, 31.3725490196, 23.5294117647, 7.8431372549, 1.9607843137, 0, 1.9607843137, 0, 0, 0, 0, 0, 0, 0, 0, 0, 0, 0, 0, 0;Europe/Paris;37,0
2022-12-30T16:00:00Z;-1;9000003703;hourly;0,1097222222;0,0000000000;63,7974683544;0,0000000000;0,0000000000;0,0000000000;0,0000000000;27,3417721519;36,4556962025;0,0000000000;0,0000000000;0,0000000000;0,0000000000;1;0, 0, 14.2857142857, 57.1428571429, 28.5714285714, 0, 0, 0;0, 0, 0, 0, 0, 14.2857142857, 57.1428571429, 0, 0, 28.5714285714, 0, 0, 0, 0, 0, 0, 0, 0, 0, 0, 0, 0, 0, 0, 0;Europe/Paris;45,0
2022-12-30T17:00:00Z;-1;9000003703;hourly;0,0000000000;0,0000000000;0,0000000000;0,0000000000;0,0000000000;0,0000000000;0,0000000000;0,0000000000;0,0000000000;0,0000000000;0,0000000000;0,0000000000;0,0000000000;1;0, 0, 0, 0, 0, 0, 0, 0;0, 0, 0, 0, 0, 0, 0, 0, 0, 0, 0, 0, 0, 0, 0, 0, 0, 0, 0, 0, 0, 0, 0, 0, 0;Europe/Paris;NA
2022-12-30T18:00:00Z;-1;9000003703;hourly;0,0000000000;0,0000000000;0,0000000000;0,0000000000;0,0000000000;0,0000000000;0,0000000000;0,0000000000;0,0000000000;0,0000000000;0,0000000000;0,0000000000;0,0000000000;1;0, 0, 0, 0, 0, 0, 0, 0;0, 0, 0, 0, 0, 0, 0, 0, 0, 0, 0, 0, 0, 0, 0, 0, 0, 0, 0, 0, 0, 0, 0, 0, 0;Europe/Paris;NA
2022-12-31T12:00:00Z;-1;9000003703;hourly;0,8394444444;0,0000000000;32,1641297154;1,1912640635;1,1912640635;0,0000000000;0,0000000000;13,1039046989;19,0602250165;1,1912640635;0,0000000000;1,1912640635;0,0000000000;1;0, 7.4074074074, 55.5555555556, 18.5185185185, 18.5185185185, 0, 0, 0;0, 0, 7.4074074074, 0, 25.9259259259, 29.6296296296, 14.8148148148, 3.7037037037, 11.1111111111, 7.4074074074, 0, 0, 0, 0, 0, 0, 0, 0, 0, 0, 0, 0, 0, 0, 0;Europe/Paris;39,0
2022-12-31T13:00:00Z;-1;9000003703;hourly;0,8080555556;1,2375386731;47,0264695772;6,1876933654;16,0880027501;1,2375386731;0,0000000000;17,3255414232;29,7009281540;3,7126160193;2,4750773462;12,3753867308;3,7126160193;1;0, 2.6315789474, 21.0526315789, 52.6315789474, 18.4210526316, 5.2631578947, 0, 0;0, 0, 0, 2.6315789474, 7.8947368421, 13.1578947368, 18.4210526316, 34.2105263158, 10.5263157895, 7.8947368421, 0, 5.2631578947, 0, 0, 0, 0, 0, 0, 0, 0, 0, 0, 0, 0, 0;Europe/Paris;41,5
2022-12-31T14:00:00Z;-1;9000003703;hourly;0,8016666667;0,0000000000;44,9064449064;7,4844074844;4,9896049896;0,0000000000;0,0000000000;18,7110187110;26,1954261954;3,7422037422;3,7422037422;3,7422037422;1,2474012474;1;0, 5.5555555556, 22.2222222222, 61.1111111111, 11.1111111111, 0, 0, 0;0, 0, 0, 5.5555555556, 11.1111111111, 11.1111111111, 36.1111111111, 25, 5.5555555556, 5.5555555556, 0, 0, 0, 0, 0, 0, 0, 0, 0, 0, 0, 0, 0, 0, 0;Europe/Paris;36,5
2022-12-31T15:00:00Z;-1;9000003703;hourly;0,8019444444;1,2469691722;79,8060270177;4,9878766886;12,4696917215;0,0000000000;1,2469691722;42,3969518531;37,4090751645;1,2469691722;3,7409075165;1,2469691722;11,2227225494;1;3.125, 4.6875, 34.375, 40.625, 14.0625, 1.5625, 0, 1.5625;1.5625, 1.5625, 1.5625, 3.125, 12.5, 21.875, 21.875, 18.75, 12.5, 1.5625, 1.5625, 0, 0, 0, 0, 0, 0, 0, 0, 0, 1.5625, 0, 0, 0, 0;Europe/Paris;38,5
2022-12-31T16:00:00Z;-1;9000003703;hourly;0,2380555556;0,0000000000;67,2112018670;4,2007001167;12,6021003501;0,0000000000;0,0000000000;37,8063010502;29,4049008168;4,2007001167;0,0000000000;12,6021003501;0,0000000000;1;0, 6.25, 25, 62.5, 6.25, 0, 0, 0;0, 0, 6.25, 0, 12.5, 12.5, 50, 12.5, 0, 6.25, 0, 0, 0, 0, 0, 0, 0, 0, 0, 0, 0, 0, 0, 0, 0;Europe/Paris;34,0
2023-01-03T03:00:00Z;-1;9000003703;hourly;0,0000000000;0,0000000000;0,0000000000;0,0000000000;0,0000000000;0,0000000000;0,0000000000;0,0000000000;0,0000000000;0,0000000000;0,0000000000;0,0000000000;0,0000000000;1;0, 0, 0, 0, 0, 0, 0, 0;0, 0, 0, 0, 0, 0, 0, 0, 0, 0, 0, 0, 0, 0, 0, 0, 0, 0, 0, 0, 0, 0, 0, 0, 0;Europe/Paris;NA
2023-01-03T04:00:00Z;-1;9000003703;hourly;0,0000000000;0,0000000000;0,0000000000;0,0000000000;0,0000000000;0,0000000000;0,0000000000;0,0000000000;0,0000000000;0,0000000000;0,0000000000;0,0000000000;0,0000000000;1;0, 0, 0, 0, 0, 0, 0, 0;0, 0, 0, 0, 0, 0, 0, 0, 0, 0, 0, 0, 0, 0, 0, 0, 0, 0, 0, 0, 0, 0, 0, 0, 0;Europe/Paris;NA
2023-01-03T05:00:00Z;-1;9000003703;hourly;0,0000000000;0,0000000000;0,0000000000;0,0000000000;0,0000000000;0,0000000000;0,0000000000;0,0000000000;0,0000000000;0,0000000000;0,0000000000;0,0000000000;0,0000000000;1;0, 0, 0, 0, 0, 0, 0, 0;0, 0, 0, 0, 0, 0, 0, 0, 0, 0, 0, 0, 0, 0, 0, 0, 0, 0, 0, 0, 0, 0, 0, 0, 0;Europe/Paris;NA
2023-01-03T06:00:00Z;-1;9000003703;hourly;0,0000000000;0,0000000000;0,0000000000;0,0000000000;0,0000000000;0,0000000000;0,0000000000;0,0000000000;0,0000000000;0,0000000000;0,0000000000;0,0000000000;0,0000000000;1;0, 0, 0, 0, 0, 0, 0, 0;0, 0, 0, 0, 0, 0, 0, 0, 0, 0, 0, 0, 0, 0, 0, 0, 0, 0, 0, 0, 0, 0, 0, 0, 0;Europe/Paris;NA
2023-01-03T07:00:00Z;-1;9000003703;hourly;0,1191666667;0,0000000000;50,3496503497;0,0000000000;0,0000000000;0,0000000000;0,0000000000;41,9580419580;8,3916083916;0,0000000000;0,0000000000;0,0000000000;0,0000000000;1;0, 16.6666666667, 16.6666666667, 33.3333333333, 16.6666666667, 16.6666666667, 0, 0;0, 0, 0, 16.6666666667, 0, 16.6666666667, 16.6666666667, 16.6666666667, 16.6666666667, 0, 16.6666666667, 0, 0, 0, 0, 0, 0, 0, 0, 0, 0, 0, 0, 0, 0;Europe/Paris;48,0
2023-01-03T08:00:00Z;-1;9000003703;hourly;0,6716666667;13,3995037221;46,1538461538;2,9776674938;2,9776674938;10,4218362283;2,9776674938;23,8213399504;22,3325062035;1,4888337469;1,4888337469;1,4888337469;1,4888337469;1;3.2258064516, 3.2258064516, 12.9032258065, 45.1612903226, 25.8064516129, 6.4516129032, 3.2258064516, 0;3.2258064516, 0, 0, 3.2258064516, 0, 12.9032258065, 38.7096774194, 6.4516129032, 12.9032258065, 12.9032258065, 3.2258064516, 3.2258064516, 0, 3.2258064516, 0, 0, 0, 0, 0, 0, 0, 0, 0, 0, 0;Europe/Paris;45,5
2023-01-03T09:00:00Z;-1;9000003703;hourly;0,7958333333;2,5130890052;30,1570680628;8,7958115183;2,5130890052;1,2565445026;1,2565445026;8,7958115183;21,3612565445;2,5130890052;6,2827225131;1,2565445026;1,2565445026;1;4.1666666667, 12.5, 33.3333333333, 29.1666666667, 20.8333333333, 0, 0, 0;0, 4.1666666667, 0, 12.5, 12.5, 20.8333333333, 16.6666666667, 12.5, 20.8333333333, 0, 0, 0, 0, 0, 0, 0, 0, 0, 0, 0, 0, 0, 0, 0, 0;Europe/Paris;39,0
2023-01-03T10:00:00Z;-1;9000003703;hourly;0,7891666667;11,4044350581;44,3505807814;2,5343189018;3,8014783527;6,3357972545;5,0686378036;20,2745512144;24,0760295671;1,2671594509;1,2671594509;2,5343189018;1,2671594509;1;5.7142857143, 25.7142857143, 42.8571428571, 20, 5.7142857143, 0, 0, 0;2.8571428571, 2.8571428571, 2.8571428571, 22.8571428571, 20, 22.8571428571, 17.1428571429, 2.8571428571, 5.7142857143, 0, 0, 0, 0, 0, 0, 0, 0, 0, 0, 0, 0, 0, 0, 0, 0;Europe/Paris;30,5
2023-01-03T11:00:00Z;-1;9000003703;hourly;0,8086111111;7,4201305393;49,4675369289;9,8935073858;7,4201305393;2,4733768464;4,9467536929;9,8935073858;39,5740295431;1,2366884232;8,6568189626;2,4733768464;4,9467536929;1;0, 12.5, 42.5, 35, 7.5, 2.5, 0, 0;0, 0, 0, 12.5, 17.5, 25, 32.5, 2.5, 5, 2.5, 2.5, 0, 0, 0, 0, 0, 0, 0, 0, 0, 0, 0, 0, 0, 0;Europe/Paris;32,0
2023-01-03T12:00:00Z;-1;9000003703;hourly;0,7975000000;6,2695924765;48,9028213166;1,2539184953;10,0313479624;6,2695924765;0,0000000000;35,1097178683;13,7931034483;1,2539184953;0,0000000000;8,7774294671;1,2539184953;1;0, 0, 25.641025641, 56.4102564103, 15.3846153846, 2.5641025641, 0, 0;0, 0, 0, 0, 7.6923076923, 17.9487179487, 33.3333333333, 23.0769230769, 12.8205128205, 2.5641025641, 2.5641025641, 0, 0, 0, 0, 0, 0, 0, 0, 0, 0, 0, 0, 0, 0;Europe/Paris;38,5
2023-01-03T13:00:00Z;-1;9000003703;hourly;0,7997222222;2,5008683571;36,2625911775;3,7513025356;2,5008683571;0,0000000000;2,5008683571;16,2556443209;20,0069468565;2,5008683571;1,2504341785;1,2504341785;1,2504341785;1;0, 6.8965517241, 17.2413793103, 62.0689655172, 10.3448275862, 3.4482758621, 0, 0;0, 0, 0, 6.8965517241, 3.4482758621, 13.7931034483, 27.5862068966, 34.4827586207, 6.8965517241, 3.4482758621, 3.4482758621, 0, 0, 0, 0, 0, 0, 0, 0, 0, 0, 0, 0, 0, 0;Europe/Paris;37,5
2023-01-03T14:00:00Z;-1;9000003703;hourly;0,8086111111;6,1834421161;53,1776021986;3,7100652697;9,8935073858;2,4733768464;3,7100652697;23,4970800412;29,6805221573;1,2366884232;2,4733768464;4,9467536929;4,9467536929;1;2.3255813953, 6.976744186, 27.9069767442, 53.488372093, 9.3023255814, 0, 0, 0;2.3255813953, 0, 2.3255813953, 4.6511627907, 18.6046511628, 9.3023255814, 30.2325581395, 23.2558139535, 9.3023255814, 0, 0, 0, 0, 0, 0, 0, 0, 0, 0, 0, 0, 0, 0, 0, 0;Europe/Paris;36,5
2023-01-03T15:00:00Z;-1;9000003703;hourly;0,7925000000;5,0473186120;103,4700315457;29,0220820189;47,9495268139;0,0000000000;5,0473186120;40,3785488959;63,0914826498;6,3091482650;22,7129337539;10,0946372240;37,8548895899;1;3.6585365854, 12.1951219512, 34.1463414634, 45.1219512195, 2.4390243902, 2.4390243902, 0, 0;2.4390243902, 1.2195121951, 1.2195121951, 10.9756097561, 12.1951219512, 21.9512195122, 23.1707317073, 21.9512195122, 1.2195121951, 1.2195121951, 2.4390243902, 0, 0, 0, 0, 0, 0, 0, 0, 0, 0, 0, 0, 0, 0;Europe/Paris;35,0
2023-01-03T16:00:00Z;-1;9000003703;hourly;0,1180555556;59,2941176471;93,1764705882;16,9411764706;33,8823529412;50,8235294118;8,4705882353;59,2941176471;33,8823529412;8,4705882353;8,4705882353;33,8823529412;0,0000000000;1;0, 0, 54.5454545455, 45.4545454545, 0, 0, 0, 0;0, 0, 0, 0, 18.1818181818, 36.3636363636, 18.1818181818, 27.2727272727, 0, 0, 0, 0, 0, 0, 0, 0, 0, 0, 0, 0, 0, 0, 0, 0, 0;Europe/Paris;35,0
2023-01-03T17:00:00Z;-1;9000003703;hourly;0,0000000000;0,0000000000;0,0000000000;0,0000000000;0,0000000000;0,0000000000;0,0000000000;0,0000000000;0,0000000000;0,0000000000;0,0000000000;0,0000000000;0,0000000000;1;0, 0, 0, 0, 0, 0, 0, 0;0, 0, 0, 0, 0, 0, 0, 0, 0, 0, 0, 0, 0, 0, 0, 0, 0, 0, 0, 0, 0, 0, 0, 0, 0;Europe/Paris;NA
2023-01-03T18:00:00Z;-1;9000003703;hourly;0,0000000000;0,0000000000;0,0000000000;0,0000000000;0,0000000000;0,0000000000;0,0000000000;0,0000000000;0,0000000000;0,0000000000;0,0000000000;0,0000000000;0,0000000000;1;0, 0, 0, 0, 0, 0, 0, 0;0, 0, 0, 0, 0, 0, 0, 0, 0, 0, 0, 0, 0, 0, 0, 0, 0, 0, 0, 0, 0, 0, 0, 0, 0;Europe/Paris;NA
2023-01-04T10:00:00Z;-1;9000003703;hourly;0,9041666667;5,5299539171;19,9078341014;3,3179723502;4,4239631336;3,3179723502;2,2119815668;5,5299539171;14,3778801843;2,2119815668;1,1059907834;0,0000000000;4,4239631336;1;0, 0, 0, 77.7777777778, 16.6666666667, 5.5555555556, 0, 0;0, 0, 0, 0, 0, 0, 38.8888888889, 38.8888888889, 5.5555555556, 11.1111111111, 5.5555555556, 0, 0, 0, 0, 0, 0, 0, 0, 0, 0, 0, 0, 0, 0;Europe/Paris;43,5
2023-01-04T11:00:00Z;-1;9000003703;hourly;0,7925000000;27,7602523659;66,8769716088;5,0473186120;59,3059936909;17,6656151420;10,0946372240;12,6182965300;54,2586750789;0,0000000000;5,0473186120;13,8801261830;45,4258675079;1;0, 1.8867924528, 24.5283018868, 45.2830188679, 20.7547169811, 7.5471698113, 0, 0;0, 0, 0, 1.8867924528, 3.7735849057, 20.7547169811, 24.5283018868, 20.7547169811, 13.2075471698, 7.5471698113, 5.6603773585, 1.8867924528, 0, 0, 0, 0, 0, 0, 0, 0, 0, 0, 0, 0, 0;Europe/Paris;42,5
2023-01-04T12:00:00Z;-1;9000003703;hourly;0,8030555556;27,3953649256;57,2812175718;1,2452438603;11,2071947423;18,6786579038;8,7167070218;18,6786579038;38,6025596679;1,2452438603;0,0000000000;6,2262193013;4,9809754410;1;0, 0, 15.2173913043, 50, 32.6086956522, 2.1739130435, 0, 0;0, 0, 0, 0, 2.1739130435, 13.0434782609, 13.0434782609, 36.9565217391, 21.7391304348, 10.8695652174, 2.1739130435, 0, 0, 0, 0, 0, 0, 0, 0, 0, 0, 0, 0, 0, 0;Europe/Paris;42,0
2023-01-04T13:00:00Z;-1;9000003703;hourly;0,8061111111;29,7725706409;96,7608545830;1,2405237767;9,9241902136;19,8483804273;9,9241902136;38,4562370779;58,3046175052;0,0000000000;1,2405237767;4,9620951068;4,9620951068;1;0, 5.1282051282, 26.9230769231, 48.7179487179, 19.2307692308, 0, 0, 0;0, 0, 0, 5.1282051282, 5.1282051282, 21.7948717949, 29.4871794872, 19.2307692308, 15.3846153846, 3.8461538462, 0, 0, 0, 0, 0, 0, 0, 0, 0, 0, 0, 0, 0, 0, 0;Europe/Paris;39,0
2023-01-04T14:00:00Z;-1;9000003703;hourly;0,8061111111;14,8862853205;111,6471399035;2,4810475534;13,6457615438;7,4431426602;7,4431426602;50,8614748449;60,7856650586;2,4810475534;0,0000000000;4,9620951068;8,6836664369;1;0, 1.1111111111, 40, 44.4444444444, 13.3333333333, 1.1111111111, 0, 0;0, 0, 0, 1.1111111111, 12.2222222222, 27.7777777778, 30, 14.4444444444, 11.1111111111, 2.2222222222, 0, 1.1111111111, 0, 0, 0, 0, 0, 0, 0, 0, 0, 0, 0, 0, 0;Europe/Paris;37,5
2023-01-04T15:00:00Z;-1;9000003703;hourly;0,7977777778;23,8161559889;120,3342618384;13,7883008357;12,5348189415;13,7883008357;10,0278551532;53,8997214485;66,4345403900;10,0278551532;3,7604456825;8,7743732591;3,7604456825;1;0, 2.0833333333, 38.5416666667, 53.125, 6.25, 0, 0, 0;0, 0, 0, 2.0833333333, 9.375, 29.1666666667, 28.125, 25, 3.125, 3.125, 0, 0, 0, 0, 0, 0, 0, 0, 0, 0, 0, 0, 0, 0, 0;Europe/Paris;35,5
2023-01-04T16:00:00Z;-1;9000003703;hourly;0,1200000000;33,3333333333;100,0000000000;25,0000000000;8,3333333333;8,3333333333;25,0000000000;16,6666666667;83,3333333333;8,3333333333;16,6666666667;0,0000000000;8,3333333333;1;16.6666666667, 8.3333333333, 16.6666666667, 58.3333333333, 0, 0, 0, 0;8.3333333333, 8.3333333333, 0, 8.3333333333, 8.3333333333, 8.3333333333, 25, 33.3333333333, 0, 0, 0, 0, 0, 0, 0, 0, 0, 0, 0, 0, 0, 0, 0, 0, 0;Europe/Paris;35,0
2023-01-04T17:00:00Z;-1;9000003703;hourly;0,0000000000;0,0000000000;0,0000000000;0,0000000000;0,0000000000;0,0000000000;0,0000000000;0,0000000000;0,0000000000;0,0000000000;0,0000000000;0,0000000000;0,0000000000;1;0, 0, 0, 0, 0, 0, 0, 0;0, 0, 0, 0, 0, 0, 0, 0, 0, 0, 0, 0, 0, 0, 0, 0, 0, 0, 0, 0, 0, 0, 0, 0, 0;Europe/Paris;NA
2023-01-04T18:00:00Z;-1;9000003703;hourly;0,0000000000;0,0000000000;0,0000000000;0,0000000000;0,0000000000;0,0000000000;0,0000000000;0,0000000000;0,0000000000;0,0000000000;0,0000000000;0,0000000000;0,0000000000;1;0, 0, 0, 0, 0, 0, 0, 0;0, 0, 0, 0, 0, 0, 0, 0, 0, 0, 0, 0, 0, 0, 0, 0, 0, 0, 0, 0, 0, 0, 0, 0, 0;Europe/Paris;NA
2023-01-05T11:00:00Z;-1;9000003703;hourly;0,9411111111;2,1251475797;13,8134592680;1,0625737898;3,1877213695;0,0000000000;2,1251475797;6,3754427391;7,4380165289;0,0000000000;1,0625737898;2,1251475797;1,0625737898;1;0, 0, 46.1538461538, 53.8461538462, 0, 0, 0, 0;0, 0, 0, 0, 7.6923076923, 38.4615384615, 23.0769230769, 30.7692307692, 0, 0, 0, 0, 0, 0, 0, 0, 0, 0, 0, 0, 0, 0, 0, 0, 0;Europe/Paris;35,0
2023-01-05T12:00:00Z;-1;9000003703;hourly;0,8016666667;3,7422037422;43,6590436590;4,9896049896;17,4636174636;2,4948024948;1,2474012474;23,7006237006;19,9584199584;2,4948024948;2,4948024948;14,9688149688;2,4948024948;1;8.5714285714, 2.8571428571, 60, 25.7142857143, 2.8571428571, 0, 0, 0;5.7142857143, 2.8571428571, 0, 2.8571428571, 17.1428571429, 42.8571428571, 17.1428571429, 8.5714285714, 2.8571428571, 0, 0, 0, 0, 0, 0, 0, 0, 0, 0, 0, 0, 0, 0, 0, 0;Europe/Paris;31,5
2023-01-05T13:00:00Z;-1;9000003703;hourly;0,8047222222;11,1839834311;37,2799447705;3,7279944770;7,4559889541;3,7279944770;7,4559889541;17,3973075595;19,8826372109;2,4853296514;1,2426648257;4,9706593027;2,4853296514;1;0, 3.3333333333, 46.6666666667, 40, 10, 0, 0, 0;0, 0, 0, 3.3333333333, 23.3333333333, 23.3333333333, 23.3333333333, 16.6666666667, 3.3333333333, 6.6666666667, 0, 0, 0, 0, 0, 0, 0, 0, 0, 0, 0, 0, 0, 0, 0;Europe/Paris;36,0
2023-01-05T14:00:00Z;-1;9000003703;hourly;0,8102777778;12,3414466918;41,9609187521;12,3414466918;11,1073020226;6,1707233459;6,1707233459;20,9804593761;20,9804593761;1,2341446692;11,1073020226;3,7024340075;7,4048680151;1;0, 5.8823529412, 50, 29.4117647059, 14.7058823529, 0, 0, 0;0, 0, 2.9411764706, 2.9411764706, 20.5882352941, 29.4117647059, 23.5294117647, 5.8823529412, 8.8235294118, 5.8823529412, 0, 0, 0, 0, 0, 0, 0, 0, 0, 0, 0, 0, 0, 0, 0;Europe/Paris;37,0
2023-01-05T15:00:00Z;-1;9000003703;hourly;0,7952777778;20,1187565491;74,1879147747;32,6929793922;62,8711142159;6,2871114216;13,8316451275;31,4355571079;42,7523576668;11,3168005589;21,3761788334;11,3168005589;51,5543136570;1;3.3898305085, 8.4745762712, 52.5423728814, 32.2033898305, 3.3898305085, 0, 0, 0;0, 3.3898305085, 3.3898305085, 5.0847457627, 20.3389830508, 32.2033898305, 22.0338983051, 10.1694915254, 3.3898305085, 0, 0, 0, 0, 0, 0, 0, 0, 0, 0, 0, 0, 0, 0, 0, 0;Europe/Paris;32,0
2023-01-05T16:00:00Z;-1;9000003703;hourly;0,4547222222;37,3854612095;107,7580940745;10,9957238852;46,1820403177;28,5888821014;8,7965791081;41,7837507636;65,9743433109;6,5974343311;4,3982895541;35,1863164325;10,9957238852;1;10.2040816327, 2.0408163265, 57.1428571429, 26.5306122449, 4.0816326531, 0, 0, 0;8.1632653061, 2.0408163265, 0, 2.0408163265, 18.3673469388, 38.7755102041, 16.3265306122, 10.2040816327, 2.0408163265, 2.0408163265, 0, 0, 0, 0, 0, 0, 0, 0, 0, 0, 0, 0, 0, 0, 0;Europe/Paris;32,5
2023-01-05T17:00:00Z;-1;9000003703;hourly;0,0000000000;0,0000000000;0,0000000000;0,0000000000;0,0000000000;0,0000000000;0,0000000000;0,0000000000;0,0000000000;0,0000000000;0,0000000000;0,0000000000;0,0000000000;1;0, 0, 0, 0, 0, 0, 0, 0;0, 0, 0, 0, 0, 0, 0, 0, 0, 0, 0, 0, 0, 0, 0, 0, 0, 0, 0, 0, 0, 0, 0, 0, 0;Europe/Paris;NA
2023-01-05T18:00:00Z;-1;9000003703;hourly;0,0000000000;0,0000000000;0,0000000000;0,0000000000;0,0000000000;0,0000000000;0,0000000000;0,0000000000;0,0000000000;0,0000000000;0,0000000000;0,0000000000;0,0000000000;1;0, 0, 0, 0, 0, 0, 0, 0;0, 0, 0, 0, 0, 0, 0, 0, 0, 0, 0, 0, 0, 0, 0, 0, 0, 0, 0, 0, 0, 0, 0, 0, 0;Europe/Paris;NA
2023-01-06T08:00:00Z;-1;9000003703;hourly;0,5183333333;3,8585209003;32,7974276527;9,6463022508;3,8585209003;3,8585209003;0,0000000000;7,7170418006;25,0803858521;3,8585209003;5,7877813505;3,8585209003;0,0000000000;1;5.8823529412, 5.8823529412, 35.2941176471, 23.5294117647, 23.5294117647, 5.8823529412, 0, 0;5.8823529412, 0, 5.8823529412, 0, 0, 35.2941176471, 17.6470588235, 5.8823529412, 11.7647058824, 11.7647058824, 5.8823529412, 0, 0, 0, 0, 0, 0, 0, 0, 0, 0, 0, 0, 0, 0;Europe/Paris;43,5
2023-01-06T09:00:00Z;-1;9000003703;hourly;0,7813888889;12,7977248489;23,0359047280;6,3988624245;5,1190899396;3,8393174547;8,9584073942;11,5179523640;11,5179523640;2,5595449698;3,8393174547;2,5595449698;2,5595449698;1;27.7777777778, 22.2222222222, 44.4444444444, 5.5555555556, 0, 0, 0, 0;22.2222222222, 5.5555555556, 5.5555555556, 16.6666666667, 16.6666666667, 27.7777777778, 0, 5.5555555556, 0, 0, 0, 0, 0, 0, 0, 0, 0, 0, 0, 0, 0, 0, 0, 0, 0;Europe/Paris;26,0
2023-01-06T10:00:00Z;-1;9000003703;hourly;0,7766666667;14,1630901288;32,1888412017;11,5879828326;16,7381974249;5,1502145923;9,0128755365;9,0128755365;23,1759656652;7,7253218884;3,8626609442;10,3004291845;6,4377682403;1;4, 8, 72, 16, 0, 0, 0, 0;4, 0, 4, 4, 32, 40, 16, 0, 0, 0, 0, 0, 0, 0, 0, 0, 0, 0, 0, 0, 0, 0, 0, 0, 0;Europe/Paris;28,0
2023-01-06T11:00:00Z;-1;9000003703;hourly;0,7713888889;16,8527187613;22,0381706878;23,3345336694;12,9636298163;5,1854519265;11,6672668347;3,8890889449;18,1490817429;9,0745408714;14,2599927980;2,5927259633;10,3709038531;1;5.8823529412, 0, 41.1764705882, 35.2941176471, 17.6470588235, 0, 0, 0;5.8823529412, 0, 0, 0, 23.5294117647, 17.6470588235, 23.5294117647, 11.7647058824, 11.7647058824, 5.8823529412, 0, 0, 0, 0, 0, 0, 0, 0, 0, 0, 0, 0, 0, 0, 0;Europe/Paris;38,5
2023-01-06T12:00:00Z;-1;9000003703;hourly;0,7647222222;18,3073011260;35,3069378859;14,3843080276;19,6149654922;5,2306574646;13,0766436615;13,0766436615;22,2302942245;11,7689792953;2,6153287323;15,6919723938;3,9229930984;1;14.8148148148, 0, 37.037037037, 44.4444444444, 3.7037037037, 0, 0, 0;11.1111111111, 3.7037037037, 0, 0, 18.5185185185, 18.5185185185, 22.2222222222, 22.2222222222, 3.7037037037, 0, 0, 0, 0, 0, 0, 0, 0, 0, 0, 0, 0, 0, 0, 0, 0;Europe/Paris;35,0
2023-01-06T13:00:00Z;-1;9000003703;hourly;0,7866666667;26,6949152542;24,1525423729;6,3559322034;7,6271186441;13,9830508475;12,7118644068;11,4406779661;12,7118644068;3,8135593220;2,5423728814;2,5423728814;5,0847457627;1;5.2631578947, 5.2631578947, 36.8421052632, 42.1052631579, 10.5263157895, 0, 0, 0;5.2631578947, 0, 0, 5.2631578947, 15.7894736842, 21.0526315789, 21.0526315789, 21.0526315789, 10.5263157895, 0, 0, 0, 0, 0, 0, 0, 0, 0, 0, 0, 0, 0, 0, 0, 0;Europe/Paris;36,5
2023-01-06T14:00:00Z;-1;9000003703;hourly;0,7797222222;8,9775561097;46,1702885643;7,6950480941;7,6950480941;5,1300320627;3,8475240470;20,5201282508;25,6501603135;1,2825080157;6,4125400784;1,2825080157;6,4125400784;1;8.3333333333, 2.7777777778, 41.6666666667, 47.2222222222, 0, 0, 0, 0;8.3333333333, 0, 2.7777777778, 0, 11.1111111111, 30.5555555556, 41.6666666667, 5.5555555556, 0, 0, 0, 0, 0, 0, 0, 0, 0, 0, 0, 0, 0, 0, 0, 0, 0;Europe/Paris;31,5
2023-01-06T15:00:00Z;-1;9000003703;hourly;0,8033333333;14,9377593361;93,3609958506;33,6099585062;72,1991701245;7,4688796680;7,4688796680;42,3236514523;51,0373443983;4,9792531120;28,6307053942;17,4273858921;54,7717842324;1;0, 8, 52, 36, 4, 0, 0, 0;0, 0, 4, 4, 20, 32, 28, 8, 4, 0, 0, 0, 0, 0, 0, 0, 0, 0, 0, 0, 0, 0, 0, 0, 0;Europe/Paris;32,0
2023-01-06T16:00:00Z;-1;9000003703;hourly;0,3150000000;44,4444444444;123,8095238095;25,3968253968;31,7460317460;41,2698412698;3,1746031746;44,4444444444;79,3650793651;6,3492063492;19,0476190476;25,3968253968;6,3492063492;1;2.5641025641, 5.1282051282, 41.0256410256, 46.1538461538, 5.1282051282, 0, 0, 0;2.5641025641, 0, 2.5641025641, 2.5641025641, 7.6923076923, 33.3333333333, 23.0769230769, 23.0769230769, 5.1282051282, 0, 0, 0, 0, 0, 0, 0, 0, 0, 0, 0, 0, 0, 0, 0, 0;Europe/Paris;35,5
2023-01-06T17:00:00Z;-1;9000003703;hourly;0,0000000000;0,0000000000;0,0000000000;0,0000000000;0,0000000000;0,0000000000;0,0000000000;0,0000000000;0,0000000000;0,0000000000;0,0000000000;0,0000000000;0,0000000000;1;0, 0, 0, 0, 0, 0, 0, 0;0, 0, 0, 0, 0, 0, 0, 0, 0, 0, 0, 0, 0, 0, 0, 0, 0, 0, 0, 0, 0, 0, 0, 0, 0;Europe/Paris;NA
2023-01-06T18:00:00Z;-1;9000003703;hourly;0,0000000000;0,0000000000;0,0000000000;0,0000000000;0,0000000000;0,0000000000;0,0000000000;0,0000000000;0,0000000000;0,0000000000;0,0000000000;0,0000000000;0,0000000000;1;0, 0, 0, 0, 0, 0, 0, 0;0, 0, 0, 0, 0, 0, 0, 0, 0, 0, 0, 0, 0, 0, 0, 0, 0, 0, 0, 0, 0, 0, 0, 0, 0;Europe/Paris;NA
2023-01-07T10:00:00Z;-1;9000003703;hourly;0,8963888889;21,1961574218;27,8896808181;6,6935233963;3,3467616982;8,9246978618;12,2714595600;10,0402850945;17,8493957236;3,3467616982;3,3467616982;2,2311744654;1,1155872327;1;8, 0, 40, 32, 16, 4, 0, 0;8, 0, 0, 0, 4, 36, 20, 12, 16, 0, 0, 4, 0, 0, 0, 0, 0, 0, 0, 0, 0, 0, 0, 0, 0;Europe/Paris;39,0
2023-01-07T11:00:00Z;-1;9000003703;hourly;0,7858333333;30,5408271474;76,3520678685;5,0901378579;8,9077412513;13,9978791092;16,5429480382;45,8112407211;30,5408271474;2,5450689290;2,5450689290;5,0901378579;3,8176033934;1;6.6666666667, 3.3333333333, 30, 43.3333333333, 13.3333333333, 3.3333333333, 0, 0;6.6666666667, 0, 0, 3.3333333333, 8.3333333333, 21.6666666667, 26.6666666667, 16.6666666667, 8.3333333333, 5, 3.3333333333, 0, 0, 0, 0, 0, 0, 0, 0, 0, 0, 0, 0, 0, 0;Europe/Paris;38,5
2023-01-07T12:00:00Z;-1;9000003703;hourly;0,7975000000;25,0783699060;40,1253918495;0,0000000000;3,7617554859;2,5078369906;22,5705329154;15,0470219436;25,0783699060;0,0000000000;0,0000000000;2,5078369906;1,2539184953;1;3.125, 0, 18.75, 59.375, 15.625, 3.125, 0, 0;3.125, 0, 0, 0, 12.5, 6.25, 31.25, 28.125, 9.375, 6.25, 3.125, 0, 0, 0, 0, 0, 0, 0, 0, 0, 0, 0, 0, 0, 0;Europe/Paris;39,5
2023-01-07T13:00:00Z;-1;9000003703;hourly;0,7711111111;28,5302593660;38,9048991354;9,0778097983;2,5936599424;14,2651296830;14,2651296830;18,1556195965;20,7492795389;5,1873198847;3,8904899135;1,2968299712;1,2968299712;1;16.6666666667, 6.6666666667, 16.6666666667, 33.3333333333, 23.3333333333, 3.3333333333, 0, 0;10, 6.6666666667, 3.3333333333, 3.3333333333, 6.6666666667, 10, 20, 13.3333333333, 23.3333333333, 0, 3.3333333333, 0, 0, 0, 0, 0, 0, 0, 0, 0, 0, 0, 0, 0, 0;Europe/Paris;40,0
2023-01-07T14:00:00Z;-1;9000003703;hourly;0,7369444444;13,5695439126;21,7112702601;17,6404070863;1,3569543913;5,4278175650;8,1417263475;10,8556351300;10,8556351300;5,4278175650;12,2125895213;1,3569543913;0,0000000000;1;18.75, 18.75, 37.5, 25, 0, 0, 0, 0;18.75, 0, 18.75, 0, 31.25, 6.25, 12.5, 12.5, 0, 0, 0, 0, 0, 0, 0, 0, 0, 0, 0, 0, 0, 0, 0, 0, 0;Europe/Paris;31,5
2023-01-07T15:00:00Z;-1;9000003703;hourly;0,8025000000;39,8753894081;39,8753894081;8,7227414330;2,4922118380;13,7071651090;26,1682242991;19,9376947040;19,9376947040;4,9844236760;3,7383177570;1,2461059190;1,2461059190;1;0, 6.25, 6.25, 62.5, 18.75, 3.125, 3.125, 0;0, 0, 3.125, 3.125, 3.125, 3.125, 40.625, 21.875, 15.625, 3.125, 3.125, 0, 0, 3.125, 0, 0, 0, 0, 0, 0, 0, 0, 0, 0, 0;Europe/Paris;40,5
2023-01-07T16:00:00Z;-1;9000003703;hourly;0,2522222222;31,7180616740;23,7885462555;7,9295154185;23,7885462555;15,8590308370;15,8590308370;19,8237885463;3,9647577093;3,9647577093;3,9647577093;11,8942731278;11,8942731278;1;0, 0, 50, 50, 0, 0, 0, 0;0, 0, 0, 0, 33.3333333333, 16.6666666667, 33.3333333333, 16.6666666667, 0, 0, 0, 0, 0, 0, 0, 0, 0, 0, 0, 0, 0, 0, 0, 0, 0;Europe/Paris;33,0
2023-01-07T17:00:00Z;-1;9000003703;hourly;0,0000000000;0,0000000000;0,0000000000;0,0000000000;0,0000000000;0,0000000000;0,0000000000;0,0000000000;0,0000000000;0,0000000000;0,0000000000;0,0000000000;0,0000000000;1;0, 0, 0, 0, 0, 0, 0, 0;0, 0, 0, 0, 0, 0, 0, 0, 0, 0, 0, 0, 0, 0, 0, 0, 0, 0, 0, 0, 0, 0, 0, 0, 0;Europe/Paris;NA
2023-01-07T18:00:00Z;-1;9000003703;hourly;0,0000000000;0,0000000000;0,0000000000;0,0000000000;0,0000000000;0,0000000000;0,0000000000;0,0000000000;0,0000000000;0,0000000000;0,0000000000;0,0000000000;0,0000000000;1;0, 0, 0, 0, 0, 0, 0, 0;0, 0, 0, 0, 0, 0, 0, 0, 0, 0, 0, 0, 0, 0, 0, 0, 0, 0, 0, 0, 0, 0, 0, 0, 0;Europe/Paris;NA
2023-01-07T19:00:00Z;-1;9000003703;hourly;0,0000000000;0,0000000000;0,0000000000;0,0000000000;0,0000000000;0,0000000000;0,0000000000;0,0000000000;0,0000000000;0,0000000000;0,0000000000;0,0000000000;0,0000000000;1;0, 0, 0, 0, 0, 0, 0, 0;0, 0, 0, 0, 0, 0, 0, 0, 0, 0, 0, 0, 0, 0, 0, 0, 0, 0, 0, 0, 0, 0, 0, 0, 0;Europe/Paris;NA
2023-01-08T10:00:00Z;-1;9000003703;hourly;1,0000000000;0,0000000000;0,0000000000;0,0000000000;0,0000000000;0,0000000000;0,0000000000;0,0000000000;0,0000000000;0,0000000000;0,0000000000;0,0000000000;0,0000000000;1;0, 0, 0, 0, 0, 0, 0, 0;0, 0, 0, 0, 0, 0, 0, 0, 0, 0, 0, 0, 0, 0, 0, 0, 0, 0, 0, 0, 0, 0, 0, 0, 0;Europe/Paris;NA
2023-01-08T11:00:00Z;-1;9000003703;hourly;0,7872222222;29,2166549047;29,2166549047;17,7840508116;5,0811573747;17,7840508116;11,4326040932;17,7840508116;11,4326040932;16,5137614679;1,2702893437;1,2702893437;3,8108680311;1;4.347826087, 39.1304347826, 52.1739130435, 4.347826087, 0, 0, 0, 0;4.347826087, 0, 17.3913043478, 21.7391304348, 30.4347826087, 21.7391304348, 4.347826087, 0, 0, 0, 0, 0, 0, 0, 0, 0, 0, 0, 0, 0, 0, 0, 0, 0, 0;Europe/Paris;25,0
2023-01-08T12:00:00Z;-1;9000003703;hourly;0,7466666667;5,3571428571;33,4821428571;12,0535714286;1,3392857143;4,0178571429;1,3392857143;20,0892857143;13,3928571429;4,0178571429;8,0357142857;1,3392857143;0,0000000000;1;8, 32, 48, 12, 0, 0, 0, 0;8, 0, 4, 28, 24, 24, 12, 0, 0, 0, 0, 0, 0, 0, 0, 0, 0, 0, 0, 0, 0, 0, 0, 0, 0;Europe/Paris;27,0
2023-01-08T13:00:00Z;-1;9000003703;hourly;0,7697222222;6,4958498737;28,5817394442;6,4958498737;2,5983399495;0,0000000000;6,4958498737;18,1883796463;10,3933597979;2,5983399495;3,8975099242;2,5983399495;0,0000000000;1;4.5454545455, 0, 27.2727272727, 59.0909090909, 9.0909090909, 0, 0, 0;4.5454545455, 0, 0, 0, 13.6363636364, 13.6363636364, 9.0909090909, 50, 9.0909090909, 0, 0, 0, 0, 0, 0, 0, 0, 0, 0, 0, 0, 0, 0, 0, 0;Europe/Paris;37,0
2023-01-08T14:00:00Z;-1;9000003703;hourly;0,7144444444;8,3981337481;6,9984447900;20,9953343701;4,1990668740;4,1990668740;4,1990668740;5,5987558320;1,3996889580;12,5972006221;8,3981337481;0,0000000000;4,1990668740;1;20, 0, 40, 20, 0, 0, 0, 20;20, 0, 0, 0, 40, 0, 20, 0, 0, 0, 0, 0, 0, 0, 0, 20, 0, 0, 0, 0, 0, 0, 0, 0, 0;Europe/Paris;73,5
2023-01-08T15:00:00Z;-1;9000003703;hourly;0,7975000000;15,0470219436;22,5705329154;2,5078369906;3,7617554859;5,0156739812;10,0313479624;12,5391849530;10,0313479624;1,2539184953;1,2539184953;3,7617554859;0,0000000000;1;0, 0, 22.2222222222, 50, 27.7777777778, 0, 0, 0;0, 0, 0, 0, 0, 22.2222222222, 33.3333333333, 16.6666666667, 16.6666666667, 11.1111111111, 0, 0, 0, 0, 0, 0, 0, 0, 0, 0, 0, 0, 0, 0, 0;Europe/Paris;41,5
2023-01-08T16:00:00Z;-1;9000003703;hourly;0,4150000000;31,3253012048;9,6385542169;2,4096385542;2,4096385542;14,4578313253;16,8674698795;2,4096385542;7,2289156627;0,0000000000;2,4096385542;2,4096385542;0,0000000000;1;0, 25, 75, 0, 0, 0, 0, 0;0, 0, 0, 25, 25, 50, 0, 0, 0, 0, 0, 0, 0, 0, 0, 0, 0, 0, 0, 0, 0, 0, 0, 0, 0;Europe/Paris;26,0
2023-01-08T17:00:00Z;-1;9000003703;hourly;0,0000000000;0,0000000000;0,0000000000;0,0000000000;0,0000000000;0,0000000000;0,0000000000;0,0000000000;0,0000000000;0,0000000000;0,0000000000;0,0000000000;0,0000000000;1;0, 0, 0, 0, 0, 0, 0, 0;0, 0, 0, 0, 0, 0, 0, 0, 0, 0, 0, 0, 0, 0, 0, 0, 0, 0, 0, 0, 0, 0, 0, 0, 0;Europe/Paris;NA
2023-01-08T18:00:00Z;-1;9000003703;hourly;0,0000000000;0,0000000000;0,0000000000;0,0000000000;0,0000000000;0,0000000000;0,0000000000;0,0000000000;0,0000000000;0,0000000000;0,0000000000;0,0000000000;0,0000000000;1;0, 0, 0, 0, 0, 0, 0, 0;0, 0, 0, 0, 0, 0, 0, 0, 0, 0, 0, 0, 0, 0, 0, 0, 0, 0, 0, 0, 0, 0, 0, 0, 0;Europe/Paris;NA
2023-01-09T11:00:00Z;-1;9000003703;hourly;0,9311111111;3,2219570406;4,2959427208;6,4439140811;0,0000000000;1,0739856802;2,1479713604;1,0739856802;3,2219570406;1,0739856802;5,3699284010;0,0000000000;0,0000000000;1;0, 0, 50, 50, 0, 0, 0, 0;0, 0, 0, 0, 25, 25, 50, 0, 0, 0, 0, 0, 0, 0, 0, 0, 0, 0, 0, 0, 0, 0, 0, 0, 0;Europe/Paris;31,0
2023-01-09T12:00:00Z;-1;9000003703;hourly;0,7563888889;21,1531399192;23,7972824091;6,6103562248;9,2544987147;9,2544987147;11,8986412046;11,8986412046;11,8986412046;1,3220712450;5,2882849798;9,2544987147;0,0000000000;1;5.5555555556, 0, 44.4444444444, 27.7777777778, 22.2222222222, 0, 0, 0;5.5555555556, 0, 0, 0, 11.1111111111, 33.3333333333, 16.6666666667, 11.1111111111, 22.2222222222, 0, 0, 0, 0, 0, 0, 0, 0, 0, 0, 0, 0, 0, 0, 0, 0;Europe/Paris;39,0
2023-01-09T13:00:00Z;-1;9000003703;hourly;0,7602777778;6,5765436609;23,6755571794;15,7837047863;5,2612349288;2,6306174644;3,9459261966;11,8377785897;11,8377785897;3,9459261966;11,8377785897;3,9459261966;1,3153087322;1;33.3333333333, 22.2222222222, 38.8888888889, 5.5555555556, 0, 0, 0, 0;11.1111111111, 22.2222222222, 16.6666666667, 5.5555555556, 27.7777777778, 11.1111111111, 0, 5.5555555556, 0, 0, 0, 0, 0, 0, 0, 0, 0, 0, 0, 0, 0, 0, 0, 0, 0;Europe/Paris;23,5
2023-01-09T14:00:00Z;-1;9000003703;hourly;0,7658333333;7,8346028292;37,8672470076;16,9749727965;0,0000000000;3,9173014146;3,9173014146;23,5038084875;14,3634385201;11,7519042437;5,2230685528;0,0000000000;0,0000000000;1;44.8275862069, 44.8275862069, 10.3448275862, 0, 0, 0, 0, 0;17.2413793103, 27.5862068966, 31.0344827586, 13.7931034483, 6.8965517241, 3.4482758621, 0, 0, 0, 0, 0, 0, 0, 0, 0, 0, 0, 0, 0, 0, 0, 0, 0, 0, 0;Europe/Paris;16,0
2023-01-09T15:00:00Z;-1;9000003703;hourly;0,7672222222;13,0340333092;78,2041998552;35,1918899348;32,5850832730;5,2136133237;7,8204199855;31,2816799421;46,9225199131;14,3374366401;20,8544532947;10,4272266474;22,1578566256;1;46.6666666667, 23.3333333333, 26.6666666667, 3.3333333333, 0, 0, 0, 0;28.3333333333, 18.3333333333, 16.6666666667, 6.6666666667, 18.3333333333, 8.3333333333, 1.6666666667, 1.6666666667, 0, 0, 0, 0, 0, 0, 0, 0, 0, 0, 0, 0, 0, 0, 0, 0, 0;Europe/Paris;21,5
2023-01-09T16:00:00Z;-1;9000003703;hourly;0,4611111111;28,1927710843;110,6024096386;21,6867469880;21,6867469880;19,5180722892;8,6746987952;28,1927710843;82,4096385542;15,1807228916;6,5060240964;19,5180722892;2,1686746988;1;0, 15.6862745098, 50.9803921569, 33.3333333333, 0, 0, 0, 0;0, 0, 1.9607843137, 13.7254901961, 19.6078431373, 31.3725490196, 29.4117647059, 3.9215686275, 0, 0, 0, 0, 0, 0, 0, 0, 0, 0, 0, 0, 0, 0, 0, 0, 0;Europe/Paris;30,5
2023-01-09T17:00:00Z;-1;9000003703;hourly;0,0000000000;0,0000000000;0,0000000000;0,0000000000;0,0000000000;0,0000000000;0,0000000000;0,0000000000;0,0000000000;0,0000000000;0,0000000000;0,0000000000;0,0000000000;1;0, 0, 0, 0, 0, 0, 0, 0;0, 0, 0, 0, 0, 0, 0, 0, 0, 0, 0, 0, 0, 0, 0, 0, 0, 0, 0, 0, 0, 0, 0, 0, 0;Europe/Paris;NA
2023-01-09T18:00:00Z;-1;9000003703;hourly;0,0000000000;0,0000000000;0,0000000000;0,0000000000;0,0000000000;0,0000000000;0,0000000000;0,0000000000;0,0000000000;0,0000000000;0,0000000000;0,0000000000;0,0000000000;1;0, 0, 0, 0, 0, 0, 0, 0;0, 0, 0, 0, 0, 0, 0, 0, 0, 0, 0, 0, 0, 0, 0, 0, 0, 0, 0, 0, 0, 0, 0, 0, 0;Europe/Paris;NA
2023-01-09T19:00:00Z;-1;9000003703;hourly;0,0000000000;0,0000000000;0,0000000000;0,0000000000;0,0000000000;0,0000000000;0,0000000000;0,0000000000;0,0000000000;0,0000000000;0,0000000000;0,0000000000;0,0000000000;1;0, 0, 0, 0, 0, 0, 0, 0;0, 0, 0, 0, 0, 0, 0, 0, 0, 0, 0, 0, 0, 0, 0, 0, 0, 0, 0, 0, 0, 0, 0, 0, 0;Europe/Paris;NA
2023-01-10T09:00:00Z;-1;9000003703;hourly;0,8827777778;10,1950912524;10,1950912524;3,3983637508;3,3983637508;2,2655758339;7,9295154185;6,7967275016;3,3983637508;3,3983637508;0,0000000000;2,2655758339;1,1327879169;1;11.1111111111, 11.1111111111, 33.3333333333, 44.4444444444, 0, 0, 0, 0;0, 11.1111111111, 0, 11.1111111111, 22.2222222222, 11.1111111111, 22.2222222222, 22.2222222222, 0, 0, 0, 0, 0, 0, 0, 0, 0, 0, 0, 0, 0, 0, 0, 0, 0;Europe/Paris;34,0
2023-01-10T10:00:00Z;-1;9000003703;hourly;0,7630555556;10,4841645431;9,1736439752;15,7262468147;9,1736439752;2,6210411358;7,8631234074;5,2420822716;3,9315617037;6,5526028395;9,1736439752;1,3105205679;7,8631234074;1;57.1428571429, 14.2857142857, 28.5714285714, 0, 0, 0, 0, 0;42.8571428571, 14.2857142857, 0, 14.2857142857, 28.5714285714, 0, 0, 0, 0, 0, 0, 0, 0, 0, 0, 0, 0, 0, 0, 0, 0, 0, 0, 0, 0;Europe/Paris;20,0
2023-01-10T11:00:00Z;-1;9000003703;hourly;0,7952777778;13,8316451275;44,0097799511;6,2871114216;11,3168005589;5,0296891373;8,8019559902;18,8613342648;25,1484456863;2,5148445686;3,7722668530;1,2574222843;10,0593782745;1;14.2857142857, 11.4285714286, 22.8571428571, 34.2857142857, 17.1428571429, 0, 0, 0;5.7142857143, 8.5714285714, 2.8571428571, 8.5714285714, 8.5714285714, 14.2857142857, 28.5714285714, 5.7142857143, 14.2857142857, 2.8571428571, 0, 0, 0, 0, 0, 0, 0, 0, 0, 0, 0, 0, 0, 0, 0;Europe/Paris;38,5
2023-01-10T12:00:00Z;-1;9000003703;hourly;0,7666666667;7,8260869565;41,7391304348;18,2608695652;19,5652173913;1,3043478261;6,5217391304;27,3913043478;14,3478260870;10,4347826087;7,8260869565;14,3478260870;5,2173913043;1;18.75, 6.25, 43.75, 25, 6.25, 0, 0, 0;18.75, 0, 0, 6.25, 28.125, 15.625, 12.5, 12.5, 6.25, 0, 0, 0, 0, 0, 0, 0, 0, 0, 0, 0, 0, 0, 0, 0, 0;Europe/Paris;34,0
2023-01-10T13:00:00Z;-1;9000003703;hourly;0,7841666667;8,9266737513;28,0552603613;17,8533475027;10,2019128587;3,8257173220;5,1009564293;14,0276301807;14,0276301807;8,9266737513;8,9266737513;5,1009564293;5,1009564293;1;22.7272727273, 9.0909090909, 50, 18.1818181818, 0, 0, 0, 0;13.6363636364, 9.0909090909, 4.5454545455, 4.5454545455, 31.8181818182, 18.1818181818, 13.6363636364, 4.5454545455, 0, 0, 0, 0, 0, 0, 0, 0, 0, 0, 0, 0, 0, 0, 0, 0, 0;Europe/Paris;28,5
2023-01-10T14:00:00Z;-1;9000003703;hourly;0,7988888889;6,2586926287;42,5591098748;17,5243393602;12,5173852573;2,5034770515;3,7552155772;13,7691237830;28,7899860918;7,5104311544;10,0139082058;2,5034770515;10,0139082058;1;11.7647058824, 29.4117647059, 35.2941176471, 17.6470588235, 5.8823529412, 0, 0, 0;11.7647058824, 0, 8.8235294118, 20.5882352941, 17.6470588235, 17.6470588235, 14.7058823529, 2.9411764706, 2.9411764706, 2.9411764706, 0, 0, 0, 0, 0, 0, 0, 0, 0, 0, 0, 0, 0, 0, 0;Europe/Paris;30,5
2023-01-10T15:00:00Z;-1;9000003703;hourly;0,7747222222;14,1986375045;87,7733954823;28,3972750090;55,5037647902;3,8723556830;10,3262818214;52,9221943349;34,8512011474;12,9078522768;15,4894227322;11,6170670491;43,8866977411;1;5.8823529412, 20.5882352941, 42.6470588235, 25, 1.4705882353, 2.9411764706, 0, 1.4705882353;4.4117647059, 1.4705882353, 8.8235294118, 11.7647058824, 13.2352941176, 29.4117647059, 17.6470588235, 7.3529411765, 0, 1.4705882353, 2.9411764706, 0, 0, 0, 0, 0, 0, 0, 0, 0, 0, 1.4705882353, 0, 0, 0;Europe/Paris;32,0
2023-01-10T16:00:00Z;-1;9000003703;hourly;0,3713888889;40,3889304413;102,3186237846;2,6925953628;26,9259536275;26,9259536275;13,4629768138;70,0074794316;32,3111443530;0,0000000000;2,6925953628;21,5407629020;5,3851907255;1;7.8947368421, 5.2631578947, 39.4736842105, 31.5789473684, 13.1578947368, 2.6315789474, 0, 0;0, 7.8947368421, 2.6315789474, 2.6315789474, 21.0526315789, 18.4210526316, 13.1578947368, 18.4210526316, 7.8947368421, 5.2631578947, 2.6315789474, 0, 0, 0, 0, 0, 0, 0, 0, 0, 0, 0, 0, 0, 0;Europe/Paris;38,0
2023-01-10T17:00:00Z;-1;9000003703;hourly;0,0000000000;0,0000000000;0,0000000000;0,0000000000;0,0000000000;0,0000000000;0,0000000000;0,0000000000;0,0000000000;0,0000000000;0,0000000000;0,0000000000;0,0000000000;1;0, 0, 0, 0, 0, 0, 0, 0;0, 0, 0, 0, 0, 0, 0, 0, 0, 0, 0, 0, 0, 0, 0, 0, 0, 0, 0, 0, 0, 0, 0, 0, 0;Europe/Paris;NA
2023-01-10T18:00:00Z;-1;9000003703;hourly;0,0000000000;0,0000000000;0,0000000000;0,0000000000;0,0000000000;0,0000000000;0,0000000000;0,0000000000;0,0000000000;0,0000000000;0,0000000000;0,0000000000;0,0000000000;1;0, 0, 0, 0, 0, 0, 0, 0;0, 0, 0, 0, 0, 0, 0, 0, 0, 0, 0, 0, 0, 0, 0, 0, 0, 0, 0, 0, 0, 0, 0, 0, 0;Europe/Paris;NA
2023-01-11T12:00:00Z;-1;9000003703;hourly;0,8391666667;10,7249255214;32,1747765641;10,7249255214;4,7666335650;7,1499503476;3,5749751738;19,0665342602;13,1082423039;4,7666335650;5,9582919563;3,5749751738;1,1916583913;1;11.1111111111, 18.5185185185, 62.962962963, 7.4074074074, 0, 0, 0, 0;3.7037037037, 7.4074074074, 3.7037037037, 14.8148148148, 37.037037037, 25.9259259259, 7.4074074074, 0, 0, 0, 0, 0, 0, 0, 0, 0, 0, 0, 0, 0, 0, 0, 0, 0, 0;Europe/Paris;26,0
2023-01-11T13:00:00Z;-1;9000003703;hourly;0,7725000000;6,4724919094;81,5533980583;22,0064724919;7,7669902913;5,1779935275;1,2944983819;34,9514563107;46,6019417476;5,1779935275;16,8284789644;5,1779935275;2,5889967638;1;11.1111111111, 19.0476190476, 42.8571428571, 17.4603174603, 7.9365079365, 0, 1.5873015873, 0;9.5238095238, 1.5873015873, 3.1746031746, 15.873015873, 20.6349206349, 22.2222222222, 7.9365079365, 9.5238095238, 4.7619047619, 3.1746031746, 0, 0, 0, 1.5873015873, 0, 0, 0, 0, 0, 0, 0, 0, 0, 0, 0;Europe/Paris;34,5
2023-01-11T14:00:00Z;-1;9000003703;hourly;0,7927777778;11,3524877365;73,1604765242;13,8752627891;7,5683251577;6,3069376314;5,0455501051;31,5346881570;41,6257883672;8,8297126840;5,0455501051;5,0455501051;2,5227750526;1;1.724137931, 32.7586206897, 48.275862069, 15.5172413793, 1.724137931, 0, 0, 0;0, 1.724137931, 12.0689655172, 20.6896551724, 25.8620689655, 22.4137931034, 15.5172413793, 0, 1.724137931, 0, 0, 0, 0, 0, 0, 0, 0, 0, 0, 0, 0, 0, 0, 0, 0;Europe/Paris;28,0
2023-01-11T15:00:00Z;-1;9000003703;hourly;0,7958333333;8,7958115183;113,0890052356;16,3350785340;8,7958115183;6,2827225131;2,5130890052;60,3141361257;52,7748691099;12,5654450262;3,7696335079;5,0261780105;3,7696335079;1;0, 6.6666666667, 45.5555555556, 35.5555555556, 12.2222222222, 0, 0, 0;0, 0, 0, 6.6666666667, 14.4444444444, 31.1111111111, 15.5555555556, 20, 10, 2.2222222222, 0, 0, 0, 0, 0, 0, 0, 0, 0, 0, 0, 0, 0, 0, 0;Europe/Paris;37,0
2023-01-11T16:00:00Z;-1;9000003703;hourly;0,4819444444;12,4495677233;186,7435158501;12,4495677233;10,3746397695;10,3746397695;2,0749279539;78,8472622478;107,8962536023;10,3746397695;2,0749279539;0,0000000000;10,3746397695;1;0, 2.2222222222, 47.7777777778, 44.4444444444, 4.4444444444, 0, 0, 1.1111111111;0, 0, 0, 2.2222222222, 13.3333333333, 34.4444444444, 25.5555555556, 18.8888888889, 2.2222222222, 2.2222222222, 0, 0, 0, 0, 1.1111111111, 0, 0, 0, 0, 0, 0, 0, 0, 0, 0;Europe/Paris;35,0
2023-01-11T17:00:00Z;-1;9000003703;hourly;0,0000000000;0,0000000000;0,0000000000;0,0000000000;0,0000000000;0,0000000000;0,0000000000;0,0000000000;0,0000000000;0,0000000000;0,0000000000;0,0000000000;0,0000000000;1;0, 0, 0, 0, 0, 0, 0, 0;0, 0, 0, 0, 0, 0, 0, 0, 0, 0, 0, 0, 0, 0, 0, 0, 0, 0, 0, 0, 0, 0, 0, 0, 0;Europe/Paris;NA
2023-01-11T18:00:00Z;-1;9000003703;hourly;0,0000000000;0,0000000000;0,0000000000;0,0000000000;0,0000000000;0,0000000000;0,0000000000;0,0000000000;0,0000000000;0,0000000000;0,0000000000;0,0000000000;0,0000000000;1;0, 0, 0, 0, 0, 0, 0, 0;0, 0, 0, 0, 0, 0, 0, 0, 0, 0, 0, 0, 0, 0, 0, 0, 0, 0, 0, 0, 0, 0, 0, 0, 0;Europe/Paris;NA
2023-01-12T12:00:00Z;-1;9000003703;hourly;0,8441666667;5,9230009872;21,3228035538;2,3692003949;0,0000000000;4,7384007897;1,1846001974;11,8460019743;9,4768015795;1,1846001974;1,1846001974;0,0000000000;0,0000000000;1;22.2222222222, 0, 33.3333333333, 38.8888888889, 5.5555555556, 0, 0, 0;16.6666666667, 5.5555555556, 0, 0, 5.5555555556, 27.7777777778, 0, 38.8888888889, 0, 5.5555555556, 0, 0, 0, 0, 0, 0, 0, 0, 0, 0, 0, 0, 0, 0, 0;Europe/Paris;36,5
2023-01-12T13:00:00Z;-1;9000003703;hourly;0,7936111111;20,1610080504;25,2012600630;3,7801890095;3,7801890095;15,1207560378;5,0402520126;5,0402520126;20,1610080504;1,2600630032;2,5201260063;2,5201260063;1,2600630032;1;10, 5, 15, 50, 20, 0, 0, 0;10, 0, 5, 0, 5, 10, 35, 15, 15, 5, 0, 0, 0, 0, 0, 0, 0, 0, 0, 0, 0, 0, 0, 0, 0;Europe/Paris;39,0
2023-01-12T14:00:00Z;-1;9000003703;hourly;0,7880555556;5,0757842792;31,7236517448;5,0757842792;30,4547056750;1,2689460698;3,8068382094;10,1515685583;21,5720831865;1,2689460698;3,8068382094;1,2689460698;29,1857596052;1;8, 4, 16, 44, 28, 0, 0, 0;8, 0, 4, 0, 12, 4, 24, 20, 16, 12, 0, 0, 0, 0, 0, 0, 0, 0, 0, 0, 0, 0, 0, 0, 0;Europe/Paris;41,5
2023-01-12T15:00:00Z;-1;9000003703;hourly;0,7772222222;28,3059328091;50,1786990708;33,4524660472;69,4781987134;15,4395997141;12,8663330951;15,4395997141;34,7390993567;11,5796997856;21,8727662616;42,4588992137;27,0192994996;1;10.2564102564, 2.5641025641, 35.8974358974, 43.5897435897, 7.6923076923, 0, 0, 0;7.6923076923, 2.5641025641, 0, 2.5641025641, 12.8205128205, 23.0769230769, 35.8974358974, 7.6923076923, 7.6923076923, 0, 0, 0, 0, 0, 0, 0, 0, 0, 0, 0, 0, 0, 0, 0, 0;Europe/Paris;32,5
2023-01-12T16:00:00Z;-1;9000003703;hourly;0,1391666667;57,4850299401;50,2994011976;14,3712574850;35,9281437126;50,2994011976;7,1856287425;7,1856287425;43,1137724551;0,0000000000;14,3712574850;35,9281437126;0,0000000000;1;14.2857142857, 14.2857142857, 14.2857142857, 14.2857142857, 42.8571428571, 0, 0, 0;14.2857142857, 0, 0, 14.2857142857, 0, 14.2857142857, 0, 14.2857142857, 14.2857142857, 28.5714285714, 0, 0, 0, 0, 0, 0, 0, 0, 0, 0, 0, 0, 0, 0, 0;Europe/Paris;45,0
2023-01-12T17:00:00Z;-1;9000003703;hourly;0,0000000000;0,0000000000;0,0000000000;0,0000000000;0,0000000000;0,0000000000;0,0000000000;0,0000000000;0,0000000000;0,0000000000;0,0000000000;0,0000000000;0,0000000000;1;0, 0, 0, 0, 0, 0, 0, 0;0, 0, 0, 0, 0, 0, 0, 0, 0, 0, 0, 0, 0, 0, 0, 0, 0, 0, 0, 0, 0, 0, 0, 0, 0;Europe/Paris;NA
2023-01-12T18:00:00Z;-1;9000003703;hourly;0,0000000000;0,0000000000;0,0000000000;0,0000000000;0,0000000000;0,0000000000;0,0000000000;0,0000000000;0,0000000000;0,0000000000;0,0000000000;0,0000000000;0,0000000000;1;0, 0, 0, 0, 0, 0, 0, 0;0, 0, 0, 0, 0, 0, 0, 0, 0, 0, 0, 0, 0, 0, 0, 0, 0, 0, 0, 0, 0, 0, 0, 0, 0;Europe/Paris;NA
2023-01-13T11:00:00Z;-1;9000003703;hourly;0,6625000000;4,5283018868;51,3207547170;13,5849056604;6,0377358491;0,0000000000;4,5283018868;12,0754716981;39,2452830189;4,5283018868;9,0566037736;0,0000000000;6,0377358491;1;2.9411764706, 11.7647058824, 41.1764705882, 32.3529411765, 11.7647058824, 0, 0, 0;2.9411764706, 0, 2.9411764706, 8.8235294118, 8.8235294118, 32.3529411765, 29.4117647059, 2.9411764706, 8.8235294118, 2.9411764706, 0, 0, 0, 0, 0, 0, 0, 0, 0, 0, 0, 0, 0, 0, 0;Europe/Paris;32,5
2023-01-13T12:00:00Z;-1;9000003703;hourly;0,7475000000;8,0267558528;45,4849498328;22,7424749164;6,6889632107;2,6755852843;5,3511705686;21,4046822742;24,0802675585;5,3511705686;17,3913043478;4,0133779264;2,6755852843;1;8.8235294118, 20.5882352941, 50, 11.7647058824, 5.8823529412, 2.9411764706, 0, 0;0, 8.8235294118, 0, 20.5882352941, 5.8823529412, 44.1176470588, 11.7647058824, 0, 5.8823529412, 0, 0, 2.9411764706, 0, 0, 0, 0, 0, 0, 0, 0, 0, 0, 0, 0, 0;Europe/Paris;30,0
2023-01-13T13:00:00Z;-1;9000003703;hourly;0,7913888889;3,7908037908;48,0168480168;10,1088101088;1,2636012636;1,2636012636;2,5272025272;25,2720252720;22,7448227448;2,5272025272;7,5816075816;0,0000000000;1,2636012636;1;10.5263157895, 23.6842105263, 50, 13.1578947368, 2.6315789474, 0, 0, 0;10.5263157895, 0, 2.6315789474, 21.0526315789, 26.3157894737, 23.6842105263, 7.8947368421, 5.2631578947, 2.6315789474, 0, 0, 0, 0, 0, 0, 0, 0, 0, 0, 0, 0, 0, 0, 0, 0;Europe/Paris;28,0
2023-01-13T14:00:00Z;-1;9000003703;hourly;0,7944444444;6,2937062937;60,4195804196;21,3986013986;3,7762237762;5,0349650350;1,2587412587;21,3986013986;39,0209790210;10,0699300699;11,3286713287;0,0000000000;3,7762237762;1;2.0833333333, 27.0833333333, 50, 20.8333333333, 0, 0, 0, 0;2.0833333333, 0, 6.25, 20.8333333333, 25, 25, 18.75, 2.0833333333, 0, 0, 0, 0, 0, 0, 0, 0, 0, 0, 0, 0, 0, 0, 0, 0, 0;Europe/Paris;29,0
2023-01-13T15:00:00Z;-1;9000003703;hourly;0,7930555556;13,8704028021;112,2241681261;41,6112084063;50,4378283713;6,3047285464;7,5656742557;41,6112084063;70,6129597198;6,3047285464;35,3064798599;22,6970227671;27,7408056042;1;2.2471910112, 2.2471910112, 39.3258426966, 43.8202247191, 11.2359550562, 1.1235955056, 0, 0;2.2471910112, 0, 1.1235955056, 1.1235955056, 19.1011235955, 20.2247191011, 31.4606741573, 12.3595505618, 6.7415730337, 4.4943820225, 1.1235955056, 0, 0, 0, 0, 0, 0, 0, 0, 0, 0, 0, 0, 0, 0;Europe/Paris;36,5
2023-01-13T16:00:00Z;-1;9000003703;hourly;0,4905555556;22,4235560589;132,5028312571;26,5005662514;24,4620611552;20,3850509626;2,0385050963;53,0011325028;79,5016987542;22,4235560589;4,0770101925;18,3465458664;6,1155152888;1;1.5384615385, 3.0769230769, 36.9230769231, 46.1538461538, 10.7692307692, 1.5384615385, 0, 0;1.5384615385, 0, 1.5384615385, 1.5384615385, 9.2307692308, 27.6923076923, 33.8461538462, 12.3076923077, 9.2307692308, 1.5384615385, 1.5384615385, 0, 0, 0, 0, 0, 0, 0, 0, 0, 0, 0, 0, 0, 0;Europe/Paris;36,5
2023-01-13T17:00:00Z;-1;9000003703;hourly;0,0000000000;0,0000000000;0,0000000000;0,0000000000;0,0000000000;0,0000000000;0,0000000000;0,0000000000;0,0000000000;0,0000000000;0,0000000000;0,0000000000;0,0000000000;1;0, 0, 0, 0, 0, 0, 0, 0;0, 0, 0, 0, 0, 0, 0, 0, 0, 0, 0, 0, 0, 0, 0, 0, 0, 0, 0, 0, 0, 0, 0, 0, 0;Europe/Paris;NA
2023-01-13T18:00:00Z;-1;9000003703;hourly;0,0000000000;0,0000000000;0,0000000000;0,0000000000;0,0000000000;0,0000000000;0,0000000000;0,0000000000;0,0000000000;0,0000000000;0,0000000000;0,0000000000;0,0000000000;1;0, 0, 0, 0, 0, 0, 0, 0;0, 0, 0, 0, 0, 0, 0, 0, 0, 0, 0, 0, 0, 0, 0, 0, 0, 0, 0, 0, 0, 0, 0, 0, 0;Europe/Paris;NA
2023-01-14T09:00:00Z;-1;9000003703;hourly;0,9905555556;2,0190689849;2,0190689849;2,0190689849;1,0095344924;1,0095344924;1,0095344924;1,0095344924;1,0095344924;0,0000000000;2,0190689849;0,0000000000;1,0095344924;1;0, 0, 50, 0, 50, 0, 0, 0;0, 0, 0, 0, 0, 50, 0, 0, 50, 0, 0, 0, 0, 0, 0, 0, 0, 0, 0, 0, 0, 0, 0, 0, 0;Europe/Paris;41,0
2023-01-14T10:00:00Z;-1;9000003703;hourly;0,7988888889;22,5312934631;92,6286509040;3,7552155772;7,5104311544;8,7621696801;13,7691237830;46,3143254520;46,3143254520;0,0000000000;3,7552155772;3,7552155772;3,7552155772;1;4.0540540541, 4.0540540541, 28.3783783784, 44.5945945946, 17.5675675676, 1.3513513514, 0, 0;1.3513513514, 2.7027027027, 1.3513513514, 2.7027027027, 6.7567567568, 21.6216216216, 28.3783783784, 16.2162162162, 14.8648648649, 2.7027027027, 1.3513513514, 0, 0, 0, 0, 0, 0, 0, 0, 0, 0, 0, 0, 0, 0;Europe/Paris;39,0
2023-01-14T11:00:00Z;-1;9000003703;hourly;0,7894444444;10,1337086559;125,4046446165;6,3335679099;6,3335679099;6,3335679099;3,8001407460;67,1358198452;58,2688247713;2,5334271640;3,8001407460;2,5334271640;3,8001407460;1;0, 2.0202020202, 31.3131313131, 49.4949494949, 15.1515151515, 2.0202020202, 0, 0;0, 0, 0, 2.0202020202, 7.0707070707, 24.2424242424, 19.1919191919, 30.303030303, 8.0808080808, 7.0707070707, 2.0202020202, 0, 0, 0, 0, 0, 0, 0, 0, 0, 0, 0, 0, 0, 0;Europe/Paris;39,0
2023-01-14T12:00:00Z;-1;9000003703;hourly;0,7925000000;3,7854889590;61,8296529968;0,0000000000;1,2618296530;3,7854889590;0,0000000000;20,1892744479;41,6403785489;0,0000000000;0,0000000000;0,0000000000;1,2618296530;1;0, 6.1224489796, 8.1632653061, 46.9387755102, 34.693877551, 2.0408163265, 2.0408163265, 0;0, 0, 2.0408163265, 4.0816326531, 2.0408163265, 6.1224489796, 12.2448979592, 34.693877551, 24.4897959184, 10.2040816327, 2.0408163265, 0, 2.0408163265, 0, 0, 0, 0, 0, 0, 0, 0, 0, 0, 0, 0;Europe/Paris;42,5
2023-01-14T13:00:00Z;-1;9000003703;hourly;0,8075000000;7,4303405573;80,4953560372;2,4767801858;1,2383900929;3,7151702786;3,7151702786;37,1517027864;43,3436532508;0,0000000000;2,4767801858;1,2383900929;0,0000000000;1;0, 3.0769230769, 27.6923076923, 40, 29.2307692308, 0, 0, 0;0, 0, 1.5384615385, 1.5384615385, 6.1538461538, 21.5384615385, 15.3846153846, 24.6153846154, 21.5384615385, 7.6923076923, 0, 0, 0, 0, 0, 0, 0, 0, 0, 0, 0, 0, 0, 0, 0;Europe/Paris;41,0
2023-01-14T14:00:00Z;-1;9000003703;hourly;0,7977777778;3,7604456825;90,2506963788;7,5208913649;1,2534818942;2,5069637883;1,2534818942;43,8718662953;46,3788300836;5,0139275766;2,5069637883;1,2534818942;0,0000000000;1;1.3888888889, 11.1111111111, 29.1666666667, 40.2777777778, 13.8888888889, 4.1666666667, 0, 0;1.3888888889, 0, 4.1666666667, 6.9444444444, 6.9444444444, 22.2222222222, 23.6111111111, 16.6666666667, 9.7222222222, 4.1666666667, 2.7777777778, 1.3888888889, 0, 0, 0, 0, 0, 0, 0, 0, 0, 0, 0, 0, 0;Europe/Paris;39,0
2023-01-14T15:00:00Z;-1;9000003703;hourly;0,8058333333;11,1685625646;90,5894519131;4,9638055843;12,4095139607;4,9638055843;6,2047569804;45,9152016546;44,6742502585;4,9638055843;0,0000000000;7,4457083764;4,9638055843;1;1.3698630137, 4.1095890411, 27.397260274, 52.0547945205, 15.0684931507, 0, 0, 0;1.3698630137, 0, 0, 4.1095890411, 10.9589041096, 16.4383561644, 34.2465753425, 17.8082191781, 12.3287671233, 2.7397260274, 0, 0, 0, 0, 0, 0, 0, 0, 0, 0, 0, 0, 0, 0, 0;Europe/Paris;37,5
2023-01-14T16:00:00Z;-1;9000003703;hourly;0,2116666667;14,1732283465;80,3149606299;9,4488188976;0,0000000000;4,7244094488;9,4488188976;42,5196850394;37,7952755906;4,7244094488;4,7244094488;0,0000000000;0,0000000000;1;5.8823529412, 0, 23.5294117647, 58.8235294118, 0, 11.7647058824, 0, 0;5.8823529412, 0, 0, 0, 5.8823529412, 17.6470588235, 41.1764705882, 17.6470588235, 0, 0, 5.8823529412, 5.8823529412, 0, 0, 0, 0, 0, 0, 0, 0, 0, 0, 0, 0, 0;Europe/Paris;36,5
2023-01-14T17:00:00Z;-1;9000003703;hourly;0,0000000000;0,0000000000;0,0000000000;0,0000000000;0,0000000000;0,0000000000;0,0000000000;0,0000000000;0,0000000000;0,0000000000;0,0000000000;0,0000000000;0,0000000000;1;0, 0, 0, 0, 0, 0, 0, 0;0, 0, 0, 0, 0, 0, 0, 0, 0, 0, 0, 0, 0, 0, 0, 0, 0, 0, 0, 0, 0, 0, 0, 0, 0;Europe/Paris;NA
2023-01-14T18:00:00Z;-1;9000003703;hourly;0,0000000000;0,0000000000;0,0000000000;0,0000000000;0,0000000000;0,0000000000;0,0000000000;0,0000000000;0,0000000000;0,0000000000;0,0000000000;0,0000000000;0,0000000000;1;0, 0, 0, 0, 0, 0, 0, 0;0, 0, 0, 0, 0, 0, 0, 0, 0, 0, 0, 0, 0, 0, 0, 0, 0, 0, 0, 0, 0, 0, 0, 0, 0;Europe/Paris;NA
2023-01-15T09:00:00Z;-1;9000003703;hourly;0,0000000000;0,0000000000;0,0000000000;0,0000000000;0,0000000000;0,0000000000;0,0000000000;0,0000000000;0,0000000000;0,0000000000;0,0000000000;0,0000000000;0,0000000000;1;0, 0, 0, 0, 0, 0, 0, 0;0, 0, 0, 0, 0, 0, 0, 0, 0, 0, 0, 0, 0, 0, 0, 0, 0, 0, 0, 0, 0, 0, 0, 0, 0;Europe/Paris;NA
2023-01-15T10:00:00Z;-1;9000003703;hourly;0,7141666667;1,4002333722;64,4107351225;21,0035005834;18,2030338390;1,4002333722;0,0000000000;29,4049008168;35,0058343057;18,2030338390;2,8004667445;14,0023337223;4,2007001167;1;4.347826087, 28.2608695652, 32.6086956522, 28.2608695652, 2.1739130435, 4.347826087, 0, 0;2.1739130435, 2.1739130435, 6.5217391304, 21.7391304348, 17.3913043478, 15.2173913043, 19.5652173913, 8.6956521739, 2.1739130435, 0, 4.347826087, 0, 0, 0, 0, 0, 0, 0, 0, 0, 0, 0, 0, 0, 0;Europe/Paris;32,5
2023-01-15T11:00:00Z;-1;9000003703;hourly;0,7244444444;6,9018404908;35,8895705521;46,9325153374;1,3803680982;2,7607361963;4,1411042945;16,5644171779;19,3251533742;13,8036809816;33,1288343558;1,3803680982;0,0000000000;1;26.9230769231, 11.5384615385, 46.1538461538, 11.5384615385, 3.8461538462, 0, 0, 0;26.9230769231, 0, 3.8461538462, 7.6923076923, 26.9230769231, 19.2307692308, 11.5384615385, 0, 0, 3.8461538462, 0, 0, 0, 0, 0, 0, 0, 0, 0, 0, 0, 0, 0, 0, 0;Europe/Paris;27,5
2023-01-15T12:00:00Z;-1;9000003703;hourly;0,7525000000;6,6445182724;33,2225913621;17,2757475083;3,9867109635;0,0000000000;6,6445182724;18,6046511628;14,6179401993;1,3289036545;15,9468438538;3,9867109635;0,0000000000;1;12, 8, 52, 0, 24, 0, 4, 0;12, 0, 0, 8, 32, 20, 0, 0, 24, 0, 0, 0, 4, 0, 0, 0, 0, 0, 0, 0, 0, 0, 0, 0, 0;Europe/Paris;40,0
2023-01-15T13:00:00Z;-1;9000003703;hourly;0,7680555556;5,2079566004;39,0596745027;26,0397830018;2,6039783002;2,6039783002;2,6039783002;24,7377938517;14,3218806510;15,6238698011;10,4159132007;2,6039783002;0,0000000000;1;20, 23.3333333333, 40, 13.3333333333, 3.3333333333, 0, 0, 0;13.3333333333, 6.6666666667, 0, 23.3333333333, 23.3333333333, 16.6666666667, 6.6666666667, 6.6666666667, 3.3333333333, 0, 0, 0, 0, 0, 0, 0, 0, 0, 0, 0, 0, 0, 0, 0, 0;Europe/Paris;29,0
2023-01-15T14:00:00Z;-1;9000003703;hourly;0,7763888889;5,1520572451;37,3524150268;3,8640429338;3,8640429338;2,5760286225;2,5760286225;15,4561717352;21,8962432916;2,5760286225;1,2880143113;1,2880143113;2,5760286225;1;6.8965517241, 31.0344827586, 37.9310344828, 17.2413793103, 3.4482758621, 3.4482758621, 0, 0;3.4482758621, 3.4482758621, 6.8965517241, 24.1379310345, 20.6896551724, 17.2413793103, 13.7931034483, 3.4482758621, 0, 3.4482758621, 3.4482758621, 0, 0, 0, 0, 0, 0, 0, 0, 0, 0, 0, 0, 0, 0;Europe/Paris;31,0
2023-01-15T15:00:00Z;-1;9000003703;hourly;0,8025000000;1,2461059190;46,1059190031;9,9688473520;12,4610591900;0,0000000000;1,2461059190;21,1838006231;24,9221183801;4,9844236760;4,9844236760;6,2305295950;6,2305295950;1;2.7027027027, 0, 27.027027027, 51.3513513514, 10.8108108108, 5.4054054054, 2.7027027027, 0;2.7027027027, 0, 0, 0, 8.1081081081, 18.9189189189, 32.4324324324, 18.9189189189, 8.1081081081, 2.7027027027, 5.4054054054, 0, 0, 2.7027027027, 0, 0, 0, 0, 0, 0, 0, 0, 0, 0, 0;Europe/Paris;40,0
2023-01-15T16:00:00Z;-1;9000003703;hourly;0,5222222222;0,0000000000;65,1063829787;1,9148936170;1,9148936170;0,0000000000;0,0000000000;32,5531914894;32,5531914894;0,0000000000;1,9148936170;0,0000000000;1,9148936170;1;0, 11.7647058824, 35.2941176471, 32.3529411765, 17.6470588235, 2.9411764706, 0, 0;0, 0, 2.9411764706, 8.8235294118, 2.9411764706, 32.3529411765, 23.5294117647, 8.8235294118, 8.8235294118, 8.8235294118, 2.9411764706, 0, 0, 0, 0, 0, 0, 0, 0, 0, 0, 0, 0, 0, 0;Europe/Paris;40,5
2023-01-15T17:00:00Z;-1;9000003703;hourly;0,0000000000;0,0000000000;0,0000000000;0,0000000000;0,0000000000;0,0000000000;0,0000000000;0,0000000000;0,0000000000;0,0000000000;0,0000000000;0,0000000000;0,0000000000;1;0, 0, 0, 0, 0, 0, 0, 0;0, 0, 0, 0, 0, 0, 0, 0, 0, 0, 0, 0, 0, 0, 0, 0, 0, 0, 0, 0, 0, 0, 0, 0, 0;Europe/Paris;NA
2023-01-15T18:00:00Z;-1;9000003703;hourly;0,0000000000;0,0000000000;0,0000000000;0,0000000000;0,0000000000;0,0000000000;0,0000000000;0,0000000000;0,0000000000;0,0000000000;0,0000000000;0,0000000000;0,0000000000;1;0, 0, 0, 0, 0, 0, 0, 0;0, 0, 0, 0, 0, 0, 0, 0, 0, 0, 0, 0, 0, 0, 0, 0, 0, 0, 0, 0, 0, 0, 0, 0, 0;Europe/Paris;NA
2023-01-16T06:00:00Z;-1;9000003703;hourly;0,0000000000;0,0000000000;0,0000000000;0,0000000000;0,0000000000;0,0000000000;0,0000000000;0,0000000000;0,0000000000;0,0000000000;0,0000000000;0,0000000000;0,0000000000;1;0, 0, 0, 0, 0, 0, 0, 0;0, 0, 0, 0, 0, 0, 0, 0, 0, 0, 0, 0, 0, 0, 0, 0, 0, 0, 0, 0, 0, 0, 0, 0, 0;Europe/Paris;NA
2023-01-16T07:00:00Z;-1;9000003703;hourly;0,0477777778;0,0000000000;41,8604651163;0,0000000000;0,0000000000;0,0000000000;0,0000000000;20,9302325581;20,9302325581;0,0000000000;0,0000000000;0,0000000000;0,0000000000;1;0, 0, 0, 100, 0, 0, 0, 0;0, 0, 0, 0, 0, 0, 100, 0, 0, 0, 0, 0, 0, 0, 0, 0, 0, 0, 0, 0, 0, 0, 0, 0, 0;Europe/Paris;31,5
2023-01-16T08:00:00Z;-1;9000003703;hourly;0,7241666667;4,1426927503;24,8561565017;4,1426927503;4,1426927503;4,1426927503;0,0000000000;11,0471806674;13,8089758343;1,3808975834;2,7617951669;2,7617951669;1,3808975834;1;5.5555555556, 0, 22.2222222222, 55.5555555556, 16.6666666667, 0, 0, 0;0, 5.5555555556, 0, 0, 11.1111111111, 11.1111111111, 22.2222222222, 33.3333333333, 16.6666666667, 0, 0, 0, 0, 0, 0, 0, 0, 0, 0, 0, 0, 0, 0, 0, 0;Europe/Paris;38,0
2023-01-16T09:00:00Z;-1;9000003703;hourly;0,7330555556;15,0056839712;21,8264494127;10,9132247063;1,3641530883;9,5490716180;5,4566123532;6,8207654415;15,0056839712;6,8207654415;4,0924592649;0,0000000000;1,3641530883;1;25, 0, 25, 37.5, 12.5, 0, 0, 0;25, 0, 0, 0, 6.25, 18.75, 18.75, 18.75, 12.5, 0, 0, 0, 0, 0, 0, 0, 0, 0, 0, 0, 0, 0, 0, 0, 0;Europe/Paris;37,0
2023-01-16T10:00:00Z;-1;9000003703;hourly;0,7375000000;9,4915254237;31,1864406780;9,4915254237;8,1355932203;6,7796610169;2,7118644068;13,5593220339;17,6271186441;4,0677966102;5,4237288136;4,0677966102;4,0677966102;1;13.0434782609, 0, 21.7391304348, 52.1739130435, 8.6956521739, 4.347826087, 0, 0;13.0434782609, 0, 0, 0, 13.0434782609, 8.6956521739, 17.3913043478, 34.7826086957, 8.6956521739, 0, 4.347826087, 0, 0, 0, 0, 0, 0, 0, 0, 0, 0, 0, 0, 0, 0;Europe/Paris;37,0
2023-01-16T11:00:00Z;-1;9000003703;hourly;0,7538888889;10,6116433309;75,6079587325;11,9380987472;6,6322770818;5,3058216654;5,3058216654;34,4878408253;41,1201179071;6,6322770818;5,3058216654;1,3264554164;5,3058216654;1;28.0701754386, 1.7543859649, 29.8245614035, 26.3157894737, 12.2807017544, 1.7543859649, 0, 0;26.3157894737, 1.7543859649, 1.7543859649, 0, 8.7719298246, 21.0526315789, 12.2807017544, 14.0350877193, 8.7719298246, 3.5087719298, 1.7543859649, 0, 0, 0, 0, 0, 0, 0, 0, 0, 0, 0, 0, 0, 0;Europe/Paris;37,0
2023-01-16T12:00:00Z;-1;9000003703;hourly;0,7716666667;5,1835853132;46,6522678186;14,2548596112;3,8876889849;3,8876889849;1,2958963283;27,2138228942;19,4384449244;9,0712742981;5,1835853132;2,5917926566;1,2958963283;1;2.7777777778, 19.4444444444, 58.3333333333, 19.4444444444, 0, 0, 0, 0;2.7777777778, 0, 2.7777777778, 16.6666666667, 38.8888888889, 19.4444444444, 13.8888888889, 5.5555555556, 0, 0, 0, 0, 0, 0, 0, 0, 0, 0, 0, 0, 0, 0, 0, 0, 0;Europe/Paris;29,0
2023-01-16T13:00:00Z;-1;9000003703;hourly;0,7466666667;5,3571428571;33,4821428571;21,4285714286;6,6964285714;2,6785714286;2,6785714286;9,3750000000;24,1071428571;10,7142857143;10,7142857143;0,0000000000;6,6964285714;1;12, 12, 20, 40, 12, 4, 0, 0;12, 0, 0, 12, 8, 12, 24, 16, 12, 0, 0, 4, 0, 0, 0, 0, 0, 0, 0, 0, 0, 0, 0, 0, 0;Europe/Paris;38,0
2023-01-16T14:00:00Z;-1;9000003703;hourly;0,7833333333;10,2127659574;39,5744680851;3,8297872340;1,2765957447;8,9361702128;1,2765957447;22,9787234043;16,5957446809;2,5531914894;1,2765957447;0,0000000000;1,2765957447;1;22.5806451613, 35.4838709677, 32.2580645161, 6.4516129032, 3.2258064516, 0, 0, 0;9.6774193548, 12.9032258065, 19.3548387097, 16.1290322581, 22.5806451613, 9.6774193548, 6.4516129032, 0, 3.2258064516, 0, 0, 0, 0, 0, 0, 0, 0, 0, 0, 0, 0, 0, 0, 0, 0;Europe/Paris;24,5
2023-01-16T15:00:00Z;-1;9000003703;hourly;0,7658333333;19,5865070729;63,9825897715;16,9749727965;44,3960826986;7,8346028292;11,7519042437;23,5038084875;40,4787812840;2,6115342764;14,3634385201;9,1403699674;35,2557127312;1;30.612244898, 30.612244898, 24.4897959184, 12.2448979592, 2.0408163265, 0, 0, 0;22.4489795918, 8.1632653061, 14.2857142857, 16.3265306122, 12.2448979592, 12.2448979592, 10.2040816327, 2.0408163265, 2.0408163265, 0, 0, 0, 0, 0, 0, 0, 0, 0, 0, 0, 0, 0, 0, 0, 0;Europe/Paris;27,0
2023-01-16T16:00:00Z;-1;9000003703;hourly;0,5583333333;16,1194029851;112,8358208955;8,9552238806;41,1940298507;10,7462686567;5,3731343284;34,0298507463;78,8059701493;7,1641791045;1,7910447761;30,4477611940;10,7462686567;1;1.5873015873, 4.7619047619, 36.5079365079, 46.0317460317, 11.1111111111, 0, 0, 0;1.5873015873, 0, 1.5873015873, 3.1746031746, 6.3492063492, 30.1587301587, 26.9841269841, 19.0476190476, 11.1111111111, 0, 0, 0, 0, 0, 0, 0, 0, 0, 0, 0, 0, 0, 0, 0, 0;Europe/Paris;36,5
2023-01-16T17:00:00Z;-1;9000003703;hourly;0,0000000000;0,0000000000;0,0000000000;0,0000000000;0,0000000000;0,0000000000;0,0000000000;0,0000000000;0,0000000000;0,0000000000;0,0000000000;0,0000000000;0,0000000000;1;0, 0, 0, 0, 0, 0, 0, 0;0, 0, 0, 0, 0, 0, 0, 0, 0, 0, 0, 0, 0, 0, 0, 0, 0, 0, 0, 0, 0, 0, 0, 0, 0;Europe/Paris;NA
2023-01-16T18:00:00Z;-1;9000003703;hourly;0,0000000000;0,0000000000;0,0000000000;0,0000000000;0,0000000000;0,0000000000;0,0000000000;0,0000000000;0,0000000000;0,0000000000;0,0000000000;0,0000000000;0,0000000000;1;0, 0, 0, 0, 0, 0, 0, 0;0, 0, 0, 0, 0, 0, 0, 0, 0, 0, 0, 0, 0, 0, 0, 0, 0, 0, 0, 0, 0, 0, 0, 0, 0;Europe/Paris;NA
2023-01-17T11:00:00Z;-1;9000003703;hourly;0,9319444444;2,1460506706;4,2921013413;1,0730253353;0,0000000000;0,0000000000;2,1460506706;3,2190760060;1,0730253353;1,0730253353;0,0000000000;0,0000000000;0,0000000000;1;0, 0, 25, 75, 0, 0, 0, 0;0, 0, 0, 0, 0, 25, 50, 25, 0, 0, 0, 0, 0, 0, 0, 0, 0, 0, 0, 0, 0, 0, 0, 0, 0;Europe/Paris;34,5
2023-01-17T12:00:00Z;-1;9000003703;hourly;0,7738888889;6,4608758076;52,9791816224;1,2921751615;6,4608758076;2,5843503230;3,8765254846;28,4278535535;24,5513280689;1,2921751615;0,0000000000;5,1687006461;1,2921751615;1;9.756097561, 7.3170731707, 31.7073170732, 39.0243902439, 9.756097561, 0, 2.4390243902, 0;9.756097561, 0, 0, 7.3170731707, 4.8780487805, 26.8292682927, 31.7073170732, 7.3170731707, 7.3170731707, 2.4390243902, 0, 0, 2.4390243902, 0, 0, 0, 0, 0, 0, 0, 0, 0, 0, 0, 0;Europe/Paris;35,5
2023-01-17T13:00:00Z;-1;9000003703;hourly;0,7944444444;7,5524475524;40,2797202797;1,2587412587;1,2587412587;5,0349650350;2,5174825175;17,6223776224;22,6573426573;1,2587412587;0,0000000000;1,2587412587;0,0000000000;1;3.125, 0, 34.375, 53.125, 9.375, 0, 0, 0;3.125, 0, 0, 0, 12.5, 21.875, 34.375, 18.75, 6.25, 3.125, 0, 0, 0, 0, 0, 0, 0, 0, 0, 0, 0, 0, 0, 0, 0;Europe/Paris;36,0
2023-01-17T14:00:00Z;-1;9000003703;hourly;0,7811111111;11,5220483642;47,3684210526;3,8406827881;7,6813655761;7,6813655761;3,8406827881;19,2034139403;28,1650071124;1,2802275960;2,5604551920;1,2802275960;6,4011379801;1;2.7027027027, 0, 21.6216216216, 59.4594594595, 16.2162162162, 0, 0, 0;2.7027027027, 0, 0, 0, 0, 21.6216216216, 18.9189189189, 40.5405405405, 8.1081081081, 8.1081081081, 0, 0, 0, 0, 0, 0, 0, 0, 0, 0, 0, 0, 0, 0, 0;Europe/Paris;38,5
2023-01-17T15:00:00Z;-1;9000003703;hourly;0,7838888889;38,2707299787;68,8873139617;28,0652019844;48,4762579731;21,6867469880;16,5839829908;25,5138199858;43,3734939759;3,8270729979;24,2381289865;12,7569099929;35,7193479802;1;1.8518518519, 5.5555555556, 25.9259259259, 50, 12.962962963, 3.7037037037, 0, 0;0, 1.8518518519, 3.7037037037, 1.8518518519, 5.5555555556, 20.3703703704, 29.6296296296, 20.3703703704, 9.2592592593, 3.7037037037, 3.7037037037, 0, 0, 0, 0, 0, 0, 0, 0, 0, 0, 0, 0, 0, 0;Europe/Paris;38,5
2023-01-17T16:00:00Z;-1;9000003703;hourly;0,2086111111;38,3488681758;153,3954727031;14,3808255659;38,3488681758;28,7616511318;9,5872170439;71,9041278296;81,4913448735;14,3808255659;0,0000000000;33,5552596538;4,7936085220;1;6.25, 15.625, 34.375, 37.5, 6.25, 0, 0, 0;6.25, 0, 3.125, 12.5, 12.5, 21.875, 18.75, 18.75, 6.25, 0, 0, 0, 0, 0, 0, 0, 0, 0, 0, 0, 0, 0, 0, 0, 0;Europe/Paris;35,0
2023-01-17T17:00:00Z;-1;9000003703;hourly;0,0000000000;0,0000000000;0,0000000000;0,0000000000;0,0000000000;0,0000000000;0,0000000000;0,0000000000;0,0000000000;0,0000000000;0,0000000000;0,0000000000;0,0000000000;1;0, 0, 0, 0, 0, 0, 0, 0;0, 0, 0, 0, 0, 0, 0, 0, 0, 0, 0, 0, 0, 0, 0, 0, 0, 0, 0, 0, 0, 0, 0, 0, 0;Europe/Paris;NA
2023-01-17T18:00:00Z;-1;9000003703;hourly;0,0000000000;0,0000000000;0,0000000000;0,0000000000;0,0000000000;0,0000000000;0,0000000000;0,0000000000;0,0000000000;0,0000000000;0,0000000000;0,0000000000;0,0000000000;1;0, 0, 0, 0, 0, 0, 0, 0;0, 0, 0, 0, 0, 0, 0, 0, 0, 0, 0, 0, 0, 0, 0, 0, 0, 0, 0, 0, 0, 0, 0, 0, 0;Europe/Paris;NA
2023-01-18T08:00:00Z;-1;9000003703;hourly;0,9613888889;2,0803236059;4,1606472118;0,0000000000;2,0803236059;2,0803236059;0,0000000000;4,1606472118;0,0000000000;0,0000000000;0,0000000000;1,0401618029;1,0401618029;1;0, 0, 0, 100, 0, 0, 0, 0;0, 0, 0, 0, 0, 0, 75, 25, 0, 0, 0, 0, 0, 0, 0, 0, 0, 0, 0, 0, 0, 0, 0, 0, 0;Europe/Paris;34,5
2023-01-18T09:00:00Z;-1;9000003703;hourly;0,7630555556;5,2420822716;20,9683290863;11,7946851110;7,8631234074;3,9315617037;1,3105205679;6,5526028395;14,4157262468;3,9315617037;7,8631234074;5,2420822716;2,6210411358;1;18.75, 18.75, 37.5, 18.75, 0, 0, 6.25, 0;6.25, 12.5, 12.5, 6.25, 25, 12.5, 6.25, 12.5, 0, 0, 0, 0, 0, 6.25, 0, 0, 0, 0, 0, 0, 0, 0, 0, 0, 0;Europe/Paris;34,0
2023-01-18T10:00:00Z;-1;9000003703;hourly;0,7669444444;16,9503802970;46,9395146686;14,3426294821;10,4310032597;1,3038754075;15,6465048895;19,5581311119;27,3813835567;9,1271278522;5,2155016298;6,5193770373;3,9116262224;1;22.2222222222, 41.6666666667, 27.7777777778, 8.3333333333, 0, 0, 0, 0;11.1111111111, 11.1111111111, 13.8888888889, 27.7777777778, 19.4444444444, 8.3333333333, 5.5555555556, 2.7777777778, 0, 0, 0, 0, 0, 0, 0, 0, 0, 0, 0, 0, 0, 0, 0, 0, 0;Europe/Paris;23,5
2023-01-18T11:00:00Z;-1;9000003703;hourly;0,7919444444;18,9407225535;98,4917572781;22,7288670642;23,9915819011;11,3644335321;7,5762890214;31,5678709225;66,9238863557;2,5254296738;20,2034373904;10,1017186952;13,8898632059;1;7.6923076923, 17.9487179487, 42.3076923077, 26.9230769231, 3.8461538462, 0, 1.2820512821, 0;5.1282051282, 2.5641025641, 1.2820512821, 16.6666666667, 17.9487179487, 24.358974359, 17.9487179487, 8.9743589744, 3.8461538462, 0, 0, 0, 1.2820512821, 0, 0, 0, 0, 0, 0, 0, 0, 0, 0, 0, 0;Europe/Paris;32,5
2023-01-18T12:00:00Z;-1;9000003703;hourly;0,7650000000;13,0718954248;50,9803921569;10,4575163399;1,3071895425;5,2287581699;7,8431372549;19,6078431373;31,3725490196;7,8431372549;2,6143790850;1,3071895425;0,0000000000;1;0, 7.6923076923, 35.8974358974, 35.8974358974, 20.5128205128, 0, 0, 0;0, 0, 0, 7.6923076923, 7.6923076923, 28.2051282051, 10.2564102564, 25.641025641, 17.9487179487, 2.5641025641, 0, 0, 0, 0, 0, 0, 0, 0, 0, 0, 0, 0, 0, 0, 0;Europe/Paris;39,0
2023-01-18T13:00:00Z;-1;9000003703;hourly;0,7302777778;12,3240775960;68,4670977558;16,4321034614;5,4773678205;4,1080258653;8,2160517307;30,1255230126;38,3415747432;9,5853936858;6,8467097756;4,1080258653;1,3693419551;1;8, 14, 28, 36, 14, 0, 0, 0;4, 4, 2, 12, 8, 20, 24, 12, 10, 4, 0, 0, 0, 0, 0, 0, 0, 0, 0, 0, 0, 0, 0, 0, 0;Europe/Paris;37,0
2023-01-18T14:00:00Z;-1;9000003703;hourly;0,7705555556;3,8932948810;50,6128334535;18,1687094448;6,4888248017;2,5955299207;1,2977649603;18,1687094448;32,4441240087;11,6798846431;6,4888248017;2,5955299207;3,8932948810;1;15.3846153846, 0, 20.5128205128, 46.1538461538, 17.9487179487, 0, 0, 0;15.3846153846, 0, 0, 0, 12.8205128205, 7.6923076923, 23.0769230769, 23.0769230769, 12.8205128205, 5.1282051282, 0, 0, 0, 0, 0, 0, 0, 0, 0, 0, 0, 0, 0, 0, 0;Europe/Paris;38,5
2023-01-18T15:00:00Z;-1;9000003703;hourly;0,6708333333;20,8695652174;89,4409937888;8,9440993789;7,4534161491;10,4347826087;10,4347826087;46,2111801242;43,2298136646;2,9813664596;5,9627329193;4,4720496894;2,9813664596;1;8.3333333333, 1.6666666667, 38.3333333333, 41.6666666667, 10, 0, 0, 0;5, 3.3333333333, 0, 1.6666666667, 8.3333333333, 30, 18.3333333333, 23.3333333333, 5, 5, 0, 0, 0, 0, 0, 0, 0, 0, 0, 0, 0, 0, 0, 0, 0;Europe/Paris;36,5
2023-01-18T16:00:00Z;-1;9000003703;hourly;0,1780555556;78,6271450858;78,6271450858;11,2324492980;11,2324492980;56,1622464899;22,4648985959;22,4648985959;56,1622464899;11,2324492980;0,0000000000;5,6162246490;5,6162246490;1;21.4285714286, 7.1428571429, 14.2857142857, 50, 7.1428571429, 0, 0, 0;21.4285714286, 0, 7.1428571429, 0, 0, 14.2857142857, 14.2857142857, 35.7142857143, 0, 7.1428571429, 0, 0, 0, 0, 0, 0, 0, 0, 0, 0, 0, 0, 0, 0, 0;Europe/Paris;36,5
2023-01-18T17:00:00Z;-1;9000003703;hourly;0,0000000000;0,0000000000;0,0000000000;0,0000000000;0,0000000000;0,0000000000;0,0000000000;0,0000000000;0,0000000000;0,0000000000;0,0000000000;0,0000000000;0,0000000000;1;0, 0, 0, 0, 0, 0, 0, 0;0, 0, 0, 0, 0, 0, 0, 0, 0, 0, 0, 0, 0, 0, 0, 0, 0, 0, 0, 0, 0, 0, 0, 0, 0;Europe/Paris;NA
2023-01-18T18:00:00Z;-1;9000003703;hourly;0,0000000000;0,0000000000;0,0000000000;0,0000000000;0,0000000000;0,0000000000;0,0000000000;0,0000000000;0,0000000000;0,0000000000;0,0000000000;0,0000000000;0,0000000000;1;0, 0, 0, 0, 0, 0, 0, 0;0, 0, 0, 0, 0, 0, 0, 0, 0, 0, 0, 0, 0, 0, 0, 0, 0, 0, 0, 0, 0, 0, 0, 0, 0;Europe/Paris;NA
2023-01-19T10:00:00Z;-1;9000003703;hourly;0,3452777778;11,5848753017;49,2357200322;2,8962188254;2,8962188254;2,8962188254;8,6886564763;20,2735317780;28,9621882542;2,8962188254;0,0000000000;0,0000000000;2,8962188254;1;0, 5.8823529412, 29.4117647059, 52.9411764706, 5.8823529412, 0, 5.8823529412, 0;0, 0, 0, 5.8823529412, 5.8823529412, 23.5294117647, 11.7647058824, 41.1764705882, 0, 5.8823529412, 0, 0, 5.8823529412, 0, 0, 0, 0, 0, 0, 0, 0, 0, 0, 0, 0;Europe/Paris;37,0
2023-01-19T11:00:00Z;-1;9000003703;hourly;0,8016666667;11,2266112266;61,1226611227;2,4948024948;13,7214137214;3,7422037422;7,4844074844;16,2162162162;44,9064449064;1,2474012474;1,2474012474;6,2370062370;7,4844074844;1;0, 2.0408163265, 16.3265306122, 36.7346938776, 32.6530612245, 12.2448979592, 0, 0;0, 0, 0, 2.0408163265, 2.0408163265, 14.2857142857, 16.3265306122, 20.4081632653, 28.5714285714, 4.0816326531, 8.1632653061, 4.0816326531, 0, 0, 0, 0, 0, 0, 0, 0, 0, 0, 0, 0, 0;Europe/Paris;44,0
2023-01-19T12:00:00Z;-1;9000003703;hourly;0,8122222222;9,8495212038;49,2476060192;0,0000000000;11,0807113543;7,3871409029;2,4623803010;20,9302325581;28,3173734610;0,0000000000;0,0000000000;7,3871409029;3,6935704514;1;2.5, 0, 15, 55, 27.5, 0, 0, 0;2.5, 0, 0, 0, 2.5, 12.5, 20, 35, 15, 12.5, 0, 0, 0, 0, 0, 0, 0, 0, 0, 0, 0, 0, 0, 0, 0;Europe/Paris;41,5
2023-01-19T13:00:00Z;-1;9000003703;hourly;0,8016666667;8,7318087318;32,4324324324;1,2474012474;8,7318087318;4,9896049896;3,7422037422;11,2266112266;21,2058212058;1,2474012474;0,0000000000;3,7422037422;4,9896049896;1;0, 3.8461538462, 19.2307692308, 50, 23.0769230769, 3.8461538462, 0, 0;0, 0, 0, 3.8461538462, 7.6923076923, 11.5384615385, 30.7692307692, 19.2307692308, 7.6923076923, 15.3846153846, 3.8461538462, 0, 0, 0, 0, 0, 0, 0, 0, 0, 0, 0, 0, 0, 0;Europe/Paris;44,0
2023-01-19T14:00:00Z;-1;9000003703;hourly;0,7866666667;3,8135593220;34,3220338983;7,6271186441;3,8135593220;2,5423728814;1,2711864407;7,6271186441;26,6949152542;2,5423728814;5,0847457627;1,2711864407;2,5423728814;1;14.8148148148, 22.2222222222, 44.4444444444, 11.1111111111, 7.4074074074, 0, 0, 0;14.8148148148, 0, 0, 22.2222222222, 29.6296296296, 14.8148148148, 11.1111111111, 0, 7.4074074074, 0, 0, 0, 0, 0, 0, 0, 0, 0, 0, 0, 0, 0, 0, 0, 0;Europe/Paris;29,0
2023-01-19T15:00:00Z;-1;9000003703;hourly;0,7919444444;3,7881445107;84,6018940723;32,8305857594;32,8305857594;0,0000000000;3,7881445107;26,5170115749;58,0848824974;5,0508593476;27,7797264118;5,0508593476;27,7797264118;1;17.9104477612, 10.447761194, 44.776119403, 19.4029850746, 5.9701492537, 1.4925373134, 0, 0;10.447761194, 7.4626865672, 2.9850746269, 7.4626865672, 20.8955223881, 23.8805970149, 13.4328358209, 5.9701492537, 1.4925373134, 4.4776119403, 1.4925373134, 0, 0, 0, 0, 0, 0, 0, 0, 0, 0, 0, 0, 0, 0;Europe/Paris;32,0
2023-01-19T16:00:00Z;-1;9000003703;hourly;0,7169444444;15,3428903526;121,3483146067;11,1584657110;26,5013560635;11,1584657110;4,1844246416;40,4494382022;80,8988764045;5,5792328555;5,5792328555;11,1584657110;15,3428903526;1;1.1494252874, 3.4482758621, 22.9885057471, 51.724137931, 16.091954023, 4.5977011494, 0, 0;1.1494252874, 0, 0, 3.4482758621, 9.1954022989, 13.7931034483, 27.5862068966, 24.1379310345, 12.6436781609, 3.4482758621, 0, 4.5977011494, 0, 0, 0, 0, 0, 0, 0, 0, 0, 0, 0, 0, 0;Europe/Paris;40,0
2023-01-19T17:00:00Z;-1;9000003703;hourly;0,0000000000;0,0000000000;0,0000000000;0,0000000000;0,0000000000;0,0000000000;0,0000000000;0,0000000000;0,0000000000;0,0000000000;0,0000000000;0,0000000000;0,0000000000;1;0, 0, 0, 0, 0, 0, 0, 0;0, 0, 0, 0, 0, 0, 0, 0, 0, 0, 0, 0, 0, 0, 0, 0, 0, 0, 0, 0, 0, 0, 0, 0, 0;Europe/Paris;NA
2023-01-19T18:00:00Z;-1;9000003703;hourly;0,0000000000;0,0000000000;0,0000000000;0,0000000000;0,0000000000;0,0000000000;0,0000000000;0,0000000000;0,0000000000;0,0000000000;0,0000000000;0,0000000000;0,0000000000;1;0, 0, 0, 0, 0, 0, 0, 0;0, 0, 0, 0, 0, 0, 0, 0, 0, 0, 0, 0, 0, 0, 0, 0, 0, 0, 0, 0, 0, 0, 0, 0, 0;Europe/Paris;NA
2023-01-20T11:00:00Z;-1;9000003703;hourly;0,6941666667;5,7623049220;79,2316926771;4,3217286915;5,7623049220;2,8811524610;2,8811524610;28,8115246098;50,4201680672;1,4405762305;2,8811524610;1,4405762305;4,3217286915;1;0, 7.2727272727, 18.1818181818, 52.7272727273, 16.3636363636, 5.4545454545, 0, 0;0, 0, 1.8181818182, 5.4545454545, 3.6363636364, 14.5454545455, 30.9090909091, 21.8181818182, 10.9090909091, 5.4545454545, 3.6363636364, 1.8181818182, 0, 0, 0, 0, 0, 0, 0, 0, 0, 0, 0, 0, 0;Europe/Paris;40,5
2023-01-20T12:00:00Z;-1;9000003703;hourly;0,7816666667;6,3965884861;44,7761194030;6,3965884861;7,6759061834;3,8379530917;2,5586353945;25,5863539446;19,1897654584;1,2793176972;5,1172707889;2,5586353945;5,1172707889;1;2.8571428571, 0, 31.4285714286, 54.2857142857, 8.5714285714, 0, 0, 2.8571428571;2.8571428571, 0, 0, 0, 20, 11.4285714286, 42.8571428571, 11.4285714286, 2.8571428571, 5.7142857143, 0, 0, 0, 0, 0, 0, 0, 0, 0, 0, 0, 2.8571428571, 0, 0, 0;Europe/Paris;36,0
2023-01-20T13:00:00Z;-1;9000003703;hourly;0,7841666667;5,1009564293;36,9819341126;14,0276301807;8,9266737513;3,8257173220;1,2752391073;16,5781083953;20,4038257173;10,2019128587;3,8257173220;5,1009564293;3,8257173220;1;0, 6.8965517241, 55.1724137931, 31.0344827586, 6.8965517241, 0, 0, 0;0, 0, 0, 6.8965517241, 34.4827586207, 20.6896551724, 20.6896551724, 10.3448275862, 6.8965517241, 0, 0, 0, 0, 0, 0, 0, 0, 0, 0, 0, 0, 0, 0, 0, 0;Europe/Paris;33,5
2023-01-20T14:00:00Z;-1;9000003703;hourly;0,8000000000;7,5000000000;50,0000000000;5,0000000000;5,0000000000;2,5000000000;5,0000000000;22,5000000000;27,5000000000;3,7500000000;1,2500000000;0,0000000000;5,0000000000;1;7.5, 0, 37.5, 42.5, 10, 2.5, 0, 0;2.5, 5, 0, 0, 12.5, 25, 32.5, 10, 10, 0, 2.5, 0, 0, 0, 0, 0, 0, 0, 0, 0, 0, 0, 0, 0, 0;Europe/Paris;36,0
2023-01-20T15:00:00Z;-1;9000003703;hourly;0,7844444444;10,1983002833;77,7620396601;19,1218130312;39,5184135977;6,3739376771;3,8243626062;24,2209631728;53,5410764873;8,9235127479;10,1983002833;6,3739376771;33,1444759207;1;42.6229508197, 26.2295081967, 21.3114754098, 9.8360655738, 0, 0, 0, 0;39.3442622951, 3.2786885246, 11.4754098361, 14.7540983607, 16.393442623, 4.9180327869, 9.8360655738, 0, 0, 0, 0, 0, 0, 0, 0, 0, 0, 0, 0, 0, 0, 0, 0, 0, 0;Europe/Paris;22,5
2023-01-20T16:00:00Z;-1;9000003703;hourly;0,7402777778;20,2626641651;175,6097560976;13,5084427767;28,3677298311;14,8592870544;5,4033771107;52,6829268293;122,9268292683;9,4559099437;4,0525328330;13,5084427767;14,8592870544;1;2.3076923077, 3.0769230769, 40.7692307692, 47.6923076923, 5.3846153846, 0, 0, 0.7692307692;1.5384615385, 0.7692307692, 0, 3.0769230769, 15.3846153846, 25.3846153846, 27.6923076923, 20, 3.8461538462, 1.5384615385, 0, 0, 0, 0, 0, 0, 0.7692307692, 0, 0, 0, 0, 0, 0, 0, 0;Europe/Paris;35,5
2023-01-20T17:00:00Z;-1;9000003703;hourly;0,0000000000;0,0000000000;0,0000000000;0,0000000000;0,0000000000;0,0000000000;0,0000000000;0,0000000000;0,0000000000;0,0000000000;0,0000000000;0,0000000000;0,0000000000;1;0, 0, 0, 0, 0, 0, 0, 0;0, 0, 0, 0, 0, 0, 0, 0, 0, 0, 0, 0, 0, 0, 0, 0, 0, 0, 0, 0, 0, 0, 0, 0, 0;Europe/Paris;NA
2023-01-20T18:00:00Z;-1;9000003703;hourly;0,0000000000;0,0000000000;0,0000000000;0,0000000000;0,0000000000;0,0000000000;0,0000000000;0,0000000000;0,0000000000;0,0000000000;0,0000000000;0,0000000000;0,0000000000;1;0, 0, 0, 0, 0, 0, 0, 0;0, 0, 0, 0, 0, 0, 0, 0, 0, 0, 0, 0, 0, 0, 0, 0, 0, 0, 0, 0, 0, 0, 0, 0, 0;Europe/Paris;NA
2023-01-21T09:00:00Z;-1;9000003703;hourly;0,9897222222;0,0000000000;15,1557676116;0,0000000000;0,0000000000;0,0000000000;0,0000000000;3,0311535223;12,1246140893;0,0000000000;0,0000000000;0,0000000000;0,0000000000;1;0, 13.3333333333, 53.3333333333, 6.6666666667, 13.3333333333, 6.6666666667, 0, 6.6666666667;0, 0, 0, 13.3333333333, 20, 33.3333333333, 6.6666666667, 0, 6.6666666667, 6.6666666667, 6.6666666667, 0, 0, 0, 0, 0, 0, 6.6666666667, 0, 0, 0, 0, 0, 0, 0;Europe/Paris;46,0
2023-01-21T10:00:00Z;-1;9000003703;hourly;0,3066666667;13,0434782609;104,3478260870;3,2608695652;6,5217391304;9,7826086957;3,2608695652;42,3913043478;61,9565217391;3,2608695652;0,0000000000;3,2608695652;3,2608695652;1;0, 31.25, 50, 9.375, 6.25, 3.125, 0, 0;0, 0, 6.25, 25, 28.125, 21.875, 9.375, 0, 6.25, 0, 3.125, 0, 0, 0, 0, 0, 0, 0, 0, 0, 0, 0, 0, 0, 0;Europe/Paris;29,5
2023-01-21T11:00:00Z;-1;9000003703;hourly;0,6636111111;7,5345332775;88,9074926748;6,0276266220;6,0276266220;4,5207199665;3,0138133110;39,1795730431;49,7279196316;4,5207199665;1,5069066555;4,5207199665;1,5069066555;1;3.3898305085, 20.3389830508, 67.7966101695, 8.4745762712, 0, 0, 0, 0;3.3898305085, 0, 6.7796610169, 13.5593220339, 27.1186440678, 40.6779661017, 0, 8.4745762712, 0, 0, 0, 0, 0, 0, 0, 0, 0, 0, 0, 0, 0, 0, 0, 0, 0;Europe/Paris;26,5
2023-01-21T12:00:00Z;-1;9000003703;hourly;0,8005555556;1,2491325468;63,7057598890;4,9965301874;1,2491325468;0,0000000000;1,2491325468;31,2283136711;32,4774462179;3,7473976405;1,2491325468;1,2491325468;0,0000000000;1;3.9215686275, 11.7647058824, 52.9411764706, 29.4117647059, 1.9607843137, 0, 0, 0;3.9215686275, 0, 0, 11.7647058824, 23.5294117647, 29.4117647059, 21.568627451, 7.8431372549, 1.9607843137, 0, 0, 0, 0, 0, 0, 0, 0, 0, 0, 0, 0, 0, 0, 0, 0;Europe/Paris;31,5
2023-01-21T13:00:00Z;-1;9000003703;hourly;0,7658333333;2,6115342764;61,3710554951;7,8346028292;1,3057671382;0,0000000000;2,6115342764;31,3384113166;30,0326441785;6,5288356910;1,3057671382;1,3057671382;0,0000000000;1;6.3829787234, 21.2765957447, 61.7021276596, 10.6382978723, 0, 0, 0, 0;4.2553191489, 2.1276595745, 0, 21.2765957447, 34.0425531915, 27.6595744681, 4.2553191489, 6.3829787234, 0, 0, 0, 0, 0, 0, 0, 0, 0, 0, 0, 0, 0, 0, 0, 0, 0;Europe/Paris;26,5
2023-01-21T14:00:00Z;-1;9000003703;hourly;0,7525000000;0,0000000000;86,3787375415;3,9867109635;0,0000000000;0,0000000000;0,0000000000;49,1694352159;37,2093023256;0,0000000000;3,9867109635;0,0000000000;0,0000000000;1;21.5384615385, 43.0769230769, 30.7692307692, 4.6153846154, 0, 0, 0, 0;12.3076923077, 9.2307692308, 16.9230769231, 26.1538461538, 18.4615384615, 12.3076923077, 1.5384615385, 3.0769230769, 0, 0, 0, 0, 0, 0, 0, 0, 0, 0, 0, 0, 0, 0, 0, 0, 0;Europe/Paris;23,5
2023-01-21T15:00:00Z;-1;9000003703;hourly;0,7844444444;0,0000000000;75,2124645892;2,5495750708;7,6487252125;0,0000000000;0,0000000000;24,2209631728;50,9915014164;1,2747875354;1,2747875354;2,5495750708;5,0991501416;1;42.3728813559, 37.2881355932, 11.8644067797, 5.0847457627, 3.3898305085, 0, 0, 0;32.2033898305, 10.1694915254, 22.0338983051, 15.2542372881, 5.0847457627, 6.7796610169, 3.3898305085, 1.6949152542, 3.3898305085, 0, 0, 0, 0, 0, 0, 0, 0, 0, 0, 0, 0, 0, 0, 0, 0;Europe/Paris;22,5
2023-01-21T16:00:00Z;-1;9000003703;hourly;0,7244444444;2,7607361963;89,7239263804;23,4662576687;4,1411042945;0,0000000000;2,7607361963;42,7914110429;46,9325153374;15,1840490798;8,2822085890;1,3803680982;2,7607361963;1;0, 7.6923076923, 43.0769230769, 32.3076923077, 15.3846153846, 1.5384615385, 0, 0;0, 0, 4.6153846154, 3.0769230769, 12.3076923077, 30.7692307692, 16.9230769231, 15.3846153846, 10.7692307692, 4.6153846154, 1.5384615385, 0, 0, 0, 0, 0, 0, 0, 0, 0, 0, 0, 0, 0, 0;Europe/Paris;38,5
2023-01-21T17:00:00Z;-1;9000003703;hourly;0,0000000000;0,0000000000;0,0000000000;0,0000000000;0,0000000000;0,0000000000;0,0000000000;0,0000000000;0,0000000000;0,0000000000;0,0000000000;0,0000000000;0,0000000000;1;0, 0, 0, 0, 0, 0, 0, 0;0, 0, 0, 0, 0, 0, 0, 0, 0, 0, 0, 0, 0, 0, 0, 0, 0, 0, 0, 0, 0, 0, 0, 0, 0;Europe/Paris;NA
2023-01-21T18:00:00Z;-1;9000003703;hourly;0,0000000000;0,0000000000;0,0000000000;0,0000000000;0,0000000000;0,0000000000;0,0000000000;0,0000000000;0,0000000000;0,0000000000;0,0000000000;0,0000000000;0,0000000000;1;0, 0, 0, 0, 0, 0, 0, 0;0, 0, 0, 0, 0, 0, 0, 0, 0, 0, 0, 0, 0, 0, 0, 0, 0, 0, 0, 0, 0, 0, 0, 0, 0;Europe/Paris;NA
2023-01-21T19:00:00Z;-1;9000003703;hourly;0,0000000000;0,0000000000;0,0000000000;0,0000000000;0,0000000000;0,0000000000;0,0000000000;0,0000000000;0,0000000000;0,0000000000;0,0000000000;0,0000000000;0,0000000000;1;0, 0, 0, 0, 0, 0, 0, 0;0, 0, 0, 0, 0, 0, 0, 0, 0, 0, 0, 0, 0, 0, 0, 0, 0, 0, 0, 0, 0, 0, 0, 0, 0;Europe/Paris;NA
2023-01-22T08:00:00Z;-1;9000003703;hourly;0,9569444444;0,0000000000;5,2249637155;0,0000000000;1,0449927431;0,0000000000;0,0000000000;4,1799709724;1,0449927431;0,0000000000;0,0000000000;0,0000000000;1,0449927431;1;0, 0, 20, 60, 20, 0, 0, 0;0, 0, 0, 0, 0, 20, 20, 40, 20, 0, 0, 0, 0, 0, 0, 0, 0, 0, 0, 0, 0, 0, 0, 0, 0;Europe/Paris;38,5
2023-01-22T09:00:00Z;-1;9000003703;hourly;0,7930555556;0,0000000000;39,0893169877;5,0437828371;7,5656742557;0,0000000000;0,0000000000;12,6094570928;26,4798598949;2,5218914186;2,5218914186;3,7828371278;3,7828371278;1;12.9032258065, 6.4516129032, 32.2580645161, 25.8064516129, 19.3548387097, 3.2258064516, 0, 0;12.9032258065, 0, 0, 6.4516129032, 9.6774193548, 22.5806451613, 9.6774193548, 16.1290322581, 16.1290322581, 3.2258064516, 0, 3.2258064516, 0, 0, 0, 0, 0, 0, 0, 0, 0, 0, 0, 0, 0;Europe/Paris;40,0
2023-01-22T10:00:00Z;-1;9000003703;hourly;0,6263888889;4,7893569845;49,4900221729;9,5787139690;4,7893569845;3,1929046563;1,5964523282;9,5787139690;39,9113082040;6,3858093126;3,1929046563;0,0000000000;4,7893569845;1;3.2258064516, 22.5806451613, 48.3870967742, 22.5806451613, 3.2258064516, 0, 0, 0;3.2258064516, 0, 6.4516129032, 16.1290322581, 32.2580645161, 16.1290322581, 12.9032258065, 9.6774193548, 3.2258064516, 0, 0, 0, 0, 0, 0, 0, 0, 0, 0, 0, 0, 0, 0, 0, 0;Europe/Paris;31,5
2023-01-22T11:00:00Z;-1;9000003703;hourly;0,0000000000;0,0000000000;0,0000000000;0,0000000000;0,0000000000;0,0000000000;0,0000000000;0,0000000000;0,0000000000;0,0000000000;0,0000000000;0,0000000000;0,0000000000;1;0, 0, 0, 0, 0, 0, 0, 0;0, 0, 0, 0, 0, 0, 0, 0, 0, 0, 0, 0, 0, 0, 0, 0, 0, 0, 0, 0, 0, 0, 0, 0, 0;Europe/Paris;NA
2023-01-22T12:00:00Z;-1;9000003703;hourly;0,7738888889;2,5843503230;38,7652548457;2,5843503230;2,5843503230;1,2921751615;1,2921751615;16,7982770998;21,9669777459;2,5843503230;0,0000000000;0,0000000000;2,5843503230;1;16.6666666667, 13.3333333333, 36.6666666667, 30, 3.3333333333, 0, 0, 0;10, 6.6666666667, 3.3333333333, 10, 20, 16.6666666667, 16.6666666667, 13.3333333333, 0, 3.3333333333, 0, 0, 0, 0, 0, 0, 0, 0, 0, 0, 0, 0, 0, 0, 0;Europe/Paris;33,0
2023-01-22T13:00:00Z;-1;9000003703;hourly;0,8072222222;0,0000000000;32,2092222987;9,9105299381;2,4776324845;0,0000000000;0,0000000000;17,3434273916;14,8657949071;9,9105299381;0,0000000000;2,4776324845;0,0000000000;1;3.8461538462, 19.2307692308, 57.6923076923, 19.2307692308, 0, 0, 0, 0;3.8461538462, 0, 3.8461538462, 15.3846153846, 38.4615384615, 19.2307692308, 19.2307692308, 0, 0, 0, 0, 0, 0, 0, 0, 0, 0, 0, 0, 0, 0, 0, 0, 0, 0;Europe/Paris;28,5
2023-01-22T14:00:00Z;-1;9000003703;hourly;0,8005555556;0,0000000000;43,7196391395;6,2456627342;0,0000000000;0,0000000000;0,0000000000;24,9826509368;18,7369882026;2,4982650937;3,7473976405;0,0000000000;0,0000000000;1;11.4285714286, 42.8571428571, 40, 5.7142857143, 0, 0, 0, 0;8.5714285714, 2.8571428571, 11.4285714286, 31.4285714286, 25.7142857143, 14.2857142857, 2.8571428571, 2.8571428571, 0, 0, 0, 0, 0, 0, 0, 0, 0, 0, 0, 0, 0, 0, 0, 0, 0;Europe/Paris;24,0
2023-01-22T15:00:00Z;-1;9000003703;hourly;0,8038888889;0,0000000000;32,3427781617;13,6834830684;2,4879060124;0,0000000000;0,0000000000;16,1713890809;16,1713890809;4,9758120249;8,7076710435;2,4879060124;0,0000000000;1;7.6923076923, 46.1538461538, 38.4615384615, 3.8461538462, 0, 3.8461538462, 0, 0;3.8461538462, 3.8461538462, 23.0769230769, 23.0769230769, 19.2307692308, 19.2307692308, 3.8461538462, 0, 0, 0, 3.8461538462, 0, 0, 0, 0, 0, 0, 0, 0, 0, 0, 0, 0, 0, 0;Europe/Paris;25,5
2023-01-22T16:00:00Z;-1;9000003703;hourly;0,7863888889;0,0000000000;78,8413987990;6,3581773225;5,0865418580;0,0000000000;0,0000000000;52,1370540445;26,7043447545;0,0000000000;6,3581773225;3,8149063935;1,2716354645;1;0, 19.3548387097, 56.4516129032, 16.1290322581, 6.4516129032, 0, 0, 1.6129032258;0, 0, 0, 19.3548387097, 32.2580645161, 24.1935483871, 12.9032258065, 3.2258064516, 4.8387096774, 1.6129032258, 0, 0, 0, 0, 0, 1.6129032258, 0, 0, 0, 0, 0, 0, 0, 0, 0;Europe/Paris;31,0
2023-01-22T17:00:00Z;-1;9000003703;hourly;0,0000000000;0,0000000000;0,0000000000;0,0000000000;0,0000000000;0,0000000000;0,0000000000;0,0000000000;0,0000000000;0,0000000000;0,0000000000;0,0000000000;0,0000000000;1;0, 0, 0, 0, 0, 0, 0, 0;0, 0, 0, 0, 0, 0, 0, 0, 0, 0, 0, 0, 0, 0, 0, 0, 0, 0, 0, 0, 0, 0, 0, 0, 0;Europe/Paris;NA
2023-01-22T18:00:00Z;-1;9000003703;hourly;0,0000000000;0,0000000000;0,0000000000;0,0000000000;0,0000000000;0,0000000000;0,0000000000;0,0000000000;0,0000000000;0,0000000000;0,0000000000;0,0000000000;0,0000000000;1;0, 0, 0, 0, 0, 0, 0, 0;0, 0, 0, 0, 0, 0, 0, 0, 0, 0, 0, 0, 0, 0, 0, 0, 0, 0, 0, 0, 0, 0, 0, 0, 0;Europe/Paris;NA
2023-01-23T11:00:00Z;-1;9000003703;hourly;0,9308333333;1,0743061773;9,6687555953;4,2972247090;0,0000000000;1,0743061773;0,0000000000;4,2972247090;5,3715308863;4,2972247090;0,0000000000;0,0000000000;0,0000000000;1;11.1111111111, 22.2222222222, 22.2222222222, 44.4444444444, 0, 0, 0, 0;11.1111111111, 0, 11.1111111111, 11.1111111111, 11.1111111111, 11.1111111111, 22.2222222222, 22.2222222222, 0, 0, 0, 0, 0, 0, 0, 0, 0, 0, 0, 0, 0, 0, 0, 0, 0;Europe/Paris;34,0
2023-01-23T12:00:00Z;-1;9000003703;hourly;0,7555555556;6,6176470588;43,6764705882;34,4117647059;5,2941176471;6,6176470588;0,0000000000;25,1470588235;18,5294117647;27,7941176471;6,6176470588;3,9705882353;1,3235294118;1;21.2121212121, 12.1212121212, 36.3636363636, 21.2121212121, 6.0606060606, 3.0303030303, 0, 0;21.2121212121, 0, 6.0606060606, 6.0606060606, 15.1515151515, 21.2121212121, 18.1818181818, 3.0303030303, 6.0606060606, 0, 3.0303030303, 0, 0, 0, 0, 0, 0, 0, 0, 0, 0, 0, 0, 0, 0;Europe/Paris;31,5
2023-01-23T13:00:00Z;-1;9000003703;hourly;0,7600000000;2,6315789474;26,3157894737;26,3157894737;1,3157894737;1,3157894737;1,3157894737;13,1578947368;13,1578947368;17,1052631579;9,2105263158;0,0000000000;1,3157894737;1;5, 25, 40, 25, 5, 0, 0, 0;0, 5, 10, 15, 25, 15, 10, 15, 5, 0, 0, 0, 0, 0, 0, 0, 0, 0, 0, 0, 0, 0, 0, 0, 0;Europe/Paris;34,0
2023-01-23T14:00:00Z;-1;9000003703;hourly;0,8022222222;4,9861495845;39,8891966759;8,7257617729;17,4515235457;3,7396121884;1,2465373961;17,4515235457;22,4376731302;6,2326869806;2,4930747922;13,7119113573;3,7396121884;1;0, 6.25, 34.375, 43.75, 15.625, 0, 0, 0;0, 0, 0, 6.25, 9.375, 25, 28.125, 15.625, 12.5, 3.125, 0, 0, 0, 0, 0, 0, 0, 0, 0, 0, 0, 0, 0, 0, 0;Europe/Paris;37,5
2023-01-23T15:00:00Z;-1;9000003703;hourly;0,8025000000;11,2149532710;90,9657320872;27,4143302181;53,5825545171;3,7383177570;7,4766355140;39,8753894081;51,0903426791;7,4766355140;19,9376947040;12,4610591900;41,1214953271;1;1.3698630137, 9.5890410959, 34.2465753425, 50.6849315068, 1.3698630137, 2.7397260274, 0, 0;1.3698630137, 0, 2.7397260274, 6.8493150685, 5.4794520548, 28.7671232877, 27.397260274, 23.2876712329, 1.3698630137, 0, 2.7397260274, 0, 0, 0, 0, 0, 0, 0, 0, 0, 0, 0, 0, 0, 0;Europe/Paris;35,0
2023-01-23T16:00:00Z;-1;9000003703;hourly;0,7147222222;23,7854644384;141,3136416634;11,1931597357;43,3734939759;15,3905946366;8,3948698018;40,5752040420;100,7384376215;4,1974349009;6,9957248348;22,3863194714;20,9871745045;1;2.9702970297, 2.9702970297, 28.7128712871, 55.4455445545, 9.900990099, 0, 0, 0;2.9702970297, 0, 0, 2.9702970297, 7.9207920792, 20.7920792079, 32.6732673267, 22.7722772277, 5.9405940594, 3.9603960396, 0, 0, 0, 0, 0, 0, 0, 0, 0, 0, 0, 0, 0, 0, 0;Europe/Paris;36,5
2023-01-23T17:00:00Z;-1;9000003703;hourly;0,0000000000;0,0000000000;0,0000000000;0,0000000000;0,0000000000;0,0000000000;0,0000000000;0,0000000000;0,0000000000;0,0000000000;0,0000000000;0,0000000000;0,0000000000;1;0, 0, 0, 0, 0, 0, 0, 0;0, 0, 0, 0, 0, 0, 0, 0, 0, 0, 0, 0, 0, 0, 0, 0, 0, 0, 0, 0, 0, 0, 0, 0, 0;Europe/Paris;NA
2023-01-23T18:00:00Z;-1;9000003703;hourly;0,0000000000;0,0000000000;0,0000000000;0,0000000000;0,0000000000;0,0000000000;0,0000000000;0,0000000000;0,0000000000;0,0000000000;0,0000000000;0,0000000000;0,0000000000;1;0, 0, 0, 0, 0, 0, 0, 0;0, 0, 0, 0, 0, 0, 0, 0, 0, 0, 0, 0, 0, 0, 0, 0, 0, 0, 0, 0, 0, 0, 0, 0, 0;Europe/Paris;NA
2023-01-24T12:00:00Z;-1;9000003703;hourly;0,8597222222;3,4894991922;34,8949919225;2,3263327948;6,9789983845;2,3263327948;1,1631663974;20,9369951535;13,9579967690;2,3263327948;0,0000000000;4,6526655897;2,3263327948;1;0, 3.3333333333, 30, 50, 10, 6.6666666667, 0, 0;0, 0, 0, 3.3333333333, 6.6666666667, 23.3333333333, 30, 20, 6.6666666667, 3.3333333333, 6.6666666667, 0, 0, 0, 0, 0, 0, 0, 0, 0, 0, 0, 0, 0, 0;Europe/Paris;38,5
2023-01-24T13:00:00Z;-1;9000003703;hourly;0,8000000000;3,7500000000;37,5000000000;2,5000000000;5,0000000000;3,7500000000;0,0000000000;17,5000000000;20,0000000000;0,0000000000;2,5000000000;5,0000000000;0,0000000000;1;0, 0, 26.6666666667, 60, 13.3333333333, 0, 0, 0;0, 0, 0, 0, 3.3333333333, 23.3333333333, 23.3333333333, 36.6666666667, 3.3333333333, 10, 0, 0, 0, 0, 0, 0, 0, 0, 0, 0, 0, 0, 0, 0, 0;Europe/Paris;37,5
2023-01-24T14:00:00Z;-1;9000003703;hourly;0,8008333333;3,7460978148;31,2174817898;1,2486992716;12,4869927159;1,2486992716;2,4973985432;16,2330905307;14,9843912591;0,0000000000;1,2486992716;6,2434963580;6,2434963580;1;16, 8, 12, 52, 12, 0, 0, 0;4, 12, 0, 8, 4, 8, 28, 24, 12, 0, 0, 0, 0, 0, 0, 0, 0, 0, 0, 0, 0, 0, 0, 0, 0;Europe/Paris;37,0
2023-01-24T15:00:00Z;-1;9000003703;hourly;0,7969444444;11,2931334960;97,8738236319;20,0766817707;50,1917044266;8,7835482747;2,5095852213;38,8985709306;58,9752527013;5,0191704427;15,0575113280;16,3123039387;33,8794004880;1;1.2820512821, 10.2564102564, 39.7435897436, 39.7435897436, 8.9743589744, 0, 0, 0;1.2820512821, 0, 1.2820512821, 8.9743589744, 15.3846153846, 24.358974359, 25.641025641, 14.1025641026, 5.1282051282, 3.8461538462, 0, 0, 0, 0, 0, 0, 0, 0, 0, 0, 0, 0, 0, 0, 0;Europe/Paris;35,5
2023-01-24T16:00:00Z;-1;9000003703;hourly;0,5811111111;17,2084130019;146,2715105163;6,8833652008;30,9751434034;13,7667304015;3,4416826004;37,8585086042;108,4130019120;0,0000000000;6,8833652008;18,9292543021;12,0458891013;1;0, 3.5294117647, 27.0588235294, 51.7647058824, 15.2941176471, 2.3529411765, 0, 0;0, 0, 0, 3.5294117647, 5.8823529412, 21.1764705882, 32.9411764706, 18.8235294118, 12.9411764706, 2.3529411765, 2.3529411765, 0, 0, 0, 0, 0, 0, 0, 0, 0, 0, 0, 0, 0, 0;Europe/Paris;38,5
2023-01-24T17:00:00Z;-1;9000003703;hourly;0,0000000000;0,0000000000;0,0000000000;0,0000000000;0,0000000000;0,0000000000;0,0000000000;0,0000000000;0,0000000000;0,0000000000;0,0000000000;0,0000000000;0,0000000000;1;0, 0, 0, 0, 0, 0, 0, 0;0, 0, 0, 0, 0, 0, 0, 0, 0, 0, 0, 0, 0, 0, 0, 0, 0, 0, 0, 0, 0, 0, 0, 0, 0;Europe/Paris;NA
2023-01-24T18:00:00Z;-1;9000003703;hourly;0,0000000000;0,0000000000;0,0000000000;0,0000000000;0,0000000000;0,0000000000;0,0000000000;0,0000000000;0,0000000000;0,0000000000;0,0000000000;0,0000000000;0,0000000000;1;0, 0, 0, 0, 0, 0, 0, 0;0, 0, 0, 0, 0, 0, 0, 0, 0, 0, 0, 0, 0, 0, 0, 0, 0, 0, 0, 0, 0, 0, 0, 0, 0;Europe/Paris;NA
2023-01-25T09:00:00Z;-1;9000003703;hourly;0,8808333333;2,2705771050;21,5704824976;2,2705771050;1,1352885525;1,1352885525;1,1352885525;10,2175969726;11,3528855251;1,1352885525;1,1352885525;0,0000000000;1,1352885525;1;0, 0, 15.7894736842, 52.6315789474, 31.5789473684, 0, 0, 0;0, 0, 0, 0, 0, 15.7894736842, 26.3157894737, 26.3157894737, 26.3157894737, 5.2631578947, 0, 0, 0, 0, 0, 0, 0, 0, 0, 0, 0, 0, 0, 0, 0;Europe/Paris;40,5
2023-01-25T10:00:00Z;-1;9000003703;hourly;0,8019444444;6,2348458608;61,1014894354;1,2469691722;9,9757533772;1,2469691722;4,9878766886;24,9393834430;36,1621059924;0,0000000000;1,2469691722;2,4939383443;7,4818150329;1;2.0408163265, 2.0408163265, 24.4897959184, 57.1428571429, 6.1224489796, 6.1224489796, 2.0408163265, 0;2.0408163265, 0, 0, 2.0408163265, 10.2040816327, 14.2857142857, 28.5714285714, 28.5714285714, 4.0816326531, 2.0408163265, 6.1224489796, 0, 2.0408163265, 0, 0, 0, 0, 0, 0, 0, 0, 0, 0, 0, 0;Europe/Paris;37,5
2023-01-25T11:00:00Z;-1;9000003703;hourly;0,8075000000;12,3839009288;75,5417956656;18,5758513932;50,7739938080;8,6687306502;3,7151702786;23,5294117647;52,0123839009;3,7151702786;14,8606811146;9,9071207430;40,8668730650;1;0, 3.2786885246, 32.7868852459, 44.262295082, 19.6721311475, 0, 0, 0;0, 0, 0, 3.2786885246, 13.1147540984, 19.6721311475, 21.3114754098, 22.9508196721, 13.1147540984, 6.5573770492, 0, 0, 0, 0, 0, 0, 0, 0, 0, 0, 0, 0, 0, 0, 0;Europe/Paris;39,5
2023-01-25T12:00:00Z;-1;9000003703;hourly;0,8030555556;7,4714631615;87,1670702179;1,2452438603;4,9809754410;2,4904877205;4,9809754410;37,3573158077;49,8097544102;0,0000000000;1,2452438603;2,4904877205;2,4904877205;1;2.8571428571, 4.2857142857, 21.4285714286, 50, 18.5714285714, 2.8571428571, 0, 0;2.8571428571, 0, 0, 4.2857142857, 5.7142857143, 15.7142857143, 20, 30, 12.8571428571, 5.7142857143, 2.8571428571, 0, 0, 0, 0, 0, 0, 0, 0, 0, 0, 0, 0, 0, 0;Europe/Paris;40,0
2023-01-25T13:00:00Z;-1;9000003703;hourly;0,8019444444;12,4696917215;92,2757187392;3,7409075165;2,4939383443;6,2348458608;6,2348458608;41,1499826810;51,1257360582;1,2469691722;2,4939383443;1,2469691722;1,2469691722;1;0, 1.3513513514, 37.8378378378, 43.2432432432, 17.5675675676, 0, 0, 0;0, 0, 0, 1.3513513514, 13.5135135135, 24.3243243243, 22.972972973, 20.2702702703, 9.4594594595, 8.1081081081, 0, 0, 0, 0, 0, 0, 0, 0, 0, 0, 0, 0, 0, 0, 0;Europe/Paris;39,0
2023-01-25T14:00:00Z;-1;9000003703;hourly;0,8072222222;4,9552649690;107,7770130764;0,0000000000;13,6269786648;1,2388162423;3,7164487268;47,0750172058;60,7019958706;0,0000000000;0,0000000000;8,6717136958;4,9552649690;1;1.1494252874, 4.5977011494, 27.5862068966, 56.3218390805, 10.3448275862, 0, 0, 0;1.1494252874, 0, 0, 4.5977011494, 10.3448275862, 17.2413793103, 31.0344827586, 25.2873563218, 6.8965517241, 3.4482758621, 0, 0, 0, 0, 0, 0, 0, 0, 0, 0, 0, 0, 0, 0, 0;Europe/Paris;36,5
2023-01-25T15:00:00Z;-1;9000003703;hourly;0,8069444444;8,6746987952;128,8812392427;1,2392426850;17,3493975904;2,4784853701;6,1962134251;59,4836488812;69,3975903614;1,2392426850;0,0000000000;7,4354561102;9,9139414802;1;1.9230769231, 5.7692307692, 36.5384615385, 38.4615384615, 13.4615384615, 2.8846153846, 0, 0.9615384615;1.9230769231, 0, 0.9615384615, 4.8076923077, 15.3846153846, 21.1538461538, 18.2692307692, 20.1923076923, 7.6923076923, 5.7692307692, 2.8846153846, 0, 0, 0, 0, 0, 0, 0, 0.9615384615, 0, 0, 0, 0, 0, 0;Europe/Paris;39,0
2023-01-25T16:00:00Z;-1;9000003703;hourly;0,6327777778;12,6426690079;197,5417032485;7,9016681299;9,4820017559;9,4820017559;3,1606672520;77,4363476734;120,1053555751;4,7410008780;3,1606672520;6,3213345040;3,1606672520;1;1.6, 4.8, 32, 51.2, 9.6, 0.8, 0, 0;0.8, 0.8, 0, 4.8, 10.4, 21.6, 36.8, 14.4, 7.2, 2.4, 0.8, 0, 0, 0, 0, 0, 0, 0, 0, 0, 0, 0, 0, 0, 0;Europe/Paris;36,0
2023-01-25T17:00:00Z;-1;9000003703;hourly;0,0000000000;0,0000000000;0,0000000000;0,0000000000;0,0000000000;0,0000000000;0,0000000000;0,0000000000;0,0000000000;0,0000000000;0,0000000000;0,0000000000;0,0000000000;1;0, 0, 0, 0, 0, 0, 0, 0;0, 0, 0, 0, 0, 0, 0, 0, 0, 0, 0, 0, 0, 0, 0, 0, 0, 0, 0, 0, 0, 0, 0, 0, 0;Europe/Paris;NA
2023-01-25T18:00:00Z;-1;9000003703;hourly;0,0000000000;0,0000000000;0,0000000000;0,0000000000;0,0000000000;0,0000000000;0,0000000000;0,0000000000;0,0000000000;0,0000000000;0,0000000000;0,0000000000;0,0000000000;1;0, 0, 0, 0, 0, 0, 0, 0;0, 0, 0, 0, 0, 0, 0, 0, 0, 0, 0, 0, 0, 0, 0, 0, 0, 0, 0, 0, 0, 0, 0, 0, 0;Europe/Paris;NA
2023-01-26T07:00:00Z;-1;9000003703;hourly;0,1263888889;39,5604395604;55,3846153846;0,0000000000;0,0000000000;15,8241758242;23,7362637363;47,4725274725;7,9120879121;0,0000000000;0,0000000000;0,0000000000;0,0000000000;1;0, 0, 57.1428571429, 42.8571428571, 0, 0, 0, 0;0, 0, 0, 0, 0, 57.1428571429, 42.8571428571, 0, 0, 0, 0, 0, 0, 0, 0, 0, 0, 0, 0, 0, 0, 0, 0, 0, 0;Europe/Paris;30,5
2023-01-26T08:00:00Z;-1;9000003703;hourly;0,4672222222;4,2806183115;19,2627824019;6,4209274673;10,7015457788;2,1403091558;2,1403091558;8,5612366231;10,7015457788;2,1403091558;4,2806183115;2,1403091558;8,5612366231;1;0, 0, 44.4444444444, 33.3333333333, 11.1111111111, 11.1111111111, 0, 0;0, 0, 0, 0, 11.1111111111, 33.3333333333, 22.2222222222, 11.1111111111, 11.1111111111, 0, 11.1111111111, 0, 0, 0, 0, 0, 0, 0, 0, 0, 0, 0, 0, 0, 0;Europe/Paris;40,5
2023-01-26T09:00:00Z;-1;9000003703;hourly;0,7680555556;0,0000000000;1,3019891501;10,4159132007;46,8716094033;0,0000000000;0,0000000000;1,3019891501;0,0000000000;7,8119349005;2,6039783002;31,2477396022;15,6238698011;1;0, 0, 0, 100, 0, 0, 0, 0;0, 0, 0, 0, 0, 0, 100, 0, 0, 0, 0, 0, 0, 0, 0, 0, 0, 0, 0, 0, 0, 0, 0, 0, 0;Europe/Paris;31,5
2023-01-26T10:00:00Z;-1;9000003703;hourly;0,7633333333;0,0000000000;0,0000000000;7,8602620087;22,2707423581;0,0000000000;0,0000000000;0,0000000000;0,0000000000;2,6200873362;5,2401746725;11,7903930131;10,4803493450;1;0, 0, 0, 0, 0, 0, 0, 0;0, 0, 0, 0, 0, 0, 0, 0, 0, 0, 0, 0, 0, 0, 0, 0, 0, 0, 0, 0, 0, 0, 0, 0, 0;Europe/Paris;NA
2023-01-26T11:00:00Z;-1;9000003703;hourly;0,7825000000;5,1118210863;23,0031948882;0,0000000000;10,2236421725;2,5559105431;2,5559105431;7,6677316294;15,3354632588;0,0000000000;0,0000000000;5,1118210863;5,1118210863;1;0, 0, 16.6666666667, 50, 27.7777777778, 5.5555555556, 0, 0;0, 0, 0, 0, 5.5555555556, 11.1111111111, 33.3333333333, 16.6666666667, 16.6666666667, 11.1111111111, 0, 5.5555555556, 0, 0, 0, 0, 0, 0, 0, 0, 0, 0, 0, 0, 0;Europe/Paris;43,5
2023-01-26T12:00:00Z;-1;9000003703;hourly;0,8038888889;6,2197650311;57,2218382861;2,4879060124;3,7318590187;2,4879060124;3,7318590187;31,0988251555;26,1230131306;1,2439530062;1,2439530062;1,2439530062;2,4879060124;1;0, 2.1739130435, 26.0869565217, 56.5217391304, 15.2173913043, 0, 0, 0;0, 0, 2.1739130435, 0, 8.6956521739, 17.3913043478, 23.9130434783, 32.6086956522, 10.8695652174, 4.347826087, 0, 0, 0, 0, 0, 0, 0, 0, 0, 0, 0, 0, 0, 0, 0;Europe/Paris;37,5
2023-01-26T13:00:00Z;-1;9000003703;hourly;0,7955555556;2,5139664804;40,2234636872;1,2569832402;8,7988826816;0,0000000000;2,5139664804;12,5698324022;27,6536312849;1,2569832402;0,0000000000;3,7709497207;5,0279329609;1;0, 9.375, 28.125, 40.625, 18.75, 3.125, 0, 0;0, 0, 6.25, 3.125, 9.375, 18.75, 28.125, 12.5, 12.5, 6.25, 3.125, 0, 0, 0, 0, 0, 0, 0, 0, 0, 0, 0, 0, 0, 0;Europe/Paris;40,0
2023-01-26T14:00:00Z;-1;9000003703;hourly;0,8061111111;6,2026188835;44,6588559614;18,6078566506;11,1647139904;4,9620951068;1,2405237767;23,5699517574;21,0889042040;2,4810475534;16,1268090972;2,4810475534;8,6836664369;1;0, 5.5555555556, 44.4444444444, 44.4444444444, 5.5555555556, 0, 0, 0;0, 0, 5.5555555556, 0, 8.3333333333, 36.1111111111, 30.5555555556, 13.8888888889, 2.7777777778, 2.7777777778, 0, 0, 0, 0, 0, 0, 0, 0, 0, 0, 0, 0, 0, 0, 0;Europe/Paris;34,0
2023-01-26T15:00:00Z;-1;9000003703;hourly;0,7855555556;10,1838755304;86,5629420085;39,4625176803;53,4653465347;1,2729844413;8,9108910891;30,5516265912;56,0113154173;16,5487977369;22,9137199434;19,0947666195;34,3705799151;1;1.4705882353, 7.3529411765, 41.1764705882, 39.7058823529, 10.2941176471, 0, 0, 0;1.4705882353, 0, 0, 7.3529411765, 13.2352941176, 27.9411764706, 26.4705882353, 13.2352941176, 7.3529411765, 2.9411764706, 0, 0, 0, 0, 0, 0, 0, 0, 0, 0, 0, 0, 0, 0, 0;Europe/Paris;35,5
2023-01-26T16:00:00Z;-1;9000003703;hourly;0,7208333333;11,0982658960;141,5028901734;9,7109826590;24,9710982659;9,7109826590;1,3872832370;56,8786127168;84,6242774566;4,1618497110;5,5491329480;9,7109826590;15,2601156069;1;4.9019607843, 3.9215686275, 27.4509803922, 47.0588235294, 15.6862745098, 0.9803921569, 0, 0;4.9019607843, 0, 0, 3.9215686275, 6.862745098, 20.5882352941, 28.431372549, 18.6274509804, 12.7450980392, 2.9411764706, 0.9803921569, 0, 0, 0, 0, 0, 0, 0, 0, 0, 0, 0, 0, 0, 0;Europe/Paris;38,0
2023-01-26T17:00:00Z;-1;9000003703;hourly;0,0000000000;0,0000000000;0,0000000000;0,0000000000;0,0000000000;0,0000000000;0,0000000000;0,0000000000;0,0000000000;0,0000000000;0,0000000000;0,0000000000;0,0000000000;1;0, 0, 0, 0, 0, 0, 0, 0;0, 0, 0, 0, 0, 0, 0, 0, 0, 0, 0, 0, 0, 0, 0, 0, 0, 0, 0, 0, 0, 0, 0, 0, 0;Europe/Paris;NA
2023-01-26T18:00:00Z;-1;9000003703;hourly;0,0000000000;0,0000000000;0,0000000000;0,0000000000;0,0000000000;0,0000000000;0,0000000000;0,0000000000;0,0000000000;0,0000000000;0,0000000000;0,0000000000;0,0000000000;1;0, 0, 0, 0, 0, 0, 0, 0;0, 0, 0, 0, 0, 0, 0, 0, 0, 0, 0, 0, 0, 0, 0, 0, 0, 0, 0, 0, 0, 0, 0, 0, 0;Europe/Paris;NA
2023-01-26T19:00:00Z;-1;9000003703;hourly;0,0000000000;0,0000000000;0,0000000000;0,0000000000;0,0000000000;0,0000000000;0,0000000000;0,0000000000;0,0000000000;0,0000000000;0,0000000000;0,0000000000;0,0000000000;1;0, 0, 0, 0, 0, 0, 0, 0;0, 0, 0, 0, 0, 0, 0, 0, 0, 0, 0, 0, 0, 0, 0, 0, 0, 0, 0, 0, 0, 0, 0, 0, 0;Europe/Paris;NA
2023-01-27T08:00:00Z;-1;9000003703;hourly;0,5997222222;1,6674386290;43,3534043539;5,0023158870;1,6674386290;0,0000000000;1,6674386290;23,3441408059;20,0092635479;1,6674386290;3,3348772580;1,6674386290;0,0000000000;1;0, 3.8461538462, 15.3846153846, 42.3076923077, 26.9230769231, 7.6923076923, 3.8461538462, 0;0, 0, 3.8461538462, 0, 7.6923076923, 7.6923076923, 19.2307692308, 23.0769230769, 7.6923076923, 19.2307692308, 3.8461538462, 3.8461538462, 0, 3.8461538462, 0, 0, 0, 0, 0, 0, 0, 0, 0, 0, 0;Europe/Paris;46,5
2023-01-27T09:00:00Z;-1;9000003703;hourly;0,7736111111;2,5852782765;27,1454219031;9,0484739677;3,8779174147;1,2926391382;1,2926391382;15,5116696589;11,6337522442;1,2926391382;7,7558348294;1,2926391382;2,5852782765;1;0, 0, 28.5714285714, 61.9047619048, 9.5238095238, 0, 0, 0;0, 0, 0, 0, 19.0476190476, 9.5238095238, 38.0952380952, 23.8095238095, 4.7619047619, 4.7619047619, 0, 0, 0, 0, 0, 0, 0, 0, 0, 0, 0, 0, 0, 0, 0;Europe/Paris;36,5
2023-01-27T10:00:00Z;-1;9000003703;hourly;0,7783333333;5,1391862955;41,1134903640;2,5695931478;6,4239828694;3,8543897216;1,2847965739;23,1263383298;17,9871520343;1,2847965739;1,2847965739;5,1391862955;1,2847965739;1;0, 18.75, 34.375, 34.375, 9.375, 0, 0, 3.125;0, 0, 3.125, 15.625, 9.375, 25, 28.125, 6.25, 6.25, 3.125, 0, 0, 0, 0, 0, 0, 0, 0, 0, 0, 0, 0, 0, 0, 3.125;Europe/Paris;35,5
2023-01-27T11:00:00Z;-1;9000003703;hourly;0,7794444444;2,5659301497;64,1482537420;5,1318602994;2,5659301497;0,0000000000;2,5659301497;8,9807555239;55,1674982181;0,0000000000;5,1318602994;1,2829650748;1,2829650748;1;4, 2, 16, 54, 18, 6, 0, 0;2, 2, 2, 0, 0, 16, 26, 28, 14, 4, 6, 0, 0, 0, 0, 0, 0, 0, 0, 0, 0, 0, 0, 0, 0;Europe/Paris;40,5
2023-01-27T12:00:00Z;-1;9000003703;hourly;0,7677777778;9,1172214182;39,0738060781;11,7221418234;7,8147612156;6,5123010130;2,6049204052;16,9319826339;22,1418234443;10,4196816208;1,3024602026;5,2098408104;2,6049204052;1;6.6666666667, 13.3333333333, 23.3333333333, 43.3333333333, 10, 3.3333333333, 0, 0;3.3333333333, 3.3333333333, 6.6666666667, 6.6666666667, 10, 13.3333333333, 26.6666666667, 16.6666666667, 6.6666666667, 3.3333333333, 3.3333333333, 0, 0, 0, 0, 0, 0, 0, 0, 0, 0, 0, 0, 0, 0;Europe/Paris;37,0
2023-01-27T13:00:00Z;-1;9000003703;hourly;0,7694444444;3,8989169675;40,2888086643;9,0974729242;5,1985559567;1,2996389892;2,5992779783;15,5956678700;24,6931407942;3,8989169675;5,1985559567;2,5992779783;2,5992779783;1;0, 0, 22.5806451613, 54.8387096774, 19.3548387097, 0, 0, 3.2258064516;0, 0, 0, 0, 6.4516129032, 16.1290322581, 38.7096774194, 16.1290322581, 19.3548387097, 0, 0, 0, 0, 0, 0, 0, 0, 3.2258064516, 0, 0, 0, 0, 0, 0, 0;Europe/Paris;39,5
2023-01-27T14:00:00Z;-1;9000003703;hourly;0,7927777778;11,3524877365;46,6713384723;3,7841625788;5,0455501051;8,8297126840;2,5227750526;18,9208128942;27,7505255781;1,2613875263;2,5227750526;1,2613875263;3,7841625788;1;5.4054054054, 2.7027027027, 27.027027027, 45.9459459459, 18.9189189189, 0, 0, 0;0, 5.4054054054, 2.7027027027, 0, 13.5135135135, 13.5135135135, 24.3243243243, 21.6216216216, 16.2162162162, 2.7027027027, 0, 0, 0, 0, 0, 0, 0, 0, 0, 0, 0, 0, 0, 0, 0;Europe/Paris;38,5
2023-01-27T15:00:00Z;-1;9000003703;hourly;0,7847222222;15,2920353982;90,4778761062;34,4070796460;53,5221238938;8,9203539823;6,3716814159;33,1327433628;57,3451327434;5,0973451327;29,3097345133;17,8407079646;35,6814159292;1;11.2676056338, 15.4929577465, 36.6197183099, 29.5774647887, 5.6338028169, 1.4084507042, 0, 0;7.0422535211, 4.2253521127, 2.8169014085, 12.676056338, 19.7183098592, 16.9014084507, 18.3098591549, 11.2676056338, 5.6338028169, 0, 1.4084507042, 0, 0, 0, 0, 0, 0, 0, 0, 0, 0, 0, 0, 0, 0;Europe/Paris;34,0
2023-01-27T16:00:00Z;-1;9000003703;hourly;0,7905555556;21,5038650738;136,6127898805;22,7687983134;18,9739985945;17,7090653549;3,7947997189;43,0077301476;93,6050597330;10,1194659171;12,6493323963;8,8545326774;10,1194659171;1;0, 3.7037037037, 28.7037037037, 51.8518518519, 14.8148148148, 0.9259259259, 0, 0;0, 0, 2.7777777778, 0.9259259259, 8.3333333333, 20.3703703704, 33.3333333333, 18.5185185185, 10.1851851852, 4.6296296296, 0, 0.9259259259, 0, 0, 0, 0, 0, 0, 0, 0, 0, 0, 0, 0, 0;Europe/Paris;38,0
2023-01-27T17:00:00Z;-1;9000003703;hourly;0,0711111111;42,1875000000;196,8750000000;14,0625000000;0,0000000000;42,1875000000;0,0000000000;70,3125000000;126,5625000000;14,0625000000;0,0000000000;0,0000000000;0,0000000000;1;0, 0, 42.8571428571, 50, 7.1428571429, 0, 0, 0;0, 0, 0, 0, 7.1428571429, 35.7142857143, 50, 0, 7.1428571429, 0, 0, 0, 0, 0, 0, 0, 0, 0, 0, 0, 0, 0, 0, 0, 0;Europe/Paris;31,5
2023-01-27T18:00:00Z;-1;9000003703;hourly;0,0000000000;0,0000000000;0,0000000000;0,0000000000;0,0000000000;0,0000000000;0,0000000000;0,0000000000;0,0000000000;0,0000000000;0,0000000000;0,0000000000;0,0000000000;1;0, 0, 0, 0, 0, 0, 0, 0;0, 0, 0, 0, 0, 0, 0, 0, 0, 0, 0, 0, 0, 0, 0, 0, 0, 0, 0, 0, 0, 0, 0, 0, 0;Europe/Paris;NA
2023-01-27T19:00:00Z;-1;9000003703;hourly;0,0000000000;0,0000000000;0,0000000000;0,0000000000;0,0000000000;0,0000000000;0,0000000000;0,0000000000;0,0000000000;0,0000000000;0,0000000000;0,0000000000;0,0000000000;1;0, 0, 0, 0, 0, 0, 0, 0;0, 0, 0, 0, 0, 0, 0, 0, 0, 0, 0, 0, 0, 0, 0, 0, 0, 0, 0, 0, 0, 0, 0, 0, 0;Europe/Paris;NA
2023-01-28T12:00:00Z;-1;9000003703;hourly;0,8377777778;3,5809018568;65,6498673740;2,3872679045;2,3872679045;0,0000000000;3,5809018568;19,0981432361;46,5517241379;0,0000000000;2,3872679045;1,1936339523;1,1936339523;1;5.4545454545, 3.6363636364, 23.6363636364, 40, 18.1818181818, 3.6363636364, 1.8181818182, 3.6363636364;5.4545454545, 0, 0, 3.6363636364, 9.0909090909, 14.5454545455, 23.6363636364, 16.3636363636, 10.9090909091, 7.2727272727, 1.8181818182, 1.8181818182, 1.8181818182, 0, 0, 0, 0, 0, 0, 0, 0, 0, 0, 0, 3.6363636364;Europe/Paris;43,5
2023-01-28T13:00:00Z;-1;9000003703;hourly;0,7938888889;5,0384884535;79,3561931421;8,8173547936;3,7788663401;2,5192442267;2,5192442267;23,9328201540;55,4233729881;3,7788663401;5,0384884535;1,2596221134;2,5192442267;1;0, 6.3492063492, 30.1587301587, 42.8571428571, 17.4603174603, 3.1746031746, 0, 0;0, 0, 0, 6.3492063492, 14.2857142857, 15.873015873, 19.0476190476, 23.8095238095, 15.873015873, 1.5873015873, 0, 3.1746031746, 0, 0, 0, 0, 0, 0, 0, 0, 0, 0, 0, 0, 0;Europe/Paris;39,5
2023-01-28T14:00:00Z;-1;9000003703;hourly;0,7986111111;5,0086956522;86,4000000000;1,2521739130;10,0173913043;2,5043478261;2,5043478261;46,3304347826;40,0695652174;1,2521739130;0,0000000000;5,0086956522;5,0086956522;1;0, 10.1449275362, 34.7826086957, 39.1304347826, 14.4927536232, 1.4492753623, 0, 0;0, 0, 1.4492753623, 8.6956521739, 13.0434782609, 21.7391304348, 26.0869565217, 13.0434782609, 7.2463768116, 7.2463768116, 0, 1.4492753623, 0, 0, 0, 0, 0, 0, 0, 0, 0, 0, 0, 0, 0;Europe/Paris;38,0
2023-01-28T15:00:00Z;-1;9000003703;hourly;0,8069444444;2,4784853701;97,9001721170;1,2392426850;6,1962134251;1,2392426850;1,2392426850;37,1772805508;60,7228915663;1,2392426850;0,0000000000;3,7177280551;2,4784853701;1;1.2658227848, 6.3291139241, 34.1772151899, 40.5063291139, 13.9240506329, 3.7974683544, 0, 0;1.2658227848, 0, 1.2658227848, 5.0632911392, 16.4556962025, 17.7215189873, 24.0506329114, 16.4556962025, 11.3924050633, 2.5316455696, 2.5316455696, 1.2658227848, 0, 0, 0, 0, 0, 0, 0, 0, 0, 0, 0, 0, 0;Europe/Paris;38,5
2023-01-28T16:00:00Z;-1;9000003703;hourly;0,6961111111;1,4365522745;123,5434956105;5,7462090982;11,4924181963;0,0000000000;1,4365522745;66,0814046289;57,4620909816;1,4365522745;4,3096568236;7,1827613727;4,3096568236;1;2.3255813953, 2.3255813953, 36.0465116279, 46.511627907, 10.4651162791, 1.1627906977, 0, 1.1627906977;2.3255813953, 0, 1.1627906977, 1.1627906977, 8.1395348837, 27.9069767442, 22.0930232558, 24.4186046512, 9.3023255814, 1.1627906977, 1.1627906977, 0, 0, 0, 0, 0, 0, 0, 0, 0, 0, 0, 0, 0, 1.1627906977;Europe/Paris;37,0
2023-01-28T17:00:00Z;-1;9000003703;hourly;0,0000000000;0,0000000000;0,0000000000;0,0000000000;0,0000000000;0,0000000000;0,0000000000;0,0000000000;0,0000000000;0,0000000000;0,0000000000;0,0000000000;0,0000000000;1;0, 0, 0, 0, 0, 0, 0, 0;0, 0, 0, 0, 0, 0, 0, 0, 0, 0, 0, 0, 0, 0, 0, 0, 0, 0, 0, 0, 0, 0, 0, 0, 0;Europe/Paris;NA
2023-01-28T18:00:00Z;-1;9000003703;hourly;0,0000000000;0,0000000000;0,0000000000;0,0000000000;0,0000000000;0,0000000000;0,0000000000;0,0000000000;0,0000000000;0,0000000000;0,0000000000;0,0000000000;0,0000000000;1;0, 0, 0, 0, 0, 0, 0, 0;0, 0, 0, 0, 0, 0, 0, 0, 0, 0, 0, 0, 0, 0, 0, 0, 0, 0, 0, 0, 0, 0, 0, 0, 0;Europe/Paris;NA
2023-01-29T09:00:00Z;-1;9000003703;hourly;0,8655555556;1,1553273427;33,5044929397;3,4659820282;13,8639281130;0,0000000000;1,1553273427;9,2426187420;24,2618741977;2,3106546855;1,1553273427;5,7766367137;8,0872913992;1;0, 0, 24.1379310345, 55.1724137931, 20.6896551724, 0, 0, 0;0, 0, 0, 0, 6.8965517241, 17.2413793103, 24.1379310345, 31.0344827586, 13.7931034483, 6.8965517241, 0, 0, 0, 0, 0, 0, 0, 0, 0, 0, 0, 0, 0, 0, 0;Europe/Paris;39,5
2023-01-29T10:00:00Z;-1;9000003703;hourly;0,8013888889;2,4956672444;69,8786828423;7,4870017331;32,4436741768;1,2478336222;1,2478336222;33,6915077990;36,1871750433;3,7435008666;3,7435008666;14,9740034662;17,4696707106;1;0, 1.7857142857, 51.7857142857, 32.1428571429, 14.2857142857, 0, 0, 0;0, 0, 0, 1.7857142857, 21.4285714286, 30.3571428571, 14.2857142857, 17.8571428571, 10.7142857143, 3.5714285714, 0, 0, 0, 0, 0, 0, 0, 0, 0, 0, 0, 0, 0, 0, 0;Europe/Paris;37,5
2023-01-29T11:00:00Z;-1;9000003703;hourly;0,8050000000;1,2422360248;65,8385093168;6,2111801242;9,9378881988;1,2422360248;0,0000000000;33,5403726708;32,2981366460;1,2422360248;4,9689440994;4,9689440994;4,9689440994;1;3.7735849057, 1.8867924528, 30.1886792453, 49.0566037736, 11.320754717, 3.7735849057, 0, 0;1.8867924528, 1.8867924528, 0, 1.8867924528, 13.2075471698, 16.9811320755, 30.1886792453, 18.8679245283, 9.4339622642, 1.8867924528, 3.7735849057, 0, 0, 0, 0, 0, 0, 0, 0, 0, 0, 0, 0, 0, 0;Europe/Paris;37,5
2023-01-29T12:00:00Z;-1;9000003703;hourly;0,8122222222;0,0000000000;24,6238030096;2,4623803010;0,0000000000;0,0000000000;0,0000000000;7,3871409029;17,2366621067;2,4623803010;0,0000000000;0,0000000000;0,0000000000;1;0, 0, 25, 50, 25, 0, 0, 0;0, 0, 0, 0, 5, 20, 15, 35, 20, 5, 0, 0, 0, 0, 0, 0, 0, 0, 0, 0, 0, 0, 0, 0, 0;Europe/Paris;40,0
2023-01-29T13:00:00Z;-1;9000003703;hourly;0,7988888889;0,0000000000;35,0486787204;0,0000000000;2,5034770515;0,0000000000;0,0000000000;20,0278164117;15,0208623088;0,0000000000;0,0000000000;1,2517385257;1,2517385257;1;0, 3.5714285714, 32.1428571429, 39.2857142857, 17.8571428571, 3.5714285714, 3.5714285714, 0;0, 0, 0, 3.5714285714, 17.8571428571, 14.2857142857, 32.1428571429, 7.1428571429, 14.2857142857, 3.5714285714, 3.5714285714, 0, 3.5714285714, 0, 0, 0, 0, 0, 0, 0, 0, 0, 0, 0, 0;Europe/Paris;41,0
2023-01-29T14:00:00Z;-1;9000003703;hourly;0,8019444444;0,0000000000;41,1499826810;4,9878766886;6,2348458608;0,0000000000;0,0000000000;13,7166608937;27,4333217873;2,4939383443;2,4939383443;2,4939383443;3,7409075165;1;0, 3.0303030303, 24.2424242424, 57.5757575758, 12.1212121212, 3.0303030303, 0, 0;0, 0, 0, 3.0303030303, 12.1212121212, 12.1212121212, 39.3939393939, 18.1818181818, 9.0909090909, 3.0303030303, 3.0303030303, 0, 0, 0, 0, 0, 0, 0, 0, 0, 0, 0, 0, 0, 0;Europe/Paris;37,5
2023-01-29T15:00:00Z;-1;9000003703;hourly;0,8008333333;0,0000000000;37,4609781478;8,7408949011;11,2382934443;0,0000000000;0,0000000000;17,4817898023;19,9791883455;6,2434963580;2,4973985432;9,9895941727;1,2486992716;1;0, 3.3333333333, 33.3333333333, 56.6666666667, 6.6666666667, 0, 0, 0;0, 0, 0, 3.3333333333, 3.3333333333, 30, 16.6666666667, 40, 3.3333333333, 3.3333333333, 0, 0, 0, 0, 0, 0, 0, 0, 0, 0, 0, 0, 0, 0, 0;Europe/Paris;36,5
2023-01-29T16:00:00Z;-1;9000003703;hourly;0,6500000000;0,0000000000;64,6153846154;9,2307692308;13,8461538462;0,0000000000;0,0000000000;40,0000000000;24,6153846154;4,6153846154;4,6153846154;7,6923076923;6,1538461538;1;0, 0, 35.7142857143, 54.7619047619, 9.5238095238, 0, 0, 0;0, 0, 0, 0, 4.7619047619, 30.9523809524, 38.0952380952, 16.6666666667, 2.380952381, 7.1428571429, 0, 0, 0, 0, 0, 0, 0, 0, 0, 0, 0, 0, 0, 0, 0;Europe/Paris;36,0
2023-01-29T17:00:00Z;-1;9000003703;hourly;0,0000000000;0,0000000000;0,0000000000;0,0000000000;0,0000000000;0,0000000000;0,0000000000;0,0000000000;0,0000000000;0,0000000000;0,0000000000;0,0000000000;0,0000000000;1;0, 0, 0, 0, 0, 0, 0, 0;0, 0, 0, 0, 0, 0, 0, 0, 0, 0, 0, 0, 0, 0, 0, 0, 0, 0, 0, 0, 0, 0, 0, 0, 0;Europe/Paris;NA
2023-01-29T18:00:00Z;-1;9000003703;hourly;0,0000000000;0,0000000000;0,0000000000;0,0000000000;0,0000000000;0,0000000000;0,0000000000;0,0000000000;0,0000000000;0,0000000000;0,0000000000;0,0000000000;0,0000000000;1;0, 0, 0, 0, 0, 0, 0, 0;0, 0, 0, 0, 0, 0, 0, 0, 0, 0, 0, 0, 0, 0, 0, 0, 0, 0, 0, 0, 0, 0, 0, 0, 0;Europe/Paris;NA
2023-01-30T10:00:00Z;-1;9000003703;hourly;0,3650000000;19,1780821918;5,4794520548;0,0000000000;2,7397260274;5,4794520548;13,6986301370;5,4794520548;0,0000000000;0,0000000000;0,0000000000;2,7397260274;0,0000000000;1;0, 0, 50, 50, 0, 0, 0, 0;0, 0, 0, 0, 50, 0, 50, 0, 0, 0, 0, 0, 0, 0, 0, 0, 0, 0, 0, 0, 0, 0, 0, 0, 0;Europe/Paris;31,0
2023-01-30T11:00:00Z;-1;9000003703;hourly;0,7986111111;20,0347826087;25,0434782609;0,0000000000;6,2608695652;12,5217391304;7,5130434783;8,7652173913;16,2782608696;0,0000000000;0,0000000000;1,2521739130;5,0086956522;1;0, 0, 15, 35, 45, 5, 0, 0;0, 0, 0, 0, 0, 15, 15, 20, 25, 20, 5, 0, 0, 0, 0, 0, 0, 0, 0, 0, 0, 0, 0, 0, 0;Europe/Paris;45,0
2023-01-30T12:00:00Z;-1;9000003703;hourly;0,8033333333;26,1410788382;38,5892116183;1,2448132780;4,9792531120;14,9377593361;11,2033195021;13,6929460581;24,8962655602;1,2448132780;0,0000000000;4,9792531120;0,0000000000;1;0, 3.2258064516, 6.4516129032, 61.2903225806, 29.0322580645, 0, 0, 0;0, 0, 0, 3.2258064516, 0, 6.4516129032, 32.2580645161, 29.0322580645, 12.9032258065, 16.1290322581, 0, 0, 0, 0, 0, 0, 0, 0, 0, 0, 0, 0, 0, 0, 0;Europe/Paris;43,0
2023-01-30T13:00:00Z;-1;9000003703;hourly;0,8011111111;7,4895977809;36,1997226075;6,2413314840;18,7239944521;4,9930651872;2,4965325936;17,4757281553;18,7239944521;2,4965325936;3,7447988904;8,7378640777;9,9861303745;1;3.4482758621, 3.4482758621, 31.0344827586, 48.275862069, 10.3448275862, 3.4482758621, 0, 0;3.4482758621, 0, 0, 3.4482758621, 6.8965517241, 24.1379310345, 13.7931034483, 34.4827586207, 10.3448275862, 0, 3.4482758621, 0, 0, 0, 0, 0, 0, 0, 0, 0, 0, 0, 0, 0, 0;Europe/Paris;37,5
2023-01-30T14:00:00Z;-1;9000003703;hourly;0,7925000000;15,1419558360;20,1892744479;6,3091482650;18,9274447950;6,3091482650;8,8328075710;7,5709779180;12,6182965300;5,0473186120;1,2618296530;15,1419558360;3,7854889590;1;0, 0, 31.25, 31.25, 37.5, 0, 0, 0;0, 0, 0, 0, 6.25, 25, 18.75, 12.5, 25, 12.5, 0, 0, 0, 0, 0, 0, 0, 0, 0, 0, 0, 0, 0, 0, 0;Europe/Paris;42,0
2023-01-30T15:00:00Z;-1;9000003703;hourly;0,7891666667;43,0834213305;59,5564941922;15,2059134108;58,2893347413;25,3431890180;17,7402323126;16,4730728617;43,0834213305;5,0686378036;10,1372756072;13,9387539599;44,3505807814;1;0, 8.5106382979, 29.7872340426, 42.5531914894, 19.1489361702, 0, 0, 0;0, 0, 0, 8.5106382979, 14.8936170213, 14.8936170213, 34.0425531915, 8.5106382979, 12.7659574468, 6.3829787234, 0, 0, 0, 0, 0, 0, 0, 0, 0, 0, 0, 0, 0, 0, 0;Europe/Paris;39,0
2023-01-30T16:00:00Z;-1;9000003703;hourly;0,6313888889;50,6819181698;106,1152661681;22,1733391993;26,9247690277;36,4276286846;14,2542894853;28,5085789705;77,6066871975;11,0866695996;11,0866695996;17,4219093709;9,5028596568;1;7.4626865672, 2.9850746269, 28.3582089552, 44.776119403, 13.4328358209, 2.9850746269, 0, 0;7.4626865672, 0, 0, 2.9850746269, 7.4626865672, 20.8955223881, 29.8507462687, 14.9253731343, 11.9402985075, 1.4925373134, 1.4925373134, 1.4925373134, 0, 0, 0, 0, 0, 0, 0, 0, 0, 0, 0, 0, 0;Europe/Paris;38,0
2023-01-30T17:00:00Z;-1;9000003703;hourly;0,0225000000;0,0000000000;88,8888888889;0,0000000000;0,0000000000;0,0000000000;0,0000000000;0,0000000000;88,8888888889;0,0000000000;0,0000000000;0,0000000000;0,0000000000;1;0, 0, 0, 0, 100, 0, 0, 0;0, 0, 0, 0, 0, 0, 0, 0, 100, 0, 0, 0, 0, 0, 0, 0, 0, 0, 0, 0, 0, 0, 0, 0, 0;Europe/Paris;41,5
2023-01-30T18:00:00Z;-1;9000003703;hourly;0,0000000000;0,0000000000;0,0000000000;0,0000000000;0,0000000000;0,0000000000;0,0000000000;0,0000000000;0,0000000000;0,0000000000;0,0000000000;0,0000000000;0,0000000000;1;0, 0, 0, 0, 0, 0, 0, 0;0, 0, 0, 0, 0, 0, 0, 0, 0, 0, 0, 0, 0, 0, 0, 0, 0, 0, 0, 0, 0, 0, 0, 0, 0;Europe/Paris;NA
2023-01-31T09:00:00Z;-1;9000003703;hourly;0,8783333333;4,5540796964;13,6622390892;0,0000000000;1,1385199241;2,2770398482;2,2770398482;10,2466793169;3,4155597723;0,0000000000;0,0000000000;0,0000000000;1,1385199241;1;0, 0, 33.3333333333, 58.3333333333, 8.3333333333, 0, 0, 0;0, 0, 0, 0, 8.3333333333, 25, 41.6666666667, 16.6666666667, 8.3333333333, 0, 0, 0, 0, 0, 0, 0, 0, 0, 0, 0, 0, 0, 0, 0, 0;Europe/Paris;35,5
2023-01-31T10:00:00Z;-1;9000003703;hourly;0,7722222222;10,3597122302;33,6690647482;6,4748201439;7,7697841727;3,8848920863;6,4748201439;10,3597122302;23,3093525180;6,4748201439;0,0000000000;3,8848920863;3,8848920863;1;0, 0, 23.0769230769, 65.3846153846, 11.5384615385, 0, 0, 0;0, 0, 0, 0, 11.5384615385, 11.5384615385, 42.3076923077, 23.0769230769, 7.6923076923, 3.8461538462, 0, 0, 0, 0, 0, 0, 0, 0, 0, 0, 0, 0, 0, 0, 0;Europe/Paris;37,0
2023-01-31T11:00:00Z;-1;9000003703;hourly;0,7755555556;11,6045845272;52,8653295129;10,3151862464;6,4469914040;5,1575931232;6,4469914040;10,3151862464;42,5501432665;5,1575931232;5,1575931232;1,2893982808;5,1575931232;1;0, 2.4390243902, 26.8292682927, 51.2195121951, 17.0731707317, 2.4390243902, 0, 0;0, 0, 0, 2.4390243902, 7.3170731707, 19.512195122, 34.1463414634, 17.0731707317, 12.1951219512, 4.8780487805, 2.4390243902, 0, 0, 0, 0, 0, 0, 0, 0, 0, 0, 0, 0, 0, 0;Europe/Paris;39,5
2023-01-31T12:00:00Z;-1;9000003703;hourly;0,7852777778;6,3671736823;40,7499115670;7,6406084188;3,8203042094;5,0937389459;1,2734347365;22,9218252565;17,8280863106;6,3671736823;1,2734347365;2,5468694729;1,2734347365;1;3.125, 21.875, 46.875, 25, 3.125, 0, 0, 0;3.125, 0, 6.25, 15.625, 25, 21.875, 21.875, 3.125, 3.125, 0, 0, 0, 0, 0, 0, 0, 0, 0, 0, 0, 0, 0, 0, 0, 0;Europe/Paris;30,5
2023-01-31T13:00:00Z;-1;9000003703;hourly;0,7761111111;5,1539012169;45,0966356478;23,1925554760;3,8654259127;3,8654259127;1,2884753042;18,0386542591;27,0579813887;11,5962777380;11,5962777380;2,5769506084;1,2884753042;1;17.1428571429, 2.8571428571, 40, 34.2857142857, 2.8571428571, 0, 2.8571428571, 0;14.2857142857, 2.8571428571, 0, 2.8571428571, 20, 20, 25.7142857143, 8.5714285714, 0, 2.8571428571, 0, 0, 0, 2.8571428571, 0, 0, 0, 0, 0, 0, 0, 0, 0, 0, 0;Europe/Paris;32,5
2023-01-31T14:00:00Z;-1;9000003703;hourly;0,8091666667;3,7075180227;51,9052523172;8,6508753862;17,3017507724;0,0000000000;3,7075180227;17,3017507724;34,6035015448;4,9433573635;3,7075180227;4,9433573635;12,3583934089;1;0, 0, 23.8095238095, 57.1428571429, 16.6666666667, 2.380952381, 0, 0;0, 0, 0, 0, 2.380952381, 21.4285714286, 23.8095238095, 33.3333333333, 14.2857142857, 2.380952381, 2.380952381, 0, 0, 0, 0, 0, 0, 0, 0, 0, 0, 0, 0, 0, 0;Europe/Paris;39,0
2023-01-31T15:00:00Z;-1;9000003703;hourly;0,7975000000;10,0313479624;90,2821316614;18,8087774295;55,1724137931;3,7617554859;6,2695924765;33,8557993730;56,4263322884;2,5078369906;16,3009404389;18,8087774295;36,3636363636;1;1.3888888889, 1.3888888889, 50, 33.3333333333, 12.5, 1.3888888889, 0, 0;0, 1.3888888889, 0, 1.3888888889, 16.6666666667, 33.3333333333, 20.8333333333, 12.5, 9.7222222222, 2.7777777778, 1.3888888889, 0, 0, 0, 0, 0, 0, 0, 0, 0, 0, 0, 0, 0, 0;Europe/Paris;37,0
2023-01-31T16:00:00Z;-1;9000003703;hourly;0,5422222222;27,6639344262;145,6967213115;11,0655737705;16,5983606557;16,5983606557;11,0655737705;62,7049180328;82,9918032787;5,5327868852;5,5327868852;11,0655737705;5,5327868852;1;2.5316455696, 2.5316455696, 37.9746835443, 43.0379746835, 12.6582278481, 0, 0, 1.2658227848;2.5316455696, 0, 0, 2.5316455696, 11.3924050633, 26.582278481, 27.8481012658, 15.1898734177, 10.1265822785, 2.5316455696, 0, 0, 0, 0, 1.2658227848, 0, 0, 0, 0, 0, 0, 0, 0, 0, 0;Europe/Paris;37,0
2023-01-31T17:00:00Z;-1;9000003703;hourly;0,0000000000;0,0000000000;0,0000000000;0,0000000000;0,0000000000;0,0000000000;0,0000000000;0,0000000000;0,0000000000;0,0000000000;0,0000000000;0,0000000000;0,0000000000;1;0, 0, 0, 0, 0, 0, 0, 0;0, 0, 0, 0, 0, 0, 0, 0, 0, 0, 0, 0, 0, 0, 0, 0, 0, 0, 0, 0, 0, 0, 0, 0, 0;Europe/Paris;NA
2023-01-31T18:00:00Z;-1;9000003703;hourly;0,0000000000;0,0000000000;0,0000000000;0,0000000000;0,0000000000;0,0000000000;0,0000000000;0,0000000000;0,0000000000;0,0000000000;0,0000000000;0,0000000000;0,0000000000;1;0, 0, 0, 0, 0, 0, 0, 0;0, 0, 0, 0, 0, 0, 0, 0, 0, 0, 0, 0, 0, 0, 0, 0, 0, 0, 0, 0, 0, 0, 0, 0, 0;Europe/Paris;NA
2023-02-01T03:00:00Z;-1;9000003703;hourly;0,0000000000;0,0000000000;0,0000000000;0,0000000000;0,0000000000;0,0000000000;0,0000000000;0,0000000000;0,0000000000;0,0000000000;0,0000000000;0,0000000000;0,0000000000;1;0, 0, 0, 0, 0, 0, 0, 0;0, 0, 0, 0, 0, 0, 0, 0, 0, 0, 0, 0, 0, 0, 0, 0, 0, 0, 0, 0, 0, 0, 0, 0, 0;Europe/Paris;NA
2023-02-01T04:00:00Z;-1;9000003703;hourly;0,0000000000;0,0000000000;0,0000000000;0,0000000000;0,0000000000;0,0000000000;0,0000000000;0,0000000000;0,0000000000;0,0000000000;0,0000000000;0,0000000000;0,0000000000;1;0, 0, 0, 0, 0, 0, 0, 0;0, 0, 0, 0, 0, 0, 0, 0, 0, 0, 0, 0, 0, 0, 0, 0, 0, 0, 0, 0, 0, 0, 0, 0, 0;Europe/Paris;NA
2023-02-01T05:00:00Z;-1;9000003703;hourly;0,0000000000;0,0000000000;0,0000000000;0,0000000000;0,0000000000;0,0000000000;0,0000000000;0,0000000000;0,0000000000;0,0000000000;0,0000000000;0,0000000000;0,0000000000;1;0, 0, 0, 0, 0, 0, 0, 0;0, 0, 0, 0, 0, 0, 0, 0, 0, 0, 0, 0, 0, 0, 0, 0, 0, 0, 0, 0, 0, 0, 0, 0, 0;Europe/Paris;NA
2023-02-01T06:00:00Z;-1;9000003703;hourly;0,0000000000;0,0000000000;0,0000000000;0,0000000000;0,0000000000;0,0000000000;0,0000000000;0,0000000000;0,0000000000;0,0000000000;0,0000000000;0,0000000000;0,0000000000;1;0, 0, 0, 0, 0, 0, 0, 0;0, 0, 0, 0, 0, 0, 0, 0, 0, 0, 0, 0, 0, 0, 0, 0, 0, 0, 0, 0, 0, 0, 0, 0, 0;Europe/Paris;NA
2023-02-01T07:00:00Z;-1;9000003703;hourly;0,2502777778;3,9955604883;31,9644839068;3,9955604883;7,9911209767;0,0000000000;3,9955604883;19,9778024417;11,9866814650;3,9955604883;0,0000000000;7,9911209767;0,0000000000;1;0, 0, 12.5, 62.5, 25, 0, 0, 0;0, 0, 0, 0, 0, 12.5, 12.5, 50, 12.5, 12.5, 0, 0, 0, 0, 0, 0, 0, 0, 0, 0, 0, 0, 0, 0, 0;Europe/Paris;41,5
2023-02-01T08:00:00Z;-1;9000003703;hourly;0,7375000000;16,2711864407;31,1864406780;5,4237288136;14,9152542373;12,2033898305;4,0677966102;18,9830508475;12,2033898305;5,4237288136;0,0000000000;5,4237288136;9,4915254237;1;0, 8.6956521739, 21.7391304348, 52.1739130435, 17.3913043478, 0, 0, 0;0, 0, 4.347826087, 4.347826087, 0, 21.7391304348, 26.0869565217, 26.0869565217, 4.347826087, 13.0434782609, 0, 0, 0, 0, 0, 0, 0, 0, 0, 0, 0, 0, 0, 0, 0;Europe/Paris;40,5
2023-02-01T09:00:00Z;-1;9000003703;hourly;0,7997222222;2,5008683571;43,7651962487;16,2556443209;15,0052101424;1,2504341785;1,2504341785;17,5060784995;26,2591177492;3,7513025356;12,5043417853;10,0034734283;5,0017367141;1;0, 2.8571428571, 31.4285714286, 45.7142857143, 20, 0, 0, 0;0, 0, 0, 2.8571428571, 11.4285714286, 20, 20, 25.7142857143, 17.1428571429, 2.8571428571, 0, 0, 0, 0, 0, 0, 0, 0, 0, 0, 0, 0, 0, 0, 0;Europe/Paris;39,0
2023-02-01T10:00:00Z;-1;9000003703;hourly;0,7991666667;6,2565172054;53,8060479666;12,5130344108;8,7591240876;2,5026068822;3,7539103233;30,0312825860;23,7747653806;7,5078206465;5,0052137643;2,5026068822;6,2565172054;1;0, 4.6511627907, 20.9302325581, 58.1395348837, 16.2790697674, 0, 0, 0;0, 0, 2.3255813953, 2.3255813953, 4.6511627907, 16.2790697674, 34.8837209302, 23.2558139535, 11.6279069767, 4.6511627907, 0, 0, 0, 0, 0, 0, 0, 0, 0, 0, 0, 0, 0, 0, 0;Europe/Paris;38,0
2023-02-01T11:00:00Z;-1;9000003703;hourly;0,7961111111;21,3538032100;87,9274249826;8,7927424983;48,9881367760;12,5610607118;8,7927424983;30,1465457083;57,7808792742;1,2561060712;7,5366364271;17,5854849965;31,4026517795;1;1.4285714286, 1.4285714286, 30, 52.8571428571, 14.2857142857, 0, 0, 0;0, 1.4285714286, 0, 1.4285714286, 5.7142857143, 24.2857142857, 28.5714285714, 24.2857142857, 7.1428571429, 7.1428571429, 0, 0, 0, 0, 0, 0, 0, 0, 0, 0, 0, 0, 0, 0, 0;Europe/Paris;37,5
2023-02-01T12:00:00Z;-1;9000003703;hourly;0,7994444444;11,2578179291;77,5538568450;2,5017373176;7,5052119527;2,5017373176;8,7560806115;37,5260597637;40,0277970813;1,2508686588;1,2508686588;5,0034746352;2,5017373176;1;0, 1.6129032258, 12.9032258065, 62.9032258065, 20.9677419355, 1.6129032258, 0, 0;0, 0, 0, 1.6129032258, 3.2258064516, 9.6774193548, 33.8709677419, 29.0322580645, 11.2903225806, 9.6774193548, 1.6129032258, 0, 0, 0, 0, 0, 0, 0, 0, 0, 0, 0, 0, 0, 0;Europe/Paris;41,0
2023-02-01T13:00:00Z;-1;9000003703;hourly;0,8058333333;6,2047569804;102,9989658738;4,9638055843;6,2047569804;1,2409513961;4,9638055843;53,3609100310;49,6380558428;0,0000000000;4,9638055843;1,2409513961;4,9638055843;1;2.4096385542, 2.4096385542, 34.9397590361, 53.0120481928, 7.2289156627, 0, 0, 0;1.2048192771, 1.2048192771, 1.2048192771, 1.2048192771, 9.6385542169, 25.3012048193, 26.5060240964, 26.5060240964, 7.2289156627, 0, 0, 0, 0, 0, 0, 0, 0, 0, 0, 0, 0, 0, 0, 0, 0;Europe/Paris;36,0
2023-02-01T14:00:00Z;-1;9000003703;hourly;0,7958333333;6,2827225131;104,2931937173;7,5392670157;11,3089005236;5,0261780105;1,2565445026;40,2094240838;64,0837696335;5,0261780105;2,5130890052;7,5392670157;3,7696335079;1;0, 3.6144578313, 38.5542168675, 49.3975903614, 8.4337349398, 0, 0, 0;0, 0, 3.6144578313, 0, 12.0481927711, 26.5060240964, 27.7108433735, 21.686746988, 6.0240963855, 2.4096385542, 0, 0, 0, 0, 0, 0, 0, 0, 0, 0, 0, 0, 0, 0, 0;Europe/Paris;36,0
2023-02-01T15:00:00Z;-1;9000003703;hourly;0,8016666667;4,9896049896;142,2037422037;9,9792099792;6,2370062370;3,7422037422;1,2474012474;72,3492723493;69,8544698545;3,7422037422;6,2370062370;2,4948024948;3,7422037422;1;0.8771929825, 2.6315789474, 34.2105263158, 48.2456140351, 14.0350877193, 0, 0, 0;0.8771929825, 0, 2.6315789474, 0, 13.1578947368, 21.0526315789, 27.1929824561, 21.0526315789, 11.4035087719, 2.6315789474, 0, 0, 0, 0, 0, 0, 0, 0, 0, 0, 0, 0, 0, 0, 0;Europe/Paris;37,5
2023-02-01T16:00:00Z;-1;9000003703;hourly;0,6880555556;8,7202260799;154,0573274122;15,9870811465;15,9870811465;2,9067420266;5,8134840533;68,3084376262;85,7488897860;8,7202260799;7,2668550666;8,7202260799;7,2668550666;1;0.9433962264, 5.6603773585, 36.7924528302, 47.1698113208, 8.4905660377, 0, 0, 0.9433962264;0.9433962264, 0, 1.8867924528, 3.7735849057, 9.4339622642, 27.358490566, 27.358490566, 19.8113207547, 5.6603773585, 2.8301886792, 0, 0, 0, 0, 0, 0.9433962264, 0, 0, 0, 0, 0, 0, 0, 0, 0;Europe/Paris;36,0
2023-02-01T17:00:00Z;-1;9000003703;hourly;0,0000000000;0,0000000000;0,0000000000;0,0000000000;0,0000000000;0,0000000000;0,0000000000;0,0000000000;0,0000000000;0,0000000000;0,0000000000;0,0000000000;0,0000000000;1;0, 0, 0, 0, 0, 0, 0, 0;0, 0, 0, 0, 0, 0, 0, 0, 0, 0, 0, 0, 0, 0, 0, 0, 0, 0, 0, 0, 0, 0, 0, 0, 0;Europe/Paris;NA
2023-02-01T18:00:00Z;-1;9000003703;hourly;0,0000000000;0,0000000000;0,0000000000;0,0000000000;0,0000000000;0,0000000000;0,0000000000;0,0000000000;0,0000000000;0,0000000000;0,0000000000;0,0000000000;0,0000000000;1;0, 0, 0, 0, 0, 0, 0, 0;0, 0, 0, 0, 0, 0, 0, 0, 0, 0, 0, 0, 0, 0, 0, 0, 0, 0, 0, 0, 0, 0, 0, 0, 0;Europe/Paris;NA
2023-02-02T12:00:00Z;-1;9000003703;hourly;0,5700000000;8,7719298246;43,8596491228;3,5087719298;7,0175438596;3,5087719298;5,2631578947;14,0350877193;29,8245614035;1,7543859649;1,7543859649;5,2631578947;1,7543859649;1;0, 0, 20, 60, 20, 0, 0, 0;0, 0, 0, 0, 16, 4, 24, 36, 12, 8, 0, 0, 0, 0, 0, 0, 0, 0, 0, 0, 0, 0, 0, 0, 0;Europe/Paris;39,5
2023-02-02T13:00:00Z;-1;9000003703;hourly;0,8047222222;2,4853296514;33,5519502934;6,2133241284;4,9706593027;2,4853296514;0,0000000000;14,9119779082;18,6399723852;2,4853296514;3,7279944770;3,7279944770;1,2426648257;1;0, 3.7037037037, 25.9259259259, 48.1481481481, 11.1111111111, 11.1111111111, 0, 0;0, 0, 0, 3.7037037037, 11.1111111111, 14.8148148148, 29.6296296296, 18.5185185185, 7.4074074074, 3.7037037037, 11.1111111111, 0, 0, 0, 0, 0, 0, 0, 0, 0, 0, 0, 0, 0, 0;Europe/Paris;42,5
2023-02-02T14:00:00Z;-1;9000003703;hourly;0,7963888889;13,8123474015;35,1587024765;10,0453435647;22,6020230206;7,5340076735;6,2783397279;17,5793512382;17,5793512382;1,2556679456;8,7896756191;5,0226717824;17,5793512382;1;0, 3.5714285714, 25, 53.5714285714, 17.8571428571, 0, 0, 0;0, 0, 0, 3.5714285714, 10.7142857143, 14.2857142857, 25, 28.5714285714, 10.7142857143, 7.1428571429, 0, 0, 0, 0, 0, 0, 0, 0, 0, 0, 0, 0, 0, 0, 0;Europe/Paris;39,0
2023-02-02T15:00:00Z;-1;9000003703;hourly;0,7983333333;10,0208768267;86,4300626305;42,5887265136;58,8726513570;3,7578288100;6,2630480167;32,5678496868;53,8622129436;20,0417536534;22,5469728601;21,2943632568;37,5782881002;1;2.8985507246, 8.6956521739, 30.4347826087, 50.7246376812, 7.2463768116, 0, 0, 0;2.8985507246, 0, 2.8985507246, 5.7971014493, 13.0434782609, 17.3913043478, 31.884057971, 18.8405797101, 5.7971014493, 1.4492753623, 0, 0, 0, 0, 0, 0, 0, 0, 0, 0, 0, 0, 0, 0, 0;Europe/Paris;35,5
2023-02-02T16:00:00Z;-1;9000003703;hourly;0,7516666667;17,2949002217;119,7339246120;6,6518847007;39,9113082040;9,3126385809;7,9822616408;43,9024390244;75,8314855876;1,3303769401;5,3215077605;25,2771618625;14,6341463415;1;0, 1.1111111111, 32.2222222222, 42.2222222222, 22.2222222222, 1.1111111111, 0, 1.1111111111;0, 0, 1.1111111111, 0, 10, 22.2222222222, 14.4444444444, 27.7777777778, 16.6666666667, 5.5555555556, 1.1111111111, 0, 0, 0, 1.1111111111, 0, 0, 0, 0, 0, 0, 0, 0, 0, 0;Europe/Paris;40,5
2023-02-02T17:00:00Z;-1;9000003703;hourly;0,0944444444;10,5882352941;190,5882352941;0,0000000000;21,1764705882;0,0000000000;10,5882352941;42,3529411765;148,2352941176;0,0000000000;0,0000000000;10,5882352941;10,5882352941;1;0, 0, 55.5555555556, 38.8888888889, 5.5555555556, 0, 0, 0;0, 0, 0, 0, 11.1111111111, 44.4444444444, 11.1111111111, 27.7777777778, 0, 5.5555555556, 0, 0, 0, 0, 0, 0, 0, 0, 0, 0, 0, 0, 0, 0, 0;Europe/Paris;36,0
2023-02-02T18:00:00Z;-1;9000003703;hourly;0,0000000000;0,0000000000;0,0000000000;0,0000000000;0,0000000000;0,0000000000;0,0000000000;0,0000000000;0,0000000000;0,0000000000;0,0000000000;0,0000000000;0,0000000000;1;0, 0, 0, 0, 0, 0, 0, 0;0, 0, 0, 0, 0, 0, 0, 0, 0, 0, 0, 0, 0, 0, 0, 0, 0, 0, 0, 0, 0, 0, 0, 0, 0;Europe/Paris;NA
2023-02-03T10:00:00Z;-1;9000003703;hourly;1,0000000000;0,0000000000;0,0000000000;0,0000000000;0,0000000000;0,0000000000;0,0000000000;0,0000000000;0,0000000000;0,0000000000;0,0000000000;0,0000000000;0,0000000000;1;0, 0, 0, 0, 0, 0, 0, 0;0, 0, 0, 0, 0, 0, 0, 0, 0, 0, 0, 0, 0, 0, 0, 0, 0, 0, 0, 0, 0, 0, 0, 0, 0;Europe/Paris;NA
2023-02-03T11:00:00Z;-1;9000003703;hourly;0,7830555556;5,1081943952;37,0344093650;16,6016317843;3,8311457964;3,8311457964;1,2770485988;19,1557289819;17,8786803831;8,9393401916;7,6622915928;2,5540971976;1,2770485988;1;10.3448275862, 0, 34.4827586207, 44.8275862069, 6.8965517241, 0, 3.4482758621, 0;10.3448275862, 0, 0, 0, 13.7931034483, 20.6896551724, 27.5862068966, 17.2413793103, 6.8965517241, 0, 0, 0, 3.4482758621, 0, 0, 0, 0, 0, 0, 0, 0, 0, 0, 0, 0;Europe/Paris;36,0
2023-02-03T12:00:00Z;-1;9000003703;hourly;0,7933333333;12,6050420168;63,0252100840;8,8235294118;6,3025210084;6,3025210084;6,3025210084;35,2941176471;27,7310924370;6,3025210084;2,5210084034;5,0420168067;1,2605042017;1;2, 6, 24, 52, 12, 4, 0, 0;2, 0, 0, 6, 10, 14, 38, 14, 10, 2, 2, 2, 0, 0, 0, 0, 0, 0, 0, 0, 0, 0, 0, 0, 0;Europe/Paris;38,0
2023-02-03T13:00:00Z;-1;9000003703;hourly;0,7933333333;11,3445378151;56,7226890756;3,7815126050;5,0420168067;6,3025210084;5,0420168067;28,9915966387;27,7310924370;2,5210084034;1,2605042017;2,5210084034;2,5210084034;1;6.6666666667, 0, 24.4444444444, 51.1111111111, 11.1111111111, 4.4444444444, 2.2222222222, 0;6.6666666667, 0, 0, 0, 6.6666666667, 17.7777777778, 31.1111111111, 20, 6.6666666667, 4.4444444444, 2.2222222222, 2.2222222222, 2.2222222222, 0, 0, 0, 0, 0, 0, 0, 0, 0, 0, 0, 0;Europe/Paris;39,5
2023-02-03T14:00:00Z;-1;9000003703;hourly;0,8069444444;6,1962134251;59,4836488812;1,2392426850;8,6746987952;6,1962134251;0,0000000000;19,8278829604;39,6557659208;1,2392426850;0,0000000000;2,4784853701;6,1962134251;1;2.0833333333, 0, 29.1666666667, 47.9166666667, 18.75, 0, 0, 2.0833333333;2.0833333333, 0, 0, 0, 4.1666666667, 25, 20.8333333333, 27.0833333333, 8.3333333333, 10.4166666667, 0, 0, 0, 0, 0, 0, 0, 0, 0, 0, 0, 0, 0, 2.0833333333, 0;Europe/Paris;41,0
2023-02-03T15:00:00Z;-1;9000003703;hourly;0,7947222222;7,5498077595;105,6973086333;25,1660258651;70,4648724222;3,7749038798;3,7749038798;44,0405452639;61,6567633695;6,2915064663;18,8745193988;18,8745193988;51,5903530234;1;2.380952381, 5.9523809524, 42.8571428571, 40.4761904762, 5.9523809524, 1.1904761905, 0, 1.1904761905;2.380952381, 0, 1.1904761905, 4.7619047619, 13.0952380952, 29.7619047619, 26.1904761905, 14.2857142857, 4.7619047619, 1.1904761905, 1.1904761905, 0, 0, 0, 1.1904761905, 0, 0, 0, 0, 0, 0, 0, 0, 0, 0;Europe/Paris;35,0
2023-02-03T16:00:00Z;-1;9000003703;hourly;0,7594444444;18,4345281639;152,7432333577;17,1177761522;34,2355523043;13,1675201170;5,2670080468;39,5025603511;113,2406730066;10,5340160936;6,5837600585;23,7015362107;10,5340160936;1;1.724137931, 0.8620689655, 27.5862068966, 57.7586206897, 11.2068965517, 0, 0.8620689655, 0;1.724137931, 0, 0, 0.8620689655, 9.4827586207, 18.1034482759, 29.3103448276, 28.4482758621, 8.6206896552, 2.5862068966, 0, 0, 0.8620689655, 0, 0, 0, 0, 0, 0, 0, 0, 0, 0, 0, 0;Europe/Paris;37,0
2023-02-03T17:00:00Z;-1;9000003703;hourly;0,0000000000;0,0000000000;0,0000000000;0,0000000000;0,0000000000;0,0000000000;0,0000000000;0,0000000000;0,0000000000;0,0000000000;0,0000000000;0,0000000000;0,0000000000;1;0, 0, 0, 0, 0, 0, 0, 0;0, 0, 0, 0, 0, 0, 0, 0, 0, 0, 0, 0, 0, 0, 0, 0, 0, 0, 0, 0, 0, 0, 0, 0, 0;Europe/Paris;NA
2023-02-03T18:00:00Z;-1;9000003703;hourly;0,0000000000;0,0000000000;0,0000000000;0,0000000000;0,0000000000;0,0000000000;0,0000000000;0,0000000000;0,0000000000;0,0000000000;0,0000000000;0,0000000000;0,0000000000;1;0, 0, 0, 0, 0, 0, 0, 0;0, 0, 0, 0, 0, 0, 0, 0, 0, 0, 0, 0, 0, 0, 0, 0, 0, 0, 0, 0, 0, 0, 0, 0, 0;Europe/Paris;NA
2023-02-04T11:00:00Z;-1;9000003703;hourly;0,2738888889;10,9533468560;58,4178498986;3,6511156187;3,6511156187;7,3022312373;3,6511156187;25,5578093306;32,8600405680;0,0000000000;3,6511156187;3,6511156187;0,0000000000;1;0, 0, 37.5, 43.75, 12.5, 6.25, 0, 0;0, 0, 0, 0, 12.5, 25, 18.75, 25, 12.5, 0, 6.25, 0, 0, 0, 0, 0, 0, 0, 0, 0, 0, 0, 0, 0, 0;Europe/Paris;39,0
2023-02-04T12:00:00Z;-1;9000003703;hourly;0,8047222222;4,9706593027;78,2878840179;0,0000000000;1,2426648257;1,2426648257;3,7279944770;27,3386261650;50,9492578530;0,0000000000;0,0000000000;0,0000000000;1,2426648257;1;0, 0, 20.6349206349, 47.619047619, 28.5714285714, 0, 3.1746031746, 0;0, 0, 0, 0, 4.7619047619, 15.873015873, 31.746031746, 15.873015873, 15.873015873, 12.6984126984, 0, 0, 1.5873015873, 1.5873015873, 0, 0, 0, 0, 0, 0, 0, 0, 0, 0, 0;Europe/Paris;43,0
2023-02-04T13:00:00Z;-1;9000003703;hourly;0,7997222222;6,2521708927;55,0191038555;3,7513025356;10,0034734283;0,0000000000;6,2521708927;17,5060784995;37,5130253560;1,2504341785;2,5008683571;3,7513025356;6,2521708927;1;0, 2.2727272727, 27.2727272727, 45.4545454545, 20.4545454545, 4.5454545455, 0, 0;0, 0, 0, 2.2727272727, 6.8181818182, 20.4545454545, 20.4545454545, 25, 11.3636363636, 9.0909090909, 4.5454545455, 0, 0, 0, 0, 0, 0, 0, 0, 0, 0, 0, 0, 0, 0;Europe/Paris;42,0
2023-02-04T14:00:00Z;-1;9000003703;hourly;0,8072222222;3,7164487268;79,2842395045;4,9552649690;14,8657949071;1,2388162423;2,4776324845;42,1197522368;37,1644872677;2,4776324845;2,4776324845;6,1940812113;8,6717136958;1;1.5625, 3.125, 39.0625, 45.3125, 9.375, 1.5625, 0, 0;1.5625, 0, 1.5625, 1.5625, 9.375, 29.6875, 26.5625, 18.75, 7.8125, 1.5625, 1.5625, 0, 0, 0, 0, 0, 0, 0, 0, 0, 0, 0, 0, 0, 0;Europe/Paris;36,5
2023-02-04T15:00:00Z;-1;9000003703;hourly;0,8033333333;2,4896265560;95,8506224066;9,9585062241;7,4688796680;1,2448132780;1,2448132780;47,3029045643;48,5477178423;1,2448132780;8,7136929461;4,9792531120;2,4896265560;1;2.5974025974, 3.8961038961, 29.8701298701, 44.1558441558, 15.5844155844, 3.8961038961, 0, 0;2.5974025974, 0, 1.2987012987, 2.5974025974, 6.4935064935, 23.3766233766, 16.8831168831, 27.2727272727, 10.3896103896, 5.1948051948, 3.8961038961, 0, 0, 0, 0, 0, 0, 0, 0, 0, 0, 0, 0, 0, 0;Europe/Paris;39,5
2023-02-04T16:00:00Z;-1;9000003703;hourly;0,7519444444;3,9896564463;111,7103804950;2,6597709642;7,9793128925;0,0000000000;3,9896564463;57,1850757296;54,5253047654;0,0000000000;2,6597709642;7,9793128925;0,0000000000;1;1.1904761905, 3.5714285714, 39.2857142857, 45.2380952381, 10.7142857143, 0, 0, 0;1.1904761905, 0, 2.380952381, 1.1904761905, 19.0476190476, 20.2380952381, 25, 20.2380952381, 5.9523809524, 4.7619047619, 0, 0, 0, 0, 0, 0, 0, 0, 0, 0, 0, 0, 0, 0, 0;Europe/Paris;36,5
2023-02-04T17:00:00Z;-1;9000003703;hourly;0,0408333333;0,0000000000;73,4693877551;0,0000000000;0,0000000000;0,0000000000;0,0000000000;48,9795918367;24,4897959184;0,0000000000;0,0000000000;0,0000000000;0,0000000000;1;0, 33.3333333333, 0, 66.6666666667, 0, 0, 0, 0;0, 0, 0, 33.3333333333, 0, 0, 33.3333333333, 33.3333333333, 0, 0, 0, 0, 0, 0, 0, 0, 0, 0, 0, 0, 0, 0, 0, 0, 0;Europe/Paris;35,5
2023-02-04T18:00:00Z;-1;9000003703;hourly;0,0000000000;0,0000000000;0,0000000000;0,0000000000;0,0000000000;0,0000000000;0,0000000000;0,0000000000;0,0000000000;0,0000000000;0,0000000000;0,0000000000;0,0000000000;1;0, 0, 0, 0, 0, 0, 0, 0;0, 0, 0, 0, 0, 0, 0, 0, 0, 0, 0, 0, 0, 0, 0, 0, 0, 0, 0, 0, 0, 0, 0, 0, 0;Europe/Paris;NA
2023-02-05T12:00:00Z;-1;9000003703;hourly;0,5727777778;3,4917555771;31,4258001940;26,1881668283;0,0000000000;1,7458777886;1,7458777886;17,4587778855;13,9670223084;26,1881668283;0,0000000000;0,0000000000;0,0000000000;1;16.6666666667, 11.1111111111, 27.7777777778, 44.4444444444, 0, 0, 0, 0;0, 16.6666666667, 5.5555555556, 5.5555555556, 5.5555555556, 22.2222222222, 44.4444444444, 0, 0, 0, 0, 0, 0, 0, 0, 0, 0, 0, 0, 0, 0, 0, 0, 0, 0;Europe/Paris;31,0
2023-02-05T13:00:00Z;-1;9000003703;hourly;0,7880555556;5,0757842792;26,6478674656;16,4962989073;1,2689460698;1,2689460698;3,8068382094;6,3447303490;20,3031371167;12,6894606979;3,8068382094;1,2689460698;0,0000000000;1;0, 4.7619047619, 47.619047619, 47.619047619, 0, 0, 0, 0;0, 0, 0, 4.7619047619, 33.3333333333, 14.2857142857, 28.5714285714, 19.0476190476, 0, 0, 0, 0, 0, 0, 0, 0, 0, 0, 0, 0, 0, 0, 0, 0, 0;Europe/Paris;33,5
2023-02-05T14:00:00Z;-1;9000003703;hourly;0,7733333333;10,3448275862;34,9137931034;11,6379310345;3,8793103448;6,4655172414;3,8793103448;18,1034482759;16,8103448276;9,0517241379;2,5862068966;3,8793103448;0,0000000000;1;29.6296296296, 22.2222222222, 40.7407407407, 7.4074074074, 0, 0, 0, 0;22.2222222222, 7.4074074074, 11.1111111111, 11.1111111111, 18.5185185185, 22.2222222222, 7.4074074074, 0, 0, 0, 0, 0, 0, 0, 0, 0, 0, 0, 0, 0, 0, 0, 0, 0, 0;Europe/Paris;26,0
2023-02-05T15:00:00Z;-1;9000003703;hourly;0,7772222222;0,0000000000;54,0385989993;6,4331665475;1,2866333095;0,0000000000;0,0000000000;16,7262330236;37,3123659757;1,2866333095;5,1465332380;0,0000000000;1,2866333095;1;23.8095238095, 38.0952380952, 26.1904761905, 7.1428571429, 4.7619047619, 0, 0, 0;16.6666666667, 7.1428571429, 21.4285714286, 16.6666666667, 16.6666666667, 9.5238095238, 7.1428571429, 0, 4.7619047619, 0, 0, 0, 0, 0, 0, 0, 0, 0, 0, 0, 0, 0, 0, 0, 0;Europe/Paris;26,0
2023-02-05T16:00:00Z;-1;9000003703;hourly;0,7966666667;0,0000000000;80,3347280335;12,5523012552;13,8075313808;0,0000000000;0,0000000000;41,4225941423;38,9121338912;8,7866108787;3,7656903766;7,5313807531;6,2761506276;1;9.375, 6.25, 43.75, 31.25, 7.8125, 1.5625, 0, 0;6.25, 3.125, 0, 6.25, 25, 18.75, 15.625, 15.625, 4.6875, 3.125, 1.5625, 0, 0, 0, 0, 0, 0, 0, 0, 0, 0, 0, 0, 0, 0;Europe/Paris;35,5
2023-02-05T17:00:00Z;-1;9000003703;hourly;0,2822222222;3,5433070866;113,3858267717;10,6299212598;7,0866141732;3,5433070866;0,0000000000;42,5196850394;70,8661417323;7,0866141732;3,5433070866;7,0866141732;0,0000000000;1;0, 9.375, 53.125, 28.125, 9.375, 0, 0, 0;0, 0, 3.125, 6.25, 21.875, 31.25, 18.75, 9.375, 6.25, 3.125, 0, 0, 0, 0, 0, 0, 0, 0, 0, 0, 0, 0, 0, 0, 0;Europe/Paris;34,5
2023-02-05T18:00:00Z;-1;9000003703;hourly;0,0000000000;0,0000000000;0,0000000000;0,0000000000;0,0000000000;0,0000000000;0,0000000000;0,0000000000;0,0000000000;0,0000000000;0,0000000000;0,0000000000;0,0000000000;1;0, 0, 0, 0, 0, 0, 0, 0;0, 0, 0, 0, 0, 0, 0, 0, 0, 0, 0, 0, 0, 0, 0, 0, 0, 0, 0, 0, 0, 0, 0, 0, 0;Europe/Paris;NA
2023-02-06T08:00:00Z;-1;9000003703;hourly;0,6005555556;3,3302497687;41,6281221092;6,6604995375;3,3302497687;1,6651248844;1,6651248844;23,3117483811;18,3163737280;4,9953746531;1,6651248844;0,0000000000;3,3302497687;1;4, 0, 12, 52, 12, 4, 4, 12;0, 4, 0, 0, 8, 4, 28, 24, 12, 0, 0, 4, 4, 0, 4, 0, 4, 0, 4, 0, 0, 0, 0, 0, 0;Europe/Paris;59,0
2023-02-06T09:00:00Z;-1;9000003703;hourly;0,7994444444;13,7595552467;42,5295343989;7,5052119527;3,7526059764;6,2543432940;7,5052119527;10,0069492703;32,5225851286;3,7526059764;3,7526059764;0,0000000000;3,7526059764;1;14.7058823529, 11.7647058824, 23.5294117647, 23.5294117647, 20.5882352941, 5.8823529412, 0, 0;14.7058823529, 0, 0, 11.7647058824, 5.8823529412, 17.6470588235, 5.8823529412, 17.6470588235, 8.8235294118, 11.7647058824, 5.8823529412, 0, 0, 0, 0, 0, 0, 0, 0, 0, 0, 0, 0, 0, 0;Europe/Paris;43,5
2023-02-06T10:00:00Z;-1;9000003703;hourly;0,7983333333;21,2943632568;30,0626304802;1,2526096033;3,7578288100;11,2734864301;10,0208768267;18,7891440501;11,2734864301;0,0000000000;1,2526096033;2,5052192067;1,2526096033;1;20.8333333333, 20.8333333333, 41.6666666667, 16.6666666667, 0, 0, 0, 0;8.3333333333, 12.5, 0, 20.8333333333, 12.5, 29.1666666667, 12.5, 4.1666666667, 0, 0, 0, 0, 0, 0, 0, 0, 0, 0, 0, 0, 0, 0, 0, 0, 0;Europe/Paris;28,0
2023-02-06T11:00:00Z;-1;9000003703;hourly;0,5302777778;22,6296490309;52,8025144054;5,6574122577;3,7716081718;16,9722367732;5,6574122577;11,3148245155;41,4876898900;1,8858040859;3,7716081718;0,0000000000;3,7716081718;1;7.1428571429, 3.5714285714, 32.1428571429, 42.8571428571, 14.2857142857, 0, 0, 0;7.1428571429, 0, 0, 3.5714285714, 10.7142857143, 21.4285714286, 21.4285714286, 21.4285714286, 7.1428571429, 7.1428571429, 0, 0, 0, 0, 0, 0, 0, 0, 0, 0, 0, 0, 0, 0, 0;Europe/Paris;37,5
2023-02-06T12:00:00Z;-1;9000003703;hourly;0,7991666667;18,7695516163;42,5443169969;7,5078206465;6,2565172054;15,0156412930;3,7539103233;21,2721584984;21,2721584984;5,0052137643;2,5026068822;2,5026068822;3,7539103233;1;0, 5.8823529412, 52.9411764706, 41.1764705882, 0, 0, 0, 0;0, 0, 2.9411764706, 2.9411764706, 29.4117647059, 23.5294117647, 41.1764705882, 0, 0, 0, 0, 0, 0, 0, 0, 0, 0, 0, 0, 0, 0, 0, 0, 0, 0;Europe/Paris;30,5
2023-02-06T13:00:00Z;-1;9000003703;hourly;0,8116666667;6,1601642710;45,5852156057;7,3921971253;0,0000000000;2,4640657084;3,6960985626;17,2484599589;28,3367556468;7,3921971253;0,0000000000;0,0000000000;0,0000000000;1;10.8108108108, 27.027027027, 43.2432432432, 18.9189189189, 0, 0, 0, 0;10.8108108108, 0, 5.4054054054, 21.6216216216, 21.6216216216, 21.6216216216, 10.8108108108, 8.1081081081, 0, 0, 0, 0, 0, 0, 0, 0, 0, 0, 0, 0, 0, 0, 0, 0, 0;Europe/Paris;29,5
2023-02-06T14:00:00Z;-1;9000003703;hourly;0,7869444444;7,6244264031;57,1831980233;3,8122132016;1,2707377339;5,0829509354;2,5414754677;27,9562301447;29,2269678786;1,2707377339;2,5414754677;1,2707377339;0,0000000000;1;15.5555555556, 20, 55.5555555556, 8.8888888889, 0, 0, 0, 0;11.1111111111, 4.4444444444, 6.6666666667, 13.3333333333, 35.5555555556, 20, 4.4444444444, 4.4444444444, 0, 0, 0, 0, 0, 0, 0, 0, 0, 0, 0, 0, 0, 0, 0, 0, 0;Europe/Paris;26,0
2023-02-06T15:00:00Z;-1;9000003703;hourly;0,7802777778;6,4079743681;69,2061231755;47,4190103240;23,0687077252;0,0000000000;6,4079743681;25,6318974724;43,5742257031;8,9711641153;38,4478462086;5,1263794945;17,9423282307;1;31.4814814815, 42.5925925926, 20.3703703704, 3.7037037037, 1.8518518519, 0, 0, 0;20.3703703704, 11.1111111111, 31.4814814815, 11.1111111111, 14.8148148148, 5.5555555556, 1.8518518519, 1.8518518519, 1.8518518519, 0, 0, 0, 0, 0, 0, 0, 0, 0, 0, 0, 0, 0, 0, 0, 0;Europe/Paris;21,0
2023-02-06T16:00:00Z;-1;9000003703;hourly;0,7794444444;12,8296507484;127,0135424091;16,6785459729;19,2444761226;6,4148253742;6,4148253742;39,7719173200;87,2416250891;6,4148253742;10,2637205987;8,9807555239;10,2637205987;1;9.0909090909, 6.0606060606, 21.2121212121, 48.4848484848, 11.1111111111, 2.0202020202, 0, 2.0202020202;8.0808080808, 1.0101010101, 1.0101010101, 5.0505050505, 7.0707070707, 14.1414141414, 30.303030303, 18.1818181818, 7.0707070707, 4.0404040404, 1.0101010101, 1.0101010101, 0, 0, 0, 1.0101010101, 0, 1.0101010101, 0, 0, 0, 0, 0, 0, 0;Europe/Paris;37,5
2023-02-06T17:00:00Z;-1;9000003703;hourly;0,2694444444;25,9793814433;137,3195876289;3,7113402062;11,1340206186;11,1340206186;14,8453608247;40,8247422680;96,4948453608;3,7113402062;0,0000000000;3,7113402062;7,4226804124;1;2.7027027027, 2.7027027027, 35.1351351351, 56.7567567568, 2.7027027027, 0, 0, 0;2.7027027027, 0, 0, 2.7027027027, 8.1081081081, 27.027027027, 37.8378378378, 18.9189189189, 2.7027027027, 0, 0, 0, 0, 0, 0, 0, 0, 0, 0, 0, 0, 0, 0, 0, 0;Europe/Paris;34,0
2023-02-06T18:00:00Z;-1;9000003703;hourly;0,0000000000;0,0000000000;0,0000000000;0,0000000000;0,0000000000;0,0000000000;0,0000000000;0,0000000000;0,0000000000;0,0000000000;0,0000000000;0,0000000000;0,0000000000;1;0, 0, 0, 0, 0, 0, 0, 0;0, 0, 0, 0, 0, 0, 0, 0, 0, 0, 0, 0, 0, 0, 0, 0, 0, 0, 0, 0, 0, 0, 0, 0, 0;Europe/Paris;NA
2023-02-06T19:00:00Z;-1;9000003703;hourly;0,0000000000;0,0000000000;0,0000000000;0,0000000000;0,0000000000;0,0000000000;0,0000000000;0,0000000000;0,0000000000;0,0000000000;0,0000000000;0,0000000000;0,0000000000;1;0, 0, 0, 0, 0, 0, 0, 0;0, 0, 0, 0, 0, 0, 0, 0, 0, 0, 0, 0, 0, 0, 0, 0, 0, 0, 0, 0, 0, 0, 0, 0, 0;Europe/Paris;NA
2023-02-07T03:00:00Z;-1;9000003703;hourly;0,0000000000;0,0000000000;0,0000000000;0,0000000000;0,0000000000;0,0000000000;0,0000000000;0,0000000000;0,0000000000;0,0000000000;0,0000000000;0,0000000000;0,0000000000;1;0, 0, 0, 0, 0, 0, 0, 0;0, 0, 0, 0, 0, 0, 0, 0, 0, 0, 0, 0, 0, 0, 0, 0, 0, 0, 0, 0, 0, 0, 0, 0, 0;Europe/Paris;NA
2023-02-07T04:00:00Z;-1;9000003703;hourly;0,0000000000;0,0000000000;0,0000000000;0,0000000000;0,0000000000;0,0000000000;0,0000000000;0,0000000000;0,0000000000;0,0000000000;0,0000000000;0,0000000000;0,0000000000;1;0, 0, 0, 0, 0, 0, 0, 0;0, 0, 0, 0, 0, 0, 0, 0, 0, 0, 0, 0, 0, 0, 0, 0, 0, 0, 0, 0, 0, 0, 0, 0, 0;Europe/Paris;NA
2023-02-07T05:00:00Z;-1;9000003703;hourly;0,0000000000;0,0000000000;0,0000000000;0,0000000000;0,0000000000;0,0000000000;0,0000000000;0,0000000000;0,0000000000;0,0000000000;0,0000000000;0,0000000000;0,0000000000;1;0, 0, 0, 0, 0, 0, 0, 0;0, 0, 0, 0, 0, 0, 0, 0, 0, 0, 0, 0, 0, 0, 0, 0, 0, 0, 0, 0, 0, 0, 0, 0, 0;Europe/Paris;NA
2023-02-07T06:00:00Z;-1;9000003703;hourly;0,0000000000;0,0000000000;0,0000000000;0,0000000000;0,0000000000;0,0000000000;0,0000000000;0,0000000000;0,0000000000;0,0000000000;0,0000000000;0,0000000000;0,0000000000;1;0, 0, 0, 0, 0, 0, 0, 0;0, 0, 0, 0, 0, 0, 0, 0, 0, 0, 0, 0, 0, 0, 0, 0, 0, 0, 0, 0, 0, 0, 0, 0, 0;Europe/Paris;NA
2023-02-07T07:00:00Z;-1;9000003703;hourly;0,3813888889;7,8659868900;70,7938820102;0,0000000000;5,2439912600;5,2439912600;2,6219956300;34,0859431901;36,7079388201;0,0000000000;0,0000000000;5,2439912600;0,0000000000;1;0, 0, 29.6296296296, 59.2592592593, 7.4074074074, 0, 3.7037037037, 0;0, 0, 0, 0, 0, 29.6296296296, 29.6296296296, 29.6296296296, 3.7037037037, 3.7037037037, 0, 0, 3.7037037037, 0, 0, 0, 0, 0, 0, 0, 0, 0, 0, 0, 0;Europe/Paris;37,0
2023-02-07T08:00:00Z;-1;9000003703;hourly;0,7969444444;3,7643778320;35,1341930986;2,5095852213;7,5287556640;2,5095852213;1,2547926107;16,3123039387;18,8218891600;1,2547926107;1,2547926107;5,0191704427;2,5095852213;1;3.5714285714, 3.5714285714, 32.1428571429, 25, 25, 7.1428571429, 3.5714285714, 0;0, 3.5714285714, 0, 3.5714285714, 10.7142857143, 21.4285714286, 7.1428571429, 17.8571428571, 17.8571428571, 7.1428571429, 3.5714285714, 3.5714285714, 0, 3.5714285714, 0, 0, 0, 0, 0, 0, 0, 0, 0, 0, 0;Europe/Paris;44,5
2023-02-07T09:00:00Z;-1;9000003703;hourly;0,8088888889;8,6538461538;34,6153846154;9,8901098901;7,4175824176;4,9450549451;3,7087912088;9,8901098901;24,7252747253;4,9450549451;4,9450549451;3,7087912088;3,7087912088;1;7.1428571429, 7.1428571429, 35.7142857143, 35.7142857143, 10.7142857143, 0, 3.5714285714, 0;7.1428571429, 0, 0, 7.1428571429, 14.2857142857, 21.4285714286, 21.4285714286, 14.2857142857, 3.5714285714, 7.1428571429, 0, 0, 0, 3.5714285714, 0, 0, 0, 0, 0, 0, 0, 0, 0, 0, 0;Europe/Paris;37,5
2023-02-07T10:00:00Z;-1;9000003703;hourly;0,7822222222;15,3409090909;29,4034090909;3,8352272727;5,1136363636;15,3409090909;0,0000000000;6,3920454545;23,0113636364;1,2784090909;2,5568181818;1,2784090909;3,8352272727;1;0, 0, 60.8695652174, 34.7826086957, 0, 0, 4.347826087, 0;0, 0, 0, 0, 26.0869565217, 34.7826086957, 17.3913043478, 17.3913043478, 0, 0, 0, 0, 4.347826087, 0, 0, 0, 0, 0, 0, 0, 0, 0, 0, 0, 0;Europe/Paris;34,5
2023-02-07T11:00:00Z;-1;9000003703;hourly;0,0000000000;0,0000000000;0,0000000000;0,0000000000;0,0000000000;0,0000000000;0,0000000000;0,0000000000;0,0000000000;0,0000000000;0,0000000000;0,0000000000;0,0000000000;1;0, 0, 0, 0, 0, 0, 0, 0;0, 0, 0, 0, 0, 0, 0, 0, 0, 0, 0, 0, 0, 0, 0, 0, 0, 0, 0, 0, 0, 0, 0, 0, 0;Europe/Paris;NA
2023-02-07T12:00:00Z;-1;9000003703;hourly;0,0000000000;0,0000000000;0,0000000000;0,0000000000;0,0000000000;0,0000000000;0,0000000000;0,0000000000;0,0000000000;0,0000000000;0,0000000000;0,0000000000;0,0000000000;1;0, 0, 0, 0, 0, 0, 0, 0;0, 0, 0, 0, 0, 0, 0, 0, 0, 0, 0, 0, 0, 0, 0, 0, 0, 0, 0, 0, 0, 0, 0, 0, 0;Europe/Paris;NA
2023-02-07T13:00:00Z;-1;9000003703;hourly;0,4211111111;2,3746701847;45,1187335092;9,4986807388;0,0000000000;2,3746701847;0,0000000000;26,1213720317;18,9973614776;4,7493403694;4,7493403694;0,0000000000;0,0000000000;1;0, 0, 84.2105263158, 15.7894736842, 0, 0, 0, 0;0, 0, 0, 0, 47.3684210526, 36.8421052632, 15.7894736842, 0, 0, 0, 0, 0, 0, 0, 0, 0, 0, 0, 0, 0, 0, 0, 0, 0, 0;Europe/Paris;27,5
2023-02-07T14:00:00Z;-1;9000003703;hourly;0,7913888889;11,3724113724;53,0712530713;11,3724113724;1,2636012636;3,7908037908;7,5816075816;21,4812214812;31,5900315900;3,7908037908;7,5816075816;0,0000000000;1,2636012636;1;21.4285714286, 14.2857142857, 52.380952381, 7.1428571429, 2.380952381, 2.380952381, 0, 0;14.2857142857, 7.1428571429, 4.7619047619, 9.5238095238, 28.5714285714, 23.8095238095, 7.1428571429, 0, 2.380952381, 0, 2.380952381, 0, 0, 0, 0, 0, 0, 0, 0, 0, 0, 0, 0, 0, 0;Europe/Paris;27,0
2023-02-07T15:00:00Z;-1;9000003703;hourly;0,7716666667;10,3671706263;67,3866090713;27,2138228942;15,5507559395;0,0000000000;10,3671706263;15,5507559395;51,8358531317;5,1835853132;22,0302375810;1,2958963283;14,2548596112;1;40.3846153846, 40.3846153846, 19.2307692308, 0, 0, 0, 0, 0;25, 15.3846153846, 9.6153846154, 30.7692307692, 15.3846153846, 3.8461538462, 0, 0, 0, 0, 0, 0, 0, 0, 0, 0, 0, 0, 0, 0, 0, 0, 0, 0, 0;Europe/Paris;19,0
2023-02-07T16:00:00Z;-1;9000003703;hourly;0,7961111111;20,0976971389;99,2323796232;11,3049546406;15,0732728542;15,0732728542;5,0244242847;37,6831821354;61,5491974878;5,0244242847;6,2805303559;7,5366364271;7,5366364271;1;13.9240506329, 6.3291139241, 43.0379746835, 27.8481012658, 7.5949367089, 1.2658227848, 0, 0;12.6582278481, 1.2658227848, 1.2658227848, 5.0632911392, 15.1898734177, 27.8481012658, 15.1898734177, 12.6582278481, 5.0632911392, 2.5316455696, 1.2658227848, 0, 0, 0, 0, 0, 0, 0, 0, 0, 0, 0, 0, 0, 0;Europe/Paris;35,0
2023-02-07T17:00:00Z;-1;9000003703;hourly;0,3355555556;17,8807947020;134,1059602649;0,0000000000;14,9006622517;5,9602649007;11,9205298013;53,6423841060;80,4635761589;0,0000000000;0,0000000000;2,9801324503;11,9205298013;1;0, 2.2222222222, 37.7777777778, 53.3333333333, 4.4444444444, 0, 0, 2.2222222222;0, 0, 0, 2.2222222222, 6.6666666667, 31.1111111111, 46.6666666667, 6.6666666667, 4.4444444444, 0, 0, 0, 0, 0, 0, 2.2222222222, 0, 0, 0, 0, 0, 0, 0, 0, 0;Europe/Paris;32,5
2023-02-07T18:00:00Z;-1;9000003703;hourly;0,0000000000;0,0000000000;0,0000000000;0,0000000000;0,0000000000;0,0000000000;0,0000000000;0,0000000000;0,0000000000;0,0000000000;0,0000000000;0,0000000000;0,0000000000;1;0, 0, 0, 0, 0, 0, 0, 0;0, 0, 0, 0, 0, 0, 0, 0, 0, 0, 0, 0, 0, 0, 0, 0, 0, 0, 0, 0, 0, 0, 0, 0, 0;Europe/Paris;NA
2023-02-07T19:00:00Z;-1;9000003703;hourly;0,0000000000;0,0000000000;0,0000000000;0,0000000000;0,0000000000;0,0000000000;0,0000000000;0,0000000000;0,0000000000;0,0000000000;0,0000000000;0,0000000000;0,0000000000;1;0, 0, 0, 0, 0, 0, 0, 0;0, 0, 0, 0, 0, 0, 0, 0, 0, 0, 0, 0, 0, 0, 0, 0, 0, 0, 0, 0, 0, 0, 0, 0, 0;Europe/Paris;NA
2023-02-08T12:00:00Z;-1;9000003703;hourly;0,8608333333;9,2933204259;65,0532429816;4,6466602130;3,4849951597;4,6466602130;4,6466602130;38,3349467570;26,7182962246;2,3233301065;2,3233301065;2,3233301065;1,1616650532;1;1.7857142857, 8.9285714286, 60.7142857143, 26.7857142857, 0, 0, 0, 1.7857142857;1.7857142857, 0, 1.7857142857, 7.1428571429, 25, 35.7142857143, 23.2142857143, 3.5714285714, 0, 0, 0, 0, 0, 0, 0, 0, 0, 0, 0, 0, 0, 0, 0, 0, 1.7857142857;Europe/Paris;30,5
2023-02-08T13:00:00Z;-1;9000003703;hourly;0,8108333333;7,3997944502;102,3638232271;11,0996916752;3,6998972251;4,9331963001;2,4665981501;43,1654676259;59,1983556012;6,1664953751;4,9331963001;2,4665981501;1,2332990750;1;4.8192771084, 14.4578313253, 59.0361445783, 21.686746988, 0, 0, 0, 0;2.4096385542, 2.4096385542, 1.2048192771, 13.2530120482, 27.7108433735, 31.3253012048, 14.4578313253, 7.2289156627, 0, 0, 0, 0, 0, 0, 0, 0, 0, 0, 0, 0, 0, 0, 0, 0, 0;Europe/Paris;30,0
2023-02-08T14:00:00Z;-1;9000003703;hourly;0,7950000000;13,8364779874;83,0188679245;10,0628930818;0,0000000000;5,0314465409;8,8050314465;46,5408805031;36,4779874214;8,8050314465;1,2578616352;0,0000000000;0,0000000000;1;7.5757575758, 28.7878787879, 53.0303030303, 10.6060606061, 0, 0, 0, 0;7.5757575758, 0, 3.0303030303, 25.7575757576, 36.3636363636, 16.6666666667, 10.6060606061, 0, 0, 0, 0, 0, 0, 0, 0, 0, 0, 0, 0, 0, 0, 0, 0, 0, 0;Europe/Paris;26,0
2023-02-08T15:00:00Z;-1;9000003703;hourly;0,7847222222;2,5486725664;91,7522123894;5,0973451327;7,6460176991;2,5486725664;0,0000000000;35,6814159292;56,0707964602;3,8230088496;1,2743362832;0,0000000000;7,6460176991;1;34.7222222222, 38.8888888889, 23.6111111111, 2.7777777778, 0, 0, 0, 0;23.6111111111, 11.1111111111, 16.6666666667, 22.2222222222, 16.6666666667, 6.9444444444, 1.3888888889, 1.3888888889, 0, 0, 0, 0, 0, 0, 0, 0, 0, 0, 0, 0, 0, 0, 0, 0, 0;Europe/Paris;21,0
2023-02-08T16:00:00Z;-1;9000003703;hourly;0,7925000000;18,9274447950;122,3974763407;7,5709779180;7,5709779180;11,3564668770;7,5709779180;49,2113564669;73,1861198738;5,0473186120;2,5236593060;2,5236593060;5,0473186120;1;21.6494845361, 8.2474226804, 27.8350515464, 39.175257732, 2.0618556701, 1.0309278351, 0, 0;19.587628866, 2.0618556701, 1.0309278351, 7.2164948454, 8.2474226804, 19.587628866, 23.7113402062, 15.4639175258, 2.0618556701, 0, 0, 1.0309278351, 0, 0, 0, 0, 0, 0, 0, 0, 0, 0, 0, 0, 0;Europe/Paris;33,5
2023-02-08T17:00:00Z;-1;9000003703;hourly;0,3833333333;10,4347826087;151,3043478261;20,8695652174;5,2173913043;5,2173913043;5,2173913043;60,0000000000;91,3043478261;7,8260869565;13,0434782609;2,6086956522;2,6086956522;1;1.724137931, 3.4482758621, 32.7586206897, 55.1724137931, 6.8965517241, 0, 0, 0;1.724137931, 0, 0, 3.4482758621, 12.0689655172, 20.6896551724, 32.7586206897, 22.4137931034, 5.1724137931, 1.724137931, 0, 0, 0, 0, 0, 0, 0, 0, 0, 0, 0, 0, 0, 0, 0;Europe/Paris;35,5
2023-02-08T18:00:00Z;-1;9000003703;hourly;0,0000000000;0,0000000000;0,0000000000;0,0000000000;0,0000000000;0,0000000000;0,0000000000;0,0000000000;0,0000000000;0,0000000000;0,0000000000;0,0000000000;0,0000000000;1;0, 0, 0, 0, 0, 0, 0, 0;0, 0, 0, 0, 0, 0, 0, 0, 0, 0, 0, 0, 0, 0, 0, 0, 0, 0, 0, 0, 0, 0, 0, 0, 0;Europe/Paris;NA
2023-02-09T03:00:00Z;-1;9000003703;hourly;0,0000000000;0,0000000000;0,0000000000;0,0000000000;0,0000000000;0,0000000000;0,0000000000;0,0000000000;0,0000000000;0,0000000000;0,0000000000;0,0000000000;0,0000000000;1;0, 0, 0, 0, 0, 0, 0, 0;0, 0, 0, 0, 0, 0, 0, 0, 0, 0, 0, 0, 0, 0, 0, 0, 0, 0, 0, 0, 0, 0, 0, 0, 0;Europe/Paris;NA
2023-02-09T04:00:00Z;-1;9000003703;hourly;0,0000000000;0,0000000000;0,0000000000;0,0000000000;0,0000000000;0,0000000000;0,0000000000;0,0000000000;0,0000000000;0,0000000000;0,0000000000;0,0000000000;0,0000000000;1;0, 0, 0, 0, 0, 0, 0, 0;0, 0, 0, 0, 0, 0, 0, 0, 0, 0, 0, 0, 0, 0, 0, 0, 0, 0, 0, 0, 0, 0, 0, 0, 0;Europe/Paris;NA
2023-02-09T05:00:00Z;-1;9000003703;hourly;0,0000000000;0,0000000000;0,0000000000;0,0000000000;0,0000000000;0,0000000000;0,0000000000;0,0000000000;0,0000000000;0,0000000000;0,0000000000;0,0000000000;0,0000000000;1;0, 0, 0, 0, 0, 0, 0, 0;0, 0, 0, 0, 0, 0, 0, 0, 0, 0, 0, 0, 0, 0, 0, 0, 0, 0, 0, 0, 0, 0, 0, 0, 0;Europe/Paris;NA
2023-02-09T06:00:00Z;-1;9000003703;hourly;0,0000000000;0,0000000000;0,0000000000;0,0000000000;0,0000000000;0,0000000000;0,0000000000;0,0000000000;0,0000000000;0,0000000000;0,0000000000;0,0000000000;0,0000000000;1;0, 0, 0, 0, 0, 0, 0, 0;0, 0, 0, 0, 0, 0, 0, 0, 0, 0, 0, 0, 0, 0, 0, 0, 0, 0, 0, 0, 0, 0, 0, 0, 0;Europe/Paris;NA
2023-02-09T07:00:00Z;-1;9000003703;hourly;0,3780555556;10,5804555474;71,4180749449;5,2902277737;5,2902277737;2,6451138868;7,9353416605;50,2571638501;21,1609110948;5,2902277737;0,0000000000;2,6451138868;2,6451138868;1;3.7037037037, 0, 7.4074074074, 59.2592592593, 29.6296296296, 0, 0, 0;3.7037037037, 0, 0, 0, 0, 7.4074074074, 33.3333333333, 25.9259259259, 22.2222222222, 7.4074074074, 0, 0, 0, 0, 0, 0, 0, 0, 0, 0, 0, 0, 0, 0, 0;Europe/Paris;41,0
2023-02-09T08:00:00Z;-1;9000003703;hourly;0,7911111111;7,5842696629;18,9606741573;6,3202247191;3,7921348315;3,7921348315;3,7921348315;11,3764044944;7,5842696629;1,2640449438;5,0561797753;3,7921348315;0,0000000000;1;13.3333333333, 13.3333333333, 20, 26.6666666667, 20, 6.6666666667, 0, 0;13.3333333333, 0, 13.3333333333, 0, 0, 20, 6.6666666667, 20, 20, 0, 6.6666666667, 0, 0, 0, 0, 0, 0, 0, 0, 0, 0, 0, 0, 0, 0;Europe/Paris;40,5
2023-02-09T09:00:00Z;-1;9000003703;hourly;0,8044444444;14,9171270718;26,1049723757;12,4309392265;3,7292817680;12,4309392265;2,4861878453;7,4585635359;18,6464088398;11,1878453039;1,2430939227;2,4861878453;1,2430939227;1;4.7619047619, 0, 28.5714285714, 47.619047619, 19.0476190476, 0, 0, 0;0, 4.7619047619, 0, 0, 9.5238095238, 19.0476190476, 28.5714285714, 19.0476190476, 19.0476190476, 0, 0, 0, 0, 0, 0, 0, 0, 0, 0, 0, 0, 0, 0, 0, 0;Europe/Paris;38,5
2023-02-09T10:00:00Z;-1;9000003703;hourly;0,7325000000;5,4607508532;39,5904436860;1,3651877133;8,1911262799;1,3651877133;4,0955631399;13,6518771331;25,9385665529;0,0000000000;1,3651877133;2,7303754266;5,4607508532;1;0, 3.4482758621, 27.5862068966, 48.275862069, 17.2413793103, 3.4482758621, 0, 0;0, 0, 0, 3.4482758621, 10.3448275862, 17.2413793103, 20.6896551724, 27.5862068966, 6.8965517241, 10.3448275862, 0, 3.4482758621, 0, 0, 0, 0, 0, 0, 0, 0, 0, 0, 0, 0, 0;Europe/Paris;41,5
2023-02-09T11:00:00Z;-1;9000003703;hourly;0,7988888889;18,7760778860;60,0834492350;3,7552155772;3,7552155772;11,2656467316;7,5104311544;17,5243393602;42,5591098748;1,2517385257;2,5034770515;1,2517385257;2,5034770515;1;0, 2.0833333333, 41.6666666667, 31.25, 20.8333333333, 4.1666666667, 0, 0;0, 0, 2.0833333333, 0, 16.6666666667, 25, 20.8333333333, 10.4166666667, 18.75, 2.0833333333, 2.0833333333, 2.0833333333, 0, 0, 0, 0, 0, 0, 0, 0, 0, 0, 0, 0, 0;Europe/Paris;40,0
2023-02-09T12:00:00Z;-1;9000003703;hourly;0,7952777778;11,3168005589;40,2375130981;3,7722668530;7,5445337059;7,5445337059;3,7722668530;16,3464896961;23,8910234020;0,0000000000;3,7722668530;6,2871114216;1,2574222843;1;3.125, 3.125, 34.375, 46.875, 9.375, 3.125, 0, 0;3.125, 0, 0, 3.125, 15.625, 18.75, 31.25, 15.625, 6.25, 3.125, 3.125, 0, 0, 0, 0, 0, 0, 0, 0, 0, 0, 0, 0, 0, 0;Europe/Paris;36,5
2023-02-09T13:00:00Z;-1;9000003703;hourly;0,7905555556;1,2649332396;45,5375966268;2,5298664793;3,7947997189;1,2649332396;0,0000000000;18,9739985945;26,5635980323;0,0000000000;2,5298664793;1,2649332396;2,5298664793;1;0, 0, 25, 50, 22.2222222222, 2.7777777778, 0, 0;0, 0, 0, 0, 11.1111111111, 13.8888888889, 22.2222222222, 27.7777777778, 11.1111111111, 11.1111111111, 0, 2.7777777778, 0, 0, 0, 0, 0, 0, 0, 0, 0, 0, 0, 0, 0;Europe/Paris;42,0
2023-02-09T14:00:00Z;-1;9000003703;hourly;0,7958333333;8,7958115183;28,9005235602;12,5654450262;5,0261780105;5,0261780105;3,7696335079;13,8219895288;15,0785340314;5,0261780105;7,5392670157;1,2565445026;3,7696335079;1;0, 0, 52.1739130435, 43.4782608696, 4.347826087, 0, 0, 0;0, 0, 0, 0, 13.0434782609, 39.1304347826, 39.1304347826, 4.347826087, 4.347826087, 0, 0, 0, 0, 0, 0, 0, 0, 0, 0, 0, 0, 0, 0, 0, 0;Europe/Paris;31,5
2023-02-09T15:00:00Z;-1;9000003703;hourly;0,7794444444;21,8104062723;60,2993585175;42,3378474697;25,6593014968;10,2637205987;11,5466856736;25,6593014968;34,6400570207;12,8296507484;29,5081967213;5,1318602994;20,5274411974;1;17.0212765957, 34.0425531915, 40.4255319149, 8.5106382979, 0, 0, 0, 0;8.5106382979, 8.5106382979, 8.5106382979, 25.5319148936, 27.6595744681, 12.7659574468, 8.5106382979, 0, 0, 0, 0, 0, 0, 0, 0, 0, 0, 0, 0, 0, 0, 0, 0, 0, 0;Europe/Paris;25,0
2023-02-09T16:00:00Z;-1;9000003703;hourly;0,7922222222;23,9831697055;106,0308555400;7,5736325386;30,2945301543;13,8849929874;10,0981767181;36,6058906031;69,4249649369;3,7868162693;3,7868162693;15,1472650771;15,1472650771;1;2.380952381, 5.9523809524, 29.7619047619, 51.1904761905, 8.3333333333, 1.1904761905, 1.1904761905, 0;1.1904761905, 1.1904761905, 0, 5.9523809524, 10.7142857143, 19.0476190476, 27.380952381, 23.8095238095, 8.3333333333, 0, 1.1904761905, 0, 0, 1.1904761905, 0, 0, 0, 0, 0, 0, 0, 0, 0, 0, 0;Europe/Paris;36,5
2023-02-09T17:00:00Z;-1;9000003703;hourly;0,2575000000;7,7669902913;132,0388349515;15,5339805825;0,0000000000;3,8834951456;3,8834951456;34,9514563107;97,0873786408;7,7669902913;7,7669902913;0,0000000000;0,0000000000;1;0, 5.8823529412, 38.2352941176, 26.4705882353, 26.4705882353, 2.9411764706, 0, 0;0, 0, 0, 5.8823529412, 11.7647058824, 26.4705882353, 11.7647058824, 14.7058823529, 17.6470588235, 8.8235294118, 2.9411764706, 0, 0, 0, 0, 0, 0, 0, 0, 0, 0, 0, 0, 0, 0;Europe/Paris;41,5
2023-02-09T18:00:00Z;-1;9000003703;hourly;0,0000000000;0,0000000000;0,0000000000;0,0000000000;0,0000000000;0,0000000000;0,0000000000;0,0000000000;0,0000000000;0,0000000000;0,0000000000;0,0000000000;0,0000000000;1;0, 0, 0, 0, 0, 0, 0, 0;0, 0, 0, 0, 0, 0, 0, 0, 0, 0, 0, 0, 0, 0, 0, 0, 0, 0, 0, 0, 0, 0, 0, 0, 0;Europe/Paris;NA
2023-02-10T03:00:00Z;-1;9000003703;hourly;0,0000000000;0,0000000000;0,0000000000;0,0000000000;0,0000000000;0,0000000000;0,0000000000;0,0000000000;0,0000000000;0,0000000000;0,0000000000;0,0000000000;0,0000000000;1;0, 0, 0, 0, 0, 0, 0, 0;0, 0, 0, 0, 0, 0, 0, 0, 0, 0, 0, 0, 0, 0, 0, 0, 0, 0, 0, 0, 0, 0, 0, 0, 0;Europe/Paris;NA
2023-02-10T04:00:00Z;-1;9000003703;hourly;0,0000000000;0,0000000000;0,0000000000;0,0000000000;0,0000000000;0,0000000000;0,0000000000;0,0000000000;0,0000000000;0,0000000000;0,0000000000;0,0000000000;0,0000000000;1;0, 0, 0, 0, 0, 0, 0, 0;0, 0, 0, 0, 0, 0, 0, 0, 0, 0, 0, 0, 0, 0, 0, 0, 0, 0, 0, 0, 0, 0, 0, 0, 0;Europe/Paris;NA
2023-02-10T05:00:00Z;-1;9000003703;hourly;0,0000000000;0,0000000000;0,0000000000;0,0000000000;0,0000000000;0,0000000000;0,0000000000;0,0000000000;0,0000000000;0,0000000000;0,0000000000;0,0000000000;0,0000000000;1;0, 0, 0, 0, 0, 0, 0, 0;0, 0, 0, 0, 0, 0, 0, 0, 0, 0, 0, 0, 0, 0, 0, 0, 0, 0, 0, 0, 0, 0, 0, 0, 0;Europe/Paris;NA
2023-02-10T06:00:00Z;-1;9000003703;hourly;0,0000000000;0,0000000000;0,0000000000;0,0000000000;0,0000000000;0,0000000000;0,0000000000;0,0000000000;0,0000000000;0,0000000000;0,0000000000;0,0000000000;0,0000000000;1;0, 0, 0, 0, 0, 0, 0, 0;0, 0, 0, 0, 0, 0, 0, 0, 0, 0, 0, 0, 0, 0, 0, 0, 0, 0, 0, 0, 0, 0, 0, 0, 0;Europe/Paris;NA
2023-02-10T07:00:00Z;-1;9000003703;hourly;0,2788888889;3,5856573705;82,4701195219;7,1713147410;28,6852589641;3,5856573705;0,0000000000;53,7848605578;28,6852589641;3,5856573705;3,5856573705;21,5139442231;7,1713147410;1;0, 0, 34.7826086957, 52.1739130435, 13.0434782609, 0, 0, 0;0, 0, 0, 0, 8.6956521739, 26.0869565217, 13.0434782609, 39.1304347826, 8.6956521739, 4.347826087, 0, 0, 0, 0, 0, 0, 0, 0, 0, 0, 0, 0, 0, 0, 0;Europe/Paris;37,0
2023-02-10T08:00:00Z;-1;9000003703;hourly;0,5786111111;1,7282765242;36,2938070091;0,0000000000;8,6413826212;0,0000000000;1,7282765242;13,8262121940;22,4675948152;0,0000000000;0,0000000000;3,4565530485;5,1848295727;1;0, 0, 33.3333333333, 47.619047619, 19.0476190476, 0, 0, 0;0, 0, 0, 0, 9.5238095238, 23.8095238095, 28.5714285714, 19.0476190476, 19.0476190476, 0, 0, 0, 0, 0, 0, 0, 0, 0, 0, 0, 0, 0, 0, 0, 0;Europe/Paris;38,5
2023-02-10T09:00:00Z;-1;9000003703;hourly;0,6158333333;1,6238159675;17,8619756428;6,4952638701;6,4952638701;0,0000000000;1,6238159675;6,4952638701;11,3667117727;3,2476319350;3,2476319350;3,2476319350;3,2476319350;1;0, 9.0909090909, 36.3636363636, 54.5454545455, 0, 0, 0, 0;0, 0, 9.0909090909, 0, 18.1818181818, 18.1818181818, 36.3636363636, 18.1818181818, 0, 0, 0, 0, 0, 0, 0, 0, 0, 0, 0, 0, 0, 0, 0, 0, 0;Europe/Paris;33,5
2023-02-10T10:00:00Z;-1;9000003703;hourly;0,6266666667;11,1702127660;38,2978723404;14,3617021277;7,9787234043;4,7872340426;6,3829787234;11,1702127660;27,1276595745;7,9787234043;6,3829787234;3,1914893617;4,7872340426;1;0, 0, 41.6666666667, 45.8333333333, 12.5, 0, 0, 0;0, 0, 0, 0, 12.5, 29.1666666667, 29.1666666667, 16.6666666667, 0, 12.5, 0, 0, 0, 0, 0, 0, 0, 0, 0, 0, 0, 0, 0, 0, 0;Europe/Paris;37,0
2023-02-10T11:00:00Z;-1;9000003703;hourly;0,6472222222;9,2703862661;69,5278969957;4,6351931330;16,9957081545;6,1802575107;3,0901287554;20,0858369099;49,4420600858;0,0000000000;4,6351931330;1,5450643777;15,4506437768;1;0, 4.4444444444, 26.6666666667, 42.2222222222, 22.2222222222, 4.4444444444, 0, 0;0, 0, 0, 4.4444444444, 13.3333333333, 13.3333333333, 20, 22.2222222222, 13.3333333333, 8.8888888889, 4.4444444444, 0, 0, 0, 0, 0, 0, 0, 0, 0, 0, 0, 0, 0, 0;Europe/Paris;42,0
2023-02-10T12:00:00Z;-1;9000003703;hourly;0,5788888889;13,8195777351;62,1880998081;15,5470249520;10,3646833013;10,3646833013;3,4548944338;34,5489443378;27,6391554702;3,4548944338;12,0921305182;6,9097888676;3,4548944338;1;2.7777777778, 2.7777777778, 33.3333333333, 47.2222222222, 13.8888888889, 0, 0, 0;2.7777777778, 0, 0, 2.7777777778, 5.5555555556, 27.7777777778, 30.5555555556, 16.6666666667, 11.1111111111, 2.7777777778, 0, 0, 0, 0, 0, 0, 0, 0, 0, 0, 0, 0, 0, 0, 0;Europe/Paris;37,0
2023-02-10T13:00:00Z;-1;9000003703;hourly;0,6252777778;7,9964460240;59,1737005775;27,1879164816;7,9964460240;1,5992892048;6,3971568192;33,5850733008;25,5886272768;14,3936028432;12,7943136384;6,3971568192;1,5992892048;1;24.3243243243, 13.5135135135, 35.1351351351, 27.027027027, 0, 0, 0, 0;24.3243243243, 0, 0, 13.5135135135, 16.2162162162, 18.9189189189, 16.2162162162, 10.8108108108, 0, 0, 0, 0, 0, 0, 0, 0, 0, 0, 0, 0, 0, 0, 0, 0, 0;Europe/Paris;31,0
2023-02-10T14:00:00Z;-1;9000003703;hourly;0,6425000000;7,7821011673;31,1284046693;7,7821011673;15,5642023346;1,5564202335;6,2256809339;12,4513618677;18,6770428016;3,1128404669;4,6692607004;4,6692607004;10,8949416342;1;0, 0, 30, 45, 25, 0, 0, 0;0, 0, 0, 0, 10, 20, 30, 15, 25, 0, 0, 0, 0, 0, 0, 0, 0, 0, 0, 0, 0, 0, 0, 0, 0;Europe/Paris;39,5
2023-02-10T15:00:00Z;-1;9000003703;hourly;0,5852777778;5,1257712387;105,9326056004;32,4632178453;59,8006644518;1,7085904129;3,4171808258;34,1718082582;71,7607973422;6,8343616516;25,6288561936;15,3773137162;44,4233507356;1;0, 11.2903225806, 30.6451612903, 46.7741935484, 9.6774193548, 1.6129032258, 0, 0;0, 0, 3.2258064516, 8.064516129, 12.9032258065, 17.7419354839, 17.7419354839, 29.0322580645, 4.8387096774, 4.8387096774, 1.6129032258, 0, 0, 0, 0, 0, 0, 0, 0, 0, 0, 0, 0, 0, 0;Europe/Paris;37,0
2023-02-10T16:00:00Z;-1;9000003703;hourly;0,5663888889;26,4835703776;150,0735654733;21,1868563021;21,1868563021;15,8901422266;10,5934281511;47,6704266797;102,4031387935;14,1245708681;7,0622854340;12,3589995096;8,8278567925;1;3.5294117647, 2.3529411765, 29.4117647059, 51.7647058824, 11.7647058824, 1.1764705882, 0, 0;2.3529411765, 1.1764705882, 0, 2.3529411765, 8.2352941176, 21.1764705882, 25.8823529412, 25.8823529412, 9.4117647059, 2.3529411765, 1.1764705882, 0, 0, 0, 0, 0, 0, 0, 0, 0, 0, 0, 0, 0, 0;Europe/Paris;37,0
2023-02-10T17:00:00Z;-1;9000003703;hourly;0,2861111111;6,9902912621;132,8155339806;3,4951456311;13,9805825243;0,0000000000;6,9902912621;66,4077669903;66,4077669903;0,0000000000;3,4951456311;10,4854368932;3,4951456311;1;0, 7.8947368421, 47.3684210526, 28.9473684211, 13.1578947368, 2.6315789474, 0, 0;0, 0, 5.2631578947, 2.6315789474, 13.1578947368, 34.2105263158, 10.5263157895, 18.4210526316, 7.8947368421, 5.2631578947, 2.6315789474, 0, 0, 0, 0, 0, 0, 0, 0, 0, 0, 0, 0, 0, 0;Europe/Paris;38,0
2023-02-10T18:00:00Z;-1;9000003703;hourly;0,0000000000;0,0000000000;0,0000000000;0,0000000000;0,0000000000;0,0000000000;0,0000000000;0,0000000000;0,0000000000;0,0000000000;0,0000000000;0,0000000000;0,0000000000;1;0, 0, 0, 0, 0, 0, 0, 0;0, 0, 0, 0, 0, 0, 0, 0, 0, 0, 0, 0, 0, 0, 0, 0, 0, 0, 0, 0, 0, 0, 0, 0, 0;Europe/Paris;NA
2023-02-11T10:00:00Z;-1;9000003703;hourly;1,0000000000;0,0000000000;0,0000000000;0,0000000000;0,0000000000;0,0000000000;0,0000000000;0,0000000000;0,0000000000;0,0000000000;0,0000000000;0,0000000000;0,0000000000;1;0, 0, 0, 0, 0, 0, 0, 0;0, 0, 0, 0, 0, 0, 0, 0, 0, 0, 0, 0, 0, 0, 0, 0, 0, 0, 0, 0, 0, 0, 0, 0, 0;Europe/Paris;NA
2023-02-11T11:00:00Z;-1;9000003703;hourly;0,8169444444;18,3611016661;83,2369942197;7,3444406664;7,3444406664;13,4648078885;4,8962937776;37,9462767766;45,2907174430;4,8962937776;2,4481468888;0,0000000000;7,3444406664;1;1.4705882353, 10.2941176471, 52.9411764706, 32.3529411765, 2.9411764706, 0, 0, 0;1.4705882353, 0, 1.4705882353, 8.8235294118, 22.0588235294, 30.8823529412, 22.0588235294, 10.2941176471, 2.9411764706, 0, 0, 0, 0, 0, 0, 0, 0, 0, 0, 0, 0, 0, 0, 0, 0;Europe/Paris;32,0
2023-02-11T12:00:00Z;-1;9000003703;hourly;0,8088888889;6,1813186813;74,1758241758;8,6538461538;1,2362637363;3,7087912088;2,4725274725;27,1978021978;46,9780219780;3,7087912088;4,9450549451;1,2362637363;0,0000000000;1;6.6666666667, 8.3333333333, 50, 31.6666666667, 3.3333333333, 0, 0, 0;5, 1.6666666667, 1.6666666667, 6.6666666667, 16.6666666667, 33.3333333333, 25, 6.6666666667, 3.3333333333, 0, 0, 0, 0, 0, 0, 0, 0, 0, 0, 0, 0, 0, 0, 0, 0;Europe/Paris;31,5
2023-02-11T13:00:00Z;-1;9000003703;hourly;0,7744444444;10,3299856528;47,7761836442;14,2037302726;2,5824964132;3,8737446198;6,4562410330;23,2424677188;24,5337159254;10,3299856528;3,8737446198;0,0000000000;2,5824964132;1;16.2162162162, 13.5135135135, 40.5405405405, 27.027027027, 2.7027027027, 0, 0, 0;13.5135135135, 2.7027027027, 8.1081081081, 5.4054054054, 10.8108108108, 29.7297297297, 24.3243243243, 2.7027027027, 0, 2.7027027027, 0, 0, 0, 0, 0, 0, 0, 0, 0, 0, 0, 0, 0, 0, 0;Europe/Paris;30,5
2023-02-11T14:00:00Z;-1;9000003703;hourly;0,7844444444;1,2747875354;56,0906515581;7,6487252125;0,0000000000;1,2747875354;0,0000000000;30,5949008499;25,4957507082;7,6487252125;0,0000000000;0,0000000000;0,0000000000;1;11.3636363636, 20.4545454545, 43.1818181818, 22.7272727273, 2.2727272727, 0, 0, 0;9.0909090909, 2.2727272727, 4.5454545455, 15.9090909091, 22.7272727273, 20.4545454545, 15.9090909091, 6.8181818182, 2.2727272727, 0, 0, 0, 0, 0, 0, 0, 0, 0, 0, 0, 0, 0, 0, 0, 0;Europe/Paris;30,5
2023-02-11T15:00:00Z;-1;9000003703;hourly;0,7850000000;3,8216560510;75,1592356688;14,0127388535;6,3694267516;1,2738853503;2,5477707006;43,3121019108;31,8471337580;7,6433121019;6,3694267516;3,8216560510;2,5477707006;1;15.2542372881, 55.9322033898, 25.4237288136, 3.3898305085, 0, 0, 0, 0;8.4745762712, 6.7796610169, 23.7288135593, 32.2033898305, 18.6440677966, 6.7796610169, 1.6949152542, 1.6949152542, 0, 0, 0, 0, 0, 0, 0, 0, 0, 0, 0, 0, 0, 0, 0, 0, 0;Europe/Paris;21,0
2023-02-11T16:00:00Z;-1;9000003703;hourly;0,7744444444;3,8737446198;68,4361549498;10,3299856528;6,4562410330;0,0000000000;3,8737446198;33,5724533716;34,8637015782;6,4562410330;3,8737446198;5,1649928264;1,2912482066;1;15.0943396226, 3.7735849057, 39.6226415094, 33.9622641509, 7.5471698113, 0, 0, 0;15.0943396226, 0, 0, 3.7735849057, 24.5283018868, 15.0943396226, 24.5283018868, 9.4339622642, 3.7735849057, 3.7735849057, 0, 0, 0, 0, 0, 0, 0, 0, 0, 0, 0, 0, 0, 0, 0;Europe/Paris;33,5
2023-02-11T17:00:00Z;-1;9000003703;hourly;0,4211111111;0,0000000000;71,2401055409;16,6226912929;14,2480211082;0,0000000000;0,0000000000;45,1187335092;26,1213720317;7,1240105541;9,4986807388;7,1240105541;7,1240105541;1;0, 6.6666666667, 30, 43.3333333333, 6.6666666667, 10, 0, 3.3333333333;0, 0, 6.6666666667, 0, 13.3333333333, 16.6666666667, 30, 13.3333333333, 3.3333333333, 3.3333333333, 10, 0, 0, 0, 0, 0, 0, 3.3333333333, 0, 0, 0, 0, 0, 0, 0;Europe/Paris;45,0
2023-02-11T18:00:00Z;-1;9000003703;hourly;0,0000000000;0,0000000000;0,0000000000;0,0000000000;0,0000000000;0,0000000000;0,0000000000;0,0000000000;0,0000000000;0,0000000000;0,0000000000;0,0000000000;0,0000000000;1;0, 0, 0, 0, 0, 0, 0, 0;0, 0, 0, 0, 0, 0, 0, 0, 0, 0, 0, 0, 0, 0, 0, 0, 0, 0, 0, 0, 0, 0, 0, 0, 0;Europe/Paris;NA
2023-02-15T13:00:00Z;-1;9000003703;hourly;0,9908333333;0,0000000000;0,0000000000;0,0000000000;0,0000000000;0,0000000000;0,0000000000;0,0000000000;0,0000000000;0,0000000000;0,0000000000;0,0000000000;0,0000000000;1;0, 0, 0, 0, 0, 0, 0, 0;0, 0, 0, 0, 0, 0, 0, 0, 0, 0, 0, 0, 0, 0, 0, 0, 0, 0, 0, 0, 0, 0, 0, 0, 0;Europe/Paris;NA
2023-02-15T14:00:00Z;-1;9000003703;hourly;0,7972222222;5,0174216028;51,4285714286;8,7804878049;0,0000000000;2,5087108014;2,5087108014;23,8327526132;27,5958188153;5,0174216028;3,7630662021;0,0000000000;0,0000000000;1;2.4390243902, 29.2682926829, 60.9756097561, 7.3170731707, 0, 0, 0, 0;0, 2.4390243902, 9.756097561, 19.512195122, 24.3902439024, 36.5853658537, 7.3170731707, 0, 0, 0, 0, 0, 0, 0, 0, 0, 0, 0, 0, 0, 0, 0, 0, 0, 0;Europe/Paris;26,5
2023-02-15T15:00:00Z;-1;9000003703;hourly;0,7936111111;1,2600630032;57,9628981449;11,3405670284;6,3003150158;0,0000000000;1,2600630032;27,7213860693;30,2415120756;3,7801890095;7,5603780189;1,2600630032;5,0402520126;1;30.4347826087, 41.3043478261, 21.7391304348, 4.347826087, 2.1739130435, 0, 0, 0;10.8695652174, 19.5652173913, 21.7391304348, 19.5652173913, 17.3913043478, 4.347826087, 4.347826087, 0, 2.1739130435, 0, 0, 0, 0, 0, 0, 0, 0, 0, 0, 0, 0, 0, 0, 0, 0;Europe/Paris;21,5
2023-02-15T16:00:00Z;-1;9000003703;hourly;0,7925000000;2,5236593060;99,6845425868;7,5709779180;11,3564668770;1,2618296530;1,2618296530;40,3785488959;59,3059936909;2,5236593060;5,0473186120;3,7854889590;7,5709779180;1;26.582278481, 22.7848101266, 20.253164557, 26.582278481, 2.5316455696, 1.2658227848, 0, 0;22.7848101266, 3.7974683544, 12.6582278481, 10.1265822785, 7.5949367089, 12.6582278481, 15.1898734177, 11.3924050633, 1.2658227848, 1.2658227848, 0, 1.2658227848, 0, 0, 0, 0, 0, 0, 0, 0, 0, 0, 0, 0, 0;Europe/Paris;32,5
2023-02-15T17:00:00Z;-1;9000003703;hourly;0,4277777778;11,6883116883;123,8961038961;7,0129870130;7,0129870130;2,3376623377;9,3506493506;42,0779220779;81,8181818182;7,0129870130;0,0000000000;0,0000000000;7,0129870130;1;0, 3.7735849057, 32.0754716981, 52.8301886792, 11.320754717, 0, 0, 0;0, 0, 1.8867924528, 1.8867924528, 9.4339622642, 22.641509434, 22.641509434, 30.1886792453, 9.4339622642, 1.8867924528, 0, 0, 0, 0, 0, 0, 0, 0, 0, 0, 0, 0, 0, 0, 0;Europe/Paris;37,0
2023-02-15T18:00:00Z;-1;9000003703;hourly;0,0000000000;0,0000000000;0,0000000000;0,0000000000;0,0000000000;0,0000000000;0,0000000000;0,0000000000;0,0000000000;0,0000000000;0,0000000000;0,0000000000;0,0000000000;1;0, 0, 0, 0, 0, 0, 0, 0;0, 0, 0, 0, 0, 0, 0, 0, 0, 0, 0, 0, 0, 0, 0, 0, 0, 0, 0, 0, 0, 0, 0, 0, 0;Europe/Paris;NA
2023-02-16T11:00:00Z;-1;9000003703;hourly;0,9361111111;2,1364985163;6,4094955490;0,0000000000;1,0682492582;2,1364985163;0,0000000000;1,0682492582;5,3412462908;0,0000000000;0,0000000000;1,0682492582;0,0000000000;1;0, 0, 16.6666666667, 50, 16.6666666667, 16.6666666667, 0, 0;0, 0, 0, 0, 0, 16.6666666667, 33.3333333333, 16.6666666667, 16.6666666667, 0, 16.6666666667, 0, 0, 0, 0, 0, 0, 0, 0, 0, 0, 0, 0, 0, 0;Europe/Paris;48,0
2023-02-16T12:00:00Z;-1;9000003703;hourly;0,8102777778;11,1073020226;33,3219060679;1,2341446692;11,1073020226;6,1707233459;4,9365786767;18,5121700377;14,8097360302;1,2341446692;0,0000000000;4,9365786767;6,1707233459;1;0, 0, 37.037037037, 48.1481481481, 11.1111111111, 3.7037037037, 0, 0;0, 0, 0, 0, 3.7037037037, 33.3333333333, 29.6296296296, 18.5185185185, 11.1111111111, 0, 3.7037037037, 0, 0, 0, 0, 0, 0, 0, 0, 0, 0, 0, 0, 0, 0;Europe/Paris;37,5
2023-02-16T13:00:00Z;-1;9000003703;hourly;0,7975000000;3,7617554859;45,1410658307;2,5078369906;3,7617554859;2,5078369906;1,2539184953;16,3009404389;28,8401253918;1,2539184953;1,2539184953;1,2539184953;2,5078369906;1;0, 0, 36.1111111111, 38.8888888889, 19.4444444444, 5.5555555556, 0, 0;0, 0, 0, 0, 8.3333333333, 27.7777777778, 16.6666666667, 22.2222222222, 16.6666666667, 2.7777777778, 5.5555555556, 0, 0, 0, 0, 0, 0, 0, 0, 0, 0, 0, 0, 0, 0;Europe/Paris;40,5
2023-02-16T14:00:00Z;-1;9000003703;hourly;0,8080555556;1,2375386731;35,8886215194;4,9501546923;6,1876933654;0,0000000000;1,2375386731;17,3255414232;18,5630800963;4,9501546923;0,0000000000;3,7126160193;2,4750773462;1;6.8965517241, 3.4482758621, 41.3793103448, 41.3793103448, 6.8965517241, 0, 0, 0;0, 6.8965517241, 3.4482758621, 0, 10.3448275862, 31.0344827586, 20.6896551724, 20.6896551724, 6.8965517241, 0, 0, 0, 0, 0, 0, 0, 0, 0, 0, 0, 0, 0, 0, 0, 0;Europe/Paris;35,5
2023-02-16T15:00:00Z;-1;9000003703;hourly;0,7983333333;8,7682672234;53,8622129436;2,5052192067;12,5260960334;5,0104384134;3,7578288100;18,7891440501;35,0730688935;2,5052192067;0,0000000000;3,7578288100;8,7682672234;1;0, 2.3255813953, 37.2093023256, 44.1860465116, 13.9534883721, 2.3255813953, 0, 0;0, 0, 2.3255813953, 0, 9.3023255814, 27.9069767442, 18.6046511628, 25.5813953488, 13.9534883721, 0, 2.3255813953, 0, 0, 0, 0, 0, 0, 0, 0, 0, 0, 0, 0, 0, 0;Europe/Paris;38,0
2023-02-16T16:00:00Z;-1;9000003703;hourly;0,8063888889;16,1212538753;81,8463658285;4,9603858078;6,2004822597;7,4405787117;8,6806751636;22,3217361350;59,5246296934;2,4801929039;2,4801929039;4,9603858078;1,2400964519;1;1.5151515152, 1.5151515152, 13.6363636364, 54.5454545455, 25.7575757576, 3.0303030303, 0, 0;1.5151515152, 0, 1.5151515152, 0, 4.5454545455, 9.0909090909, 31.8181818182, 22.7272727273, 15.1515151515, 10.6060606061, 3.0303030303, 0, 0, 0, 0, 0, 0, 0, 0, 0, 0, 0, 0, 0, 0;Europe/Paris;42,0
2023-02-16T17:00:00Z;-1;9000003703;hourly;0,2341666667;21,3523131673;123,8434163701;0,0000000000;4,2704626335;4,2704626335;17,0818505338;17,0818505338;106,7615658363;0,0000000000;0,0000000000;4,2704626335;0,0000000000;1;0, 3.4482758621, 6.8965517241, 68.9655172414, 20.6896551724, 0, 0, 0;0, 0, 3.4482758621, 0, 0, 6.8965517241, 24.1379310345, 44.8275862069, 3.4482758621, 17.2413793103, 0, 0, 0, 0, 0, 0, 0, 0, 0, 0, 0, 0, 0, 0, 0;Europe/Paris;43,0
2023-02-16T18:00:00Z;-1;9000003703;hourly;0,0000000000;0,0000000000;0,0000000000;0,0000000000;0,0000000000;0,0000000000;0,0000000000;0,0000000000;0,0000000000;0,0000000000;0,0000000000;0,0000000000;0,0000000000;1;0, 0, 0, 0, 0, 0, 0, 0;0, 0, 0, 0, 0, 0, 0, 0, 0, 0, 0, 0, 0, 0, 0, 0, 0, 0, 0, 0, 0, 0, 0, 0, 0;Europe/Paris;NA
2023-02-17T11:00:00Z;-1;9000003703;hourly;0,2558333333;23,4527687296;39,0879478827;3,9087947883;3,9087947883;11,7263843648;11,7263843648;3,9087947883;35,1791530945;0,0000000000;3,9087947883;0,0000000000;3,9087947883;1;0, 0, 10, 40, 50, 0, 0, 0;0, 0, 0, 0, 0, 10, 20, 20, 30, 20, 0, 0, 0, 0, 0, 0, 0, 0, 0, 0, 0, 0, 0, 0, 0;Europe/Paris;44,0
2023-02-17T12:00:00Z;-1;9000003703;hourly;0,8055555556;6,2068965517;47,1724137931;3,7241379310;4,9655172414;3,7241379310;2,4827586207;24,8275862069;22,3448275862;1,2413793103;2,4827586207;4,9655172414;0,0000000000;1;0, 5.2631578947, 39.4736842105, 31.5789473684, 23.6842105263, 0, 0, 0;0, 0, 0, 5.2631578947, 10.5263157895, 28.9473684211, 13.1578947368, 18.4210526316, 13.1578947368, 10.5263157895, 0, 0, 0, 0, 0, 0, 0, 0, 0, 0, 0, 0, 0, 0, 0;Europe/Paris;41,0
2023-02-17T13:00:00Z;-1;9000003703;hourly;0,7902777778;7,5922671353;36,6959578207;0,0000000000;2,5307557118;3,7961335677;3,7961335677;17,7152899824;18,9806678383;0,0000000000;0,0000000000;1,2653778559;1,2653778559;1;3.4482758621, 0, 41.3793103448, 44.8275862069, 10.3448275862, 0, 0, 0;0, 3.4482758621, 0, 0, 10.3448275862, 31.0344827586, 24.1379310345, 20.6896551724, 6.8965517241, 3.4482758621, 0, 0, 0, 0, 0, 0, 0, 0, 0, 0, 0, 0, 0, 0, 0;Europe/Paris;36,5
2023-02-17T14:00:00Z;-1;9000003703;hourly;0,7872222222;10,1623147495;55,8927311221;5,0811573747;5,0811573747;7,6217360621;2,5405786874;22,8652081863;33,0275229358;2,5405786874;2,5405786874;5,0811573747;0,0000000000;1;0, 2.2727272727, 31.8181818182, 47.7272727273, 13.6363636364, 4.5454545455, 0, 0;0, 0, 0, 2.2727272727, 4.5454545455, 27.2727272727, 34.0909090909, 13.6363636364, 9.0909090909, 4.5454545455, 4.5454545455, 0, 0, 0, 0, 0, 0, 0, 0, 0, 0, 0, 0, 0, 0;Europe/Paris;39,0
2023-02-17T15:00:00Z;-1;9000003703;hourly;0,8077777778;8,6657496561;94,0852819807;3,7138927098;8,6657496561;4,9518569464;3,7138927098;33,4250343879;60,6602475928;3,7138927098;0,0000000000;7,4277854195;1,2379642366;1;3.9473684211, 3.9473684211, 21.0526315789, 48.6842105263, 19.7368421053, 1.3157894737, 0, 1.3157894737;2.6315789474, 1.3157894737, 1.3157894737, 2.6315789474, 2.6315789474, 18.4210526316, 28.9473684211, 19.7368421053, 11.8421052632, 7.8947368421, 0, 1.3157894737, 0, 0, 1.3157894737, 0, 0, 0, 0, 0, 0, 0, 0, 0, 0;Europe/Paris;40,5
2023-02-17T16:00:00Z;-1;9000003703;hourly;0,7963888889;12,5566794559;92,9194279735;6,2783397279;10,0453435647;2,5113358912;10,0453435647;32,6473665853;60,2720613882;3,7670038368;2,5113358912;5,0226717824;5,0226717824;1;2.7027027027, 4.0540540541, 25.6756756757, 48.6486486486, 18.9189189189, 0, 0, 0;2.7027027027, 0, 0, 4.0540540541, 9.4594594595, 16.2162162162, 29.7297297297, 18.9189189189, 14.8648648649, 4.0540540541, 0, 0, 0, 0, 0, 0, 0, 0, 0, 0, 0, 0, 0, 0, 0;Europe/Paris;39,0
2023-02-17T17:00:00Z;-1;9000003703;hourly;0,2436111111;12,3147092360;110,8323831243;12,3147092360;12,3147092360;0,0000000000;12,3147092360;24,6294184721;86,2029646522;4,1049030787;8,2098061574;4,1049030787;8,2098061574;1;0, 3.7037037037, 25.9259259259, 40.7407407407, 25.9259259259, 3.7037037037, 0, 0;0, 0, 0, 3.7037037037, 11.1111111111, 14.8148148148, 29.6296296296, 11.1111111111, 18.5185185185, 7.4074074074, 3.7037037037, 0, 0, 0, 0, 0, 0, 0, 0, 0, 0, 0, 0, 0, 0;Europe/Paris;41,5
2023-02-17T18:00:00Z;-1;9000003703;hourly;0,0000000000;0,0000000000;0,0000000000;0,0000000000;0,0000000000;0,0000000000;0,0000000000;0,0000000000;0,0000000000;0,0000000000;0,0000000000;0,0000000000;0,0000000000;1;0, 0, 0, 0, 0, 0, 0, 0;0, 0, 0, 0, 0, 0, 0, 0, 0, 0, 0, 0, 0, 0, 0, 0, 0, 0, 0, 0, 0, 0, 0, 0, 0;Europe/Paris;NA
2023-02-18T12:00:00Z;-1;9000003703;hourly;0,5822222222;0,0000000000;25,7633587786;0,0000000000;8,5877862595;0,0000000000;0,0000000000;12,0229007634;13,7404580153;0,0000000000;0,0000000000;5,1526717557;3,4351145038;1;6.6666666667, 6.6666666667, 13.3333333333, 53.3333333333, 13.3333333333, 6.6666666667, 0, 0;0, 6.6666666667, 0, 6.6666666667, 0, 13.3333333333, 33.3333333333, 20, 13.3333333333, 0, 6.6666666667, 0, 0, 0, 0, 0, 0, 0, 0, 0, 0, 0, 0, 0, 0;Europe/Paris;39,5
2023-02-18T13:00:00Z;-1;9000003703;hourly;0,7980555556;2,5060911939;51,3748694744;2,5060911939;2,5060911939;1,2530455969;1,2530455969;25,0609119387;26,3139575357;2,5060911939;0,0000000000;1,2530455969;1,2530455969;1;0, 7.3170731707, 31.7073170732, 48.7804878049, 9.756097561, 2.4390243902, 0, 0;0, 0, 2.4390243902, 4.8780487805, 9.756097561, 21.9512195122, 21.9512195122, 26.8292682927, 7.3170731707, 2.4390243902, 2.4390243902, 0, 0, 0, 0, 0, 0, 0, 0, 0, 0, 0, 0, 0, 0;Europe/Paris;37,0
2023-02-18T14:00:00Z;-1;9000003703;hourly;0,7972222222;5,0174216028;60,2090592334;6,2717770035;5,0174216028;3,7630662021;1,2543554007;26,3414634146;33,8675958188;2,5087108014;3,7630662021;3,7630662021;1,2543554007;1;2.0833333333, 8.3333333333, 27.0833333333, 47.9166666667, 12.5, 2.0833333333, 0, 0;2.0833333333, 0, 2.0833333333, 6.25, 10.4166666667, 16.6666666667, 29.1666666667, 18.75, 10.4166666667, 2.0833333333, 0, 2.0833333333, 0, 0, 0, 0, 0, 0, 0, 0, 0, 0, 0, 0, 0;Europe/Paris;37,5
2023-02-18T15:00:00Z;-1;9000003703;hourly;0,8058333333;3,7228541882;49,6380558428;2,4819027921;7,4457083764;1,2409513961;2,4819027921;29,7828335057;19,8552223371;1,2409513961;1,2409513961;6,2047569804;1,2409513961;1;0, 2.5, 32.5, 55, 10, 0, 0, 0;0, 0, 0, 2.5, 10, 22.5, 30, 25, 7.5, 2.5, 0, 0, 0, 0, 0, 0, 0, 0, 0, 0, 0, 0, 0, 0, 0;Europe/Paris;36,5
2023-02-18T16:00:00Z;-1;9000003703;hourly;0,7980555556;5,0121823877;78,9418726070;5,0121823877;8,7713191786;1,2530455969;3,7591367908;53,8809606683;25,0609119387;2,5060911939;2,5060911939;3,7591367908;5,0121823877;1;0, 6.3492063492, 46.0317460317, 41.2698412698, 6.3492063492, 0, 0, 0;0, 0, 0, 6.3492063492, 20.6349206349, 25.3968253968, 28.5714285714, 12.6984126984, 6.3492063492, 0, 0, 0, 0, 0, 0, 0, 0, 0, 0, 0, 0, 0, 0, 0, 0;Europe/Paris;34,0
2023-02-18T17:00:00Z;-1;9000003703;hourly;0,4311111111;2,3195876289;95,1030927835;9,2783505155;2,3195876289;0,0000000000;2,3195876289;69,5876288660;25,5154639175;2,3195876289;6,9587628866;2,3195876289;0,0000000000;1;4.8780487805, 0, 63.4146341463, 26.8292682927, 4.8780487805, 0, 0, 0;2.4390243902, 2.4390243902, 0, 0, 26.8292682927, 36.5853658537, 17.0731707317, 9.756097561, 4.8780487805, 0, 0, 0, 0, 0, 0, 0, 0, 0, 0, 0, 0, 0, 0, 0, 0;Europe/Paris;32,5
2023-02-18T18:00:00Z;-1;9000003703;hourly;0,0000000000;0,0000000000;0,0000000000;0,0000000000;0,0000000000;0,0000000000;0,0000000000;0,0000000000;0,0000000000;0,0000000000;0,0000000000;0,0000000000;0,0000000000;1;0, 0, 0, 0, 0, 0, 0, 0;0, 0, 0, 0, 0, 0, 0, 0, 0, 0, 0, 0, 0, 0, 0, 0, 0, 0, 0, 0, 0, 0, 0, 0, 0;Europe/Paris;NA
2023-02-19T10:00:00Z;-1;9000003703;hourly;1,0000000000;0,0000000000;0,0000000000;0,0000000000;0,0000000000;0,0000000000;0,0000000000;0,0000000000;0,0000000000;0,0000000000;0,0000000000;0,0000000000;0,0000000000;1;0, 0, 0, 0, 0, 0, 0, 0;0, 0, 0, 0, 0, 0, 0, 0, 0, 0, 0, 0, 0, 0, 0, 0, 0, 0, 0, 0, 0, 0, 0, 0, 0;Europe/Paris;NA
2023-02-19T11:00:00Z;-1;9000003703;hourly;0,8233333333;1,2145748988;23,0769230769;2,4291497976;9,7165991903;1,2145748988;0,0000000000;8,5020242915;14,5748987854;0,0000000000;2,4291497976;4,8582995951;4,8582995951;1;0, 0, 21.0526315789, 63.1578947368, 15.7894736842, 0, 0, 0;0, 0, 0, 0, 10.5263157895, 10.5263157895, 31.5789473684, 31.5789473684, 5.2631578947, 10.5263157895, 0, 0, 0, 0, 0, 0, 0, 0, 0, 0, 0, 0, 0, 0, 0;Europe/Paris;38,5
2023-02-19T12:00:00Z;-1;9000003703;hourly;0,7930555556;2,5218914186;13,8704028021;3,7828371278;2,5218914186;1,2609457093;1,2609457093;2,5218914186;11,3485113835;1,2609457093;2,5218914186;1,2609457093;1,2609457093;1;0, 9.0909090909, 54.5454545455, 27.2727272727, 9.0909090909, 0, 0, 0;0, 0, 0, 9.0909090909, 27.2727272727, 27.2727272727, 9.0909090909, 18.1818181818, 9.0909090909, 0, 0, 0, 0, 0, 0, 0, 0, 0, 0, 0, 0, 0, 0, 0, 0;Europe/Paris;36,0
2023-02-19T13:00:00Z;-1;9000003703;hourly;0,7950000000;1,2578616352;35,2201257862;12,5786163522;2,5157232704;1,2578616352;0,0000000000;16,3522012579;18,8679245283;6,2893081761;6,2893081761;2,5157232704;0,0000000000;1;17.8571428571, 7.1428571429, 39.2857142857, 25, 10.7142857143, 0, 0, 0;17.8571428571, 0, 0, 7.1428571429, 14.2857142857, 25, 21.4285714286, 3.5714285714, 10.7142857143, 0, 0, 0, 0, 0, 0, 0, 0, 0, 0, 0, 0, 0, 0, 0, 0;Europe/Paris;32,5
2023-02-19T14:00:00Z;-1;9000003703;hourly;0,7913888889;0,0000000000;32,8536328536;15,1632151632;0,0000000000;0,0000000000;0,0000000000;20,2176202176;12,6360126360;10,1088101088;5,0544050544;0,0000000000;0,0000000000;1;3.8461538462, 26.9230769231, 46.1538461538, 23.0769230769, 0, 0, 0, 0;3.8461538462, 0, 3.8461538462, 23.0769230769, 30.7692307692, 15.3846153846, 15.3846153846, 7.6923076923, 0, 0, 0, 0, 0, 0, 0, 0, 0, 0, 0, 0, 0, 0, 0, 0, 0;Europe/Paris;30,0
2023-02-19T15:00:00Z;-1;9000003703;hourly;0,7880555556;3,8068382094;41,8752203031;12,6894606979;2,5378921396;1,2689460698;2,5378921396;24,1099753260;17,7652449771;10,1515685583;2,5378921396;0,0000000000;2,5378921396;1;21.2121212121, 30.303030303, 42.4242424242, 6.0606060606, 0, 0, 0, 0;6.0606060606, 15.1515151515, 9.0909090909, 21.2121212121, 30.303030303, 12.1212121212, 6.0606060606, 0, 0, 0, 0, 0, 0, 0, 0, 0, 0, 0, 0, 0, 0, 0, 0, 0, 0;Europe/Paris;24,0
2023-02-19T16:00:00Z;-1;9000003703;hourly;0,7827777778;1,2775017743;60,0425833925;5,1100070972;5,1100070972;0,0000000000;1,2775017743;24,2725337119;35,7700496806;3,8325053229;1,2775017743;2,5550035486;2,5550035486;1;44.6808510638, 14.8936170213, 23.4042553191, 14.8936170213, 2.1276595745, 0, 0, 0;36.170212766, 8.5106382979, 6.3829787234, 8.5106382979, 12.7659574468, 10.6382978723, 4.2553191489, 10.6382978723, 2.1276595745, 0, 0, 0, 0, 0, 0, 0, 0, 0, 0, 0, 0, 0, 0, 0, 0;Europe/Paris;30,0
2023-02-19T17:00:00Z;-1;9000003703;hourly;0,5625000000;0,0000000000;60,4444444444;8,8888888889;19,5555555556;0,0000000000;0,0000000000;21,3333333333;39,1111111111;5,3333333333;3,5555555556;1,7777777778;17,7777777778;1;0, 11.7647058824, 50, 38.2352941176, 0, 0, 0, 0;0, 0, 2.9411764706, 8.8235294118, 23.5294117647, 26.4705882353, 20.5882352941, 17.6470588235, 0, 0, 0, 0, 0, 0, 0, 0, 0, 0, 0, 0, 0, 0, 0, 0, 0;Europe/Paris;33,5
2023-02-19T18:00:00Z;-1;9000003703;hourly;0,0000000000;0,0000000000;0,0000000000;0,0000000000;0,0000000000;0,0000000000;0,0000000000;0,0000000000;0,0000000000;0,0000000000;0,0000000000;0,0000000000;0,0000000000;1;0, 0, 0, 0, 0, 0, 0, 0;0, 0, 0, 0, 0, 0, 0, 0, 0, 0, 0, 0, 0, 0, 0, 0, 0, 0, 0, 0, 0, 0, 0, 0, 0;Europe/Paris;NA
2023-02-20T09:00:00Z;-1;9000003703;hourly;0,4850000000;6,1855670103;32,9896907216;4,1237113402;6,1855670103;2,0618556701;4,1237113402;18,5567010309;14,4329896907;2,0618556701;2,0618556701;4,1237113402;2,0618556701;1;0, 0, 12.5, 81.25, 6.25, 0, 0, 0;0, 0, 0, 0, 0, 12.5, 68.75, 12.5, 0, 6.25, 0, 0, 0, 0, 0, 0, 0, 0, 0, 0, 0, 0, 0, 0, 0;Europe/Paris;34,0
2023-02-20T10:00:00Z;-1;9000003703;hourly;0,7972222222;11,2891986063;31,3588850174;0,0000000000;8,7804878049;6,2717770035;5,0174216028;17,5609756098;13,7979094077;0,0000000000;0,0000000000;7,5261324042;1,2543554007;1;4, 4, 36, 48, 4, 4, 0, 0;0, 4, 0, 4, 8, 28, 28, 20, 0, 4, 4, 0, 0, 0, 0, 0, 0, 0, 0, 0, 0, 0, 0, 0, 0;Europe/Paris;35,5
2023-02-20T11:00:00Z;-1;9000003703;hourly;0,8005555556;3,7473976405;49,9653018737;2,4982650937;2,4982650937;2,4982650937;1,2491325468;8,7439278279;41,2213740458;1,2491325468;1,2491325468;1,2491325468;1,2491325468;1;0, 0, 17.5, 40, 35, 7.5, 0, 0;0, 0, 0, 0, 5, 12.5, 12.5, 27.5, 22.5, 12.5, 7.5, 0, 0, 0, 0, 0, 0, 0, 0, 0, 0, 0, 0, 0, 0;Europe/Paris;44,5
2023-02-20T12:00:00Z;-1;9000003703;hourly;0,8058333333;2,4819027921;45,9152016546;3,7228541882;4,9638055843;1,2409513961;1,2409513961;24,8190279214;21,0961737332;1,2409513961;2,4819027921;4,9638055843;0,0000000000;1;0, 0, 37.8378378378, 40.5405405405, 21.6216216216, 0, 0, 0;0, 0, 0, 0, 5.4054054054, 32.4324324324, 24.3243243243, 16.2162162162, 13.5135135135, 8.1081081081, 0, 0, 0, 0, 0, 0, 0, 0, 0, 0, 0, 0, 0, 0, 0;Europe/Paris;40,0
2023-02-20T13:00:00Z;-1;9000003703;hourly;0,7997222222;2,5008683571;32,5112886419;3,7513025356;6,2521708927;2,5008683571;0,0000000000;18,7565126780;13,7547759639;0,0000000000;3,7513025356;2,5008683571;3,7513025356;1;0, 3.8461538462, 23.0769230769, 57.6923076923, 7.6923076923, 7.6923076923, 0, 0;0, 0, 0, 3.8461538462, 7.6923076923, 15.3846153846, 19.2307692308, 38.4615384615, 0, 7.6923076923, 3.8461538462, 3.8461538462, 0, 0, 0, 0, 0, 0, 0, 0, 0, 0, 0, 0, 0;Europe/Paris;37,5
2023-02-20T14:00:00Z;-1;9000003703;hourly;0,7830555556;3,8311457964;37,0344093650;12,7704859879;10,2163887904;2,5540971976;1,2770485988;16,6016317843;20,4327775807;7,6622915928;5,1081943952;2,5540971976;7,6622915928;1;3.4482758621, 6.8965517241, 10.3448275862, 37.9310344828, 24.1379310345, 13.7931034483, 3.4482758621, 0;3.4482758621, 0, 0, 6.8965517241, 6.8965517241, 3.4482758621, 24.1379310345, 13.7931034483, 24.1379310345, 0, 6.8965517241, 6.8965517241, 0, 3.4482758621, 0, 0, 0, 0, 0, 0, 0, 0, 0, 0, 0;Europe/Paris;49,0
2023-02-20T15:00:00Z;-1;9000003703;hourly;0,7886111111;10,1444170483;51,9901373723;5,0722085241;5,0722085241;5,0722085241;5,0722085241;24,0929904896;27,8971468827;2,5361042621;2,5361042621;2,5361042621;2,5361042621;1;17.0731707317, 24.3902439024, 39.0243902439, 17.0731707317, 2.4390243902, 0, 0, 0;7.3170731707, 9.756097561, 7.3170731707, 17.0731707317, 24.3902439024, 14.6341463415, 9.756097561, 7.3170731707, 2.4390243902, 0, 0, 0, 0, 0, 0, 0, 0, 0, 0, 0, 0, 0, 0, 0, 0;Europe/Paris;30,0
2023-02-20T16:00:00Z;-1;9000003703;hourly;0,7877777778;3,8081805360;95,2045133992;5,0775740480;5,0775740480;2,5387870240;1,2693935120;34,2736248237;60,9308885755;1,2693935120;3,8081805360;1,2693935120;3,8081805360;1;17.3333333333, 14.6666666667, 41.3333333333, 20, 6.6666666667, 0, 0, 0;17.3333333333, 0, 2.6666666667, 12, 20, 21.3333333333, 10.6666666667, 9.3333333333, 6.6666666667, 0, 0, 0, 0, 0, 0, 0, 0, 0, 0, 0, 0, 0, 0, 0, 0;Europe/Paris;33,0
2023-02-20T17:00:00Z;-1;9000003703;hourly;0,5402777778;5,5526992288;96,2467866324;3,7017994859;11,1053984576;0,0000000000;5,5526992288;20,3598971722;75,8868894602;0,0000000000;3,7017994859;5,5526992288;5,5526992288;1;0, 3.8461538462, 32.6923076923, 51.9230769231, 7.6923076923, 1.9230769231, 1.9230769231, 0;0, 0, 0, 3.8461538462, 3.8461538462, 28.8461538462, 25, 26.9230769231, 7.6923076923, 0, 1.9230769231, 0, 0, 1.9230769231, 0, 0, 0, 0, 0, 0, 0, 0, 0, 0, 0;Europe/Paris;37,0
2023-02-20T18:00:00Z;-1;9000003703;hourly;0,0000000000;0,0000000000;0,0000000000;0,0000000000;0,0000000000;0,0000000000;0,0000000000;0,0000000000;0,0000000000;0,0000000000;0,0000000000;0,0000000000;0,0000000000;1;0, 0, 0, 0, 0, 0, 0, 0;0, 0, 0, 0, 0, 0, 0, 0, 0, 0, 0, 0, 0, 0, 0, 0, 0, 0, 0, 0, 0, 0, 0, 0, 0;Europe/Paris;NA
2023-02-21T10:00:00Z;-1;9000003703;hourly;0,9008333333;4,4403330250;18,8714153562;2,2201665125;4,4403330250;3,3302497687;1,1100832562;4,4403330250;14,4310823312;0,0000000000;2,2201665125;2,2201665125;2,2201665125;1;0, 5.8823529412, 41.1764705882, 35.2941176471, 17.6470588235, 0, 0, 0;0, 0, 0, 5.8823529412, 11.7647058824, 29.4117647059, 23.5294117647, 11.7647058824, 17.6470588235, 0, 0, 0, 0, 0, 0, 0, 0, 0, 0, 0, 0, 0, 0, 0, 0;Europe/Paris;38,0
2023-02-21T11:00:00Z;-1;9000003703;hourly;0,8013888889;9,9826689775;54,9046793761;4,9913344887;9,9826689775;3,7435008666;6,2391681109;12,4783362218;42,4263431542;2,4956672444;2,4956672444;2,4956672444;7,4870017331;1;0, 0, 25, 50, 22.7272727273, 2.2727272727, 0, 0;0, 0, 0, 0, 6.8181818182, 18.1818181818, 25, 25, 22.7272727273, 0, 2.2727272727, 0, 0, 0, 0, 0, 0, 0, 0, 0, 0, 0, 0, 0, 0;Europe/Paris;39,5
2023-02-21T12:00:00Z;-1;9000003703;hourly;0,8022222222;3,7396121884;41,1357340720;4,9861495845;4,9861495845;1,2465373961;2,4930747922;21,1911357341;19,9445983380;2,4930747922;2,4930747922;2,4930747922;2,4930747922;1;0, 6.0606060606, 39.3939393939, 33.3333333333, 21.2121212121, 0, 0, 0;0, 0, 0, 6.0606060606, 12.1212121212, 27.2727272727, 18.1818181818, 15.1515151515, 18.1818181818, 3.0303030303, 0, 0, 0, 0, 0, 0, 0, 0, 0, 0, 0, 0, 0, 0, 0;Europe/Paris;39,0
2023-02-21T13:00:00Z;-1;9000003703;hourly;0,7919444444;0,0000000000;30,3051560856;8,8390038583;7,5762890214;0,0000000000;0,0000000000;10,1017186952;20,2034373904;5,0508593476;3,7881445107;3,7881445107;3,7881445107;1;4.1666666667, 0, 29.1666666667, 58.3333333333, 4.1666666667, 4.1666666667, 0, 0;4.1666666667, 0, 0, 0, 4.1666666667, 25, 41.6666666667, 16.6666666667, 4.1666666667, 0, 4.1666666667, 0, 0, 0, 0, 0, 0, 0, 0, 0, 0, 0, 0, 0, 0;Europe/Paris;35,5
2023-02-21T14:00:00Z;-1;9000003703;hourly;0,7947222222;2,5166025865;33,9741349179;7,5498077595;3,7749038798;0,0000000000;2,5166025865;20,1328206921;13,8413142258;6,2915064663;1,2583012933;1,2583012933;2,5166025865;1;3.7037037037, 3.7037037037, 48.1481481481, 37.037037037, 3.7037037037, 3.7037037037, 0, 0;3.7037037037, 0, 0, 3.7037037037, 18.5185185185, 29.6296296296, 22.2222222222, 14.8148148148, 3.7037037037, 0, 3.7037037037, 0, 0, 0, 0, 0, 0, 0, 0, 0, 0, 0, 0, 0, 0;Europe/Paris;35,0
2023-02-21T15:00:00Z;-1;9000003703;hourly;0,8002777778;8,7469628601;53,7313432836;7,4973967372;8,7469628601;3,7486983686;4,9982644915;14,9947934745;38,7365498091;4,9982644915;2,4991322457;3,7486983686;4,9982644915;1;0, 0, 27.9069767442, 44.1860465116, 25.5813953488, 2.3255813953, 0, 0;0, 0, 0, 0, 2.3255813953, 25.5813953488, 25.5813953488, 18.6046511628, 13.9534883721, 11.6279069767, 2.3255813953, 0, 0, 0, 0, 0, 0, 0, 0, 0, 0, 0, 0, 0, 0;Europe/Paris;42,0
2023-02-21T16:00:00Z;-1;9000003703;hourly;0,7966666667;6,2761506276;90,3765690377;11,2970711297;20,0836820084;2,5104602510;3,7656903766;22,5941422594;67,7824267782;5,0209205021;6,2761506276;11,2970711297;8,7866108787;1;1.3888888889, 2.7777777778, 30.5555555556, 44.4444444444, 20.8333333333, 0, 0, 0;0, 1.3888888889, 0, 2.7777777778, 5.5555555556, 25, 25, 19.4444444444, 13.8888888889, 6.9444444444, 0, 0, 0, 0, 0, 0, 0, 0, 0, 0, 0, 0, 0, 0, 0;Europe/Paris;39,5
2023-02-21T17:00:00Z;-1;9000003703;hourly;0,5138888889;9,7297297297;110,9189189189;9,7297297297;11,6756756757;3,8918918919;5,8378378378;29,1891891892;81,7297297297;0,0000000000;9,7297297297;0,0000000000;11,6756756757;1;3.5087719298, 1.7543859649, 36.8421052632, 45.6140350877, 12.2807017544, 0, 0, 0;3.5087719298, 0, 0, 1.7543859649, 3.5087719298, 33.3333333333, 21.0526315789, 24.5614035088, 10.5263157895, 1.7543859649, 0, 0, 0, 0, 0, 0, 0, 0, 0, 0, 0, 0, 0, 0, 0;Europe/Paris;37,0
2023-02-21T18:00:00Z;-1;9000003703;hourly;0,0000000000;0,0000000000;0,0000000000;0,0000000000;0,0000000000;0,0000000000;0,0000000000;0,0000000000;0,0000000000;0,0000000000;0,0000000000;0,0000000000;0,0000000000;1;0, 0, 0, 0, 0, 0, 0, 0;0, 0, 0, 0, 0, 0, 0, 0, 0, 0, 0, 0, 0, 0, 0, 0, 0, 0, 0, 0, 0, 0, 0, 0, 0;Europe/Paris;NA
2023-02-22T03:00:00Z;-1;9000003703;hourly;0,0000000000;0,0000000000;0,0000000000;0,0000000000;0,0000000000;0,0000000000;0,0000000000;0,0000000000;0,0000000000;0,0000000000;0,0000000000;0,0000000000;0,0000000000;1;0, 0, 0, 0, 0, 0, 0, 0;0, 0, 0, 0, 0, 0, 0, 0, 0, 0, 0, 0, 0, 0, 0, 0, 0, 0, 0, 0, 0, 0, 0, 0, 0;Europe/Paris;NA
2023-02-22T04:00:00Z;-1;9000003703;hourly;0,0000000000;0,0000000000;0,0000000000;0,0000000000;0,0000000000;0,0000000000;0,0000000000;0,0000000000;0,0000000000;0,0000000000;0,0000000000;0,0000000000;0,0000000000;1;0, 0, 0, 0, 0, 0, 0, 0;0, 0, 0, 0, 0, 0, 0, 0, 0, 0, 0, 0, 0, 0, 0, 0, 0, 0, 0, 0, 0, 0, 0, 0, 0;Europe/Paris;NA
2023-02-22T05:00:00Z;-1;9000003703;hourly;0,0000000000;0,0000000000;0,0000000000;0,0000000000;0,0000000000;0,0000000000;0,0000000000;0,0000000000;0,0000000000;0,0000000000;0,0000000000;0,0000000000;0,0000000000;1;0, 0, 0, 0, 0, 0, 0, 0;0, 0, 0, 0, 0, 0, 0, 0, 0, 0, 0, 0, 0, 0, 0, 0, 0, 0, 0, 0, 0, 0, 0, 0, 0;Europe/Paris;NA
2023-02-22T06:00:00Z;-1;9000003703;hourly;0,0000000000;0,0000000000;0,0000000000;0,0000000000;0,0000000000;0,0000000000;0,0000000000;0,0000000000;0,0000000000;0,0000000000;0,0000000000;0,0000000000;0,0000000000;1;0, 0, 0, 0, 0, 0, 0, 0;0, 0, 0, 0, 0, 0, 0, 0, 0, 0, 0, 0, 0, 0, 0, 0, 0, 0, 0, 0, 0, 0, 0, 0, 0;Europe/Paris;NA
2023-02-22T07:00:00Z;-1;9000003703;hourly;0,3880555556;10,3078024338;30,9234073014;2,5769506084;2,5769506084;0,0000000000;10,3078024338;20,6156048676;10,3078024338;2,5769506084;0,0000000000;2,5769506084;0,0000000000;1;0, 8.3333333333, 25, 58.3333333333, 8.3333333333, 0, 0, 0;0, 0, 8.3333333333, 0, 0, 25, 41.6666666667, 16.6666666667, 8.3333333333, 0, 0, 0, 0, 0, 0, 0, 0, 0, 0, 0, 0, 0, 0, 0, 0;Europe/Paris;35,5
2023-02-22T08:00:00Z;-1;9000003703;hourly;0,7319444444;5,4648956357;34,1555977230;0,0000000000;9,5635673624;1,3662239089;4,0986717268;16,3946869070;17,7609108159;0,0000000000;0,0000000000;4,0986717268;5,4648956357;1;0, 4, 24, 52, 16, 4, 0, 0;0, 0, 0, 4, 8, 16, 36, 16, 4, 12, 0, 4, 0, 0, 0, 0, 0, 0, 0, 0, 0, 0, 0, 0, 0;Europe/Paris;43,0
2023-02-22T09:00:00Z;-1;9000003703;hourly;0,8111111111;9,8630136986;49,3150684932;7,3972602740;11,0958904110;4,9315068493;4,9315068493;19,7260273973;29,5890410959;3,6986301370;3,6986301370;6,1643835616;4,9315068493;1;0, 0, 35, 50, 12.5, 2.5, 0, 0;0, 0, 0, 0, 7.5, 27.5, 32.5, 17.5, 7.5, 5, 2.5, 0, 0, 0, 0, 0, 0, 0, 0, 0, 0, 0, 0, 0, 0;Europe/Paris;37,5
2023-02-22T10:00:00Z;-1;9000003703;hourly;0,8044444444;26,1049723757;34,8066298343;3,7292817680;6,2154696133;16,1602209945;9,9447513812;18,6464088398;16,1602209945;0,0000000000;3,7292817680;2,4861878453;3,7292817680;1;0, 7.1428571429, 32.1428571429, 39.2857142857, 17.8571428571, 3.5714285714, 0, 0;0, 0, 3.5714285714, 3.5714285714, 14.2857142857, 17.8571428571, 14.2857142857, 25, 14.2857142857, 3.5714285714, 0, 3.5714285714, 0, 0, 0, 0, 0, 0, 0, 0, 0, 0, 0, 0, 0;Europe/Paris;39,5
2023-02-22T11:00:00Z;-1;9000003703;hourly;0,7933333333;18,9075630252;49,1596638655;2,5210084034;6,3025210084;6,3025210084;12,6050420168;13,8655462185;35,2941176471;0,0000000000;2,5210084034;3,7815126050;2,5210084034;1;10.2564102564, 0, 10.2564102564, 33.3333333333, 38.4615384615, 7.6923076923, 0, 0;10.2564102564, 0, 0, 0, 5.1282051282, 5.1282051282, 15.3846153846, 17.9487179487, 23.0769230769, 15.3846153846, 7.6923076923, 0, 0, 0, 0, 0, 0, 0, 0, 0, 0, 0, 0, 0, 0;Europe/Paris;45,0
2023-02-22T12:00:00Z;-1;9000003703;hourly;0,7866666667;13,9830508475;24,1525423729;2,5423728814;6,3559322034;8,8983050847;5,0847457627;12,7118644068;11,4406779661;0,0000000000;2,5423728814;5,0847457627;1,2711864407;1;15.7894736842, 0, 21.0526315789, 31.5789473684, 31.5789473684, 0, 0, 0;10.5263157895, 5.2631578947, 0, 0, 5.2631578947, 15.7894736842, 10.5263157895, 21.0526315789, 26.3157894737, 5.2631578947, 0, 0, 0, 0, 0, 0, 0, 0, 0, 0, 0, 0, 0, 0, 0;Europe/Paris;40,5
2023-02-22T13:00:00Z;-1;9000003703;hourly;0,7863888889;16,5312610385;26,7043447545;0,0000000000;5,0865418580;6,3581773225;10,1730837160;10,1730837160;16,5312610385;0,0000000000;0,0000000000;3,8149063935;1,2716354645;1;4.7619047619, 9.5238095238, 4.7619047619, 71.4285714286, 4.7619047619, 4.7619047619, 0, 0;4.7619047619, 0, 0, 9.5238095238, 0, 4.7619047619, 33.3333333333, 38.0952380952, 4.7619047619, 0, 0, 4.7619047619, 0, 0, 0, 0, 0, 0, 0, 0, 0, 0, 0, 0, 0;Europe/Paris;37,0
2023-02-22T14:00:00Z;-1;9000003703;hourly;0,7902777778;18,9806678383;43,0228471002;6,3268892794;7,5922671353;10,1230228471;8,8576449912;21,5114235501;21,5114235501;3,7961335677;2,5307557118;1,2653778559;6,3268892794;1;2.9411764706, 5.8823529412, 23.5294117647, 61.7647058824, 5.8823529412, 0, 0, 0;2.9411764706, 0, 0, 5.8823529412, 11.7647058824, 11.7647058824, 35.2941176471, 26.4705882353, 5.8823529412, 0, 0, 0, 0, 0, 0, 0, 0, 0, 0, 0, 0, 0, 0, 0, 0;Europe/Paris;36,0
2023-02-22T15:00:00Z;-1;9000003703;hourly;0,8047222222;8,6986537798;47,2212633759;0,0000000000;8,6986537798;3,7279944770;4,9706593027;22,3679668623;24,8532965136;0,0000000000;0,0000000000;3,7279944770;4,9706593027;1;0, 2.6315789474, 10.5263157895, 73.6842105263, 13.1578947368, 0, 0, 0;0, 0, 2.6315789474, 0, 2.6315789474, 7.8947368421, 26.3157894737, 47.3684210526, 10.5263157895, 2.6315789474, 0, 0, 0, 0, 0, 0, 0, 0, 0, 0, 0, 0, 0, 0, 0;Europe/Paris;37,5
2023-02-22T16:00:00Z;-1;9000003703;hourly;0,8008333333;17,4817898023;74,9219562955;6,2434963580;11,2382934443;8,7408949011;8,7408949011;21,2278876171;53,6940686785;3,7460978148;2,4973985432;6,2434963580;4,9947970864;1;1.6666666667, 1.6666666667, 13.3333333333, 58.3333333333, 21.6666666667, 3.3333333333, 0, 0;1.6666666667, 0, 0, 1.6666666667, 3.3333333333, 10, 33.3333333333, 25, 13.3333333333, 8.3333333333, 3.3333333333, 0, 0, 0, 0, 0, 0, 0, 0, 0, 0, 0, 0, 0, 0;Europe/Paris;41,5
2023-02-22T17:00:00Z;-1;9000003703;hourly;0,4816666667;8,3044982699;124,5674740484;18,6851211073;8,3044982699;2,0761245675;6,2283737024;43,5986159170;80,9688581315;10,3806228374;8,3044982699;2,0761245675;6,2283737024;1;3.3333333333, 3.3333333333, 20, 53.3333333333, 20, 0, 0, 0;3.3333333333, 0, 0, 3.3333333333, 3.3333333333, 16.6666666667, 36.6666666667, 16.6666666667, 13.3333333333, 6.6666666667, 0, 0, 0, 0, 0, 0, 0, 0, 0, 0, 0, 0, 0, 0, 0;Europe/Paris;39,5
2023-02-22T18:00:00Z;-1;9000003703;hourly;0,0000000000;0,0000000000;0,0000000000;0,0000000000;0,0000000000;0,0000000000;0,0000000000;0,0000000000;0,0000000000;0,0000000000;0,0000000000;0,0000000000;0,0000000000;1;0, 0, 0, 0, 0, 0, 0, 0;0, 0, 0, 0, 0, 0, 0, 0, 0, 0, 0, 0, 0, 0, 0, 0, 0, 0, 0, 0, 0, 0, 0, 0, 0;Europe/Paris;NA
2023-02-23T03:00:00Z;-1;9000003703;hourly;0,0000000000;0,0000000000;0,0000000000;0,0000000000;0,0000000000;0,0000000000;0,0000000000;0,0000000000;0,0000000000;0,0000000000;0,0000000000;0,0000000000;0,0000000000;1;0, 0, 0, 0, 0, 0, 0, 0;0, 0, 0, 0, 0, 0, 0, 0, 0, 0, 0, 0, 0, 0, 0, 0, 0, 0, 0, 0, 0, 0, 0, 0, 0;Europe/Paris;NA
2023-02-23T04:00:00Z;-1;9000003703;hourly;0,0000000000;0,0000000000;0,0000000000;0,0000000000;0,0000000000;0,0000000000;0,0000000000;0,0000000000;0,0000000000;0,0000000000;0,0000000000;0,0000000000;0,0000000000;1;0, 0, 0, 0, 0, 0, 0, 0;0, 0, 0, 0, 0, 0, 0, 0, 0, 0, 0, 0, 0, 0, 0, 0, 0, 0, 0, 0, 0, 0, 0, 0, 0;Europe/Paris;NA
2023-02-23T05:00:00Z;-1;9000003703;hourly;0,0000000000;0,0000000000;0,0000000000;0,0000000000;0,0000000000;0,0000000000;0,0000000000;0,0000000000;0,0000000000;0,0000000000;0,0000000000;0,0000000000;0,0000000000;1;0, 0, 0, 0, 0, 0, 0, 0;0, 0, 0, 0, 0, 0, 0, 0, 0, 0, 0, 0, 0, 0, 0, 0, 0, 0, 0, 0, 0, 0, 0, 0, 0;Europe/Paris;NA
2023-02-23T06:00:00Z;-1;9000003703;hourly;0,0000000000;0,0000000000;0,0000000000;0,0000000000;0,0000000000;0,0000000000;0,0000000000;0,0000000000;0,0000000000;0,0000000000;0,0000000000;0,0000000000;0,0000000000;1;0, 0, 0, 0, 0, 0, 0, 0;0, 0, 0, 0, 0, 0, 0, 0, 0, 0, 0, 0, 0, 0, 0, 0, 0, 0, 0, 0, 0, 0, 0, 0, 0;Europe/Paris;NA
2023-02-23T07:00:00Z;-1;9000003703;hourly;0,3991666667;0,0000000000;42,5887265136;0,0000000000;2,5052192067;0,0000000000;0,0000000000;27,5574112735;15,0313152401;0,0000000000;0,0000000000;2,5052192067;0,0000000000;1;0, 0, 35.2941176471, 58.8235294118, 0, 5.8823529412, 0, 0;0, 0, 0, 0, 17.6470588235, 17.6470588235, 29.4117647059, 29.4117647059, 0, 0, 5.8823529412, 0, 0, 0, 0, 0, 0, 0, 0, 0, 0, 0, 0, 0, 0;Europe/Paris;36,0
2023-02-23T08:00:00Z;-1;9000003703;hourly;0,6205555556;6,4458370636;25,7833482543;1,6114592659;4,8343777977;4,8343777977;1,6114592659;11,2802148612;14,5031333930;1,6114592659;0,0000000000;3,2229185318;1,6114592659;1;0, 12.5, 25, 43.75, 18.75, 0, 0, 0;0, 0, 6.25, 6.25, 12.5, 12.5, 31.25, 12.5, 18.75, 0, 0, 0, 0, 0, 0, 0, 0, 0, 0, 0, 0, 0, 0, 0, 0;Europe/Paris;38,5
2023-02-23T09:00:00Z;-1;9000003703;hourly;0,6125000000;3,2653061224;27,7551020408;3,2653061224;8,1632653061;3,2653061224;0,0000000000;11,4285714286;16,3265306122;3,2653061224;0,0000000000;4,8979591837;3,2653061224;1;0, 11.7647058824, 52.9411764706, 35.2941176471, 0, 0, 0, 0;0, 0, 5.8823529412, 5.8823529412, 17.6470588235, 35.2941176471, 17.6470588235, 17.6470588235, 0, 0, 0, 0, 0, 0, 0, 0, 0, 0, 0, 0, 0, 0, 0, 0, 0;Europe/Paris;33,0
2023-02-23T10:00:00Z;-1;9000003703;hourly;0,6461111111;1,5477214101;44,8839208942;1,5477214101;1,5477214101;0,0000000000;1,5477214101;23,2158211522;21,6680997420;1,5477214101;0,0000000000;0,0000000000;1,5477214101;1;0, 3.4482758621, 27.5862068966, 48.275862069, 20.6896551724, 0, 0, 0;0, 0, 0, 3.4482758621, 10.3448275862, 17.2413793103, 27.5862068966, 20.6896551724, 13.7931034483, 6.8965517241, 0, 0, 0, 0, 0, 0, 0, 0, 0, 0, 0, 0, 0, 0, 0;Europe/Paris;39,5
2023-02-23T11:00:00Z;-1;9000003703;hourly;0,6300000000;1,5873015873;55,5555555556;3,1746031746;1,5873015873;0,0000000000;1,5873015873;14,2857142857;41,2698412698;0,0000000000;3,1746031746;1,5873015873;0,0000000000;1;0, 2.8571428571, 8.5714285714, 60, 20, 8.5714285714, 0, 0;0, 0, 2.8571428571, 0, 2.8571428571, 5.7142857143, 34.2857142857, 25.7142857143, 14.2857142857, 5.7142857143, 2.8571428571, 5.7142857143, 0, 0, 0, 0, 0, 0, 0, 0, 0, 0, 0, 0, 0;Europe/Paris;42,0
2023-02-23T12:00:00Z;-1;9000003703;hourly;0,6127777778;4,8957388939;48,9573889393;3,2638259293;8,1595648232;4,8957388939;0,0000000000;14,6872166818;34,2701722575;0,0000000000;3,2638259293;4,8957388939;3,2638259293;1;0, 3.3333333333, 30, 30, 33.3333333333, 3.3333333333, 0, 0;0, 0, 0, 3.3333333333, 0, 30, 13.3333333333, 16.6666666667, 26.6666666667, 6.6666666667, 3.3333333333, 0, 0, 0, 0, 0, 0, 0, 0, 0, 0, 0, 0, 0, 0;Europe/Paris;41,5
2023-02-23T13:00:00Z;-1;9000003703;hourly;0,6077777778;8,2266910420;44,4241316271;1,6453382084;3,2906764168;3,2906764168;4,9360146252;26,3254113346;18,0987202925;0,0000000000;1,6453382084;3,2906764168;0,0000000000;1;0, 0, 25.9259259259, 59.2592592593, 14.8148148148, 0, 0, 0;0, 0, 0, 0, 0, 25.9259259259, 40.7407407407, 18.5185185185, 14.8148148148, 0, 0, 0, 0, 0, 0, 0, 0, 0, 0, 0, 0, 0, 0, 0, 0;Europe/Paris;37,5
2023-02-23T14:00:00Z;-1;9000003703;hourly;0,6277777778;9,5575221239;31,8584070796;4,7787610619;6,3716814159;1,5929203540;7,9646017699;14,3362831858;17,5221238938;0,0000000000;4,7787610619;3,1858407080;3,1858407080;1;0, 0, 20, 70, 10, 0, 0, 0;0, 0, 0, 0, 10, 10, 40, 30, 10, 0, 0, 0, 0, 0, 0, 0, 0, 0, 0, 0, 0, 0, 0, 0, 0;Europe/Paris;36,5
2023-02-23T15:00:00Z;-1;9000003703;hourly;0,6505555556;23,0572160547;46,1144321093;1,5371477370;3,0742954740;10,7600341588;12,2971818958;10,7600341588;35,3543979505;0,0000000000;1,5371477370;0,0000000000;3,0742954740;1;0, 0, 20, 50, 26.6666666667, 3.3333333333, 0, 0;0, 0, 0, 0, 3.3333333333, 16.6666666667, 20, 30, 20, 6.6666666667, 3.3333333333, 0, 0, 0, 0, 0, 0, 0, 0, 0, 0, 0, 0, 0, 0;Europe/Paris;41,0
2023-02-23T16:00:00Z;-1;9000003703;hourly;0,5288888889;52,9411764706;56,7226890756;0,0000000000;7,5630252101;32,1428571429;20,7983193277;7,5630252101;49,1596638655;0,0000000000;0,0000000000;1,8907563025;5,6722689076;1;0, 0, 10, 60, 16.6666666667, 13.3333333333, 0, 0;0, 0, 0, 0, 6.6666666667, 3.3333333333, 16.6666666667, 43.3333333333, 13.3333333333, 3.3333333333, 10, 3.3333333333, 0, 0, 0, 0, 0, 0, 0, 0, 0, 0, 0, 0, 0;Europe/Paris;45,0
2023-02-23T17:00:00Z;-1;9000003703;hourly;0,2625000000;45,7142857143;91,4285714286;3,8095238095;3,8095238095;19,0476190476;26,6666666667;22,8571428571;68,5714285714;3,8095238095;0,0000000000;0,0000000000;3,8095238095;1;0, 4.1666666667, 8.3333333333, 58.3333333333, 25, 4.1666666667, 0, 0;0, 0, 0, 4.1666666667, 0, 8.3333333333, 33.3333333333, 25, 25, 0, 4.1666666667, 0, 0, 0, 0, 0, 0, 0, 0, 0, 0, 0, 0, 0, 0;Europe/Paris;40,5
2023-02-23T18:00:00Z;-1;9000003703;hourly;0,0000000000;0,0000000000;0,0000000000;0,0000000000;0,0000000000;0,0000000000;0,0000000000;0,0000000000;0,0000000000;0,0000000000;0,0000000000;0,0000000000;0,0000000000;1;0, 0, 0, 0, 0, 0, 0, 0;0, 0, 0, 0, 0, 0, 0, 0, 0, 0, 0, 0, 0, 0, 0, 0, 0, 0, 0, 0, 0, 0, 0, 0, 0;Europe/Paris;NA
2023-02-24T03:00:00Z;-1;9000003703;hourly;0,0000000000;0,0000000000;0,0000000000;0,0000000000;0,0000000000;0,0000000000;0,0000000000;0,0000000000;0,0000000000;0,0000000000;0,0000000000;0,0000000000;0,0000000000;1;0, 0, 0, 0, 0, 0, 0, 0;0, 0, 0, 0, 0, 0, 0, 0, 0, 0, 0, 0, 0, 0, 0, 0, 0, 0, 0, 0, 0, 0, 0, 0, 0;Europe/Paris;NA
2023-02-24T04:00:00Z;-1;9000003703;hourly;0,0000000000;0,0000000000;0,0000000000;0,0000000000;0,0000000000;0,0000000000;0,0000000000;0,0000000000;0,0000000000;0,0000000000;0,0000000000;0,0000000000;0,0000000000;1;0, 0, 0, 0, 0, 0, 0, 0;0, 0, 0, 0, 0, 0, 0, 0, 0, 0, 0, 0, 0, 0, 0, 0, 0, 0, 0, 0, 0, 0, 0, 0, 0;Europe/Paris;NA
2023-02-24T05:00:00Z;-1;9000003703;hourly;0,0000000000;0,0000000000;0,0000000000;0,0000000000;0,0000000000;0,0000000000;0,0000000000;0,0000000000;0,0000000000;0,0000000000;0,0000000000;0,0000000000;0,0000000000;1;0, 0, 0, 0, 0, 0, 0, 0;0, 0, 0, 0, 0, 0, 0, 0, 0, 0, 0, 0, 0, 0, 0, 0, 0, 0, 0, 0, 0, 0, 0, 0, 0;Europe/Paris;NA
2023-02-24T06:00:00Z;-1;9000003703;hourly;0,0427777778;0,0000000000;23,3766233766;0,0000000000;23,3766233766;0,0000000000;0,0000000000;0,0000000000;23,3766233766;0,0000000000;0,0000000000;0,0000000000;23,3766233766;1;0, 0, 0, 0, 0, 0, 100, 0;0, 0, 0, 0, 0, 0, 0, 0, 0, 0, 0, 0, 100, 0, 0, 0, 0, 0, 0, 0, 0, 0, 0, 0, 0;Europe/Paris;61,5
2023-02-24T07:00:00Z;-1;9000003703;hourly;0,5175000000;3,8647342995;34,7826086957;1,9323671498;3,8647342995;3,8647342995;0,0000000000;15,4589371981;19,3236714976;1,9323671498;0,0000000000;3,8647342995;0,0000000000;1;0, 5.5555555556, 27.7777777778, 33.3333333333, 33.3333333333, 0, 0, 0;0, 0, 0, 5.5555555556, 16.6666666667, 11.1111111111, 33.3333333333, 0, 27.7777777778, 5.5555555556, 0, 0, 0, 0, 0, 0, 0, 0, 0, 0, 0, 0, 0, 0, 0;Europe/Paris;41,0
2023-02-24T08:00:00Z;-1;9000003703;hourly;0,6172222222;4,8604860486;38,8838883888;0,0000000000;6,4806480648;4,8604860486;0,0000000000;9,7209720972;29,1629162916;0,0000000000;0,0000000000;3,2403240324;3,2403240324;1;0, 0, 12.5, 58.3333333333, 29.1666666667, 0, 0, 0;0, 0, 0, 0, 8.3333333333, 4.1666666667, 29.1666666667, 29.1666666667, 16.6666666667, 12.5, 0, 0, 0, 0, 0, 0, 0, 0, 0, 0, 0, 0, 0, 0, 0;Europe/Paris;42,0
2023-02-24T09:00:00Z;-1;9000003703;hourly;0,6461111111;17,0249355116;35,5975924334;6,1908856406;7,7386070507;6,1908856406;10,8340498710;18,5726569218;17,0249355116;4,6431642304;1,5477214101;3,0954428203;4,6431642304;1;0, 8.6956521739, 39.1304347826, 43.4782608696, 8.6956521739, 0, 0, 0;0, 0, 0, 8.6956521739, 4.347826087, 34.7826086957, 26.0869565217, 17.3913043478, 8.6956521739, 0, 0, 0, 0, 0, 0, 0, 0, 0, 0, 0, 0, 0, 0, 0, 0;Europe/Paris;35,5
2023-02-24T10:00:00Z;-1;9000003703;hourly;0,6491666667;18,4852374840;38,5109114249;3,0808729140;4,6213093710;13,8639281130;4,6213093710;7,7021822850;30,8087291399;3,0808729140;0,0000000000;3,0808729140;1,5404364570;1;0, 0, 40, 60, 0, 0, 0, 0;0, 0, 0, 0, 12, 28, 24, 36, 0, 0, 0, 0, 0, 0, 0, 0, 0, 0, 0, 0, 0, 0, 0, 0, 0;Europe/Paris;35,5
2023-02-24T11:00:00Z;-1;9000003703;hourly;0,6488888889;6,1643835616;50,8561643836;4,6232876712;7,7054794521;4,6232876712;1,5410958904;13,8698630137;36,9863013699;0,0000000000;4,6232876712;3,0821917808;4,6232876712;1;0, 9.0909090909, 12.1212121212, 60.6060606061, 15.1515151515, 3.0303030303, 0, 0;0, 0, 0, 9.0909090909, 3.0303030303, 9.0909090909, 27.2727272727, 33.3333333333, 6.0606060606, 9.0909090909, 3.0303030303, 0, 0, 0, 0, 0, 0, 0, 0, 0, 0, 0, 0, 0, 0;Europe/Paris;40,0
2023-02-24T12:00:00Z;-1;9000003703;hourly;0,6230555556;8,0249665626;32,0998662506;0,0000000000;12,8399465002;3,2099866251;4,8149799376;22,4699063754;9,6299598752;0,0000000000;0,0000000000;6,4199732501;6,4199732501;1;0, 0, 35, 40, 25, 0, 0, 0;0, 0, 0, 0, 5, 30, 25, 15, 25, 0, 0, 0, 0, 0, 0, 0, 0, 0, 0, 0, 0, 0, 0, 0, 0;Europe/Paris;39,5
2023-02-24T13:00:00Z;-1;9000003703;hourly;0,6069444444;9,8855835240;42,8375286041;14,8283752860;0,0000000000;4,9427917620;4,9427917620;21,4187643021;21,4187643021;13,1807780320;1,6475972540;0,0000000000;0,0000000000;1;11.5384615385, 0, 46.1538461538, 30.7692307692, 11.5384615385, 0, 0, 0;7.6923076923, 3.8461538462, 0, 0, 30.7692307692, 15.3846153846, 15.3846153846, 15.3846153846, 7.6923076923, 3.8461538462, 0, 0, 0, 0, 0, 0, 0, 0, 0, 0, 0, 0, 0, 0, 0;Europe/Paris;36,5
2023-02-24T14:00:00Z;-1;9000003703;hourly;0,6225000000;20,8835341365;43,3734939759;11,2449799197;8,0321285141;16,0642570281;4,8192771084;20,8835341365;22,4899598394;4,8192771084;6,4257028112;4,8192771084;3,2128514056;1;3.7037037037, 11.1111111111, 44.4444444444, 40.7407407407, 0, 0, 0, 0;3.7037037037, 0, 3.7037037037, 7.4074074074, 22.2222222222, 22.2222222222, 18.5185185185, 22.2222222222, 0, 0, 0, 0, 0, 0, 0, 0, 0, 0, 0, 0, 0, 0, 0, 0, 0;Europe/Paris;34,0
2023-02-24T15:00:00Z;-1;9000003703;hourly;0,6780555556;7,3740270381;32,4457189676;10,3236378533;1,4748054076;5,8992216305;1,4748054076;13,2732486686;19,1724702991;8,8488324457;1,4748054076;1,4748054076;0,0000000000;1;9.0909090909, 9.0909090909, 68.1818181818, 13.6363636364, 0, 0, 0, 0;9.0909090909, 0, 0, 9.0909090909, 18.1818181818, 50, 9.0909090909, 4.5454545455, 0, 0, 0, 0, 0, 0, 0, 0, 0, 0, 0, 0, 0, 0, 0, 0, 0;Europe/Paris;27,5
2023-02-24T16:00:00Z;-1;9000003703;hourly;0,6236111111;6,4142538976;76,9710467706;11,2249443207;14,4320712695;3,2071269488;3,2071269488;32,0712694878;44,8997772829;3,2071269488;8,0178173719;6,4142538976;8,0178173719;1;16.6666666667, 6.25, 25, 43.75, 8.3333333333, 0, 0, 0;12.5, 4.1666666667, 2.0833333333, 4.1666666667, 10.4166666667, 14.5833333333, 29.1666666667, 14.5833333333, 4.1666666667, 4.1666666667, 0, 0, 0, 0, 0, 0, 0, 0, 0, 0, 0, 0, 0, 0, 0;Europe/Paris;35,0
2023-02-24T17:00:00Z;-1;9000003703;hourly;0,3422222222;8,7662337662;99,3506493506;5,8441558442;14,6103896104;2,9220779221;5,8441558442;46,7532467532;52,5974025974;0,0000000000;5,8441558442;2,9220779221;11,6883116883;1;0, 5.8823529412, 44.1176470588, 47.0588235294, 0, 2.9411764706, 0, 0;0, 0, 2.9411764706, 2.9411764706, 8.8235294118, 35.2941176471, 20.5882352941, 26.4705882353, 0, 0, 2.9411764706, 0, 0, 0, 0, 0, 0, 0, 0, 0, 0, 0, 0, 0, 0;Europe/Paris;35,0
2023-02-24T18:00:00Z;-1;9000003703;hourly;0,0000000000;0,0000000000;0,0000000000;0,0000000000;0,0000000000;0,0000000000;0,0000000000;0,0000000000;0,0000000000;0,0000000000;0,0000000000;0,0000000000;0,0000000000;1;0, 0, 0, 0, 0, 0, 0, 0;0, 0, 0, 0, 0, 0, 0, 0, 0, 0, 0, 0, 0, 0, 0, 0, 0, 0, 0, 0, 0, 0, 0, 0, 0;Europe/Paris;NA
2023-02-25T03:00:00Z;-1;9000003703;hourly;0,0000000000;0,0000000000;0,0000000000;0,0000000000;0,0000000000;0,0000000000;0,0000000000;0,0000000000;0,0000000000;0,0000000000;0,0000000000;0,0000000000;0,0000000000;1;0, 0, 0, 0, 0, 0, 0, 0;0, 0, 0, 0, 0, 0, 0, 0, 0, 0, 0, 0, 0, 0, 0, 0, 0, 0, 0, 0, 0, 0, 0, 0, 0;Europe/Paris;NA
2023-02-25T04:00:00Z;-1;9000003703;hourly;0,0000000000;0,0000000000;0,0000000000;0,0000000000;0,0000000000;0,0000000000;0,0000000000;0,0000000000;0,0000000000;0,0000000000;0,0000000000;0,0000000000;0,0000000000;1;0, 0, 0, 0, 0, 0, 0, 0;0, 0, 0, 0, 0, 0, 0, 0, 0, 0, 0, 0, 0, 0, 0, 0, 0, 0, 0, 0, 0, 0, 0, 0, 0;Europe/Paris;NA
2023-02-25T05:00:00Z;-1;9000003703;hourly;0,0000000000;0,0000000000;0,0000000000;0,0000000000;0,0000000000;0,0000000000;0,0000000000;0,0000000000;0,0000000000;0,0000000000;0,0000000000;0,0000000000;0,0000000000;1;0, 0, 0, 0, 0, 0, 0, 0;0, 0, 0, 0, 0, 0, 0, 0, 0, 0, 0, 0, 0, 0, 0, 0, 0, 0, 0, 0, 0, 0, 0, 0, 0;Europe/Paris;NA
2023-02-25T06:00:00Z;-1;9000003703;hourly;0,0000000000;0,0000000000;0,0000000000;0,0000000000;0,0000000000;0,0000000000;0,0000000000;0,0000000000;0,0000000000;0,0000000000;0,0000000000;0,0000000000;0,0000000000;1;0, 0, 0, 0, 0, 0, 0, 0;0, 0, 0, 0, 0, 0, 0, 0, 0, 0, 0, 0, 0, 0, 0, 0, 0, 0, 0, 0, 0, 0, 0, 0, 0;Europe/Paris;NA
2023-02-25T07:00:00Z;-1;9000003703;hourly;0,4158333333;0,0000000000;7,2144288577;2,4048096192;0,0000000000;0,0000000000;0,0000000000;2,4048096192;4,8096192385;0,0000000000;2,4048096192;0,0000000000;0,0000000000;1;0, 33.3333333333, 33.3333333333, 33.3333333333, 0, 0, 0, 0;0, 0, 0, 33.3333333333, 0, 33.3333333333, 33.3333333333, 0, 0, 0, 0, 0, 0, 0, 0, 0, 0, 0, 0, 0, 0, 0, 0, 0, 0;Europe/Paris;30,5
2023-02-25T08:00:00Z;-1;9000003703;hourly;0,6500000000;0,0000000000;49,2307692308;1,5384615385;13,8461538462;0,0000000000;0,0000000000;23,0769230769;26,1538461538;0,0000000000;1,5384615385;10,7692307692;3,0769230769;1;0, 6.25, 25, 50, 15.625, 3.125, 0, 0;0, 0, 0, 6.25, 12.5, 12.5, 18.75, 31.25, 3.125, 12.5, 3.125, 0, 0, 0, 0, 0, 0, 0, 0, 0, 0, 0, 0, 0, 0;Europe/Paris;42,5
2023-02-25T09:00:00Z;-1;9000003703;hourly;0,6252777778;11,1950244336;51,1772545535;7,9964460240;0,0000000000;6,3971568192;4,7978676144;20,7907596624;30,3864948912;4,7978676144;3,1985784096;0,0000000000;0,0000000000;1;6.25, 3.125, 43.75, 34.375, 12.5, 0, 0, 0;6.25, 0, 3.125, 0, 15.625, 28.125, 21.875, 12.5, 9.375, 3.125, 0, 0, 0, 0, 0, 0, 0, 0, 0, 0, 0, 0, 0, 0, 0;Europe/Paris;36,5
2023-02-25T10:00:00Z;-1;9000003703;hourly;0,5613888889;24,9381494310;65,9079663533;7,1251855517;3,5625927759;14,2503711034;10,6877783276;32,0633349827;33,8446313706;7,1251855517;0,0000000000;1,7812963879;1,7812963879;1;27.027027027, 2.7027027027, 35.1351351351, 29.7297297297, 2.7027027027, 0, 2.7027027027, 0;27.027027027, 0, 0, 2.7027027027, 27.027027027, 8.1081081081, 13.5135135135, 16.2162162162, 2.7027027027, 0, 0, 0, 2.7027027027, 0, 0, 0, 0, 0, 0, 0, 0, 0, 0, 0, 0;Europe/Paris;34,5
2023-02-25T11:00:00Z;-1;9000003703;hourly;0,6066666667;1,6483516484;54,3956043956;3,2967032967;4,9450549451;0,0000000000;1,6483516484;23,0769230769;31,3186813187;0,0000000000;3,2967032967;1,6483516484;3,2967032967;1;6.0606060606, 0, 42.4242424242, 48.4848484848, 3.0303030303, 0, 0, 0;6.0606060606, 0, 0, 0, 12.1212121212, 30.303030303, 36.3636363636, 12.1212121212, 3.0303030303, 0, 0, 0, 0, 0, 0, 0, 0, 0, 0, 0, 0, 0, 0, 0, 0;Europe/Paris;32,5
2023-02-25T12:00:00Z;-1;9000003703;hourly;0,6036111111;1,6566958122;51,3575701795;1,6566958122;1,6566958122;1,6566958122;0,0000000000;19,8803497469;31,4772204326;0,0000000000;1,6566958122;0,0000000000;1,6566958122;1;3.2258064516, 0, 19.3548387097, 70.9677419355, 6.4516129032, 0, 0, 0;0, 3.2258064516, 0, 0, 6.4516129032, 12.9032258065, 41.935483871, 29.0322580645, 3.2258064516, 3.2258064516, 0, 0, 0, 0, 0, 0, 0, 0, 0, 0, 0, 0, 0, 0, 0;Europe/Paris;36,0
2023-02-25T13:00:00Z;-1;9000003703;hourly;0,6219444444;8,0393032604;41,8043769540;4,8235819562;6,4314426083;3,2157213042;4,8235819562;19,2943278249;22,5100491291;4,8235819562;0,0000000000;3,2157213042;3,2157213042;1;0, 3.8461538462, 19.2307692308, 42.3076923077, 34.6153846154, 0, 0, 0;0, 0, 0, 3.8461538462, 0, 19.2307692308, 23.0769230769, 19.2307692308, 30.7692307692, 3.8461538462, 0, 0, 0, 0, 0, 0, 0, 0, 0, 0, 0, 0, 0, 0, 0;Europe/Paris;40,5
2023-02-25T14:00:00Z;-1;9000003703;hourly;0,6158333333;1,6238159675;68,2002706360;17,8619756428;9,7428958051;1,6238159675;0,0000000000;35,7239512855;32,4763193505;12,9905277402;4,8714479026;4,8714479026;4,8714479026;1;0, 4.7619047619, 30.9523809524, 52.380952381, 7.1428571429, 2.380952381, 2.380952381, 0;0, 0, 0, 4.7619047619, 9.5238095238, 21.4285714286, 30.9523809524, 21.4285714286, 7.1428571429, 0, 2.380952381, 0, 2.380952381, 0, 0, 0, 0, 0, 0, 0, 0, 0, 0, 0, 0;Europe/Paris;37,0
2023-02-25T15:00:00Z;-1;9000003703;hourly;0,5819444444;3,4367541766;80,7637231504;3,4367541766;8,5918854415;3,4367541766;0,0000000000;36,0859188544;44,6778042959;1,7183770883;1,7183770883;5,1551312649;3,4367541766;1;4.2553191489, 2.1276595745, 23.4042553191, 55.3191489362, 14.8936170213, 0, 0, 0;0, 4.2553191489, 2.1276595745, 0, 4.2553191489, 19.1489361702, 27.6595744681, 27.6595744681, 8.5106382979, 6.3829787234, 0, 0, 0, 0, 0, 0, 0, 0, 0, 0, 0, 0, 0, 0, 0;Europe/Paris;37,5
2023-02-25T16:00:00Z;-1;9000003703;hourly;0,6288888889;4,7703180212;62,0141342756;11,1307420495;9,5406360424;1,5901060071;3,1802120141;20,6713780919;41,3427561837;3,1802120141;7,9505300353;1,5901060071;7,9505300353;1;2.5641025641, 5.1282051282, 43.5897435897, 25.641025641, 23.0769230769, 0, 0, 0;2.5641025641, 0, 2.5641025641, 2.5641025641, 10.2564102564, 33.3333333333, 10.2564102564, 15.3846153846, 20.5128205128, 2.5641025641, 0, 0, 0, 0, 0, 0, 0, 0, 0, 0, 0, 0, 0, 0, 0;Europe/Paris;39,5
2023-02-25T17:00:00Z;-1;9000003703;hourly;0,3963888889;0,0000000000;80,7288016819;5,0455501051;0,0000000000;0,0000000000;0,0000000000;32,7960756833;47,9327259986;2,5227750526;2,5227750526;0,0000000000;0,0000000000;1;0, 6.25, 25, 59.375, 9.375, 0, 0, 0;0, 0, 3.125, 3.125, 6.25, 18.75, 28.125, 31.25, 6.25, 3.125, 0, 0, 0, 0, 0, 0, 0, 0, 0, 0, 0, 0, 0, 0, 0;Europe/Paris;36,5
2023-02-25T18:00:00Z;-1;9000003703;hourly;0,0000000000;0,0000000000;0,0000000000;0,0000000000;0,0000000000;0,0000000000;0,0000000000;0,0000000000;0,0000000000;0,0000000000;0,0000000000;0,0000000000;0,0000000000;1;0, 0, 0, 0, 0, 0, 0, 0;0, 0, 0, 0, 0, 0, 0, 0, 0, 0, 0, 0, 0, 0, 0, 0, 0, 0, 0, 0, 0, 0, 0, 0, 0;Europe/Paris;NA
2023-02-26T03:00:00Z;-1;9000003703;hourly;0,0000000000;0,0000000000;0,0000000000;0,0000000000;0,0000000000;0,0000000000;0,0000000000;0,0000000000;0,0000000000;0,0000000000;0,0000000000;0,0000000000;0,0000000000;1;0, 0, 0, 0, 0, 0, 0, 0;0, 0, 0, 0, 0, 0, 0, 0, 0, 0, 0, 0, 0, 0, 0, 0, 0, 0, 0, 0, 0, 0, 0, 0, 0;Europe/Paris;NA
2023-02-26T04:00:00Z;-1;9000003703;hourly;0,0000000000;0,0000000000;0,0000000000;0,0000000000;0,0000000000;0,0000000000;0,0000000000;0,0000000000;0,0000000000;0,0000000000;0,0000000000;0,0000000000;0,0000000000;1;0, 0, 0, 0, 0, 0, 0, 0;0, 0, 0, 0, 0, 0, 0, 0, 0, 0, 0, 0, 0, 0, 0, 0, 0, 0, 0, 0, 0, 0, 0, 0, 0;Europe/Paris;NA
2023-02-26T05:00:00Z;-1;9000003703;hourly;0,0000000000;0,0000000000;0,0000000000;0,0000000000;0,0000000000;0,0000000000;0,0000000000;0,0000000000;0,0000000000;0,0000000000;0,0000000000;0,0000000000;0,0000000000;1;0, 0, 0, 0, 0, 0, 0, 0;0, 0, 0, 0, 0, 0, 0, 0, 0, 0, 0, 0, 0, 0, 0, 0, 0, 0, 0, 0, 0, 0, 0, 0, 0;Europe/Paris;NA
2023-02-26T06:00:00Z;-1;9000003703;hourly;0,0613888889;0,0000000000;16,2895927602;0,0000000000;0,0000000000;0,0000000000;0,0000000000;16,2895927602;0,0000000000;0,0000000000;0,0000000000;0,0000000000;0,0000000000;1;0, 0, 0, 100, 0, 0, 0, 0;0, 0, 0, 0, 0, 0, 0, 100, 0, 0, 0, 0, 0, 0, 0, 0, 0, 0, 0, 0, 0, 0, 0, 0, 0;Europe/Paris;36,5
2023-02-26T07:00:00Z;-1;9000003703;hourly;0,6469444444;1,5457277802;15,4572778016;0,0000000000;0,0000000000;1,5457277802;0,0000000000;9,2743666810;6,1829111207;0,0000000000;0,0000000000;0,0000000000;0,0000000000;1;0, 0, 20, 30, 10, 20, 10, 10;0, 0, 0, 0, 20, 0, 0, 30, 10, 0, 20, 0, 10, 0, 0, 10, 0, 0, 0, 0, 0, 0, 0, 0, 0;Europe/Paris;60,0
2023-02-26T08:00:00Z;-1;9000003703;hourly;0,6938888889;0,0000000000;12,9703763010;4,3234587670;1,4411529223;0,0000000000;0,0000000000;2,8823058447;10,0880704564;1,4411529223;2,8823058447;0,0000000000;1,4411529223;1;0, 0, 0, 66.6666666667, 22.2222222222, 0, 0, 11.1111111111;0, 0, 0, 0, 0, 0, 44.4444444444, 22.2222222222, 22.2222222222, 0, 0, 0, 0, 0, 0, 0, 11.1111111111, 0, 0, 0, 0, 0, 0, 0, 0;Europe/Paris;41,5
2023-02-26T09:00:00Z;-1;9000003703;hourly;0,6875000000;7,2727272727;39,2727272727;4,3636363636;10,1818181818;1,4545454545;5,8181818182;13,0909090909;26,1818181818;2,9090909091;1,4545454545;10,1818181818;0,0000000000;1;0, 11.1111111111, 37.037037037, 48.1481481481, 3.7037037037, 0, 0, 0;0, 0, 3.7037037037, 7.4074074074, 3.7037037037, 33.3333333333, 22.2222222222, 25.9259259259, 0, 3.7037037037, 0, 0, 0, 0, 0, 0, 0, 0, 0, 0, 0, 0, 0, 0, 0;Europe/Paris;35,5
2023-02-26T10:00:00Z;-1;9000003703;hourly;0,6950000000;5,7553956835;58,9928057554;20,1438848921;14,3884892086;0,0000000000;5,7553956835;31,6546762590;27,3381294964;8,6330935252;11,5107913669;8,6330935252;5,7553956835;1;2.4390243902, 7.3170731707, 65.8536585366, 21.9512195122, 2.4390243902, 0, 0, 0;0, 2.4390243902, 0, 7.3170731707, 21.9512195122, 43.9024390244, 14.6341463415, 7.3170731707, 2.4390243902, 0, 0, 0, 0, 0, 0, 0, 0, 0, 0, 0, 0, 0, 0, 0, 0;Europe/Paris;30,5
2023-02-26T11:00:00Z;-1;9000003703;hourly;0,5972222222;8,3720930233;58,6046511628;18,4186046512;8,3720930233;8,3720930233;0,0000000000;25,1162790698;33,4883720930;10,0465116279;8,3720930233;0,0000000000;8,3720930233;1;31.4285714286, 5.7142857143, 28.5714285714, 28.5714285714, 5.7142857143, 0, 0, 0;25.7142857143, 5.7142857143, 0, 5.7142857143, 14.2857142857, 14.2857142857, 20, 8.5714285714, 2.8571428571, 2.8571428571, 0, 0, 0, 0, 0, 0, 0, 0, 0, 0, 0, 0, 0, 0, 0;Europe/Paris;32,5
2023-02-26T12:00:00Z;-1;9000003703;hourly;0,6858333333;5,8323207776;42,2843256379;5,8323207776;2,9161603888;5,8323207776;0,0000000000;24,7873633050;17,4969623329;4,3742405832;1,4580801944;0,0000000000;2,9161603888;1;0, 17.2413793103, 44.8275862069, 34.4827586207, 3.4482758621, 0, 0, 0;0, 0, 6.8965517241, 10.3448275862, 17.2413793103, 27.5862068966, 20.6896551724, 13.7931034483, 3.4482758621, 0, 0, 0, 0, 0, 0, 0, 0, 0, 0, 0, 0, 0, 0, 0, 0;Europe/Paris;33,5
2023-02-26T13:00:00Z;-1;9000003703;hourly;0,6988888889;0,0000000000;31,4785373609;7,1542130366;0,0000000000;0,0000000000;0,0000000000;18,6009538951;12,8775834658;7,1542130366;0,0000000000;0,0000000000;0,0000000000;1;0, 13.6363636364, 50, 31.8181818182, 4.5454545455, 0, 0, 0;0, 0, 4.5454545455, 9.0909090909, 27.2727272727, 22.7272727273, 27.2727272727, 4.5454545455, 4.5454545455, 0, 0, 0, 0, 0, 0, 0, 0, 0, 0, 0, 0, 0, 0, 0, 0;Europe/Paris;31,5
2023-02-26T14:00:00Z;-1;9000003703;hourly;0,7022222222;0,0000000000;29,9050632911;8,5443037975;0,0000000000;0,0000000000;0,0000000000;21,3607594937;8,5443037975;7,1202531646;1,4240506329;0,0000000000;0,0000000000;1;0, 19.0476190476, 61.9047619048, 19.0476190476, 0, 0, 0, 0;0, 0, 0, 19.0476190476, 23.8095238095, 38.0952380952, 19.0476190476, 0, 0, 0, 0, 0, 0, 0, 0, 0, 0, 0, 0, 0, 0, 0, 0, 0, 0;Europe/Paris;28,5
2023-02-26T15:00:00Z;-1;9000003703;hourly;0,6652777778;3,0062630480;37,5782881002;16,5344467641;3,0062630480;0,0000000000;3,0062630480;10,5219206681;27,0563674322;6,0125260960;10,5219206681;3,0062630480;0,0000000000;1;40, 20, 36, 4, 0, 0, 0, 0;28, 12, 4, 16, 24, 12, 0, 4, 0, 0, 0, 0, 0, 0, 0, 0, 0, 0, 0, 0, 0, 0, 0, 0, 0;Europe/Paris;23,0
2023-02-26T16:00:00Z;-1;9000003703;hourly;0,6850000000;0,0000000000;46,7153284672;1,4598540146;0,0000000000;0,0000000000;0,0000000000;13,1386861314;33,5766423358;1,4598540146;0,0000000000;0,0000000000;0,0000000000;1;40.625, 18.75, 37.5, 3.125, 0, 0, 0, 0;34.375, 6.25, 3.125, 15.625, 12.5, 25, 3.125, 0, 0, 0, 0, 0, 0, 0, 0, 0, 0, 0, 0, 0, 0, 0, 0, 0, 0;Europe/Paris;25,0
2023-02-26T17:00:00Z;-1;9000003703;hourly;0,5608333333;0,0000000000;64,1901931649;1,7830609212;8,9153046062;0,0000000000;0,0000000000;14,2644873700;49,9257057949;1,7830609212;0,0000000000;1,7830609212;7,1322436850;1;0, 5.5555555556, 47.2222222222, 38.8888888889, 2.7777777778, 5.5555555556, 0, 0;0, 0, 2.7777777778, 2.7777777778, 13.8888888889, 33.3333333333, 16.6666666667, 22.2222222222, 0, 2.7777777778, 5.5555555556, 0, 0, 0, 0, 0, 0, 0, 0, 0, 0, 0, 0, 0, 0;Europe/Paris;36,0
2023-02-26T18:00:00Z;-1;9000003703;hourly;0,0000000000;0,0000000000;0,0000000000;0,0000000000;0,0000000000;0,0000000000;0,0000000000;0,0000000000;0,0000000000;0,0000000000;0,0000000000;0,0000000000;0,0000000000;1;0, 0, 0, 0, 0, 0, 0, 0;0, 0, 0, 0, 0, 0, 0, 0, 0, 0, 0, 0, 0, 0, 0, 0, 0, 0, 0, 0, 0, 0, 0, 0, 0;Europe/Paris;NA
2023-02-27T03:00:00Z;-1;9000003703;hourly;0,0000000000;0,0000000000;0,0000000000;0,0000000000;0,0000000000;0,0000000000;0,0000000000;0,0000000000;0,0000000000;0,0000000000;0,0000000000;0,0000000000;0,0000000000;1;0, 0, 0, 0, 0, 0, 0, 0;0, 0, 0, 0, 0, 0, 0, 0, 0, 0, 0, 0, 0, 0, 0, 0, 0, 0, 0, 0, 0, 0, 0, 0, 0;Europe/Paris;NA
2023-02-27T04:00:00Z;-1;9000003703;hourly;0,0000000000;0,0000000000;0,0000000000;0,0000000000;0,0000000000;0,0000000000;0,0000000000;0,0000000000;0,0000000000;0,0000000000;0,0000000000;0,0000000000;0,0000000000;1;0, 0, 0, 0, 0, 0, 0, 0;0, 0, 0, 0, 0, 0, 0, 0, 0, 0, 0, 0, 0, 0, 0, 0, 0, 0, 0, 0, 0, 0, 0, 0, 0;Europe/Paris;NA
2023-02-27T05:00:00Z;-1;9000003703;hourly;0,0000000000;0,0000000000;0,0000000000;0,0000000000;0,0000000000;0,0000000000;0,0000000000;0,0000000000;0,0000000000;0,0000000000;0,0000000000;0,0000000000;0,0000000000;1;0, 0, 0, 0, 0, 0, 0, 0;0, 0, 0, 0, 0, 0, 0, 0, 0, 0, 0, 0, 0, 0, 0, 0, 0, 0, 0, 0, 0, 0, 0, 0, 0;Europe/Paris;NA
2023-02-27T06:00:00Z;-1;9000003703;hourly;0,1163888889;17,1837708831;68,7350835322;0,0000000000;25,7756563246;8,5918854415;8,5918854415;34,3675417661;34,3675417661;0,0000000000;0,0000000000;8,5918854415;17,1837708831;1;0, 0, 25, 62.5, 12.5, 0, 0, 0;0, 0, 0, 0, 12.5, 12.5, 25, 37.5, 12.5, 0, 0, 0, 0, 0, 0, 0, 0, 0, 0, 0, 0, 0, 0, 0, 0;Europe/Paris;37,0
2023-02-27T07:00:00Z;-1;9000003703;hourly;0,6769444444;16,2494870743;85,6791136643;20,6811653673;31,0217480509;5,9089043906;10,3405826836;54,6573656135;31,0217480509;19,2039392696;1,4772260977;28,0672958556;2,9544521953;1;3.4482758621, 1.724137931, 34.4827586207, 37.9310344828, 13.7931034483, 1.724137931, 1.724137931, 5.1724137931;3.4482758621, 0, 1.724137931, 0, 6.8965517241, 27.5862068966, 18.9655172414, 18.9655172414, 12.0689655172, 1.724137931, 1.724137931, 0, 1.724137931, 0, 3.4482758621, 0, 0, 0, 0, 0, 0, 1.724137931, 0, 0, 0;Europe/Paris;40,5
2023-02-27T08:00:00Z;-1;9000003703;hourly;0,6533333333;0,0000000000;24,4897959184;13,7755102041;1,5306122449;0,0000000000;0,0000000000;4,5918367347;19,8979591837;9,1836734694;4,5918367347;0,0000000000;1,5306122449;1;37.5, 0, 18.75, 31.25, 12.5, 0, 0, 0;37.5, 0, 0, 0, 6.25, 12.5, 18.75, 12.5, 6.25, 6.25, 0, 0, 0, 0, 0, 0, 0, 0, 0, 0, 0, 0, 0, 0, 0;Europe/Paris;36,5
2023-02-27T09:00:00Z;-1;9000003703;hourly;0,6786111111;22,1039705280;32,4191567745;2,9471960704;1,4735980352;8,8415882112;13,2623823168;11,7887842816;20,6303724928;1,4735980352;1,4735980352;1,4735980352;0,0000000000;1;13.6363636364, 4.5454545455, 27.2727272727, 54.5454545455, 0, 0, 0, 0;13.6363636364, 0, 4.5454545455, 0, 4.5454545455, 22.7272727273, 31.8181818182, 22.7272727273, 0, 0, 0, 0, 0, 0, 0, 0, 0, 0, 0, 0, 0, 0, 0, 0, 0;Europe/Paris;34,0
2023-02-27T10:00:00Z;-1;9000003703;hourly;0,6694444444;20,9128630705;41,8257261411;8,9626556017;7,4688796680;16,4315352697;4,4813278008;11,9502074689;29,8755186722;5,9751037344;2,9875518672;5,9751037344;1,4937759336;1;0, 7.1428571429, 57.1428571429, 25, 10.7142857143, 0, 0, 0;0, 0, 0, 7.1428571429, 17.8571428571, 39.2857142857, 14.2857142857, 10.7142857143, 7.1428571429, 3.5714285714, 0, 0, 0, 0, 0, 0, 0, 0, 0, 0, 0, 0, 0, 0, 0;Europe/Paris;35,5
2023-02-27T11:00:00Z;-1;9000003703;hourly;0,6180555556;8,0898876404;58,2471910112;3,2359550562;11,3258426966;1,6179775281;6,4719101124;19,4157303371;38,8314606742;1,6179775281;1,6179775281;6,4719101124;4,8539325843;1;0, 8.3333333333, 38.8888888889, 33.3333333333, 19.4444444444, 0, 0, 0;0, 0, 0, 8.3333333333, 16.6666666667, 22.2222222222, 27.7777777778, 5.5555555556, 13.8888888889, 5.5555555556, 0, 0, 0, 0, 0, 0, 0, 0, 0, 0, 0, 0, 0, 0, 0;Europe/Paris;39,0
2023-02-27T12:00:00Z;-1;9000003703;hourly;0,6697222222;7,4657818333;38,8220655330;10,4520945666;4,4794691000;2,9863127333;4,4794691000;17,9178763998;20,9041891331;7,4657818333;2,9863127333;2,9863127333;1,4931563667;1;0, 7.6923076923, 50, 42.3076923077, 0, 0, 0, 0;0, 0, 3.8461538462, 3.8461538462, 19.2307692308, 30.7692307692, 19.2307692308, 23.0769230769, 0, 0, 0, 0, 0, 0, 0, 0, 0, 0, 0, 0, 0, 0, 0, 0, 0;Europe/Paris;34,5
2023-02-27T13:00:00Z;-1;9000003703;hourly;0,6941666667;2,8811524610;30,2521008403;10,0840336134;0,0000000000;1,4405762305;1,4405762305;14,4057623049;15,8463385354;4,3217286915;5,7623049220;0,0000000000;0,0000000000;1;0, 14.2857142857, 57.1428571429, 28.5714285714, 0, 0, 0, 0;0, 0, 0, 14.2857142857, 19.0476190476, 38.0952380952, 28.5714285714, 0, 0, 0, 0, 0, 0, 0, 0, 0, 0, 0, 0, 0, 0, 0, 0, 0, 0;Europe/Paris;30,0
2023-02-27T14:00:00Z;-1;9000003703;hourly;0,7019444444;1,4246141670;48,4368816779;5,6984566680;0,0000000000;1,4246141670;0,0000000000;19,9445983380;28,4922833399;2,8492283340;2,8492283340;0,0000000000;0,0000000000;1;2.9411764706, 5.8823529412, 50, 41.1764705882, 0, 0, 0, 0;2.9411764706, 0, 0, 5.8823529412, 17.6470588235, 32.3529411765, 32.3529411765, 8.8235294118, 0, 0, 0, 0, 0, 0, 0, 0, 0, 0, 0, 0, 0, 0, 0, 0, 0;Europe/Paris;31,5
2023-02-27T15:00:00Z;-1;9000003703;hourly;0,6477777778;12,3499142367;72,5557461407;33,9622641509;16,9811320755;6,1749571184;6,1749571184;27,7873070326;44,7684391081;9,2624356775;24,6998284734;7,7186963979;9,2624356775;1;36.170212766, 21.2765957447, 34.0425531915, 8.5106382979, 0, 0, 0, 0;23.4042553191, 12.7659574468, 10.6382978723, 10.6382978723, 21.2765957447, 12.7659574468, 4.2553191489, 4.2553191489, 0, 0, 0, 0, 0, 0, 0, 0, 0, 0, 0, 0, 0, 0, 0, 0, 0;Europe/Paris;25,0
2023-02-27T16:00:00Z;-1;9000003703;hourly;0,6858333333;16,0388821385;145,8080194411;23,3292831106;17,4969623329;7,2904009721;8,7484811665;52,4908869988;93,3171324423;8,7484811665;14,5808019441;7,2904009721;10,2065613609;1;37, 18, 32, 12, 1, 0, 0, 0;30, 7, 6, 12, 17, 15, 10, 2, 1, 0, 0, 0, 0, 0, 0, 0, 0, 0, 0, 0, 0, 0, 0, 0, 0;Europe/Paris;27,0
2023-02-27T17:00:00Z;-1;9000003703;hourly;0,5494444444;12,7401415571;151,0616784631;16,3801820020;12,7401415571;3,6400404449;9,1001011122;23,6602628918;127,4014155713;7,2800808898;9,1001011122;7,2800808898;5,4600606673;1;0, 3.6144578313, 22.8915662651, 60.2409638554, 12.0481927711, 1.2048192771, 0, 0;0, 0, 1.2048192771, 2.4096385542, 8.4337349398, 14.4578313253, 25.3012048193, 34.9397590361, 8.4337349398, 3.6144578313, 1.2048192771, 0, 0, 0, 0, 0, 0, 0, 0, 0, 0, 0, 0, 0, 0;Europe/Paris;37,0
2023-02-27T18:00:00Z;-1;9000003703;hourly;0,0000000000;0,0000000000;0,0000000000;0,0000000000;0,0000000000;0,0000000000;0,0000000000;0,0000000000;0,0000000000;0,0000000000;0,0000000000;0,0000000000;0,0000000000;1;0, 0, 0, 0, 0, 0, 0, 0;0, 0, 0, 0, 0, 0, 0, 0, 0, 0, 0, 0, 0, 0, 0, 0, 0, 0, 0, 0, 0, 0, 0, 0, 0;Europe/Paris;NA
2023-02-28T03:00:00Z;-1;9000003703;hourly;0,0000000000;0,0000000000;0,0000000000;0,0000000000;0,0000000000;0,0000000000;0,0000000000;0,0000000000;0,0000000000;0,0000000000;0,0000000000;0,0000000000;0,0000000000;1;0, 0, 0, 0, 0, 0, 0, 0;0, 0, 0, 0, 0, 0, 0, 0, 0, 0, 0, 0, 0, 0, 0, 0, 0, 0, 0, 0, 0, 0, 0, 0, 0;Europe/Paris;NA
2023-02-28T04:00:00Z;-1;9000003703;hourly;0,0000000000;0,0000000000;0,0000000000;0,0000000000;0,0000000000;0,0000000000;0,0000000000;0,0000000000;0,0000000000;0,0000000000;0,0000000000;0,0000000000;0,0000000000;1;0, 0, 0, 0, 0, 0, 0, 0;0, 0, 0, 0, 0, 0, 0, 0, 0, 0, 0, 0, 0, 0, 0, 0, 0, 0, 0, 0, 0, 0, 0, 0, 0;Europe/Paris;NA
2023-02-28T05:00:00Z;-1;9000003703;hourly;0,0000000000;0,0000000000;0,0000000000;0,0000000000;0,0000000000;0,0000000000;0,0000000000;0,0000000000;0,0000000000;0,0000000000;0,0000000000;0,0000000000;0,0000000000;1;0, 0, 0, 0, 0, 0, 0, 0;0, 0, 0, 0, 0, 0, 0, 0, 0, 0, 0, 0, 0, 0, 0, 0, 0, 0, 0, 0, 0, 0, 0, 0, 0;Europe/Paris;NA
2023-02-28T06:00:00Z;-1;9000003703;hourly;0,1036111111;28,9544235925;57,9088471850;9,6514745308;38,6058981233;9,6514745308;19,3029490617;48,2573726542;9,6514745308;9,6514745308;0,0000000000;19,3029490617;19,3029490617;1;0, 0, 16.6666666667, 83.3333333333, 0, 0, 0, 0;0, 0, 0, 0, 0, 16.6666666667, 66.6666666667, 16.6666666667, 0, 0, 0, 0, 0, 0, 0, 0, 0, 0, 0, 0, 0, 0, 0, 0, 0;Europe/Paris;33,0
2023-02-28T07:00:00Z;-1;9000003703;hourly;0,6144444444;21,1573236890;87,8842676311;8,1374321881;27,6672694394;3,2549728752;17,9023508137;53,7070524412;34,1772151899;6,5099457505;1,6274864376;26,0397830018;1,6274864376;1;3.7037037037, 3.7037037037, 9.2592592593, 50, 25.9259259259, 7.4074074074, 0, 0;3.7037037037, 0, 0, 3.7037037037, 3.7037037037, 5.5555555556, 25.9259259259, 24.0740740741, 16.6666666667, 9.2592592593, 5.5555555556, 1.8518518519, 0, 0, 0, 0, 0, 0, 0, 0, 0, 0, 0, 0, 0;Europe/Paris;43,5
2023-02-28T08:00:00Z;-1;9000003703;hourly;0,6480555556;6,1723103300;20,0600085727;26,2323189027;7,7153879126;1,5430775825;4,6292327475;6,1723103300;13,8876982426;18,5169309901;7,7153879126;4,6292327475;3,0861551650;1;53.8461538462, 0, 15.3846153846, 15.3846153846, 7.6923076923, 0, 7.6923076923, 0;38.4615384615, 15.3846153846, 0, 0, 7.6923076923, 7.6923076923, 7.6923076923, 7.6923076923, 7.6923076923, 0, 0, 0, 7.6923076923, 0, 0, 0, 0, 0, 0, 0, 0, 0, 0, 0, 0;Europe/Paris;38,0
2023-02-28T09:00:00Z;-1;9000003703;hourly;0,5952777778;35,2776481568;18,4787680821;3,3597760149;1,6798880075;28,5580961269;6,7195520299;5,0396640224;13,4391040597;1,6798880075;1,6798880075;1,6798880075;0,0000000000;1;9.0909090909, 9.0909090909, 54.5454545455, 18.1818181818, 9.0909090909, 0, 0, 0;0, 9.0909090909, 9.0909090909, 0, 9.0909090909, 45.4545454545, 18.1818181818, 0, 9.0909090909, 0, 0, 0, 0, 0, 0, 0, 0, 0, 0, 0, 0, 0, 0, 0, 0;Europe/Paris;31,0
2023-02-28T10:00:00Z;-1;9000003703;hourly;0,6194444444;33,9013452915;43,5874439462;6,4573991031;0,0000000000;25,8295964126;8,0717488789;17,7578475336;25,8295964126;1,6143497758;4,8430493274;0,0000000000;0,0000000000;1;0, 0, 48.1481481481, 44.4444444444, 7.4074074074, 0, 0, 0;0, 0, 0, 0, 14.8148148148, 33.3333333333, 37.037037037, 7.4074074074, 7.4074074074, 0, 0, 0, 0, 0, 0, 0, 0, 0, 0, 0, 0, 0, 0, 0, 0;Europe/Paris;32,5
2023-02-28T11:00:00Z;-1;9000003703;hourly;0,6027777778;9,9539170507;86,2672811060;16,5898617512;0,0000000000;4,9769585253;4,9769585253;33,1797235023;53,0875576037;6,6359447005;9,9539170507;0,0000000000;0,0000000000;1;0, 5.7692307692, 44.2307692308, 40.3846153846, 9.6153846154, 0, 0, 0;0, 0, 0, 5.7692307692, 9.6153846154, 34.6153846154, 23.0769230769, 17.3076923077, 7.6923076923, 1.9230769231, 0, 0, 0, 0, 0, 0, 0, 0, 0, 0, 0, 0, 0, 0, 0;Europe/Paris;36,0
2023-02-28T12:00:00Z;-1;9000003703;hourly;0,6272222222;11,1603188663;66,9619131975;11,1603188663;1,5943312666;7,9716563330;3,1886625332;41,4526129318;25,5093002657;9,5659875996;1,5943312666;1,5943312666;0,0000000000;1;2.380952381, 2.380952381, 59.5238095238, 33.3333333333, 2.380952381, 0, 0, 0;2.380952381, 0, 0, 2.380952381, 23.8095238095, 35.7142857143, 23.8095238095, 9.5238095238, 2.380952381, 0, 0, 0, 0, 0, 0, 0, 0, 0, 0, 0, 0, 0, 0, 0, 0;Europe/Paris;32,0
2023-02-28T13:00:00Z;-1;9000003703;hourly;0,5950000000;33,6134453782;26,8907563025;10,0840336134;1,6806722689;21,8487394958;11,7647058824;13,4453781513;13,4453781513;6,7226890756;3,3613445378;1,6806722689;0,0000000000;1;0, 0, 31.25, 68.75, 0, 0, 0, 0;0, 0, 0, 0, 6.25, 25, 18.75, 50, 0, 0, 0, 0, 0, 0, 0, 0, 0, 0, 0, 0, 0, 0, 0, 0, 0;Europe/Paris;36,0
2023-02-28T14:00:00Z;-1;9000003703;hourly;0,6300000000;15,8730158730;58,7301587302;7,9365079365;14,2857142857;12,6984126984;3,1746031746;30,1587301587;28,5714285714;6,3492063492;1,5873015873;3,1746031746;11,1111111111;1;10.8108108108, 2.7027027027, 37.8378378378, 37.8378378378, 10.8108108108, 0, 0, 0;8.1081081081, 2.7027027027, 0, 2.7027027027, 13.5135135135, 24.3243243243, 21.6216216216, 16.2162162162, 8.1081081081, 2.7027027027, 0, 0, 0, 0, 0, 0, 0, 0, 0, 0, 0, 0, 0, 0, 0;Europe/Paris;36,0
2023-02-28T15:00:00Z;-1;9000003703;hourly;0,6413888889;10,9138155045;106,0199220442;34,3005630143;46,7734950195;7,7955825032;3,1182330013;54,5690775227;51,4508445214;7,7955825032;26,5049805110;12,4729320052;34,3005630143;1;11.7647058824, 14.7058823529, 41.1764705882, 26.4705882353, 5.8823529412, 0, 0, 0;10.2941176471, 1.4705882353, 4.4117647059, 10.2941176471, 14.7058823529, 26.4705882353, 13.2352941176, 13.2352941176, 4.4117647059, 1.4705882353, 0, 0, 0, 0, 0, 0, 0, 0, 0, 0, 0, 0, 0, 0, 0;Europe/Paris;34,0
2023-02-28T16:00:00Z;-1;9000003703;hourly;0,6377777778;36,0627177700;130,1393728223;10,9756097561;36,0627177700;28,2229965157;7,8397212544;45,4703832753;84,6689895470;1,5679442509;9,4076655052;26,6550522648;9,4076655052;1;1.2048192771, 4.8192771084, 16.8674698795, 60.2409638554, 16.8674698795, 0, 0, 0;1.2048192771, 0, 1.2048192771, 3.6144578313, 3.6144578313, 13.2530120482, 28.9156626506, 31.3253012048, 13.2530120482, 3.6144578313, 0, 0, 0, 0, 0, 0, 0, 0, 0, 0, 0, 0, 0, 0, 0;Europe/Paris;38,0
2023-02-28T17:00:00Z;-1;9000003703;hourly;0,2211111111;45,2261306533;63,3165829146;36,1809045226;0,0000000000;27,1356783920;18,0904522613;9,0452261307;54,2713567839;0,0000000000;36,1809045226;0,0000000000;0,0000000000;1;7.1428571429, 7.1428571429, 14.2857142857, 50, 21.4285714286, 0, 0, 0;0, 7.1428571429, 0, 7.1428571429, 7.1428571429, 7.1428571429, 21.4285714286, 28.5714285714, 14.2857142857, 7.1428571429, 0, 0, 0, 0, 0, 0, 0, 0, 0, 0, 0, 0, 0, 0, 0;Europe/Paris;40,0
2023-02-28T18:00:00Z;-1;9000003703;hourly;0,0000000000;0,0000000000;0,0000000000;0,0000000000;0,0000000000;0,0000000000;0,0000000000;0,0000000000;0,0000000000;0,0000000000;0,0000000000;0,0000000000;0,0000000000;1;0, 0, 0, 0, 0, 0, 0, 0;0, 0, 0, 0, 0, 0, 0, 0, 0, 0, 0, 0, 0, 0, 0, 0, 0, 0, 0, 0, 0, 0, 0, 0, 0;Europe/Paris;NA
2023-03-02T03:00:00Z;-1;9000003703;hourly;0,0000000000;0,0000000000;0,0000000000;0,0000000000;0,0000000000;0,0000000000;0,0000000000;0,0000000000;0,0000000000;0,0000000000;0,0000000000;0,0000000000;0,0000000000;1;0, 0, 0, 0, 0, 0, 0, 0;0, 0, 0, 0, 0, 0, 0, 0, 0, 0, 0, 0, 0, 0, 0, 0, 0, 0, 0, 0, 0, 0, 0, 0, 0;Europe/Paris;NA
2023-03-02T04:00:00Z;-1;9000003703;hourly;0,0000000000;0,0000000000;0,0000000000;0,0000000000;0,0000000000;0,0000000000;0,0000000000;0,0000000000;0,0000000000;0,0000000000;0,0000000000;0,0000000000;0,0000000000;1;0, 0, 0, 0, 0, 0, 0, 0;0, 0, 0, 0, 0, 0, 0, 0, 0, 0, 0, 0, 0, 0, 0, 0, 0, 0, 0, 0, 0, 0, 0, 0, 0;Europe/Paris;NA
2023-03-02T05:00:00Z;-1;9000003703;hourly;0,0000000000;0,0000000000;0,0000000000;0,0000000000;0,0000000000;0,0000000000;0,0000000000;0,0000000000;0,0000000000;0,0000000000;0,0000000000;0,0000000000;0,0000000000;1;0, 0, 0, 0, 0, 0, 0, 0;0, 0, 0, 0, 0, 0, 0, 0, 0, 0, 0, 0, 0, 0, 0, 0, 0, 0, 0, 0, 0, 0, 0, 0, 0;Europe/Paris;NA
2023-03-02T06:00:00Z;-1;9000003703;hourly;0,0808333333;12,3711340206;111,3402061856;12,3711340206;0,0000000000;0,0000000000;12,3711340206;86,5979381443;24,7422680412;0,0000000000;12,3711340206;0,0000000000;0,0000000000;1;0, 0, 11.1111111111, 88.8888888889, 0, 0, 0, 0;0, 0, 0, 0, 0, 11.1111111111, 55.5555555556, 33.3333333333, 0, 0, 0, 0, 0, 0, 0, 0, 0, 0, 0, 0, 0, 0, 0, 0, 0;Europe/Paris;35,5
2023-03-02T07:00:00Z;-1;9000003703;hourly;0,7613888889;32,8347318497;144,4728201386;36,7748996717;48,5954031375;11,8205034659;21,0142283838;107,6979204670;36,7748996717;30,2079533017;6,5669463699;47,2820138636;1,3133892740;1;0, 3.6363636364, 24.5454545455, 57.2727272727, 13.6363636364, 0.9090909091, 0, 0;0, 0, 0, 3.6363636364, 6.3636363636, 18.1818181818, 28.1818181818, 29.0909090909, 10.9090909091, 2.7272727273, 0.9090909091, 0, 0, 0, 0, 0, 0, 0, 0, 0, 0, 0, 0, 0, 0;Europe/Paris;37,5
2023-03-02T08:00:00Z;-1;9000003703;hourly;0,7850000000;8,9171974522;17,8343949045;29,2993630573;3,8216560510;3,8216560510;5,0955414013;7,6433121019;10,1910828025;11,4649681529;17,8343949045;2,5477707006;1,2738853503;1;28.5714285714, 0, 28.5714285714, 21.4285714286, 14.2857142857, 0, 0, 7.1428571429;14.2857142857, 14.2857142857, 0, 0, 0, 28.5714285714, 14.2857142857, 7.1428571429, 7.1428571429, 7.1428571429, 0, 0, 0, 0, 0, 7.1428571429, 0, 0, 0, 0, 0, 0, 0, 0, 0;Europe/Paris;42,0
2023-03-02T09:00:00Z;-1;9000003703;hourly;0,8077777778;34,6629986245;28,4731774415;6,1898211829;6,1898211829;28,4731774415;6,1898211829;8,6657496561;19,8074277854;2,4759284732;3,7138927098;4,9518569464;1,2379642366;1;0, 0, 56.5217391304, 43.4782608696, 0, 0, 0, 0;0, 0, 0, 0, 4.347826087, 52.1739130435, 30.4347826087, 13.0434782609, 0, 0, 0, 0, 0, 0, 0, 0, 0, 0, 0, 0, 0, 0, 0, 0, 0;Europe/Paris;32,0
2023-03-02T10:00:00Z;-1;9000003703;hourly;0,8036111111;17,4213619081;37,3314898030;6,2219149672;4,9775319737;13,6882129278;3,7331489803;14,9325959212;22,3988938818;3,7331489803;2,4887659869;2,4887659869;2,4887659869;1;0, 13.3333333333, 36.6666666667, 43.3333333333, 6.6666666667, 0, 0, 0;0, 0, 10, 3.3333333333, 3.3333333333, 33.3333333333, 30, 13.3333333333, 6.6666666667, 0, 0, 0, 0, 0, 0, 0, 0, 0, 0, 0, 0, 0, 0, 0, 0;Europe/Paris;34,5
2023-03-02T11:00:00Z;-1;9000003703;hourly;0,7980555556;16,2895927602;68,9175078315;5,0121823877;5,0121823877;11,2774103724;5,0121823877;28,8200487296;40,0974591020;0,0000000000;5,0121823877;2,5060911939;2,5060911939;1;0, 1.8181818182, 54.5454545455, 38.1818181818, 5.4545454545, 0, 0, 0;0, 0, 0, 1.8181818182, 5.4545454545, 49.0909090909, 23.6363636364, 14.5454545455, 3.6363636364, 1.8181818182, 0, 0, 0, 0, 0, 0, 0, 0, 0, 0, 0, 0, 0, 0, 0;Europe/Paris;34,0
2023-03-02T12:00:00Z;-1;9000003703;hourly;0,8016666667;2,4948024948;57,3804573805;16,2162162162;4,9896049896;0,0000000000;2,4948024948;33,6798336798;23,7006237006;11,2266112266;4,9896049896;2,4948024948;2,4948024948;1;0, 2.1739130435, 52.1739130435, 43.4782608696, 0, 0, 2.1739130435, 0;0, 0, 0, 2.1739130435, 19.5652173913, 32.6086956522, 26.0869565217, 17.3913043478, 0, 0, 0, 0, 2.1739130435, 0, 0, 0, 0, 0, 0, 0, 0, 0, 0, 0, 0;Europe/Paris;34,0
2023-03-02T13:00:00Z;-1;9000003703;hourly;0,8102777778;12,3414466918;60,4730887899;7,4048680151;1,2341446692;9,8731573534;2,4682893384;39,4926294138;20,9804593761;3,7024340075;3,7024340075;1,2341446692;0,0000000000;1;0, 4.0816326531, 69.387755102, 24.4897959184, 2.0408163265, 0, 0, 0;0, 0, 0, 4.0816326531, 16.3265306122, 53.0612244898, 16.3265306122, 8.1632653061, 2.0408163265, 0, 0, 0, 0, 0, 0, 0, 0, 0, 0, 0, 0, 0, 0, 0, 0;Europe/Paris;31,0
2023-03-02T14:00:00Z;-1;9000003703;hourly;0,7983333333;11,2734864301;50,1043841336;11,2734864301;2,5052192067;5,0104384134;6,2630480167;28,8100208768;21,2943632568;2,5052192067;8,7682672234;0,0000000000;2,5052192067;1;2.5, 12.5, 60, 25, 0, 0, 0, 0;2.5, 0, 0, 12.5, 30, 30, 25, 0, 0, 0, 0, 0, 0, 0, 0, 0, 0, 0, 0, 0, 0, 0, 0, 0, 0;Europe/Paris;29,5
2023-03-02T15:00:00Z;-1;9000003703;hourly;0,7969444444;7,5287556640;115,4409201812;43,9177413733;40,1533635413;2,5095852213;5,0191704427;51,4464970373;63,9944231440;12,5479261067;31,3698152666;12,5479261067;27,6054374346;1;7.6086956522, 28.2608695652, 53.2608695652, 10.8695652174, 0, 0, 0, 0;4.347826087, 3.2608695652, 6.5217391304, 21.7391304348, 26.0869565217, 27.1739130435, 6.5217391304, 4.347826087, 0, 0, 0, 0, 0, 0, 0, 0, 0, 0, 0, 0, 0, 0, 0, 0, 0;Europe/Paris;26,5
2023-03-02T16:00:00Z;-1;9000003703;hourly;0,7530555556;25,2305422353;158,0228697897;31,8701586131;23,9026189598;13,2792327554;11,9513094799;59,7565473995;98,2663223903;25,2305422353;6,6396163777;11,9513094799;11,9513094799;1;3.3613445378, 15.1260504202, 41.1764705882, 35.2941176471, 5.0420168067, 0, 0, 0;0.8403361345, 2.5210084034, 3.3613445378, 11.7647058824, 15.9663865546, 25.2100840336, 23.5294117647, 11.7647058824, 4.2016806723, 0.8403361345, 0, 0, 0, 0, 0, 0, 0, 0, 0, 0, 0, 0, 0, 0, 0;Europe/Paris;33,5
2023-03-02T17:00:00Z;-1;9000003703;hourly;0,7350000000;12,2448979592;193,1972789116;13,6054421769;4,0816326531;4,0816326531;8,1632653061;74,8299319728;118,3673469388;4,0816326531;9,5238095238;1,3605442177;2,7210884354;1;2.8169014085, 5.6338028169, 40.8450704225, 42.2535211268, 7.7464788732, 0, 0, 0.7042253521;1.4084507042, 1.4084507042, 0.7042253521, 4.9295774648, 16.1971830986, 24.6478873239, 29.5774647887, 12.676056338, 6.338028169, 1.4084507042, 0, 0, 0, 0, 0, 0, 0.7042253521, 0, 0, 0, 0, 0, 0, 0, 0;Europe/Paris;35,0
2023-03-02T18:00:00Z;-1;9000003703;hourly;0,0547222222;18,2741116751;91,3705583756;0,0000000000;0,0000000000;0,0000000000;18,2741116751;36,5482233503;54,8223350254;0,0000000000;0,0000000000;0,0000000000;0,0000000000;1;0, 0, 0, 60, 20, 0, 20, 0;0, 0, 0, 0, 0, 0, 40, 20, 20, 0, 0, 0, 0, 20, 0, 0, 0, 0, 0, 0, 0, 0, 0, 0, 0;Europe/Paris;63,5
2023-03-03T03:00:00Z;-1;9000003703;hourly;0,0000000000;0,0000000000;0,0000000000;0,0000000000;0,0000000000;0,0000000000;0,0000000000;0,0000000000;0,0000000000;0,0000000000;0,0000000000;0,0000000000;0,0000000000;1;0, 0, 0, 0, 0, 0, 0, 0;0, 0, 0, 0, 0, 0, 0, 0, 0, 0, 0, 0, 0, 0, 0, 0, 0, 0, 0, 0, 0, 0, 0, 0, 0;Europe/Paris;NA
2023-03-03T04:00:00Z;-1;9000003703;hourly;0,0000000000;0,0000000000;0,0000000000;0,0000000000;0,0000000000;0,0000000000;0,0000000000;0,0000000000;0,0000000000;0,0000000000;0,0000000000;0,0000000000;0,0000000000;1;0, 0, 0, 0, 0, 0, 0, 0;0, 0, 0, 0, 0, 0, 0, 0, 0, 0, 0, 0, 0, 0, 0, 0, 0, 0, 0, 0, 0, 0, 0, 0, 0;Europe/Paris;NA
2023-03-03T05:00:00Z;-1;9000003703;hourly;0,0000000000;0,0000000000;0,0000000000;0,0000000000;0,0000000000;0,0000000000;0,0000000000;0,0000000000;0,0000000000;0,0000000000;0,0000000000;0,0000000000;0,0000000000;1;0, 0, 0, 0, 0, 0, 0, 0;0, 0, 0, 0, 0, 0, 0, 0, 0, 0, 0, 0, 0, 0, 0, 0, 0, 0, 0, 0, 0, 0, 0, 0, 0;Europe/Paris;NA
2023-03-03T06:00:00Z;-1;9000003703;hourly;0,1652777778;6,0504201681;114,9579831933;18,1512605042;6,0504201681;0,0000000000;6,0504201681;90,7563025210;24,2016806723;18,1512605042;0,0000000000;0,0000000000;6,0504201681;1;0, 5.2631578947, 21.0526315789, 57.8947368421, 10.5263157895, 0, 0, 5.2631578947;0, 0, 0, 5.2631578947, 0, 21.0526315789, 31.5789473684, 26.3157894737, 0, 10.5263157895, 0, 0, 0, 0, 5.2631578947, 0, 0, 0, 0, 0, 0, 0, 0, 0, 0;Europe/Paris;43,0
2023-03-03T07:00:00Z;-1;9000003703;hourly;0,6169444444;21,0715893742;222,0621341738;37,2805042774;11,3462404322;4,8626744710;16,2089149032;178,2980639352;43,7640702386;34,0387212967;3,2417829806;9,7253489419;1,6208914903;1;2.9197080292, 5.1094890511, 33.5766423358, 48.9051094891, 6.5693430657, 2.1897810219, 0.7299270073, 0;1.4598540146, 1.4598540146, 2.1897810219, 2.9197080292, 13.1386861314, 20.4379562044, 34.3065693431, 14.598540146, 6.5693430657, 0, 1.4598540146, 0.7299270073, 0, 0.7299270073, 0, 0, 0, 0, 0, 0, 0, 0, 0, 0, 0;Europe/Paris;35,5
2023-03-03T08:00:00Z;-1;9000003703;hourly;0,6455555556;12,3924268503;69,7074010327;6,1962134251;1,5490533563;10,8433734940;1,5490533563;38,7263339071;30,9810671256;3,0981067126;3,0981067126;0,0000000000;1,5490533563;1;2.2222222222, 0, 35.5555555556, 37.7777777778, 20, 4.4444444444, 0, 0;2.2222222222, 0, 0, 0, 11.1111111111, 24.4444444444, 22.2222222222, 15.5555555556, 17.7777777778, 2.2222222222, 2.2222222222, 2.2222222222, 0, 0, 0, 0, 0, 0, 0, 0, 0, 0, 0, 0, 0;Europe/Paris;40,0
2023-03-03T09:00:00Z;-1;9000003703;hourly;0,6352777778;7,8705728028;61,3904678618;7,8705728028;0,0000000000;3,1482291211;4,7223436817;22,0376038478;39,3528640140;3,1482291211;4,7223436817;0,0000000000;0,0000000000;1;10.2564102564, 5.1282051282, 33.3333333333, 43.5897435897, 7.6923076923, 0, 0, 0;10.2564102564, 0, 2.5641025641, 2.5641025641, 10.2564102564, 23.0769230769, 30.7692307692, 12.8205128205, 5.1282051282, 2.5641025641, 0, 0, 0, 0, 0, 0, 0, 0, 0, 0, 0, 0, 0, 0, 0;Europe/Paris;34,5
2023-03-03T10:00:00Z;-1;9000003703;hourly;0,6450000000;6,2015503876;71,3178294574;10,8527131783;1,5503875969;1,5503875969;4,6511627907;37,2093023256;34,1085271318;9,3023255814;1,5503875969;0,0000000000;1,5503875969;1;8.6956521739, 6.5217391304, 21.7391304348, 47.8260869565, 8.6956521739, 4.347826087, 2.1739130435, 0;6.5217391304, 2.1739130435, 0, 6.5217391304, 6.5217391304, 15.2173913043, 32.6086956522, 15.2173913043, 4.347826087, 4.347826087, 0, 4.347826087, 2.1739130435, 0, 0, 0, 0, 0, 0, 0, 0, 0, 0, 0, 0;Europe/Paris;37,5
2023-03-03T11:00:00Z;-1;9000003703;hourly;0,6377777778;3,1358885017;78,3972125436;9,4076655052;0,0000000000;1,5679442509;1,5679442509;26,6550522648;51,7421602787;1,5679442509;7,8397212544;0,0000000000;0,0000000000;1;6, 4, 26, 48, 14, 2, 0, 0;4, 2, 2, 2, 8, 18, 36, 12, 10, 4, 2, 0, 0, 0, 0, 0, 0, 0, 0, 0, 0, 0, 0, 0, 0;Europe/Paris;38,0
2023-03-03T12:00:00Z;-1;9000003703;hourly;0,6775000000;8,8560885609;81,1808118081;17,7121771218;1,4760147601;4,4280442804;4,4280442804;48,7084870849;32,4723247232;7,3800738007;10,3321033210;0,0000000000;1,4760147601;1;3.6363636364, 9.0909090909, 47.2727272727, 32.7272727273, 7.2727272727, 0, 0, 0;1.8181818182, 1.8181818182, 5.4545454545, 3.6363636364, 14.5454545455, 32.7272727273, 18.1818181818, 14.5454545455, 5.4545454545, 1.8181818182, 0, 0, 0, 0, 0, 0, 0, 0, 0, 0, 0, 0, 0, 0, 0;Europe/Paris;35,0
2023-03-03T13:00:00Z;-1;9000003703;hourly;0,6088888889;4,9270072993;67,3357664234;4,9270072993;0,0000000000;0,0000000000;4,9270072993;41,0583941606;26,2773722628;4,9270072993;0,0000000000;0,0000000000;0,0000000000;1;0, 12.1951219512, 39.0243902439, 43.9024390244, 4.8780487805, 0, 0, 0;0, 0, 2.4390243902, 9.756097561, 7.3170731707, 31.7073170732, 26.8292682927, 17.0731707317, 2.4390243902, 2.4390243902, 0, 0, 0, 0, 0, 0, 0, 0, 0, 0, 0, 0, 0, 0, 0;Europe/Paris;34,5
2023-03-03T14:00:00Z;-1;9000003703;hourly;0,6350000000;9,4488188976;59,8425196850;6,2992125984;1,5748031496;4,7244094488;4,7244094488;31,4960629921;28,3464566929;1,5748031496;4,7244094488;0,0000000000;1,5748031496;1;0, 28.9473684211, 47.3684210526, 18.4210526316, 5.2631578947, 0, 0, 0;0, 0, 2.6315789474, 26.3157894737, 28.9473684211, 18.4210526316, 15.7894736842, 2.6315789474, 5.2631578947, 0, 0, 0, 0, 0, 0, 0, 0, 0, 0, 0, 0, 0, 0, 0, 0;Europe/Paris;30,0
2023-03-03T15:00:00Z;-1;9000003703;hourly;0,6733333333;8,9108910891;126,2376237624;23,7623762376;4,4554455446;4,4554455446;4,4554455446;56,4356435644;69,8019801980;10,3960396040;13,3663366337;4,4554455446;0,0000000000;1;12.9411764706, 23.5294117647, 48.2352941176, 11.7647058824, 2.3529411765, 0, 0, 1.1764705882;8.2352941176, 4.7058823529, 5.8823529412, 17.6470588235, 21.1764705882, 27.0588235294, 8.2352941176, 3.5294117647, 2.3529411765, 0, 0, 0, 0, 0, 0, 0, 0, 0, 0, 0, 0, 0, 0, 0, 1.1764705882;Europe/Paris;27,5
2023-03-03T16:00:00Z;-1;9000003703;hourly;0,6611111111;12,1008403361;184,5378151260;25,7142857143;0,0000000000;7,5630252101;4,5378151261;75,6302521008;108,9075630252;12,1008403361;13,6134453782;0,0000000000;0,0000000000;1;27.868852459, 21.3114754098, 20.4918032787, 23.7704918033, 6.5573770492, 0, 0, 0;23.7704918033, 4.0983606557, 9.8360655738, 11.4754098361, 10.6557377049, 9.8360655738, 12.2950819672, 11.4754098361, 6.5573770492, 0, 0, 0, 0, 0, 0, 0, 0, 0, 0, 0, 0, 0, 0, 0, 0;Europe/Paris;34,0
2023-03-03T17:00:00Z;-1;9000003703;hourly;0,6086111111;14,7877681424;213,6010953902;4,9292560475;6,5723413966;3,2861706983;11,5015974441;92,0127795527;121,5883158375;0,0000000000;4,9292560475;1,6430853492;4,9292560475;1;2.3076923077, 10, 36.9230769231, 40.7692307692, 7.6923076923, 1.5384615385, 0, 0.7692307692;0.7692307692, 1.5384615385, 3.0769230769, 6.9230769231, 13.0769230769, 23.8461538462, 26.9230769231, 13.8461538462, 6.1538461538, 1.5384615385, 0.7692307692, 0.7692307692, 0, 0, 0, 0, 0, 0.7692307692, 0, 0, 0, 0, 0, 0, 0;Europe/Paris;35,5
2023-03-03T18:00:00Z;-1;9000003703;hourly;0,0872222222;0,0000000000;171,9745222930;0,0000000000;11,4649681529;0,0000000000;0,0000000000;57,3248407643;114,6496815287;0,0000000000;0,0000000000;0,0000000000;11,4649681529;1;0, 0, 40, 40, 13.3333333333, 6.6666666667, 0, 0;0, 0, 0, 0, 6.6666666667, 33.3333333333, 13.3333333333, 26.6666666667, 6.6666666667, 6.6666666667, 0, 6.6666666667, 0, 0, 0, 0, 0, 0, 0, 0, 0, 0, 0, 0, 0;Europe/Paris;41,0
2023-03-03T19:00:00Z;-1;9000003703;hourly;0,0000000000;0,0000000000;0,0000000000;0,0000000000;0,0000000000;0,0000000000;0,0000000000;0,0000000000;0,0000000000;0,0000000000;0,0000000000;0,0000000000;0,0000000000;1;0, 0, 0, 0, 0, 0, 0, 0;0, 0, 0, 0, 0, 0, 0, 0, 0, 0, 0, 0, 0, 0, 0, 0, 0, 0, 0, 0, 0, 0, 0, 0, 0;Europe/Paris;NA
2023-03-04T03:00:00Z;-1;9000003703;hourly;0,0000000000;0,0000000000;0,0000000000;0,0000000000;0,0000000000;0,0000000000;0,0000000000;0,0000000000;0,0000000000;0,0000000000;0,0000000000;0,0000000000;0,0000000000;1;0, 0, 0, 0, 0, 0, 0, 0;0, 0, 0, 0, 0, 0, 0, 0, 0, 0, 0, 0, 0, 0, 0, 0, 0, 0, 0, 0, 0, 0, 0, 0, 0;Europe/Paris;NA
2023-03-04T04:00:00Z;-1;9000003703;hourly;0,0000000000;0,0000000000;0,0000000000;0,0000000000;0,0000000000;0,0000000000;0,0000000000;0,0000000000;0,0000000000;0,0000000000;0,0000000000;0,0000000000;0,0000000000;1;0, 0, 0, 0, 0, 0, 0, 0;0, 0, 0, 0, 0, 0, 0, 0, 0, 0, 0, 0, 0, 0, 0, 0, 0, 0, 0, 0, 0, 0, 0, 0, 0;Europe/Paris;NA
2023-03-04T05:00:00Z;-1;9000003703;hourly;0,0000000000;0,0000000000;0,0000000000;0,0000000000;0,0000000000;0,0000000000;0,0000000000;0,0000000000;0,0000000000;0,0000000000;0,0000000000;0,0000000000;0,0000000000;1;0, 0, 0, 0, 0, 0, 0, 0;0, 0, 0, 0, 0, 0, 0, 0, 0, 0, 0, 0, 0, 0, 0, 0, 0, 0, 0, 0, 0, 0, 0, 0, 0;Europe/Paris;NA
2023-03-04T06:00:00Z;-1;9000003703;hourly;0,1780555556;0,0000000000;11,2324492980;5,6162246490;0,0000000000;0,0000000000;0,0000000000;11,2324492980;0,0000000000;5,6162246490;0,0000000000;0,0000000000;0,0000000000;1;0, 50, 50, 0, 0, 0, 0, 0;0, 0, 0, 50, 50, 0, 0, 0, 0, 0, 0, 0, 0, 0, 0, 0, 0, 0, 0, 0, 0, 0, 0, 0, 0;Europe/Paris;21,0
2023-03-04T07:00:00Z;-1;9000003703;hourly;0,5491666667;0,0000000000;56,4491654021;0,0000000000;0,0000000000;0,0000000000;0,0000000000;34,5978755690;21,8512898331;0,0000000000;0,0000000000;0,0000000000;0,0000000000;1;0, 0, 22.5806451613, 38.7096774194, 29.0322580645, 9.6774193548, 0, 0;0, 0, 0, 0, 6.4516129032, 16.1290322581, 19.3548387097, 19.3548387097, 19.3548387097, 9.6774193548, 3.2258064516, 6.4516129032, 0, 0, 0, 0, 0, 0, 0, 0, 0, 0, 0, 0, 0;Europe/Paris;45,0
2023-03-04T08:00:00Z;-1;9000003703;hourly;0,6500000000;0,0000000000;110,7692307692;13,8461538462;0,0000000000;0,0000000000;0,0000000000;44,6153846154;66,1538461538;4,6153846154;9,2307692308;0,0000000000;0,0000000000;1;0, 5.5555555556, 23.6111111111, 37.5, 23.6111111111, 6.9444444444, 2.7777777778, 0;0, 0, 2.7777777778, 2.7777777778, 6.9444444444, 16.6666666667, 20.8333333333, 16.6666666667, 13.8888888889, 9.7222222222, 2.7777777778, 4.1666666667, 1.3888888889, 1.3888888889, 0, 0, 0, 0, 0, 0, 0, 0, 0, 0, 0;Europe/Paris;45,0
2023-03-04T09:00:00Z;-1;9000003703;hourly;0,6536111111;9,1797705057;139,2265193370;30,5992350191;1,5299617510;1,5299617510;7,6498087548;74,9681257969;64,2583935402;24,4793880153;6,1198470038;1,5299617510;0,0000000000;1;5.4945054945, 7.6923076923, 38.4615384615, 42.8571428571, 2.1978021978, 1.0989010989, 1.0989010989, 1.0989010989;3.2967032967, 2.1978021978, 1.0989010989, 6.5934065934, 16.4835164835, 21.978021978, 28.5714285714, 14.2857142857, 2.1978021978, 0, 0, 1.0989010989, 1.0989010989, 0, 0, 0, 0, 0, 0, 0, 0, 0, 0, 0, 1.0989010989;Europe/Paris;34,0
2023-03-04T10:00:00Z;-1;9000003703;hourly;0,6063888889;8,2455336693;82,4553366926;11,5437471370;1,6491067339;4,9473202016;3,2982134677;54,4205222171;28,0348144755;3,2982134677;8,2455336693;0,0000000000;1,6491067339;1;14, 8, 28, 44, 6, 0, 0, 0;12, 2, 4, 4, 4, 24, 26, 18, 4, 2, 0, 0, 0, 0, 0, 0, 0, 0, 0, 0, 0, 0, 0, 0, 0;Europe/Paris;35,0
2023-03-04T11:00:00Z;-1;9000003703;hourly;0,5652777778;8,8452088452;95,5282555283;14,1523341523;1,7690417690;7,0761670762;1,7690417690;56,6093366093;38,9189189189;10,6142506143;3,5380835381;0,0000000000;1,7690417690;1;16.6666666667, 7.4074074074, 24.0740740741, 38.8888888889, 11.1111111111, 1.8518518519, 0, 0;16.6666666667, 0, 0, 7.4074074074, 9.2592592593, 14.8148148148, 27.7777777778, 11.1111111111, 9.2592592593, 1.8518518519, 1.8518518519, 0, 0, 0, 0, 0, 0, 0, 0, 0, 0, 0, 0, 0, 0;Europe/Paris;36,5
2023-03-04T12:00:00Z;-1;9000003703;hourly;0,6269444444;3,1900753212;82,9419583518;1,5950376606;3,1900753212;1,5950376606;1,5950376606;44,6610544971;38,2809038547;0,0000000000;1,5950376606;3,1900753212;0,0000000000;1;3.8461538462, 3.8461538462, 40.3846153846, 40.3846153846, 11.5384615385, 0, 0, 0;1.9230769231, 1.9230769231, 0, 3.8461538462, 13.4615384615, 26.9230769231, 25, 15.3846153846, 9.6153846154, 1.9230769231, 0, 0, 0, 0, 0, 0, 0, 0, 0, 0, 0, 0, 0, 0, 0;Europe/Paris;36,5
2023-03-04T13:00:00Z;-1;9000003703;hourly;0,6077777778;1,6453382084;93,7842778793;6,5813528336;1,6453382084;0,0000000000;1,6453382084;49,3601462523;44,4241316271;6,5813528336;0,0000000000;1,6453382084;0,0000000000;1;1.7543859649, 7.0175438596, 43.8596491228, 38.5964912281, 5.2631578947, 3.5087719298, 0, 0;1.7543859649, 0, 1.7543859649, 5.2631578947, 14.0350877193, 29.8245614035, 29.8245614035, 8.7719298246, 3.5087719298, 1.7543859649, 3.5087719298, 0, 0, 0, 0, 0, 0, 0, 0, 0, 0, 0, 0, 0, 0;Europe/Paris;34,0
2023-03-04T14:00:00Z;-1;9000003703;hourly;0,6019444444;1,6612828796;134,5639132441;14,9515459160;6,6451315182;0,0000000000;1,6612828796;83,0641439778;51,4997692663;4,9838486387;9,9676972773;1,6612828796;4,9838486387;1;0, 18.5185185185, 50.6172839506, 27.1604938272, 2.4691358025, 1.2345679012, 0, 0;0, 0, 3.7037037037, 14.8148148148, 14.8148148148, 35.8024691358, 22.2222222222, 4.9382716049, 1.2345679012, 1.2345679012, 1.2345679012, 0, 0, 0, 0, 0, 0, 0, 0, 0, 0, 0, 0, 0, 0;Europe/Paris;31,0
2023-03-04T15:00:00Z;-1;9000003703;hourly;0,6405555556;4,6834345186;107,7189939289;15,6114483955;4,6834345186;3,1222896791;1,5611448395;56,2012142238;51,5177797051;7,8057241977;7,8057241977;1,5611448395;3,1222896791;1;0, 13.0434782609, 49.2753623188, 27.5362318841, 10.1449275362, 0, 0, 0;0, 0, 0, 13.0434782609, 23.1884057971, 26.0869565217, 13.0434782609, 14.4927536232, 8.6956521739, 1.4492753623, 0, 0, 0, 0, 0, 0, 0, 0, 0, 0, 0, 0, 0, 0, 0;Europe/Paris;36,0
2023-03-04T16:00:00Z;-1;9000003703;hourly;0,6302777778;1,5866020273;130,1013662406;15,8660202732;1,5866020273;0,0000000000;1,5866020273;68,2238871750;61,8774790657;9,5196121639;6,3464081093;1,5866020273;0,0000000000;1;2.4390243902, 8.5365853659, 36.5853658537, 43.9024390244, 7.3170731707, 1.2195121951, 0, 0;2.4390243902, 0, 2.4390243902, 6.0975609756, 17.0731707317, 19.512195122, 29.2682926829, 14.6341463415, 7.3170731707, 0, 1.2195121951, 0, 0, 0, 0, 0, 0, 0, 0, 0, 0, 0, 0, 0, 0;Europe/Paris;35,5
2023-03-04T17:00:00Z;-1;9000003703;hourly;0,5583333333;3,5820895522;111,0447761194;5,3731343284;1,7910447761;1,7910447761;1,7910447761;50,1492537313;60,8955223881;1,7910447761;3,5820895522;1,7910447761;0,0000000000;1;0, 4.8387096774, 37.0967741935, 51.6129032258, 3.2258064516, 1.6129032258, 1.6129032258, 0;0, 0, 4.8387096774, 0, 11.2903225806, 25.8064516129, 32.2580645161, 19.3548387097, 3.2258064516, 0, 1.6129032258, 0, 0, 1.6129032258, 0, 0, 0, 0, 0, 0, 0, 0, 0, 0, 0;Europe/Paris;35,5
2023-03-04T18:00:00Z;-1;9000003703;hourly;0,0000000000;0,0000000000;0,0000000000;0,0000000000;0,0000000000;0,0000000000;0,0000000000;0,0000000000;0,0000000000;0,0000000000;0,0000000000;0,0000000000;0,0000000000;1;0, 0, 0, 0, 0, 0, 0, 0;0, 0, 0, 0, 0, 0, 0, 0, 0, 0, 0, 0, 0, 0, 0, 0, 0, 0, 0, 0, 0, 0, 0, 0, 0;Europe/Paris;NA
2023-03-05T03:00:00Z;-1;9000003703;hourly;0,0000000000;0,0000000000;0,0000000000;0,0000000000;0,0000000000;0,0000000000;0,0000000000;0,0000000000;0,0000000000;0,0000000000;0,0000000000;0,0000000000;0,0000000000;1;0, 0, 0, 0, 0, 0, 0, 0;0, 0, 0, 0, 0, 0, 0, 0, 0, 0, 0, 0, 0, 0, 0, 0, 0, 0, 0, 0, 0, 0, 0, 0, 0;Europe/Paris;NA
2023-03-05T04:00:00Z;-1;9000003703;hourly;0,0000000000;0,0000000000;0,0000000000;0,0000000000;0,0000000000;0,0000000000;0,0000000000;0,0000000000;0,0000000000;0,0000000000;0,0000000000;0,0000000000;0,0000000000;1;0, 0, 0, 0, 0, 0, 0, 0;0, 0, 0, 0, 0, 0, 0, 0, 0, 0, 0, 0, 0, 0, 0, 0, 0, 0, 0, 0, 0, 0, 0, 0, 0;Europe/Paris;NA
2023-03-05T05:00:00Z;-1;9000003703;hourly;0,0000000000;0,0000000000;0,0000000000;0,0000000000;0,0000000000;0,0000000000;0,0000000000;0,0000000000;0,0000000000;0,0000000000;0,0000000000;0,0000000000;0,0000000000;1;0, 0, 0, 0, 0, 0, 0, 0;0, 0, 0, 0, 0, 0, 0, 0, 0, 0, 0, 0, 0, 0, 0, 0, 0, 0, 0, 0, 0, 0, 0, 0, 0;Europe/Paris;NA
2023-03-05T06:00:00Z;-1;9000003703;hourly;0,0594444444;0,0000000000;0,0000000000;0,0000000000;0,0000000000;0,0000000000;0,0000000000;0,0000000000;0,0000000000;0,0000000000;0,0000000000;0,0000000000;0,0000000000;1;0, 0, 0, 0, 0, 0, 0, 0;0, 0, 0, 0, 0, 0, 0, 0, 0, 0, 0, 0, 0, 0, 0, 0, 0, 0, 0, 0, 0, 0, 0, 0, 0;Europe/Paris;NA
2023-03-05T07:00:00Z;-1;9000003703;hourly;0,5569444444;0,0000000000;10,7730673317;5,3865336658;0,0000000000;0,0000000000;0,0000000000;7,1820448878;3,5910224439;3,5910224439;1,7955112219;0,0000000000;0,0000000000;1;0, 0, 33.3333333333, 50, 16.6666666667, 0, 0, 0;0, 0, 0, 0, 0, 33.3333333333, 16.6666666667, 33.3333333333, 16.6666666667, 0, 0, 0, 0, 0, 0, 0, 0, 0, 0, 0, 0, 0, 0, 0, 0;Europe/Paris;38,0
2023-03-05T08:00:00Z;-1;9000003703;hourly;0,6286111111;0,0000000000;31,8161732214;6,3632346443;3,1816173221;0,0000000000;0,0000000000;22,2713212550;9,5448519664;4,7724259832;1,5908086611;0,0000000000;3,1816173221;1;0, 0, 30, 60, 10, 0, 0, 0;0, 0, 0, 0, 10, 20, 35, 25, 5, 5, 0, 0, 0, 0, 0, 0, 0, 0, 0, 0, 0, 0, 0, 0, 0;Europe/Paris;36,5
2023-03-05T09:00:00Z;-1;9000003703;hourly;0,6238888889;3,2056990205;83,3481745325;14,4256455922;12,8227960819;0,0000000000;3,2056990205;43,2769367765;40,0712377560;12,8227960819;1,6028495102;9,6170970614;3,2056990205;1;1.9230769231, 1.9230769231, 44.2307692308, 44.2307692308, 3.8461538462, 1.9230769231, 1.9230769231, 0;1.9230769231, 0, 0, 1.9230769231, 21.1538461538, 23.0769230769, 28.8461538462, 15.3846153846, 1.9230769231, 1.9230769231, 1.9230769231, 0, 1.9230769231, 0, 0, 0, 0, 0, 0, 0, 0, 0, 0, 0, 0;Europe/Paris;35,0
2023-03-05T10:00:00Z;-1;9000003703;hourly;0,6050000000;1,6528925620;112,3966942149;16,5289256198;16,5289256198;0,0000000000;1,6528925620;39,6694214876;72,7272727273;4,9586776860;11,5702479339;8,2644628099;8,2644628099;1;0, 2.9411764706, 36.7647058824, 50, 5.8823529412, 2.9411764706, 0, 1.4705882353;0, 0, 0, 2.9411764706, 11.7647058824, 25, 42.6470588235, 7.3529411765, 5.8823529412, 0, 1.4705882353, 1.4705882353, 0, 0, 0, 0, 0, 0, 0, 0, 0, 1.4705882353, 0, 0, 0;Europe/Paris;34,5
2023-03-05T11:00:00Z;-1;9000003703;hourly;0,6005555556;4,9953746531;93,2469935245;3,3302497687;6,6604995375;1,6651248844;3,3302497687;54,9491211841;38,2978723404;0,0000000000;3,3302497687;4,9953746531;1,6651248844;1;0, 7.1428571429, 41.0714285714, 42.8571428571, 7.1428571429, 1.7857142857, 0, 0;0, 0, 0, 7.1428571429, 17.8571428571, 23.2142857143, 26.7857142857, 16.0714285714, 5.3571428571, 1.7857142857, 1.7857142857, 0, 0, 0, 0, 0, 0, 0, 0, 0, 0, 0, 0, 0, 0;Europe/Paris;35,5
2023-03-05T12:00:00Z;-1;9000003703;hourly;0,6250000000;1,6000000000;51,2000000000;3,2000000000;4,8000000000;0,0000000000;1,6000000000;19,2000000000;32,0000000000;0,0000000000;3,2000000000;1,6000000000;3,2000000000;1;0, 0, 43.75, 40.625, 15.625, 0, 0, 0;0, 0, 0, 0, 12.5, 31.25, 28.125, 12.5, 9.375, 6.25, 0, 0, 0, 0, 0, 0, 0, 0, 0, 0, 0, 0, 0, 0, 0;Europe/Paris;38,0
2023-03-05T13:00:00Z;-1;9000003703;hourly;0,5938888889;0,0000000000;58,9335827877;6,7352666043;5,0514499532;0,0000000000;0,0000000000;26,9410664172;31,9925163704;3,3676333022;3,3676333022;1,6838166511;3,3676333022;1;2.8571428571, 0, 37.1428571429, 40, 20, 0, 0, 0;0, 2.8571428571, 0, 0, 17.1428571429, 20, 31.4285714286, 8.5714285714, 17.1428571429, 2.8571428571, 0, 0, 0, 0, 0, 0, 0, 0, 0, 0, 0, 0, 0, 0, 0;Europe/Paris;39,0
2023-03-05T14:00:00Z;-1;9000003703;hourly;0,5991666667;1,6689847010;56,7454798331;11,6828929068;1,6689847010;1,6689847010;0,0000000000;38,3866481224;18,3588317107;5,0069541029;6,6759388039;1,6689847010;0,0000000000;1;0, 8.8235294118, 55.8823529412, 32.3529411765, 0, 2.9411764706, 0, 0;0, 0, 0, 8.8235294118, 14.7058823529, 41.1764705882, 23.5294117647, 8.8235294118, 0, 0, 0, 2.9411764706, 0, 0, 0, 0, 0, 0, 0, 0, 0, 0, 0, 0, 0;Europe/Paris;32,0
2023-03-05T15:00:00Z;-1;9000003703;hourly;0,6211111111;3,2200357782;46,6905187835;9,6601073345;8,0500894454;1,6100178891;1,6100178891;25,7602862254;20,9302325581;6,4400715564;3,2200357782;4,8300536673;3,2200357782;1;3.4482758621, 6.8965517241, 34.4827586207, 44.8275862069, 6.8965517241, 3.4482758621, 0, 0;3.4482758621, 0, 0, 6.8965517241, 10.3448275862, 24.1379310345, 31.0344827586, 13.7931034483, 6.8965517241, 0, 3.4482758621, 0, 0, 0, 0, 0, 0, 0, 0, 0, 0, 0, 0, 0, 0;Europe/Paris;36,0
2023-03-05T16:00:00Z;-1;9000003703;hourly;0,6008333333;1,6643550624;111,5117891817;6,6574202497;6,6574202497;0,0000000000;1,6643550624;66,5742024965;44,9375866852;3,3287101248;3,3287101248;3,3287101248;3,3287101248;1;2.9850746269, 8.9552238806, 35.8208955224, 38.8059701493, 7.4626865672, 4.4776119403, 1.4925373134, 0;1.4925373134, 1.4925373134, 0, 8.9552238806, 17.9104477612, 17.9104477612, 29.8507462687, 8.9552238806, 4.4776119403, 2.9850746269, 4.4776119403, 0, 0, 1.4925373134, 0, 0, 0, 0, 0, 0, 0, 0, 0, 0, 0;Europe/Paris;36,5
2023-03-05T17:00:00Z;-1;9000003703;hourly;0,4944444444;2,0224719101;103,1460674157;4,0449438202;2,0224719101;2,0224719101;0,0000000000;48,5393258427;54,6067415730;4,0449438202;0,0000000000;2,0224719101;0,0000000000;1;0, 5.8823529412, 39.2156862745, 49.0196078431, 3.9215686275, 1.9607843137, 0, 0;0, 0, 0, 5.8823529412, 15.6862745098, 23.5294117647, 29.4117647059, 19.6078431373, 3.9215686275, 0, 1.9607843137, 0, 0, 0, 0, 0, 0, 0, 0, 0, 0, 0, 0, 0, 0;Europe/Paris;35,0
2023-03-05T18:00:00Z;-1;9000003703;hourly;0,0000000000;0,0000000000;0,0000000000;0,0000000000;0,0000000000;0,0000000000;0,0000000000;0,0000000000;0,0000000000;0,0000000000;0,0000000000;0,0000000000;0,0000000000;1;0, 0, 0, 0, 0, 0, 0, 0;0, 0, 0, 0, 0, 0, 0, 0, 0, 0, 0, 0, 0, 0, 0, 0, 0, 0, 0, 0, 0, 0, 0, 0, 0;Europe/Paris;NA
2023-03-06T03:00:00Z;-1;9000003703;hourly;0,0000000000;0,0000000000;0,0000000000;0,0000000000;0,0000000000;0,0000000000;0,0000000000;0,0000000000;0,0000000000;0,0000000000;0,0000000000;0,0000000000;0,0000000000;1;0, 0, 0, 0, 0, 0, 0, 0;0, 0, 0, 0, 0, 0, 0, 0, 0, 0, 0, 0, 0, 0, 0, 0, 0, 0, 0, 0, 0, 0, 0, 0, 0;Europe/Paris;NA
2023-03-06T04:00:00Z;-1;9000003703;hourly;0,0000000000;0,0000000000;0,0000000000;0,0000000000;0,0000000000;0,0000000000;0,0000000000;0,0000000000;0,0000000000;0,0000000000;0,0000000000;0,0000000000;0,0000000000;1;0, 0, 0, 0, 0, 0, 0, 0;0, 0, 0, 0, 0, 0, 0, 0, 0, 0, 0, 0, 0, 0, 0, 0, 0, 0, 0, 0, 0, 0, 0, 0, 0;Europe/Paris;NA
2023-03-06T05:00:00Z;-1;9000003703;hourly;0,0000000000;0,0000000000;0,0000000000;0,0000000000;0,0000000000;0,0000000000;0,0000000000;0,0000000000;0,0000000000;0,0000000000;0,0000000000;0,0000000000;0,0000000000;1;0, 0, 0, 0, 0, 0, 0, 0;0, 0, 0, 0, 0, 0, 0, 0, 0, 0, 0, 0, 0, 0, 0, 0, 0, 0, 0, 0, 0, 0, 0, 0, 0;Europe/Paris;NA
2023-03-06T06:00:00Z;-1;9000003703;hourly;0,1402777778;14,2574257426;178,2178217822;7,1287128713;0,0000000000;7,1287128713;7,1287128713;114,0594059406;64,1584158416;7,1287128713;0,0000000000;0,0000000000;0,0000000000;1;0, 0, 20, 60, 20, 0, 0, 0;0, 0, 0, 0, 0, 20, 32, 28, 20, 0, 0, 0, 0, 0, 0, 0, 0, 0, 0, 0, 0, 0, 0, 0, 0;Europe/Paris;38,5
2023-03-06T07:00:00Z;-1;9000003703;hourly;0,5258333333;24,7226624406;201,5847860539;26,6244057052;1,9017432647;7,6069730586;17,1156893819;136,9255150555;64,6592709984;24,7226624406;1,9017432647;1,9017432647;0,0000000000;1;6.6037735849, 9.4339622642, 46.2264150943, 27.358490566, 9.4339622642, 0, 0, 0.9433962264;5.6603773585, 0.9433962264, 4.7169811321, 4.7169811321, 11.320754717, 34.9056603774, 15.0943396226, 12.2641509434, 7.5471698113, 1.8867924528, 0, 0, 0, 0, 0.9433962264, 0, 0, 0, 0, 0, 0, 0, 0, 0, 0;Europe/Paris;35,5
2023-03-06T08:00:00Z;-1;9000003703;hourly;0,5958333333;8,3916083916;62,0979020979;8,3916083916;1,6783216783;5,0349650350;3,3566433566;36,9230769231;25,1748251748;6,7132867133;1,6783216783;0,0000000000;1,6783216783;1;5.4054054054, 2.7027027027, 43.2432432432, 43.2432432432, 5.4054054054, 0, 0, 0;5.4054054054, 0, 0, 2.7027027027, 10.8108108108, 32.4324324324, 29.7297297297, 13.5135135135, 5.4054054054, 0, 0, 0, 0, 0, 0, 0, 0, 0, 0, 0, 0, 0, 0, 0, 0;Europe/Paris;34,0
2023-03-06T09:00:00Z;-1;9000003703;hourly;0,6436111111;6,2149331032;63,7030643073;1,5537332758;1,5537332758;1,5537332758;4,6611998274;37,2895986189;26,4134656884;0,0000000000;1,5537332758;1,5537332758;0,0000000000;1;0, 0, 34.1463414634, 58.5365853659, 4.8780487805, 2.4390243902, 0, 0;0, 0, 0, 0, 7.3170731707, 26.8292682927, 29.2682926829, 29.2682926829, 4.8780487805, 0, 2.4390243902, 0, 0, 0, 0, 0, 0, 0, 0, 0, 0, 0, 0, 0, 0;Europe/Paris;36,0
2023-03-06T10:00:00Z;-1;9000003703;hourly;0,6236111111;9,6213808463;60,9354120267;6,4142538976;3,2071269488;4,8106904232;4,8106904232;33,6748329621;27,2605790646;3,2071269488;3,2071269488;1,6035634744;1,6035634744;1;5.2631578947, 5.2631578947, 23.6842105263, 50, 15.7894736842, 0, 0, 0;0, 5.2631578947, 2.6315789474, 2.6315789474, 10.5263157895, 13.1578947368, 28.9473684211, 21.0526315789, 13.1578947368, 2.6315789474, 0, 0, 0, 0, 0, 0, 0, 0, 0, 0, 0, 0, 0, 0, 0;Europe/Paris;38,0
2023-03-06T11:00:00Z;-1;9000003703;hourly;0,6450000000;4,6511627907;85,2713178295;4,6511627907;7,7519379845;3,1007751938;1,5503875969;29,4573643411;55,8139534884;1,5503875969;3,1007751938;1,5503875969;6,2015503876;1;1.8181818182, 1.8181818182, 20, 58.1818181818, 16.3636363636, 1.8181818182, 0, 0;1.8181818182, 0, 0, 1.8181818182, 9.0909090909, 10.9090909091, 23.6363636364, 34.5454545455, 10.9090909091, 5.4545454545, 1.8181818182, 0, 0, 0, 0, 0, 0, 0, 0, 0, 0, 0, 0, 0, 0;Europe/Paris;39,0
2023-03-06T12:00:00Z;-1;9000003703;hourly;0,6052777778;6,6085360257;109,0408444240;4,9564020193;6,6085360257;4,9564020193;1,6521340064;66,0853602570;42,9554841670;4,9564020193;0,0000000000;3,3042680128;3,3042680128;1;6.0606060606, 3.0303030303, 28.7878787879, 45.4545454545, 13.6363636364, 1.5151515152, 0, 1.5151515152;4.5454545455, 1.5151515152, 1.5151515152, 1.5151515152, 10.6060606061, 18.1818181818, 22.7272727273, 22.7272727273, 4.5454545455, 9.0909090909, 1.5151515152, 0, 0, 0, 0, 0, 1.5151515152, 0, 0, 0, 0, 0, 0, 0, 0;Europe/Paris;39,5
2023-03-06T13:00:00Z;-1;9000003703;hourly;0,5672222222;8,8148873653;56,4152791381;1,7629774731;7,0519098923;7,0519098923;1,7629774731;38,7855044074;17,6297747307;1,7629774731;0,0000000000;5,2889324192;1,7629774731;1;0, 3.125, 31.25, 46.875, 18.75, 0, 0, 0;0, 0, 0, 3.125, 15.625, 15.625, 37.5, 9.375, 15.625, 3.125, 0, 0, 0, 0, 0, 0, 0, 0, 0, 0, 0, 0, 0, 0, 0;Europe/Paris;38,5
2023-03-06T14:00:00Z;-1;9000003703;hourly;0,6088888889;8,2116788321;80,4744525547;9,8540145985;0,0000000000;6,5693430657;1,6423357664;45,9854014599;34,4890510949;0,0000000000;9,8540145985;0,0000000000;0,0000000000;1;0, 4.0816326531, 34.693877551, 57.1428571429, 2.0408163265, 2.0408163265, 0, 0;0, 0, 0, 4.0816326531, 18.3673469388, 16.3265306122, 32.6530612245, 24.4897959184, 0, 2.0408163265, 2.0408163265, 0, 0, 0, 0, 0, 0, 0, 0, 0, 0, 0, 0, 0, 0;Europe/Paris;35,5
2023-03-06T15:00:00Z;-1;9000003703;hourly;0,6047222222;13,2292145154;157,0969223702;26,4584290308;11,5755627010;1,6536518144;11,5755627010;62,8387689481;94,2581534221;8,2682590721;18,1901699587;6,6146072577;4,9609554433;1;8.4210526316, 8.4210526316, 43.1578947368, 30.5263157895, 7.3684210526, 1.0526315789, 0, 1.0526315789;7.3684210526, 1.0526315789, 1.0526315789, 7.3684210526, 17.8947368421, 25.2631578947, 17.8947368421, 12.6315789474, 3.1578947368, 4.2105263158, 1.0526315789, 0, 0, 0, 0, 0, 0, 0, 0, 1.0526315789, 0, 0, 0, 0, 0;Europe/Paris;35,5
2023-03-06T16:00:00Z;-1;9000003703;hourly;0,5950000000;20,1680672269;203,3613445378;15,1260504202;8,4033613445;13,4453781513;6,7226890756;80,6722689076;122,6890756303;3,3613445378;11,7647058824;1,6806722689;6,7226890756;1;1.652892562, 4.958677686, 39.6694214876, 42.9752066116, 9.9173553719, 0.826446281, 0, 0;1.652892562, 0, 1.652892562, 3.305785124, 14.8760330579, 24.7933884298, 31.4049586777, 11.5702479339, 6.6115702479, 3.305785124, 0.826446281, 0, 0, 0, 0, 0, 0, 0, 0, 0, 0, 0, 0, 0, 0;Europe/Paris;35,5
2023-03-06T17:00:00Z;-1;9000003703;hourly;0,4902777778;10,1983002833;185,6090651558;10,1983002833;10,1983002833;4,0793201133;6,1189801700;48,9518413598;136,6572237960;4,0793201133;6,1189801700;2,0396600567;8,1586402266;1;1.0989010989, 6.5934065934, 31.8681318681, 47.2527472527, 12.0879120879, 1.0989010989, 0, 0;1.0989010989, 0, 1.0989010989, 5.4945054945, 10.989010989, 20.8791208791, 32.967032967, 14.2857142857, 7.6923076923, 4.3956043956, 1.0989010989, 0, 0, 0, 0, 0, 0, 0, 0, 0, 0, 0, 0, 0, 0;Europe/Paris;37,0
2023-03-06T18:00:00Z;-1;9000003703;hourly;0,0247222222;0,0000000000;283,1460674157;0,0000000000;0,0000000000;0,0000000000;0,0000000000;242,6966292135;40,4494382022;0,0000000000;0,0000000000;0,0000000000;0,0000000000;1;0, 14.2857142857, 42.8571428571, 42.8571428571, 0, 0, 0, 0;0, 0, 0, 14.2857142857, 0, 42.8571428571, 42.8571428571, 0, 0, 0, 0, 0, 0, 0, 0, 0, 0, 0, 0, 0, 0, 0, 0, 0, 0;Europe/Paris;31,0
2023-03-07T03:00:00Z;-1;9000003703;hourly;0,0000000000;0,0000000000;0,0000000000;0,0000000000;0,0000000000;0,0000000000;0,0000000000;0,0000000000;0,0000000000;0,0000000000;0,0000000000;0,0000000000;0,0000000000;1;0, 0, 0, 0, 0, 0, 0, 0;0, 0, 0, 0, 0, 0, 0, 0, 0, 0, 0, 0, 0, 0, 0, 0, 0, 0, 0, 0, 0, 0, 0, 0, 0;Europe/Paris;NA
2023-03-07T04:00:00Z;-1;9000003703;hourly;0,0000000000;0,0000000000;0,0000000000;0,0000000000;0,0000000000;0,0000000000;0,0000000000;0,0000000000;0,0000000000;0,0000000000;0,0000000000;0,0000000000;0,0000000000;1;0, 0, 0, 0, 0, 0, 0, 0;0, 0, 0, 0, 0, 0, 0, 0, 0, 0, 0, 0, 0, 0, 0, 0, 0, 0, 0, 0, 0, 0, 0, 0, 0;Europe/Paris;NA
2023-03-07T05:00:00Z;-1;9000003703;hourly;0,0000000000;0,0000000000;0,0000000000;0,0000000000;0,0000000000;0,0000000000;0,0000000000;0,0000000000;0,0000000000;0,0000000000;0,0000000000;0,0000000000;0,0000000000;1;0, 0, 0, 0, 0, 0, 0, 0;0, 0, 0, 0, 0, 0, 0, 0, 0, 0, 0, 0, 0, 0, 0, 0, 0, 0, 0, 0, 0, 0, 0, 0, 0;Europe/Paris;NA
2023-03-07T06:00:00Z;-1;9000003703;hourly;0,0500000000;20,0000000000;140,0000000000;20,0000000000;0,0000000000;0,0000000000;20,0000000000;60,0000000000;80,0000000000;20,0000000000;0,0000000000;0,0000000000;0,0000000000;1;42.8571428571, 14.2857142857, 28.5714285714, 14.2857142857, 0, 0, 0, 0;42.8571428571, 0, 0, 14.2857142857, 14.2857142857, 14.2857142857, 0, 14.2857142857, 0, 0, 0, 0, 0, 0, 0, 0, 0, 0, 0, 0, 0, 0, 0, 0, 0;Europe/Paris;27,5
2023-03-07T07:00:00Z;-1;9000003703;hourly;0,6397222222;18,7581415545;159,4442032132;15,6317846287;10,9422492401;0,0000000000;18,7581415545;110,9856708641;48,4585323491;14,0686061659;1,5631784629;7,8158923144;3,1263569257;1;2.9411764706, 4.9019607843, 37.2549019608, 43.137254902, 9.8039215686, 0, 0.9803921569, 0.9803921569;0.9803921569, 1.9607843137, 0.9803921569, 3.9215686275, 17.6470588235, 19.6078431373, 24.5098039216, 18.6274509804, 8.8235294118, 0.9803921569, 0, 0, 0.9803921569, 0, 0, 0, 0, 0, 0, 0, 0, 0, 0, 0.9803921569, 0;Europe/Paris;36,5
2023-03-07T08:00:00Z;-1;9000003703;hourly;0,6091666667;9,8495212038;96,8536251710;4,9247606019;0,0000000000;3,2831737346;6,5663474692;49,2476060192;47,6060191518;3,2831737346;1,6415868673;0,0000000000;0,0000000000;1;0, 6.7796610169, 27.1186440678, 52.5423728814, 13.5593220339, 0, 0, 0;0, 0, 3.3898305085, 3.3898305085, 1.6949152542, 25.4237288136, 32.2033898305, 20.3389830508, 10.1694915254, 3.3898305085, 0, 0, 0, 0, 0, 0, 0, 0, 0, 0, 0, 0, 0, 0, 0;Europe/Paris;37,0
2023-03-07T09:00:00Z;-1;9000003703;hourly;0,6194444444;3,2286995516;69,4170403587;24,2152466368;1,6143497758;1,6143497758;1,6143497758;33,9013452915;35,5156950673;8,0717488789;16,1434977578;0,0000000000;1,6143497758;1;0, 0, 32.5581395349, 53.488372093, 11.6279069767, 0, 2.3255813953, 0;0, 0, 0, 0, 4.6511627907, 27.9069767442, 32.5581395349, 20.9302325581, 6.976744186, 4.6511627907, 0, 0, 2.3255813953, 0, 0, 0, 0, 0, 0, 0, 0, 0, 0, 0, 0;Europe/Paris;37,5
2023-03-07T10:00:00Z;-1;9000003703;hourly;0,6266666667;7,9787234043;63,8297872340;3,1914893617;4,7872340426;3,1914893617;4,7872340426;39,8936170213;23,9361702128;0,0000000000;3,1914893617;1,5957446809;3,1914893617;1;5, 2.5, 47.5, 27.5, 17.5, 0, 0, 0;5, 0, 0, 2.5, 22.5, 25, 20, 7.5, 12.5, 5, 0, 0, 0, 0, 0, 0, 0, 0, 0, 0, 0, 0, 0, 0, 0;Europe/Paris;38,5
2023-03-07T11:00:00Z;-1;9000003703;hourly;0,6252777778;14,3936028432;91,1594846735;3,1985784096;4,7978676144;6,3971568192;7,9964460240;33,5850733008;57,5744113727;3,1985784096;0,0000000000;1,5992892048;3,1985784096;1;0, 1.7543859649, 40.350877193, 38.5964912281, 19.298245614, 0, 0, 0;0, 0, 0, 1.7543859649, 7.0175438596, 33.3333333333, 19.298245614, 19.298245614, 12.2807017544, 7.0175438596, 0, 0, 0, 0, 0, 0, 0, 0, 0, 0, 0, 0, 0, 0, 0;Europe/Paris;39,5
2023-03-07T12:00:00Z;-1;9000003703;hourly;0,6188888889;3,2315978456;82,4057450628;6,4631956912;0,0000000000;3,2315978456;0,0000000000;43,6265709156;38,7791741472;4,8473967684;1,6157989228;0,0000000000;0,0000000000;1;3.9215686275, 3.9215686275, 29.4117647059, 45.0980392157, 15.6862745098, 1.9607843137, 0, 0;1.9607843137, 1.9607843137, 1.9607843137, 1.9607843137, 9.8039215686, 19.6078431373, 31.3725490196, 13.7254901961, 7.8431372549, 7.8431372549, 1.9607843137, 0, 0, 0, 0, 0, 0, 0, 0, 0, 0, 0, 0, 0, 0;Europe/Paris;39,0
2023-03-07T13:00:00Z;-1;9000003703;hourly;0,5866666667;8,5227272727;59,6590909091;5,1136363636;0,0000000000;5,1136363636;3,4090909091;35,7954545455;23,8636363636;1,7045454545;3,4090909091;0,0000000000;0,0000000000;1;14.2857142857, 5.7142857143, 28.5714285714, 34.2857142857, 17.1428571429, 0, 0, 0;14.2857142857, 0, 2.8571428571, 2.8571428571, 5.7142857143, 22.8571428571, 20, 14.2857142857, 14.2857142857, 2.8571428571, 0, 0, 0, 0, 0, 0, 0, 0, 0, 0, 0, 0, 0, 0, 0;Europe/Paris;38,0
2023-03-07T14:00:00Z;-1;9000003703;hourly;0,6227777778;8,0285459411;40,1427297056;6,4228367529;8,0285459411;1,6057091882;6,4228367529;20,8742194469;19,2685102587;0,0000000000;6,4228367529;1,6057091882;6,4228367529;1;16, 8, 24, 44, 8, 0, 0, 0;12, 4, 4, 4, 8, 16, 32, 12, 8, 0, 0, 0, 0, 0, 0, 0, 0, 0, 0, 0, 0, 0, 0, 0, 0;Europe/Paris;34,5
2023-03-07T15:00:00Z;-1;9000003703;hourly;0,5808333333;12,0516499283;108,4648493544;18,9383070301;8,6083213773;5,1649928264;6,8866571019;37,8766140603;70,5882352941;12,0516499283;6,8866571019;3,4433285509;5,1649928264;1;19.0476190476, 11.1111111111, 38.0952380952, 22.2222222222, 9.5238095238, 0, 0, 0;11.1111111111, 7.9365079365, 3.1746031746, 7.9365079365, 17.4603174603, 20.6349206349, 19.0476190476, 3.1746031746, 7.9365079365, 1.5873015873, 0, 0, 0, 0, 0, 0, 0, 0, 0, 0, 0, 0, 0, 0, 0;Europe/Paris;32,0
2023-03-07T16:00:00Z;-1;9000003703;hourly;0,6411111111;18,7175043328;159,0987868284;10,9185441941;9,3587521664;12,4783362218;6,2391681109;84,2287694974;74,8700173310;9,3587521664;1,5597920277;4,6793760832;4,6793760832;1;7.8431372549, 2.9411764706, 33.3333333333, 46.0784313725, 5.8823529412, 2.9411764706, 0, 0.9803921569;7.8431372549, 0, 1.9607843137, 0.9803921569, 5.8823529412, 27.4509803922, 29.4117647059, 16.6666666667, 3.9215686275, 1.9607843137, 1.9607843137, 0.9803921569, 0, 0, 0, 0.9803921569, 0, 0, 0, 0, 0, 0, 0, 0, 0;Europe/Paris;36,0
2023-03-07T17:00:00Z;-1;9000003703;hourly;0,3819444444;0,0000000000;214,6909090909;5,2363636364;0,0000000000;0,0000000000;0,0000000000;65,4545454545;149,2363636364;2,6181818182;2,6181818182;0,0000000000;0,0000000000;1;10.9756097561, 8.5365853659, 26.8292682927, 43.9024390244, 9.756097561, 0, 0, 0;8.5365853659, 2.4390243902, 2.4390243902, 6.0975609756, 8.5365853659, 18.2926829268, 28.0487804878, 15.8536585366, 6.0975609756, 3.6585365854, 0, 0, 0, 0, 0, 0, 0, 0, 0, 0, 0, 0, 0, 0, 0;Europe/Paris;36,0
2023-03-07T18:00:00Z;-1;9000003703;hourly;0,0000000000;0,0000000000;0,0000000000;0,0000000000;0,0000000000;0,0000000000;0,0000000000;0,0000000000;0,0000000000;0,0000000000;0,0000000000;0,0000000000;0,0000000000;1;0, 0, 0, 0, 0, 0, 0, 0;0, 0, 0, 0, 0, 0, 0, 0, 0, 0, 0, 0, 0, 0, 0, 0, 0, 0, 0, 0, 0, 0, 0, 0, 0;Europe/Paris;NA
2023-03-08T03:00:00Z;-1;9000003703;hourly;0,0000000000;0,0000000000;0,0000000000;0,0000000000;0,0000000000;0,0000000000;0,0000000000;0,0000000000;0,0000000000;0,0000000000;0,0000000000;0,0000000000;0,0000000000;1;0, 0, 0, 0, 0, 0, 0, 0;0, 0, 0, 0, 0, 0, 0, 0, 0, 0, 0, 0, 0, 0, 0, 0, 0, 0, 0, 0, 0, 0, 0, 0, 0;Europe/Paris;NA
2023-03-08T04:00:00Z;-1;9000003703;hourly;0,0000000000;0,0000000000;0,0000000000;0,0000000000;0,0000000000;0,0000000000;0,0000000000;0,0000000000;0,0000000000;0,0000000000;0,0000000000;0,0000000000;0,0000000000;1;0, 0, 0, 0, 0, 0, 0, 0;0, 0, 0, 0, 0, 0, 0, 0, 0, 0, 0, 0, 0, 0, 0, 0, 0, 0, 0, 0, 0, 0, 0, 0, 0;Europe/Paris;NA
2023-03-08T05:00:00Z;-1;9000003703;hourly;0,0000000000;0,0000000000;0,0000000000;0,0000000000;0,0000000000;0,0000000000;0,0000000000;0,0000000000;0,0000000000;0,0000000000;0,0000000000;0,0000000000;0,0000000000;1;0, 0, 0, 0, 0, 0, 0, 0;0, 0, 0, 0, 0, 0, 0, 0, 0, 0, 0, 0, 0, 0, 0, 0, 0, 0, 0, 0, 0, 0, 0, 0, 0;Europe/Paris;NA
2023-03-08T06:00:00Z;-1;9000003703;hourly;0,1716666667;11,6504854369;133,9805825243;11,6504854369;0,0000000000;11,6504854369;0,0000000000;81,5533980583;52,4271844660;11,6504854369;0,0000000000;0,0000000000;0,0000000000;1;4.347826087, 0, 43.4782608696, 34.7826086957, 13.0434782609, 4.347826087, 0, 0;4.347826087, 0, 0, 0, 0, 43.4782608696, 26.0869565217, 8.6956521739, 4.347826087, 8.6956521739, 4.347826087, 0, 0, 0, 0, 0, 0, 0, 0, 0, 0, 0, 0, 0, 0;Europe/Paris;40,0
2023-03-08T07:00:00Z;-1;9000003703;hourly;0,3819444444;13,0909090909;89,0181818182;23,5636363636;7,8545454545;0,0000000000;13,0909090909;60,2181818182;28,8000000000;23,5636363636;0,0000000000;5,2363636364;2,6181818182;1;14.7058823529, 17.6470588235, 23.5294117647, 32.3529411765, 8.8235294118, 2.9411764706, 0, 0;11.7647058824, 2.9411764706, 5.8823529412, 11.7647058824, 5.8823529412, 17.6470588235, 14.7058823529, 17.6470588235, 8.8235294118, 0, 2.9411764706, 0, 0, 0, 0, 0, 0, 0, 0, 0, 0, 0, 0, 0, 0;Europe/Paris;36,5
2023-03-08T08:00:00Z;-1;9000003703;hourly;0,6475000000;4,6332046332;44,7876447876;1,5444015444;3,0888030888;0,0000000000;4,6332046332;26,2548262548;18,5328185328;1,5444015444;0,0000000000;3,0888030888;0,0000000000;1;6.8965517241, 0, 24.1379310345, 48.275862069, 13.7931034483, 6.8965517241, 0, 0;6.8965517241, 0, 0, 0, 13.7931034483, 10.3448275862, 31.0344827586, 17.2413793103, 13.7931034483, 0, 6.8965517241, 0, 0, 0, 0, 0, 0, 0, 0, 0, 0, 0, 0, 0, 0;Europe/Paris;39,5
2023-03-08T09:00:00Z;-1;9000003703;hourly;0,6163888889;3,2447048220;55,1599819739;12,9788192880;0,0000000000;0,0000000000;3,2447048220;24,3352861649;30,8246958089;11,3564668770;1,6223524110;0,0000000000;0,0000000000;1;14.7058823529, 8.8235294118, 8.8235294118, 52.9411764706, 11.7647058824, 2.9411764706, 0, 0;14.7058823529, 0, 5.8823529412, 2.9411764706, 2.9411764706, 5.8823529412, 35.2941176471, 17.6470588235, 11.7647058824, 0, 0, 2.9411764706, 0, 0, 0, 0, 0, 0, 0, 0, 0, 0, 0, 0, 0;Europe/Paris;37,5
2023-03-08T10:00:00Z;-1;9000003703;hourly;0,6069444444;1,6475972540;60,9610983982;4,9427917620;0,0000000000;0,0000000000;1,6475972540;26,3615560641;34,5995423341;3,2951945080;1,6475972540;0,0000000000;0,0000000000;1;10.8108108108, 5.4054054054, 13.5135135135, 54.0540540541, 16.2162162162, 0, 0, 0;10.8108108108, 0, 0, 5.4054054054, 5.4054054054, 8.1081081081, 24.3243243243, 29.7297297297, 8.1081081081, 8.1081081081, 0, 0, 0, 0, 0, 0, 0, 0, 0, 0, 0, 0, 0, 0, 0;Europe/Paris;38,5
2023-03-08T11:00:00Z;-1;9000003703;hourly;0,6044444444;19,8529411765;90,9926470588;14,8897058824;0,0000000000;4,9632352941;14,8897058824;28,1250000000;62,8676470588;8,2720588235;6,6176470588;0,0000000000;0,0000000000;1;12.7272727273, 9.0909090909, 23.6363636364, 41.8181818182, 12.7272727273, 0, 0, 0;12.7272727273, 0, 1.8181818182, 7.2727272727, 9.0909090909, 14.5454545455, 25.4545454545, 16.3636363636, 9.0909090909, 3.6363636364, 0, 0, 0, 0, 0, 0, 0, 0, 0, 0, 0, 0, 0, 0, 0;Europe/Paris;37,0
2023-03-08T12:00:00Z;-1;9000003703;hourly;0,6269444444;9,5702259637;70,1816570669;6,3801506424;1,5950376606;3,1900753212;6,3801506424;35,0908285335;35,0908285335;4,7851129818;1,5950376606;0,0000000000;1,5950376606;1;4.5454545455, 0, 22.7272727273, 40.9090909091, 27.2727272727, 4.5454545455, 0, 0;4.5454545455, 0, 0, 0, 4.5454545455, 18.1818181818, 27.2727272727, 13.6363636364, 25, 2.2727272727, 4.5454545455, 0, 0, 0, 0, 0, 0, 0, 0, 0, 0, 0, 0, 0, 0;Europe/Paris;41,0
2023-03-08T13:00:00Z;-1;9000003703;hourly;0,6188888889;11,3105924596;43,6265709156;11,3105924596;4,8473967684;6,4631956912;4,8473967684;14,5421903052;29,0843806104;8,0789946140;3,2315978456;3,2315978456;1,6157989228;1;0, 11.1111111111, 22.2222222222, 48.1481481481, 18.5185185185, 0, 0, 0;0, 0, 3.7037037037, 7.4074074074, 7.4074074074, 14.8148148148, 18.5185185185, 29.6296296296, 18.5185185185, 0, 0, 0, 0, 0, 0, 0, 0, 0, 0, 0, 0, 0, 0, 0, 0;Europe/Paris;38,5
2023-03-08T14:00:00Z;-1;9000003703;hourly;0,5922222222;5,0656660413;47,2795497186;15,1969981238;1,6885553471;1,6885553471;3,3771106942;28,7054409006;18,5741088180;5,0656660413;10,1313320826;1,6885553471;0,0000000000;1;21.4285714286, 7.1428571429, 32.1428571429, 35.7142857143, 3.5714285714, 0, 0, 0;17.8571428571, 3.5714285714, 0, 7.1428571429, 7.1428571429, 25, 25, 10.7142857143, 3.5714285714, 0, 0, 0, 0, 0, 0, 0, 0, 0, 0, 0, 0, 0, 0, 0, 0;Europe/Paris;32,5
2023-03-08T15:00:00Z;-1;9000003703;hourly;0,6233333333;8,0213903743;112,2994652406;20,8556149733;1,6042780749;1,6042780749;6,4171122995;48,1283422460;64,1711229947;9,6256684492;11,2299465241;0,0000000000;1,6042780749;1;7.1428571429, 4.2857142857, 42.8571428571, 40, 5.7142857143, 0, 0, 0;4.2857142857, 2.8571428571, 2.8571428571, 1.4285714286, 17.1428571429, 25.7142857143, 32.8571428571, 7.1428571429, 5.7142857143, 0, 0, 0, 0, 0, 0, 0, 0, 0, 0, 0, 0, 0, 0, 0, 0;Europe/Paris;32,0
2023-03-08T16:00:00Z;-1;9000003703;hourly;0,6444444444;12,4137931034;152,0689655172;10,8620689655;6,2068965517;0,0000000000;12,4137931034;71,3793103448;80,6896551724;4,6551724138;6,2068965517;1,5517241379;4,6551724138;1;3.0612244898, 4.0816326531, 39.7959183673, 40.8163265306, 11.2244897959, 0, 1.0204081633, 0;3.0612244898, 0, 3.0612244898, 1.0204081633, 12.2448979592, 27.5510204082, 27.5510204082, 13.2653061224, 9.1836734694, 2.0408163265, 0, 0, 1.0204081633, 0, 0, 0, 0, 0, 0, 0, 0, 0, 0, 0, 0;Europe/Paris;36,5
2023-03-08T17:00:00Z;-1;9000003703;hourly;0,4108333333;4,8681541582;158,2150101420;2,4340770791;0,0000000000;0,0000000000;4,8681541582;63,2860040568;94,9290060852;0,0000000000;2,4340770791;0,0000000000;0,0000000000;1;1.5384615385, 4.6153846154, 38.4615384615, 43.0769230769, 12.3076923077, 0, 0, 0;1.5384615385, 0, 1.5384615385, 3.0769230769, 7.6923076923, 30.7692307692, 27.6923076923, 15.3846153846, 9.2307692308, 3.0769230769, 0, 0, 0, 0, 0, 0, 0, 0, 0, 0, 0, 0, 0, 0, 0;Europe/Paris;36,5
2023-03-08T18:00:00Z;-1;9000003703;hourly;0,0000000000;0,0000000000;0,0000000000;0,0000000000;0,0000000000;0,0000000000;0,0000000000;0,0000000000;0,0000000000;0,0000000000;0,0000000000;0,0000000000;0,0000000000;1;0, 0, 0, 0, 0, 0, 0, 0;0, 0, 0, 0, 0, 0, 0, 0, 0, 0, 0, 0, 0, 0, 0, 0, 0, 0, 0, 0, 0, 0, 0, 0, 0;Europe/Paris;NA
2023-03-09T03:00:00Z;-1;9000003703;hourly;0,0000000000;0,0000000000;0,0000000000;0,0000000000;0,0000000000;0,0000000000;0,0000000000;0,0000000000;0,0000000000;0,0000000000;0,0000000000;0,0000000000;0,0000000000;1;0, 0, 0, 0, 0, 0, 0, 0;0, 0, 0, 0, 0, 0, 0, 0, 0, 0, 0, 0, 0, 0, 0, 0, 0, 0, 0, 0, 0, 0, 0, 0, 0;Europe/Paris;NA
2023-03-09T04:00:00Z;-1;9000003703;hourly;0,0000000000;0,0000000000;0,0000000000;0,0000000000;0,0000000000;0,0000000000;0,0000000000;0,0000000000;0,0000000000;0,0000000000;0,0000000000;0,0000000000;0,0000000000;1;0, 0, 0, 0, 0, 0, 0, 0;0, 0, 0, 0, 0, 0, 0, 0, 0, 0, 0, 0, 0, 0, 0, 0, 0, 0, 0, 0, 0, 0, 0, 0, 0;Europe/Paris;NA
2023-03-09T05:00:00Z;-1;9000003703;hourly;0,0000000000;0,0000000000;0,0000000000;0,0000000000;0,0000000000;0,0000000000;0,0000000000;0,0000000000;0,0000000000;0,0000000000;0,0000000000;0,0000000000;0,0000000000;1;0, 0, 0, 0, 0, 0, 0, 0;0, 0, 0, 0, 0, 0, 0, 0, 0, 0, 0, 0, 0, 0, 0, 0, 0, 0, 0, 0, 0, 0, 0, 0, 0;Europe/Paris;NA
2023-03-09T06:00:00Z;-1;9000003703;hourly;0,2288888889;8,7378640777;117,9611650485;8,7378640777;4,3689320388;4,3689320388;4,3689320388;65,5339805825;52,4271844660;8,7378640777;0,0000000000;4,3689320388;0,0000000000;1;14.8148148148, 0, 18.5185185185, 51.8518518519, 11.1111111111, 3.7037037037, 0, 0;3.7037037037, 11.1111111111, 0, 0, 3.7037037037, 14.8148148148, 25.9259259259, 25.9259259259, 3.7037037037, 7.4074074074, 3.7037037037, 0, 0, 0, 0, 0, 0, 0, 0, 0, 0, 0, 0, 0, 0;Europe/Paris;37,5
2023-03-09T07:00:00Z;-1;9000003703;hourly;0,6238888889;14,4256455922;153,8735529831;16,0284951024;0,0000000000;0,0000000000;14,4256455922;89,7595725735;64,1139804096;14,4256455922;1,6028495102;0,0000000000;0,0000000000;1;11.4583333333, 8.3333333333, 36.4583333333, 27.0833333333, 15.625, 1.0416666667, 0, 0;10.4166666667, 1.0416666667, 2.0833333333, 6.25, 10.4166666667, 26.0416666667, 16.6666666667, 10.4166666667, 11.4583333333, 4.1666666667, 1.0416666667, 0, 0, 0, 0, 0, 0, 0, 0, 0, 0, 0, 0, 0, 0;Europe/Paris;38,0
2023-03-09T08:00:00Z;-1;9000003703;hourly;0,6461111111;4,6431642304;61,9088564058;1,5477214101;1,5477214101;1,5477214101;3,0954428203;23,2158211522;38,6930352537;0,0000000000;1,5477214101;1,5477214101;0,0000000000;1;15, 5, 27.5, 45, 2.5, 2.5, 2.5, 0;15, 0, 2.5, 2.5, 7.5, 20, 25, 20, 2.5, 0, 2.5, 0, 0, 2.5, 0, 0, 0, 0, 0, 0, 0, 0, 0, 0, 0;Europe/Paris;35,5
2023-03-09T09:00:00Z;-1;9000003703;hourly;0,6230555556;4,8149799376;22,4699063754;0,0000000000;0,0000000000;0,0000000000;4,8149799376;11,2349531877;11,2349531877;0,0000000000;0,0000000000;0,0000000000;0,0000000000;1;28.5714285714, 0, 35.7142857143, 14.2857142857, 14.2857142857, 7.1428571429, 0, 0;28.5714285714, 0, 0, 0, 21.4285714286, 14.2857142857, 7.1428571429, 7.1428571429, 0, 14.2857142857, 7.1428571429, 0, 0, 0, 0, 0, 0, 0, 0, 0, 0, 0, 0, 0, 0;Europe/Paris;44,5
2023-03-09T10:00:00Z;-1;9000003703;hourly;0,5872222222;1,7029328288;56,1967833491;5,1087984863;0,0000000000;1,7029328288;0,0000000000;35,7615894040;20,4351939451;1,7029328288;3,4058656575;0,0000000000;0,0000000000;1;12.1212121212, 3.0303030303, 42.4242424242, 33.3333333333, 9.0909090909, 0, 0, 0;12.1212121212, 0, 3.0303030303, 0, 9.0909090909, 33.3333333333, 18.1818181818, 15.1515151515, 0, 9.0909090909, 0, 0, 0, 0, 0, 0, 0, 0, 0, 0, 0, 0, 0, 0, 0;Europe/Paris;35,5
2023-03-09T11:00:00Z;-1;9000003703;hourly;0,5808333333;3,4433285509;44,7632711621;5,1649928264;3,4433285509;0,0000000000;3,4433285509;10,3299856528;34,4332855093;1,7216642755;3,4433285509;1,7216642755;1,7216642755;1;15.3846153846, 3.8461538462, 26.9230769231, 34.6153846154, 19.2307692308, 0, 0, 0;11.5384615385, 3.8461538462, 3.8461538462, 0, 3.8461538462, 23.0769230769, 23.0769230769, 11.5384615385, 11.5384615385, 7.6923076923, 0, 0, 0, 0, 0, 0, 0, 0, 0, 0, 0, 0, 0, 0, 0;Europe/Paris;39,5
2023-03-09T12:00:00Z;-1;9000003703;hourly;0,6094444444;11,4858705561;55,7885141294;4,9225159526;4,9225159526;1,6408386509;9,8450319052;26,2534184139;29,5350957156;1,6408386509;3,2816773017;0,0000000000;4,9225159526;1;17.6470588235, 0, 14.7058823529, 41.1764705882, 20.5882352941, 5.8823529412, 0, 0;17.6470588235, 0, 0, 0, 5.8823529412, 8.8235294118, 20.5882352941, 20.5882352941, 11.7647058824, 8.8235294118, 2.9411764706, 2.9411764706, 0, 0, 0, 0, 0, 0, 0, 0, 0, 0, 0, 0, 0;Europe/Paris;42,5
2023-03-09T13:00:00Z;-1;9000003703;hourly;0,5875000000;5,1063829787;25,5319148936;3,4042553191;0,0000000000;1,7021276596;3,4042553191;6,8085106383;18,7234042553;0,0000000000;3,4042553191;0,0000000000;0,0000000000;1;40, 6.6666666667, 13.3333333333, 13.3333333333, 20, 6.6666666667, 0, 0;40, 0, 0, 6.6666666667, 6.6666666667, 6.6666666667, 0, 13.3333333333, 13.3333333333, 6.6666666667, 0, 6.6666666667, 0, 0, 0, 0, 0, 0, 0, 0, 0, 0, 0, 0, 0;Europe/Paris;42,0
2023-03-09T14:00:00Z;-1;9000003703;hourly;0,5952777778;6,7195520299;36,9575361643;1,6798880075;0,0000000000;0,0000000000;6,7195520299;18,4787680821;18,4787680821;0,0000000000;1,6798880075;0,0000000000;0,0000000000;1;13.6363636364, 0, 31.8181818182, 50, 0, 4.5454545455, 0, 0;13.6363636364, 0, 0, 0, 13.6363636364, 18.1818181818, 27.2727272727, 22.7272727273, 0, 0, 4.5454545455, 0, 0, 0, 0, 0, 0, 0, 0, 0, 0, 0, 0, 0, 0;Europe/Paris;35,0
2023-03-09T15:00:00Z;-1;9000003703;hourly;0,6000000000;10,0000000000;138,3333333333;21,6666666667;5,0000000000;0,0000000000;10,0000000000;71,6666666667;66,6666666667;10,0000000000;11,6666666667;3,3333333333;1,6666666667;1;12.0481927711, 12.0481927711, 25.3012048193, 36.1445783133, 8.4337349398, 1.2048192771, 2.4096385542, 2.4096385542;12.0481927711, 0, 1.2048192771, 10.843373494, 13.2530120482, 12.0481927711, 22.8915662651, 13.2530120482, 6.0240963855, 2.4096385542, 1.2048192771, 0, 0, 2.4096385542, 0, 0, 1.2048192771, 1.2048192771, 0, 0, 0, 0, 0, 0, 0;Europe/Paris;37,5
2023-03-09T16:00:00Z;-1;9000003703;hourly;0,5558333333;7,1964017991;80,9595202399;7,1964017991;0,0000000000;3,5982008996;3,5982008996;23,3883058471;57,5712143928;3,5982008996;3,5982008996;0,0000000000;0,0000000000;1;11.1111111111, 4.4444444444, 17.7777777778, 42.2222222222, 20, 2.2222222222, 0, 2.2222222222;11.1111111111, 0, 2.2222222222, 2.2222222222, 2.2222222222, 15.5555555556, 22.2222222222, 20, 20, 0, 2.2222222222, 0, 0, 0, 2.2222222222, 0, 0, 0, 0, 0, 0, 0, 0, 0, 0;Europe/Paris;40,0
2023-03-09T17:00:00Z;-1;9000003703;hourly;0,4266666667;7,0312500000;126,5625000000;0,0000000000;0,0000000000;2,3437500000;4,6875000000;49,2187500000;77,3437500000;0,0000000000;0,0000000000;0,0000000000;0,0000000000;1;7.4074074074, 1.8518518519, 24.0740740741, 48.1481481481, 14.8148148148, 0, 1.8518518519, 1.8518518519;5.5555555556, 1.8518518519, 0, 1.8518518519, 5.5555555556, 18.5185185185, 24.0740740741, 24.0740740741, 11.1111111111, 3.7037037037, 0, 0, 1.8518518519, 0, 1.8518518519, 0, 0, 0, 0, 0, 0, 0, 0, 0, 0;Europe/Paris;39,0
2023-03-09T18:00:00Z;-1;9000003703;hourly;0,0702777778;14,2292490119;128,0632411067;0,0000000000;0,0000000000;0,0000000000;14,2292490119;56,9169960474;71,1462450593;0,0000000000;0,0000000000;0,0000000000;0,0000000000;1;0, 0, 33.3333333333, 66.6666666667, 0, 0, 0, 0;0, 0, 0, 0, 22.2222222222, 11.1111111111, 55.5555555556, 11.1111111111, 0, 0, 0, 0, 0, 0, 0, 0, 0, 0, 0, 0, 0, 0, 0, 0, 0;Europe/Paris;32,0
2023-03-10T03:00:00Z;-1;9000003703;hourly;0,0000000000;0,0000000000;0,0000000000;0,0000000000;0,0000000000;0,0000000000;0,0000000000;0,0000000000;0,0000000000;0,0000000000;0,0000000000;0,0000000000;0,0000000000;1;0, 0, 0, 0, 0, 0, 0, 0;0, 0, 0, 0, 0, 0, 0, 0, 0, 0, 0, 0, 0, 0, 0, 0, 0, 0, 0, 0, 0, 0, 0, 0, 0;Europe/Paris;NA
2023-03-10T04:00:00Z;-1;9000003703;hourly;0,0000000000;0,0000000000;0,0000000000;0,0000000000;0,0000000000;0,0000000000;0,0000000000;0,0000000000;0,0000000000;0,0000000000;0,0000000000;0,0000000000;0,0000000000;1;0, 0, 0, 0, 0, 0, 0, 0;0, 0, 0, 0, 0, 0, 0, 0, 0, 0, 0, 0, 0, 0, 0, 0, 0, 0, 0, 0, 0, 0, 0, 0, 0;Europe/Paris;NA
2023-03-10T05:00:00Z;-1;9000003703;hourly;0,0000000000;0,0000000000;0,0000000000;0,0000000000;0,0000000000;0,0000000000;0,0000000000;0,0000000000;0,0000000000;0,0000000000;0,0000000000;0,0000000000;0,0000000000;1;0, 0, 0, 0, 0, 0, 0, 0;0, 0, 0, 0, 0, 0, 0, 0, 0, 0, 0, 0, 0, 0, 0, 0, 0, 0, 0, 0, 0, 0, 0, 0, 0;Europe/Paris;NA
2023-03-10T06:00:00Z;-1;9000003703;hourly;0,2394444444;4,1763341067;108,5846867749;16,7053364269;8,3526682135;0,0000000000;4,1763341067;70,9976798144;37,5870069606;12,5290023202;4,1763341067;0,0000000000;8,3526682135;1;3.8461538462, 3.8461538462, 30.7692307692, 50, 11.5384615385, 0, 0, 0;0, 3.8461538462, 0, 3.8461538462, 23.0769230769, 7.6923076923, 30.7692307692, 19.2307692308, 11.5384615385, 0, 0, 0, 0, 0, 0, 0, 0, 0, 0, 0, 0, 0, 0, 0, 0;Europe/Paris;36,5
2023-03-10T07:00:00Z;-1;9000003703;hourly;0,5188888889;17,3447537473;127,1948608137;21,1991434690;11,5631691649;3,8543897216;13,4903640257;96,3597430407;30,8351177730;21,1991434690;0,0000000000;9,6359743041;1,9271948608;1;3.0303030303, 4.5454545455, 33.3333333333, 42.4242424242, 16.6666666667, 0, 0, 0;1.5151515152, 1.5151515152, 0, 4.5454545455, 7.5757575758, 25.7575757576, 25.7575757576, 16.6666666667, 9.0909090909, 7.5757575758, 0, 0, 0, 0, 0, 0, 0, 0, 0, 0, 0, 0, 0, 0, 0;Europe/Paris;38,5
2023-03-10T08:00:00Z;-1;9000003703;hourly;0,5902777778;5,0823529412;42,3529411765;8,4705882353;3,3882352941;1,6941176471;3,3882352941;22,0235294118;20,3294117647;5,0823529412;3,3882352941;3,3882352941;0,0000000000;1;12, 4, 28, 44, 12, 0, 0, 0;12, 0, 4, 0, 4, 24, 24, 20, 8, 4, 0, 0, 0, 0, 0, 0, 0, 0, 0, 0, 0, 0, 0, 0, 0;Europe/Paris;37,0
2023-03-10T09:00:00Z;-1;9000003703;hourly;0,6011111111;4,9907578558;38,2624768946;1,6635859519;3,3271719039;1,6635859519;3,3271719039;18,2994454713;19,9630314233;1,6635859519;0,0000000000;3,3271719039;0,0000000000;1;4.347826087, 17.3913043478, 39.1304347826, 34.7826086957, 4.347826087, 0, 0, 0;0, 4.347826087, 8.6956521739, 8.6956521739, 21.7391304348, 17.3913043478, 17.3913043478, 17.3913043478, 4.347826087, 0, 0, 0, 0, 0, 0, 0, 0, 0, 0, 0, 0, 0, 0, 0, 0;Europe/Paris;34,5
2023-03-10T10:00:00Z;-1;9000003703;hourly;0,5411111111;18,4804928131;53,5934291581;20,3285420945;5,5441478439;7,3921971253;11,0882956879;27,7207392197;25,8726899384;14,7843942505;5,5441478439;3,6960985626;1,8480492813;1;10.3448275862, 10.3448275862, 34.4827586207, 34.4827586207, 10.3448275862, 0, 0, 0;10.3448275862, 0, 3.4482758621, 6.8965517241, 10.3448275862, 24.1379310345, 17.2413793103, 17.2413793103, 10.3448275862, 0, 0, 0, 0, 0, 0, 0, 0, 0, 0, 0, 0, 0, 0, 0, 0;Europe/Paris;36,0
2023-03-10T11:00:00Z;-1;9000003703;hourly;0,6088888889;6,5693430657;64,0510948905;6,5693430657;1,6423357664;1,6423357664;4,9270072993;18,0656934307;45,9854014599;1,6423357664;4,9270072993;1,6423357664;0,0000000000;1;10.2564102564, 2.5641025641, 23.0769230769, 48.7179487179, 12.8205128205, 0, 0, 2.5641025641;2.5641025641, 7.6923076923, 2.5641025641, 0, 7.6923076923, 15.3846153846, 20.5128205128, 28.2051282051, 10.2564102564, 2.5641025641, 0, 0, 0, 0, 0, 0, 0, 0, 0, 0, 0, 0, 2.5641025641, 0, 0;Europe/Paris;37,5
2023-03-10T12:00:00Z;-1;9000003703;hourly;0,6122222222;4,9001814882;66,9691470054;4,9001814882;0,0000000000;1,6333938294;3,2667876588;37,5680580762;29,4010889292;3,2667876588;1,6333938294;0,0000000000;0,0000000000;1;2.4390243902, 2.4390243902, 36.5853658537, 41.4634146341, 17.0731707317, 0, 0, 0;2.4390243902, 0, 0, 2.4390243902, 2.4390243902, 34.1463414634, 34.1463414634, 7.3170731707, 9.756097561, 7.3170731707, 0, 0, 0, 0, 0, 0, 0, 0, 0, 0, 0, 0, 0, 0, 0;Europe/Paris;38,5
2023-03-10T13:00:00Z;-1;9000003703;hourly;0,6338888889;3,1551270815;36,2839614373;0,0000000000;1,5775635408;1,5775635408;1,5775635408;17,3531989483;18,9307624890;0,0000000000;0,0000000000;1,5775635408;0,0000000000;1;0, 0, 39.1304347826, 47.8260869565, 13.0434782609, 0, 0, 0;0, 0, 0, 0, 13.0434782609, 26.0869565217, 26.0869565217, 21.7391304348, 13.0434782609, 0, 0, 0, 0, 0, 0, 0, 0, 0, 0, 0, 0, 0, 0, 0, 0;Europe/Paris;37,0
2023-03-10T14:00:00Z;-1;9000003703;hourly;0,6652777778;7,5156576200;73,6534446764;6,0125260960;0,0000000000;6,0125260960;1,5031315240;28,5594989562;45,0939457203;3,0062630480;3,0062630480;0,0000000000;0,0000000000;1;2.0408163265, 8.1632653061, 34.693877551, 36.7346938776, 16.3265306122, 2.0408163265, 0, 0;2.0408163265, 0, 4.0816326531, 4.0816326531, 6.1224489796, 28.5714285714, 22.4489795918, 14.2857142857, 14.2857142857, 2.0408163265, 0, 2.0408163265, 0, 0, 0, 0, 0, 0, 0, 0, 0, 0, 0, 0, 0;Europe/Paris;38,5
2023-03-10T15:00:00Z;-1;9000003703;hourly;0,5880555556;6,8020784128;154,7472838923;49,3150684932;5,1015588096;1,7005196032;5,1015588096;59,5181861124;95,2290977799;27,2083136514;22,1067548418;3,4010392064;1,7005196032;1;2.1978021978, 12.0879120879, 36.2637362637, 38.4615384615, 7.6923076923, 1.0989010989, 0, 2.1978021978;1.0989010989, 1.0989010989, 2.1978021978, 9.8901098901, 14.2857142857, 21.978021978, 23.0769230769, 15.3846153846, 4.3956043956, 3.2967032967, 0, 1.0989010989, 0, 0, 0, 0, 1.0989010989, 0, 1.0989010989, 0, 0, 0, 0, 0, 0;Europe/Paris;36,0
2023-03-10T16:00:00Z;-1;9000003703;hourly;0,6205555556;17,7260519248;146,6427931961;9,6687555953;1,6114592659;12,8916741271;4,8343777977;48,3437779767;98,2990152193;4,8343777977;4,8343777977;0,0000000000;1,6114592659;1;2.1978021978, 3.2967032967, 25.2747252747, 50.5494505495, 17.5824175824, 1.0989010989, 0, 0;1.0989010989, 1.0989010989, 2.1978021978, 1.0989010989, 6.5934065934, 18.6813186813, 21.978021978, 28.5714285714, 16.4835164835, 1.0989010989, 1.0989010989, 0, 0, 0, 0, 0, 0, 0, 0, 0, 0, 0, 0, 0, 0;Europe/Paris;38,5
2023-03-10T17:00:00Z;-1;9000003703;hourly;0,4422222222;11,3065326633;156,0301507538;6,7839195980;0,0000000000;2,2613065327;9,0452261307;56,5326633166;99,4974874372;0,0000000000;6,7839195980;0,0000000000;0,0000000000;1;0, 0, 24.6376811594, 47.8260869565, 18.8405797101, 2.8985507246, 0, 5.7971014493;0, 0, 0, 0, 11.5942028986, 13.0434782609, 28.9855072464, 18.8405797101, 11.5942028986, 7.2463768116, 2.8985507246, 0, 0, 0, 0, 1.4492753623, 1.4492753623, 0, 0, 2.8985507246, 0, 0, 0, 0, 0;Europe/Paris;43,0
2023-03-10T18:00:00Z;-1;9000003703;hourly;0,0000000000;0,0000000000;0,0000000000;0,0000000000;0,0000000000;0,0000000000;0,0000000000;0,0000000000;0,0000000000;0,0000000000;0,0000000000;0,0000000000;0,0000000000;1;0, 0, 0, 0, 0, 0, 0, 0;0, 0, 0, 0, 0, 0, 0, 0, 0, 0, 0, 0, 0, 0, 0, 0, 0, 0, 0, 0, 0, 0, 0, 0, 0;Europe/Paris;NA
2023-03-10T19:00:00Z;-1;9000003703;hourly;0,0000000000;0,0000000000;0,0000000000;0,0000000000;0,0000000000;0,0000000000;0,0000000000;0,0000000000;0,0000000000;0,0000000000;0,0000000000;0,0000000000;0,0000000000;1;0, 0, 0, 0, 0, 0, 0, 0;0, 0, 0, 0, 0, 0, 0, 0, 0, 0, 0, 0, 0, 0, 0, 0, 0, 0, 0, 0, 0, 0, 0, 0, 0;Europe/Paris;NA
2023-03-11T03:00:00Z;-1;9000003703;hourly;0,0000000000;0,0000000000;0,0000000000;0,0000000000;0,0000000000;0,0000000000;0,0000000000;0,0000000000;0,0000000000;0,0000000000;0,0000000000;0,0000000000;0,0000000000;1;0, 0, 0, 0, 0, 0, 0, 0;0, 0, 0, 0, 0, 0, 0, 0, 0, 0, 0, 0, 0, 0, 0, 0, 0, 0, 0, 0, 0, 0, 0, 0, 0;Europe/Paris;NA
2023-03-11T04:00:00Z;-1;9000003703;hourly;0,0000000000;0,0000000000;0,0000000000;0,0000000000;0,0000000000;0,0000000000;0,0000000000;0,0000000000;0,0000000000;0,0000000000;0,0000000000;0,0000000000;0,0000000000;1;0, 0, 0, 0, 0, 0, 0, 0;0, 0, 0, 0, 0, 0, 0, 0, 0, 0, 0, 0, 0, 0, 0, 0, 0, 0, 0, 0, 0, 0, 0, 0, 0;Europe/Paris;NA
2023-03-11T05:00:00Z;-1;9000003703;hourly;0,0000000000;0,0000000000;0,0000000000;0,0000000000;0,0000000000;0,0000000000;0,0000000000;0,0000000000;0,0000000000;0,0000000000;0,0000000000;0,0000000000;0,0000000000;1;0, 0, 0, 0, 0, 0, 0, 0;0, 0, 0, 0, 0, 0, 0, 0, 0, 0, 0, 0, 0, 0, 0, 0, 0, 0, 0, 0, 0, 0, 0, 0, 0;Europe/Paris;NA
2023-03-11T06:00:00Z;-1;9000003703;hourly;0,2458333333;0,0000000000;8,1355932203;0,0000000000;0,0000000000;0,0000000000;0,0000000000;8,1355932203;0,0000000000;0,0000000000;0,0000000000;0,0000000000;0,0000000000;1;0, 0, 50, 50, 0, 0, 0, 0;0, 0, 0, 0, 50, 0, 0, 50, 0, 0, 0, 0, 0, 0, 0, 0, 0, 0, 0, 0, 0, 0, 0, 0, 0;Europe/Paris;36,0
2023-03-11T07:00:00Z;-1;9000003703;hourly;0,6350000000;0,0000000000;17,3228346457;0,0000000000;1,5748031496;0,0000000000;0,0000000000;9,4488188976;7,8740157480;0,0000000000;0,0000000000;0,0000000000;1,5748031496;1;27.2727272727, 0, 9.0909090909, 36.3636363636, 18.1818181818, 0, 0, 9.0909090909;27.2727272727, 0, 0, 0, 0, 9.0909090909, 9.0909090909, 27.2727272727, 0, 18.1818181818, 0, 0, 0, 0, 0, 0, 0, 0, 0, 9.0909090909, 0, 0, 0, 0, 0;Europe/Paris;46,0
2023-03-11T08:00:00Z;-1;9000003703;hourly;0,6025000000;6,6390041494;82,9875518672;3,3195020747;0,0000000000;4,9792531120;1,6597510373;33,1950207469;49,7925311203;0,0000000000;3,3195020747;0,0000000000;0,0000000000;1;2, 6, 28, 36, 22, 6, 0, 0;2, 0, 0, 6, 8, 20, 16, 20, 18, 4, 6, 0, 0, 0, 0, 0, 0, 0, 0, 0, 0, 0, 0, 0, 0;Europe/Paris;41,0
2023-03-11T09:00:00Z;-1;9000003703;hourly;0,6172222222;3,2403240324;137,7137713771;11,3411341134;0,0000000000;1,6201620162;1,6201620162;71,2871287129;66,4266426643;4,8604860486;6,4806480648;0,0000000000;0,0000000000;1;1.1764705882, 2.3529411765, 25.8823529412, 49.4117647059, 16.4705882353, 3.5294117647, 0, 1.1764705882;1.1764705882, 0, 1.1764705882, 1.1764705882, 3.5294117647, 22.3529411765, 32.9411764706, 16.4705882353, 11.7647058824, 4.7058823529, 2.3529411765, 1.1764705882, 0, 0, 0, 0, 1.1764705882, 0, 0, 0, 0, 0, 0, 0, 0;Europe/Paris;40,0
2023-03-11T10:00:00Z;-1;9000003703;hourly;0,6205555556;4,8343777977;153,0886302596;8,0572963295;1,6114592659;1,6114592659;3,2229185318;69,2927484333;83,7958818263;6,4458370636;1,6114592659;0,0000000000;1,6114592659;1;2.1052631579, 1.0526315789, 31.5789473684, 48.4210526316, 14.7368421053, 1.0526315789, 0, 1.0526315789;2.1052631579, 0, 0, 1.0526315789, 5.2631578947, 26.3157894737, 26.3157894737, 22.1052631579, 10.5263157895, 4.2105263158, 1.0526315789, 0, 0, 0, 0, 0, 0, 0, 0, 0, 0, 0, 0, 1.0526315789, 0;Europe/Paris;38,5
2023-03-11T11:00:00Z;-1;9000003703;hourly;0,6497222222;12,3129542540;146,2163317657;1,5391192817;1,5391192817;3,0782385635;9,2347156905;69,2603676785;76,9559640872;1,5391192817;0,0000000000;0,0000000000;1,5391192817;1;2.1052631579, 2.1052631579, 24.2105263158, 53.6842105263, 16.8421052632, 0, 0, 1.0526315789;2.1052631579, 0, 0, 2.1052631579, 2.1052631579, 22.1052631579, 32.6315789474, 21.0526315789, 11.5789473684, 5.2631578947, 0, 0, 0, 0, 0, 0, 0, 0, 0, 0, 1.0526315789, 0, 0, 0, 0;Europe/Paris;39,0
2023-03-11T12:00:00Z;-1;9000003703;hourly;0,6161111111;1,6230838593;61,6771866546;4,8692515780;0,0000000000;0,0000000000;1,6230838593;29,2155094680;32,4616771867;1,6230838593;3,2461677187;0,0000000000;0,0000000000;1;0, 2.6315789474, 18.4210526316, 63.1578947368, 5.2631578947, 10.5263157895, 0, 0;0, 0, 0, 2.6315789474, 10.5263157895, 7.8947368421, 21.0526315789, 42.1052631579, 2.6315789474, 2.6315789474, 10.5263157895, 0, 0, 0, 0, 0, 0, 0, 0, 0, 0, 0, 0, 0, 0;Europe/Paris;39,0
2023-03-11T13:00:00Z;-1;9000003703;hourly;0,6455555556;1,5490533563;79,0017211704;1,5490533563;1,5490533563;0,0000000000;1,5490533563;40,2753872633;38,7263339071;1,5490533563;0,0000000000;1,5490533563;0,0000000000;1;0, 0, 31.3725490196, 58.8235294118, 9.8039215686, 0, 0, 0;0, 0, 0, 0, 9.8039215686, 21.568627451, 33.3333333333, 25.4901960784, 7.8431372549, 1.9607843137, 0, 0, 0, 0, 0, 0, 0, 0, 0, 0, 0, 0, 0, 0, 0;Europe/Paris;36,5
2023-03-11T14:00:00Z;-1;9000003703;hourly;0,5947222222;15,1331153667;84,0728631481;16,8145726296;0,0000000000;1,6814572630;13,4516581037;33,6291452592;50,4437178888;6,7258290518;10,0887435778;0,0000000000;0,0000000000;1;12, 2, 28, 44, 12, 0, 0, 2;12, 0, 2, 0, 6, 22, 24, 20, 12, 0, 0, 0, 0, 0, 0, 0, 0, 0, 0, 0, 0, 2, 0, 0, 0;Europe/Paris;37,0
2023-03-11T15:00:00Z;-1;9000003703;hourly;0,6422222222;1,5570934256;84,0830449827;6,2283737024;3,1141868512;1,5570934256;0,0000000000;42,0415224913;42,0415224913;6,2283737024;0,0000000000;1,5570934256;1,5570934256;1;1.8518518519, 0, 29.6296296296, 51.8518518519, 14.8148148148, 0, 0, 1.8518518519;1.8518518519, 0, 0, 0, 11.1111111111, 18.5185185185, 35.1851851852, 16.6666666667, 11.1111111111, 3.7037037037, 0, 0, 0, 0, 0, 0, 0, 1.8518518519, 0, 0, 0, 0, 0, 0, 0;Europe/Paris;38,0
2023-03-11T16:00:00Z;-1;9000003703;hourly;0,6522222222;1,5332197615;79,7274275980;4,5996592845;0,0000000000;0,0000000000;1,5332197615;44,4633730835;35,2640545145;3,0664395230;1,5332197615;0,0000000000;0,0000000000;1;0, 1.9230769231, 44.2307692308, 34.6153846154, 11.5384615385, 7.6923076923, 0, 0;0, 0, 0, 1.9230769231, 17.3076923077, 26.9230769231, 21.1538461538, 13.4615384615, 7.6923076923, 3.8461538462, 5.7692307692, 1.9230769231, 0, 0, 0, 0, 0, 0, 0, 0, 0, 0, 0, 0, 0;Europe/Paris;40,5
2023-03-11T17:00:00Z;-1;9000003703;hourly;0,5958333333;8,3916083916;97,3426573427;3,3566433566;0,0000000000;0,0000000000;8,3916083916;36,9230769231;60,4195804196;0,0000000000;3,3566433566;0,0000000000;0,0000000000;1;3.4482758621, 6.8965517241, 31.0344827586, 41.3793103448, 17.2413793103, 0, 0, 0;1.724137931, 1.724137931, 0, 6.8965517241, 13.7931034483, 17.2413793103, 24.1379310345, 17.2413793103, 12.0689655172, 5.1724137931, 0, 0, 0, 0, 0, 0, 0, 0, 0, 0, 0, 0, 0, 0, 0;Europe/Paris;38,5
2023-03-11T18:00:00Z;-1;9000003703;hourly;0,0169444444;0,0000000000;0,0000000000;0,0000000000;0,0000000000;0,0000000000;0,0000000000;0,0000000000;0,0000000000;0,0000000000;0,0000000000;0,0000000000;0,0000000000;1;0, 0, 0, 0, 0, 0, 0, 0;0, 0, 0, 0, 0, 0, 0, 0, 0, 0, 0, 0, 0, 0, 0, 0, 0, 0, 0, 0, 0, 0, 0, 0, 0;Europe/Paris;NA
2023-03-12T03:00:00Z;-1;9000003703;hourly;0,0000000000;0,0000000000;0,0000000000;0,0000000000;0,0000000000;0,0000000000;0,0000000000;0,0000000000;0,0000000000;0,0000000000;0,0000000000;0,0000000000;0,0000000000;1;0, 0, 0, 0, 0, 0, 0, 0;0, 0, 0, 0, 0, 0, 0, 0, 0, 0, 0, 0, 0, 0, 0, 0, 0, 0, 0, 0, 0, 0, 0, 0, 0;Europe/Paris;NA
2023-03-12T04:00:00Z;-1;9000003703;hourly;0,0000000000;0,0000000000;0,0000000000;0,0000000000;0,0000000000;0,0000000000;0,0000000000;0,0000000000;0,0000000000;0,0000000000;0,0000000000;0,0000000000;0,0000000000;1;0, 0, 0, 0, 0, 0, 0, 0;0, 0, 0, 0, 0, 0, 0, 0, 0, 0, 0, 0, 0, 0, 0, 0, 0, 0, 0, 0, 0, 0, 0, 0, 0;Europe/Paris;NA
2023-03-12T05:00:00Z;-1;9000003703;hourly;0,0000000000;0,0000000000;0,0000000000;0,0000000000;0,0000000000;0,0000000000;0,0000000000;0,0000000000;0,0000000000;0,0000000000;0,0000000000;0,0000000000;0,0000000000;1;0, 0, 0, 0, 0, 0, 0, 0;0, 0, 0, 0, 0, 0, 0, 0, 0, 0, 0, 0, 0, 0, 0, 0, 0, 0, 0, 0, 0, 0, 0, 0, 0;Europe/Paris;NA
2023-03-12T06:00:00Z;-1;9000003703;hourly;0,3750000000;0,0000000000;5,3333333333;2,6666666667;0,0000000000;0,0000000000;0,0000000000;2,6666666667;2,6666666667;0,0000000000;2,6666666667;0,0000000000;0,0000000000;1;50, 0, 0, 50, 0, 0, 0, 0;50, 0, 0, 0, 0, 0, 50, 0, 0, 0, 0, 0, 0, 0, 0, 0, 0, 0, 0, 0, 0, 0, 0, 0, 0;Europe/Paris;31,0
2023-03-12T07:00:00Z;-1;9000003703;hourly;0,6075000000;1,6460905350;8,2304526749;6,5843621399;1,6460905350;0,0000000000;1,6460905350;3,2921810700;4,9382716049;4,9382716049;1,6460905350;1,6460905350;0,0000000000;1;20, 0, 0, 60, 20, 0, 0, 0;20, 0, 0, 0, 0, 0, 40, 20, 20, 0, 0, 0, 0, 0, 0, 0, 0, 0, 0, 0, 0, 0, 0, 0, 0;Europe/Paris;38,5
2023-03-12T08:00:00Z;-1;9000003703;hourly;0,6063888889;1,6491067339;29,6839212093;3,2982134677;1,6491067339;0,0000000000;1,6491067339;16,4910673385;13,1928538708;1,6491067339;1,6491067339;1,6491067339;0,0000000000;1;5.5555555556, 5.5555555556, 27.7777777778, 38.8888888889, 16.6666666667, 5.5555555556, 0, 0;5.5555555556, 0, 5.5555555556, 0, 11.1111111111, 16.6666666667, 27.7777777778, 11.1111111111, 5.5555555556, 11.1111111111, 5.5555555556, 0, 0, 0, 0, 0, 0, 0, 0, 0, 0, 0, 0, 0, 0;Europe/Paris;43,0
2023-03-12T09:00:00Z;-1;9000003703;hourly;0,6580555556;3,0392570705;21,2747994935;7,5981426762;3,0392570705;0,0000000000;3,0392570705;9,1177712115;12,1570282820;6,0785141410;1,5196285352;1,5196285352;1,5196285352;1;35.7142857143, 0, 42.8571428571, 14.2857142857, 0, 7.1428571429, 0, 0;28.5714285714, 7.1428571429, 0, 0, 28.5714285714, 14.2857142857, 7.1428571429, 7.1428571429, 0, 0, 0, 7.1428571429, 0, 0, 0, 0, 0, 0, 0, 0, 0, 0, 0, 0, 0;Europe/Paris;32,0
2023-03-12T10:00:00Z;-1;9000003703;hourly;0,6061111111;3,2997250229;57,7451879010;21,4482126489;1,6498625115;1,6498625115;1,6498625115;21,4482126489;36,2969752521;13,1989000917;8,2493125573;1,6498625115;0,0000000000;1;0, 17.1428571429, 42.8571428571, 25.7142857143, 14.2857142857, 0, 0, 0;0, 0, 5.7142857143, 11.4285714286, 11.4285714286, 31.4285714286, 17.1428571429, 8.5714285714, 11.4285714286, 2.8571428571, 0, 0, 0, 0, 0, 0, 0, 0, 0, 0, 0, 0, 0, 0, 0;Europe/Paris;37,0
2023-03-12T11:00:00Z;-1;9000003703;hourly;0,5713888889;1,7501215362;59,5041322314;8,7506076811;3,5002430724;0,0000000000;1,7501215362;21,0014584346;38,5026737968;3,5002430724;5,2503646087;0,0000000000;3,5002430724;1;17.6470588235, 2.9411764706, 35.2941176471, 32.3529411765, 8.8235294118, 0, 0, 2.9411764706;14.7058823529, 2.9411764706, 0, 2.9411764706, 20.5882352941, 14.7058823529, 14.7058823529, 17.6470588235, 8.8235294118, 0, 0, 0, 0, 0, 2.9411764706, 0, 0, 0, 0, 0, 0, 0, 0, 0, 0;Europe/Paris;36,5
2023-03-12T12:00:00Z;-1;9000003703;hourly;0,5975000000;0,0000000000;43,5146443515;10,0418410042;0,0000000000;0,0000000000;0,0000000000;15,0627615063;28,4518828452;6,6945606695;3,3472803347;0,0000000000;0,0000000000;1;23.0769230769, 7.6923076923, 15.3846153846, 38.4615384615, 11.5384615385, 3.8461538462, 0, 0;15.3846153846, 7.6923076923, 3.8461538462, 3.8461538462, 15.3846153846, 0, 23.0769230769, 15.3846153846, 11.5384615385, 0, 0, 3.8461538462, 0, 0, 0, 0, 0, 0, 0, 0, 0, 0, 0, 0, 0;Europe/Paris;37,5
2023-03-12T13:00:00Z;-1;9000003703;hourly;0,6205555556;0,0000000000;38,6750223814;1,6114592659;0,0000000000;0,0000000000;0,0000000000;11,2802148612;27,3948075201;0,0000000000;1,6114592659;0,0000000000;0,0000000000;1;12.5, 0, 16.6666666667, 54.1666666667, 16.6666666667, 0, 0, 0;12.5, 0, 0, 0, 8.3333333333, 8.3333333333, 25, 29.1666666667, 8.3333333333, 8.3333333333, 0, 0, 0, 0, 0, 0, 0, 0, 0, 0, 0, 0, 0, 0, 0;Europe/Paris;38,5
2023-03-12T14:00:00Z;-1;9000003703;hourly;0,5833333333;1,7142857143;54,8571428571;6,8571428571;5,1428571429;0,0000000000;1,7142857143;24,0000000000;30,8571428571;6,8571428571;0,0000000000;3,4285714286;1,7142857143;1;12.5, 6.25, 34.375, 43.75, 3.125, 0, 0, 0;12.5, 0, 0, 6.25, 18.75, 15.625, 25, 18.75, 3.125, 0, 0, 0, 0, 0, 0, 0, 0, 0, 0, 0, 0, 0, 0, 0, 0;Europe/Paris;34,5
2023-03-12T15:00:00Z;-1;9000003703;hourly;0,6583333333;4,5569620253;82,0253164557;18,2278481013;7,5949367089;1,5189873418;3,0379746835;41,0126582278;41,0126582278;9,1139240506;9,1139240506;4,5569620253;3,0379746835;1;1.8518518519, 7.4074074074, 31.4814814815, 40.7407407407, 14.8148148148, 1.8518518519, 0, 1.8518518519;1.8518518519, 0, 0, 7.4074074074, 12.962962963, 18.5185185185, 25.9259259259, 14.8148148148, 12.962962963, 1.8518518519, 1.8518518519, 0, 0, 0, 0, 1.8518518519, 0, 0, 0, 0, 0, 0, 0, 0, 0;Europe/Paris;39,0
2023-03-12T16:00:00Z;-1;9000003703;hourly;0,7808333333;0,0000000000;69,1568836713;3,8420490928;1,2806830309;0,0000000000;0,0000000000;47,3852721451;21,7716115261;1,2806830309;2,5613660619;0,0000000000;1,2806830309;1;1.8518518519, 7.4074074074, 38.8888888889, 40.7407407407, 7.4074074074, 1.8518518519, 0, 1.8518518519;0, 1.8518518519, 1.8518518519, 5.5555555556, 9.2592592593, 29.6296296296, 29.6296296296, 11.1111111111, 5.5555555556, 1.8518518519, 0, 1.8518518519, 0, 0, 0, 0, 0, 1.8518518519, 0, 0, 0, 0, 0, 0, 0;Europe/Paris;36,0
2023-03-12T17:00:00Z;-1;9000003703;hourly;0,5913888889;0,0000000000;103,1470173791;1,6909347111;0,0000000000;0,0000000000;0,0000000000;49,0371066228;54,1099107562;1,6909347111;0,0000000000;0,0000000000;0,0000000000;1;8.1967213115, 9.8360655738, 18.0327868852, 47.5409836066, 14.7540983607, 0, 0, 1.6393442623;4.9180327869, 3.2786885246, 4.9180327869, 4.9180327869, 11.4754098361, 6.5573770492, 18.0327868852, 29.5081967213, 9.8360655738, 4.9180327869, 0, 0, 0, 0, 0, 0, 0, 0, 0, 0, 0, 1.6393442623, 0, 0, 0;Europe/Paris;38,0
2023-03-12T18:00:00Z;-1;9000003703;hourly;0,0000000000;0,0000000000;0,0000000000;0,0000000000;0,0000000000;0,0000000000;0,0000000000;0,0000000000;0,0000000000;0,0000000000;0,0000000000;0,0000000000;0,0000000000;1;0, 0, 0, 0, 0, 0, 0, 0;0, 0, 0, 0, 0, 0, 0, 0, 0, 0, 0, 0, 0, 0, 0, 0, 0, 0, 0, 0, 0, 0, 0, 0, 0;Europe/Paris;NA
2023-03-13T03:00:00Z;-1;9000003703;hourly;0,0000000000;0,0000000000;0,0000000000;0,0000000000;0,0000000000;0,0000000000;0,0000000000;0,0000000000;0,0000000000;0,0000000000;0,0000000000;0,0000000000;0,0000000000;1;0, 0, 0, 0, 0, 0, 0, 0;0, 0, 0, 0, 0, 0, 0, 0, 0, 0, 0, 0, 0, 0, 0, 0, 0, 0, 0, 0, 0, 0, 0, 0, 0;Europe/Paris;NA
2023-03-13T04:00:00Z;-1;9000003703;hourly;0,0000000000;0,0000000000;0,0000000000;0,0000000000;0,0000000000;0,0000000000;0,0000000000;0,0000000000;0,0000000000;0,0000000000;0,0000000000;0,0000000000;0,0000000000;1;0, 0, 0, 0, 0, 0, 0, 0;0, 0, 0, 0, 0, 0, 0, 0, 0, 0, 0, 0, 0, 0, 0, 0, 0, 0, 0, 0, 0, 0, 0, 0, 0;Europe/Paris;NA
2023-03-13T05:00:00Z;-1;9000003703;hourly;0,0000000000;0,0000000000;0,0000000000;0,0000000000;0,0000000000;0,0000000000;0,0000000000;0,0000000000;0,0000000000;0,0000000000;0,0000000000;0,0000000000;0,0000000000;1;0, 0, 0, 0, 0, 0, 0, 0;0, 0, 0, 0, 0, 0, 0, 0, 0, 0, 0, 0, 0, 0, 0, 0, 0, 0, 0, 0, 0, 0, 0, 0, 0;Europe/Paris;NA
2023-03-13T06:00:00Z;-1;9000003703;hourly;0,3611111111;2,7692307692;80,3076923077;5,5384615385;0,0000000000;2,7692307692;0,0000000000;60,9230769231;19,3846153846;2,7692307692;2,7692307692;0,0000000000;0,0000000000;1;13.7931034483, 0, 34.4827586207, 41.3793103448, 3.4482758621, 6.8965517241, 0, 0;13.7931034483, 0, 0, 0, 13.7931034483, 20.6896551724, 27.5862068966, 13.7931034483, 3.4482758621, 0, 0, 6.8965517241, 0, 0, 0, 0, 0, 0, 0, 0, 0, 0, 0, 0, 0;Europe/Paris;36,0
2023-03-13T07:00:00Z;-1;9000003703;hourly;0,5377777778;1,8595041322;104,1322314050;31,6115702479;0,0000000000;0,0000000000;1,8595041322;52,0661157025;52,0661157025;14,8760330579;16,7355371901;0,0000000000;0,0000000000;1;16.0714285714, 5.3571428571, 25, 41.0714285714, 10.7142857143, 1.7857142857, 0, 0;14.2857142857, 1.7857142857, 1.7857142857, 3.5714285714, 1.7857142857, 23.2142857143, 25, 16.0714285714, 10.7142857143, 0, 0, 1.7857142857, 0, 0, 0, 0, 0, 0, 0, 0, 0, 0, 0, 0, 0;Europe/Paris;36,5
2023-03-13T08:00:00Z;-1;9000003703;hourly;0,5244444444;0,0000000000;55,2966101695;9,5338983051;3,8135593220;0,0000000000;0,0000000000;20,9745762712;34,3220338983;3,8135593220;5,7203389831;1,9067796610;1,9067796610;1;27.5862068966, 3.4482758621, 27.5862068966, 20.6896551724, 17.2413793103, 3.4482758621, 0, 0;20.6896551724, 6.8965517241, 0, 3.4482758621, 17.2413793103, 10.3448275862, 13.7931034483, 6.8965517241, 10.3448275862, 6.8965517241, 0, 3.4482758621, 0, 0, 0, 0, 0, 0, 0, 0, 0, 0, 0, 0, 0;Europe/Paris;40,0
2023-03-13T09:00:00Z;-1;9000003703;hourly;0,5247222222;15,2461619905;22,8692429857;1,9057702488;5,7173107464;1,9057702488;13,3403917417;5,7173107464;17,1519322393;0,0000000000;1,9057702488;5,7173107464;0,0000000000;1;41.6666666667, 8.3333333333, 16.6666666667, 25, 8.3333333333, 0, 0, 0;41.6666666667, 0, 8.3333333333, 0, 0, 16.6666666667, 16.6666666667, 8.3333333333, 8.3333333333, 0, 0, 0, 0, 0, 0, 0, 0, 0, 0, 0, 0, 0, 0, 0, 0;Europe/Paris;33,5
2023-03-13T10:00:00Z;-1;9000003703;hourly;0,5361111111;16,7875647668;26,1139896373;16,7875647668;7,4611398964;7,4611398964;9,3264248705;14,9222797927;11,1917098446;16,7875647668;0,0000000000;7,4611398964;0,0000000000;1;0, 7.1428571429, 35.7142857143, 50, 0, 0, 0, 7.1428571429;0, 0, 0, 7.1428571429, 28.5714285714, 7.1428571429, 35.7142857143, 14.2857142857, 0, 0, 0, 0, 0, 0, 0, 0, 0, 0, 0, 0, 0, 0, 0, 0, 7.1428571429;Europe/Paris;34,5
2023-03-13T11:00:00Z;-1;9000003703;hourly;0,5019444444;5,9767570559;89,6513558384;1,9922523520;0,0000000000;0,0000000000;5,9767570559;29,8837852795;59,7675705589;1,9922523520;0,0000000000;0,0000000000;0,0000000000;1;15.5555555556, 2.2222222222, 20, 40, 20, 2.2222222222, 0, 0;13.3333333333, 2.2222222222, 0, 2.2222222222, 2.2222222222, 17.7777777778, 24.4444444444, 15.5555555556, 15.5555555556, 4.4444444444, 0, 2.2222222222, 0, 0, 0, 0, 0, 0, 0, 0, 0, 0, 0, 0, 0;Europe/Paris;40,0
2023-03-13T12:00:00Z;-1;9000003703;hourly;0,5205555556;7,6840981857;23,0522945571;15,3681963714;1,9210245464;1,9210245464;5,7630736393;5,7630736393;17,2892209178;7,6840981857;7,6840981857;1,9210245464;0,0000000000;1;25, 0, 8.3333333333, 50, 16.6666666667, 0, 0, 0;16.6666666667, 8.3333333333, 0, 0, 0, 8.3333333333, 8.3333333333, 41.6666666667, 8.3333333333, 8.3333333333, 0, 0, 0, 0, 0, 0, 0, 0, 0, 0, 0, 0, 0, 0, 0;Europe/Paris;38,5
2023-03-13T13:00:00Z;-1;9000003703;hourly;0,5625000000;7,1111111111;21,3333333333;12,4444444444;0,0000000000;1,7777777778;5,3333333333;7,1111111111;14,2222222222;1,7777777778;10,6666666667;0,0000000000;0,0000000000;1;16.6666666667, 0, 41.6666666667, 33.3333333333, 8.3333333333, 0, 0, 0;8.3333333333, 8.3333333333, 0, 0, 16.6666666667, 25, 16.6666666667, 16.6666666667, 0, 8.3333333333, 0, 0, 0, 0, 0, 0, 0, 0, 0, 0, 0, 0, 0, 0, 0;Europe/Paris;35,5
2023-03-13T14:00:00Z;-1;9000003703;hourly;0,5155555556;5,8189655172;27,1551724138;21,3362068966;0,0000000000;1,9396551724;3,8793103448;7,7586206897;19,3965517241;5,8189655172;15,5172413793;0,0000000000;0,0000000000;1;28.5714285714, 14.2857142857, 7.1428571429, 50, 0, 0, 0, 0;21.4285714286, 7.1428571429, 7.1428571429, 7.1428571429, 0, 7.1428571429, 28.5714285714, 21.4285714286, 0, 0, 0, 0, 0, 0, 0, 0, 0, 0, 0, 0, 0, 0, 0, 0, 0;Europe/Paris;34,0
2023-03-13T15:00:00Z;-1;9000003703;hourly;0,5850000000;8,5470085470;78,6324786325;32,4786324786;6,8376068376;0,0000000000;8,5470085470;30,7692307692;47,8632478632;8,5470085470;23,9316239316;1,7094017094;5,1282051282;1;6.5217391304, 8.6956521739, 45.652173913, 28.2608695652, 4.347826087, 2.1739130435, 2.1739130435, 2.1739130435;6.5217391304, 0, 4.347826087, 4.347826087, 28.2608695652, 17.3913043478, 17.3913043478, 10.8695652174, 4.347826087, 0, 0, 2.1739130435, 2.1739130435, 0, 0, 0, 0, 0, 0, 0, 0, 0, 2.1739130435, 0, 0;Europe/Paris;35,5
2023-03-13T16:00:00Z;-1;9000003703;hourly;0,5602777778;10,7089737234;123,1531978185;39,2662369856;1,7848289539;5,3544868617;5,3544868617;41,0510659395;82,1021318790;12,4938026772;26,7724343084;1,7848289539;0,0000000000;1;17.3913043478, 1.4492753623, 27.5362318841, 39.1304347826, 11.5942028986, 1.4492753623, 0, 1.4492753623;15.9420289855, 1.4492753623, 1.4492753623, 0, 8.6956521739, 18.8405797101, 24.6376811594, 14.4927536232, 10.1449275362, 1.4492753623, 0, 1.4492753623, 0, 0, 1.4492753623, 0, 0, 0, 0, 0, 0, 0, 0, 0, 0;Europe/Paris;37,5
2023-03-13T17:00:00Z;-1;9000003703;hourly;0,5694444444;8,7804878049;138,7317073171;14,0487804878;1,7560975610;0,0000000000;8,7804878049;47,4146341463;91,3170731707;0,0000000000;14,0487804878;0,0000000000;1,7560975610;1;8.8607594937, 5.0632911392, 29.1139240506, 40.5063291139, 15.1898734177, 0, 0, 1.2658227848;8.8607594937, 0, 0, 5.0632911392, 6.3291139241, 22.7848101266, 22.7848101266, 17.7215189873, 10.1265822785, 5.0632911392, 0, 0, 0, 0, 0, 0, 0, 0, 0, 0, 0, 0, 0, 0, 1.2658227848;Europe/Paris;38,0
2023-03-13T18:00:00Z;-1;9000003703;hourly;0,0761111111;13,1386861314;131,3868613139;13,1386861314;0,0000000000;0,0000000000;13,1386861314;52,5547445255;78,8321167883;13,1386861314;0,0000000000;0,0000000000;0,0000000000;1;0, 10, 50, 40, 0, 0, 0, 0;0, 0, 0, 10, 10, 40, 10, 30, 0, 0, 0, 0, 0, 0, 0, 0, 0, 0, 0, 0, 0, 0, 0, 0, 0;Europe/Paris;35,0
2023-03-14T03:00:00Z;-1;9000003703;hourly;0,0000000000;0,0000000000;0,0000000000;0,0000000000;0,0000000000;0,0000000000;0,0000000000;0,0000000000;0,0000000000;0,0000000000;0,0000000000;0,0000000000;0,0000000000;1;0, 0, 0, 0, 0, 0, 0, 0;0, 0, 0, 0, 0, 0, 0, 0, 0, 0, 0, 0, 0, 0, 0, 0, 0, 0, 0, 0, 0, 0, 0, 0, 0;Europe/Paris;NA
2023-03-14T04:00:00Z;-1;9000003703;hourly;0,0000000000;0,0000000000;0,0000000000;0,0000000000;0,0000000000;0,0000000000;0,0000000000;0,0000000000;0,0000000000;0,0000000000;0,0000000000;0,0000000000;0,0000000000;1;0, 0, 0, 0, 0, 0, 0, 0;0, 0, 0, 0, 0, 0, 0, 0, 0, 0, 0, 0, 0, 0, 0, 0, 0, 0, 0, 0, 0, 0, 0, 0, 0;Europe/Paris;NA
2023-03-14T05:00:00Z;-1;9000003703;hourly;0,0000000000;0,0000000000;0,0000000000;0,0000000000;0,0000000000;0,0000000000;0,0000000000;0,0000000000;0,0000000000;0,0000000000;0,0000000000;0,0000000000;0,0000000000;1;0, 0, 0, 0, 0, 0, 0, 0;0, 0, 0, 0, 0, 0, 0, 0, 0, 0, 0, 0, 0, 0, 0, 0, 0, 0, 0, 0, 0, 0, 0, 0, 0;Europe/Paris;NA
2023-03-14T06:00:00Z;-1;9000003703;hourly;0,4188888889;2,3872679045;71,6180371353;11,9363395225;0,0000000000;0,0000000000;2,3872679045;50,1326259947;21,4854111406;9,5490716180;2,3872679045;0,0000000000;0,0000000000;1;0, 3.3333333333, 20, 53.3333333333, 16.6666666667, 6.6666666667, 0, 0;0, 0, 0, 3.3333333333, 0, 20, 30, 23.3333333333, 16.6666666667, 0, 3.3333333333, 3.3333333333, 0, 0, 0, 0, 0, 0, 0, 0, 0, 0, 0, 0, 0;Europe/Paris;40,0
2023-03-14T07:00:00Z;-1;9000003703;hourly;0,6069444444;14,8283752860;125,2173913043;14,8283752860;3,2951945080;4,9427917620;9,8855835240;90,6178489703;34,5995423341;13,1807780320;1,6475972540;1,6475972540;1,6475972540;1;11.8421052632, 3.9473684211, 31.5789473684, 44.7368421053, 5.2631578947, 1.3157894737, 0, 1.3157894737;5.2631578947, 6.5789473684, 0, 3.9473684211, 9.2105263158, 22.3684210526, 22.3684210526, 22.3684210526, 2.6315789474, 2.6315789474, 1.3157894737, 0, 0, 0, 0, 0, 0, 1.3157894737, 0, 0, 0, 0, 0, 0, 0;Europe/Paris;36,0
2023-03-14T08:00:00Z;-1;9000003703;hourly;0,6497222222;3,0782385635;64,6430098333;4,6173578452;0,0000000000;3,0782385635;0,0000000000;26,1650277897;38,4779820436;0,0000000000;4,6173578452;0,0000000000;0,0000000000;1;0, 11.9047619048, 40.4761904762, 33.3333333333, 9.5238095238, 4.7619047619, 0, 0;0, 0, 9.5238095238, 2.380952381, 19.0476190476, 21.4285714286, 23.8095238095, 9.5238095238, 7.1428571429, 2.380952381, 2.380952381, 2.380952381, 0, 0, 0, 0, 0, 0, 0, 0, 0, 0, 0, 0, 0;Europe/Paris;37,0
2023-03-14T09:00:00Z;-1;9000003703;hourly;0,5675000000;3,5242290749;38,7665198238;1,7621145374;3,5242290749;0,0000000000;3,5242290749;21,1453744493;17,6211453744;1,7621145374;0,0000000000;1,7621145374;1,7621145374;1;18.1818181818, 4.5454545455, 27.2727272727, 50, 0, 0, 0, 0;18.1818181818, 0, 0, 4.5454545455, 9.0909090909, 18.1818181818, 22.7272727273, 27.2727272727, 0, 0, 0, 0, 0, 0, 0, 0, 0, 0, 0, 0, 0, 0, 0, 0, 0;Europe/Paris;34,5
2023-03-14T10:00:00Z;-1;9000003703;hourly;0,5513888889;30,8312342569;21,7632241814;7,2544080605;16,3224181360;14,5088161209;16,3224181360;7,2544080605;14,5088161209;7,2544080605;0,0000000000;14,5088161209;1,8136020151;1;8.3333333333, 8.3333333333, 33.3333333333, 41.6666666667, 8.3333333333, 0, 0, 0;8.3333333333, 0, 0, 8.3333333333, 8.3333333333, 25, 8.3333333333, 33.3333333333, 8.3333333333, 0, 0, 0, 0, 0, 0, 0, 0, 0, 0, 0, 0, 0, 0, 0, 0;Europe/Paris;36,5
2023-03-14T11:00:00Z;-1;9000003703;hourly;0,5194444444;13,4759358289;42,3529411765;21,1764705882;11,5508021390;7,7005347594;5,7754010695;9,6256684492;32,7272727273;13,4759358289;7,7005347594;7,7005347594;3,8502673797;1;9.0909090909, 0, 40.9090909091, 36.3636363636, 13.6363636364, 0, 0, 0;4.5454545455, 4.5454545455, 0, 0, 0, 40.9090909091, 18.1818181818, 18.1818181818, 9.0909090909, 4.5454545455, 0, 0, 0, 0, 0, 0, 0, 0, 0, 0, 0, 0, 0, 0, 0;Europe/Paris;37,0
2023-03-14T12:00:00Z;-1;9000003703;hourly;0,5547222222;0,0000000000;21,6324486730;25,2378567852;7,2108162243;0,0000000000;0,0000000000;12,6189283926;9,0135202804;19,8297446169;5,4081121683;7,2108162243;0,0000000000;1;16.6666666667, 8.3333333333, 41.6666666667, 25, 8.3333333333, 0, 0, 0;8.3333333333, 8.3333333333, 0, 8.3333333333, 8.3333333333, 33.3333333333, 25, 0, 8.3333333333, 0, 0, 0, 0, 0, 0, 0, 0, 0, 0, 0, 0, 0, 0, 0, 0;Europe/Paris;31,0
2023-03-14T13:00:00Z;-1;9000003703;hourly;0,5561111111;7,1928071928;32,3676323676;23,3766233766;0,0000000000;1,7982017982;5,3946053946;19,7802197802;12,5874125874;17,9820179820;5,3946053946;0,0000000000;0,0000000000;1;33.3333333333, 11.1111111111, 22.2222222222, 33.3333333333, 0, 0, 0, 0;27.7777777778, 5.5555555556, 5.5555555556, 5.5555555556, 16.6666666667, 5.5555555556, 27.7777777778, 5.5555555556, 0, 0, 0, 0, 0, 0, 0, 0, 0, 0, 0, 0, 0, 0, 0, 0, 0;Europe/Paris;31,0
2023-03-14T14:00:00Z;-1;9000003703;hourly;0,5466666667;12,8048780488;38,4146341463;34,7560975610;0,0000000000;12,8048780488;0,0000000000;20,1219512195;18,2926829268;23,7804878049;10,9756097561;0,0000000000;0,0000000000;1;4.7619047619, 19.0476190476, 42.8571428571, 19.0476190476, 14.2857142857, 0, 0, 0;0, 4.7619047619, 4.7619047619, 14.2857142857, 9.5238095238, 33.3333333333, 14.2857142857, 4.7619047619, 4.7619047619, 9.5238095238, 0, 0, 0, 0, 0, 0, 0, 0, 0, 0, 0, 0, 0, 0, 0;Europe/Paris;37,0
2023-03-14T15:00:00Z;-1;9000003703;hourly;0,5591666667;10,7302533532;135,9165424739;41,1326378539;0,0000000000;1,7883755589;8,9418777943;50,0745156483;85,8420268256;12,5186289121;28,6140089419;0,0000000000;0,0000000000;1;13.1578947368, 19.7368421053, 52.6315789474, 11.8421052632, 2.6315789474, 0, 0, 0;9.2105263158, 3.9473684211, 1.3157894737, 18.4210526316, 28.9473684211, 23.6842105263, 9.2105263158, 2.6315789474, 0, 2.6315789474, 0, 0, 0, 0, 0, 0, 0, 0, 0, 0, 0, 0, 0, 0, 0;Europe/Paris;27,5
2023-03-14T16:00:00Z;-1;9000003703;hourly;0,5672222222;0,0000000000;112,8305582762;22,9187071499;1,7629774731;0,0000000000;0,0000000000;38,7855044074;74,0450538688;17,6297747307;5,2889324192;0,0000000000;1,7629774731;1;25, 6.25, 26.5625, 26.5625, 12.5, 0, 1.5625, 1.5625;20.3125, 4.6875, 4.6875, 1.5625, 15.625, 10.9375, 14.0625, 12.5, 9.375, 3.125, 0, 0, 1.5625, 0, 1.5625, 0, 0, 0, 0, 0, 0, 0, 0, 0, 0;Europe/Paris;38,0
2023-03-14T17:00:00Z;-1;9000003703;hourly;0,6441666667;3,1047865459;159,8965071151;7,7619663648;1,5523932730;1,5523932730;1,5523932730;46,5717981889;113,3247089263;4,6571798189;3,1047865459;1,5523932730;0,0000000000;1;1.9417475728, 3.8834951456, 25.2427184466, 54.3689320388, 14.5631067961, 0, 0, 0;0.9708737864, 0.9708737864, 1.9417475728, 1.9417475728, 7.7669902913, 17.4757281553, 32.0388349515, 22.3300970874, 8.7378640777, 5.8252427184, 0, 0, 0, 0, 0, 0, 0, 0, 0, 0, 0, 0, 0, 0, 0;Europe/Paris;37,5
2023-03-14T18:00:00Z;-1;9000003703;hourly;0,2250000000;4,4444444444;40,0000000000;4,4444444444;0,0000000000;0,0000000000;4,4444444444;4,4444444444;35,5555555556;4,4444444444;0,0000000000;0,0000000000;0,0000000000;1;0, 11.1111111111, 11.1111111111, 44.4444444444, 22.2222222222, 11.1111111111, 0, 0;0, 0, 0, 11.1111111111, 0, 11.1111111111, 33.3333333333, 11.1111111111, 11.1111111111, 11.1111111111, 11.1111111111, 0, 0, 0, 0, 0, 0, 0, 0, 0, 0, 0, 0, 0, 0;Europe/Paris;46,0
2023-03-15T03:00:00Z;-1;9000003703;hourly;0,0000000000;0,0000000000;0,0000000000;0,0000000000;0,0000000000;0,0000000000;0,0000000000;0,0000000000;0,0000000000;0,0000000000;0,0000000000;0,0000000000;0,0000000000;1;0, 0, 0, 0, 0, 0, 0, 0;0, 0, 0, 0, 0, 0, 0, 0, 0, 0, 0, 0, 0, 0, 0, 0, 0, 0, 0, 0, 0, 0, 0, 0, 0;Europe/Paris;NA
2023-03-15T04:00:00Z;-1;9000003703;hourly;0,0000000000;0,0000000000;0,0000000000;0,0000000000;0,0000000000;0,0000000000;0,0000000000;0,0000000000;0,0000000000;0,0000000000;0,0000000000;0,0000000000;0,0000000000;1;0, 0, 0, 0, 0, 0, 0, 0;0, 0, 0, 0, 0, 0, 0, 0, 0, 0, 0, 0, 0, 0, 0, 0, 0, 0, 0, 0, 0, 0, 0, 0, 0;Europe/Paris;NA
2023-03-15T05:00:00Z;-1;9000003703;hourly;0,0000000000;0,0000000000;0,0000000000;0,0000000000;0,0000000000;0,0000000000;0,0000000000;0,0000000000;0,0000000000;0,0000000000;0,0000000000;0,0000000000;0,0000000000;1;0, 0, 0, 0, 0, 0, 0, 0;0, 0, 0, 0, 0, 0, 0, 0, 0, 0, 0, 0, 0, 0, 0, 0, 0, 0, 0, 0, 0, 0, 0, 0, 0;Europe/Paris;NA
2023-03-15T06:00:00Z;-1;9000003703;hourly;0,4669444444;4,2831647829;47,1148126115;10,7079119572;0,0000000000;2,1415823914;2,1415823914;29,9821534801;17,1326591315;8,5663295657;2,1415823914;0,0000000000;0,0000000000;1;4.5454545455, 0, 13.6363636364, 68.1818181818, 13.6363636364, 0, 0, 0;4.5454545455, 0, 0, 0, 4.5454545455, 9.0909090909, 31.8181818182, 36.3636363636, 9.0909090909, 4.5454545455, 0, 0, 0, 0, 0, 0, 0, 0, 0, 0, 0, 0, 0, 0, 0;Europe/Paris;37,5
2023-03-15T07:00:00Z;-1;9000003703;hourly;0,6488888889;4,6232876712;53,9383561644;24,6575342466;0,0000000000;1,5410958904;3,0821917808;32,3630136986;21,5753424658;18,4931506849;6,1643835616;0,0000000000;0,0000000000;1;5.7142857143, 8.5714285714, 20, 40, 14.2857142857, 5.7142857143, 5.7142857143, 0;2.8571428571, 2.8571428571, 0, 8.5714285714, 8.5714285714, 11.4285714286, 20, 20, 11.4285714286, 2.8571428571, 2.8571428571, 2.8571428571, 2.8571428571, 2.8571428571, 0, 0, 0, 0, 0, 0, 0, 0, 0, 0, 0;Europe/Paris;42,0
2023-03-15T08:00:00Z;-1;9000003703;hourly;0,6494444444;6,1591103507;60,0513259196;3,0795551754;1,5397775877;3,0795551754;3,0795551754;27,7159965783;32,3353293413;3,0795551754;0,0000000000;1,5397775877;0,0000000000;1;0, 12.8205128205, 25.641025641, 38.4615384615, 17.9487179487, 0, 5.1282051282, 0;0, 0, 10.2564102564, 2.5641025641, 10.2564102564, 15.3846153846, 12.8205128205, 25.641025641, 12.8205128205, 5.1282051282, 0, 0, 2.5641025641, 2.5641025641, 0, 0, 0, 0, 0, 0, 0, 0, 0, 0, 0;Europe/Paris;40,5
2023-03-15T09:00:00Z;-1;9000003703;hourly;0,6677777778;4,4925124792;56,9051580699;17,9700499168;1,4975041597;1,4975041597;2,9950083195;20,9650582363;35,9400998336;8,9850249584;8,9850249584;1,4975041597;0,0000000000;1;10.5263157895, 5.2631578947, 34.2105263158, 42.1052631579, 5.2631578947, 2.6315789474, 0, 0;7.8947368421, 2.6315789474, 0, 5.2631578947, 18.4210526316, 15.7894736842, 26.3157894737, 15.7894736842, 2.6315789474, 2.6315789474, 0, 2.6315789474, 0, 0, 0, 0, 0, 0, 0, 0, 0, 0, 0, 0, 0;Europe/Paris;35,5
2023-03-15T10:00:00Z;-1;9000003703;hourly;0,5772222222;1,7324350337;55,4379210780;6,9297401347;0,0000000000;1,7324350337;0,0000000000;29,4513955727;25,9865255053;3,4648700674;3,4648700674;0,0000000000;0,0000000000;1;0, 6.25, 43.75, 40.625, 9.375, 0, 0, 0;0, 0, 3.125, 3.125, 15.625, 28.125, 28.125, 12.5, 6.25, 3.125, 0, 0, 0, 0, 0, 0, 0, 0, 0, 0, 0, 0, 0, 0, 0;Europe/Paris;35,5
2023-03-15T11:00:00Z;-1;9000003703;hourly;0,6183333333;21,0242587601;106,7385444744;22,6415094340;1,6172506739;12,9380053908;8,0862533693;37,1967654987;69,5417789757;14,5552560647;8,0862533693;1,6172506739;0,0000000000;1;3.0303030303, 9.0909090909, 42.4242424242, 31.8181818182, 9.0909090909, 1.5151515152, 1.5151515152, 1.5151515152;3.0303030303, 0, 4.5454545455, 4.5454545455, 21.2121212121, 21.2121212121, 19.696969697, 12.1212121212, 7.5757575758, 1.5151515152, 1.5151515152, 0, 0, 1.5151515152, 0, 0, 0, 0, 0, 1.5151515152, 0, 0, 0, 0, 0;Europe/Paris;37,0
2023-03-15T12:00:00Z;-1;9000003703;hourly;0,6011111111;13,3086876155;53,2347504621;6,6543438078;1,6635859519;6,6543438078;6,6543438078;21,6266173752;31,6081330869;4,9907578558;1,6635859519;0,0000000000;1,6635859519;1;12.5, 3.125, 18.75, 59.375, 3.125, 3.125, 0, 0;12.5, 0, 3.125, 0, 6.25, 12.5, 40.625, 18.75, 3.125, 0, 3.125, 0, 0, 0, 0, 0, 0, 0, 0, 0, 0, 0, 0, 0, 0;Europe/Paris;35,0
2023-03-15T13:00:00Z;-1;9000003703;hourly;0,6166666667;8,1081081081;107,0270270270;0,0000000000;3,2432432432;4,8648648649;3,2432432432;43,7837837838;63,2432432432;0,0000000000;0,0000000000;0,0000000000;3,2432432432;1;1.5151515152, 9.0909090909, 43.9393939394, 34.8484848485, 9.0909090909, 1.5151515152, 0, 0;1.5151515152, 0, 4.5454545455, 4.5454545455, 16.6666666667, 27.2727272727, 22.7272727273, 12.1212121212, 3.0303030303, 6.0606060606, 1.5151515152, 0, 0, 0, 0, 0, 0, 0, 0, 0, 0, 0, 0, 0, 0;Europe/Paris;35,5
2023-03-15T14:00:00Z;-1;9000003703;hourly;0,6022222222;4,9815498155;88,0073800738;11,6236162362;3,3210332103;3,3210332103;1,6605166052;38,1918819188;49,8154981550;4,9815498155;6,6420664207;0,0000000000;3,3210332103;1;7.5471698113, 1.8867924528, 37.7358490566, 41.5094339623, 9.4339622642, 1.8867924528, 0, 0;3.7735849057, 3.7735849057, 1.8867924528, 0, 9.4339622642, 28.3018867925, 30.1886792453, 11.320754717, 3.7735849057, 5.6603773585, 1.8867924528, 0, 0, 0, 0, 0, 0, 0, 0, 0, 0, 0, 0, 0, 0;Europe/Paris;36,0
2023-03-15T15:00:00Z;-1;9000003703;hourly;0,5888888889;8,4905660377;115,4716981132;11,8867924528;3,3962264151;5,0943396226;3,3962264151;39,0566037736;76,4150943396;5,0943396226;6,7924528302;3,3962264151;0,0000000000;1;0, 1.4705882353, 38.2352941176, 36.7647058824, 22.0588235294, 0, 1.4705882353, 0;0, 0, 0, 1.4705882353, 11.7647058824, 26.4705882353, 25, 11.7647058824, 14.7058823529, 7.3529411765, 0, 0, 0, 1.4705882353, 0, 0, 0, 0, 0, 0, 0, 0, 0, 0, 0;Europe/Paris;40,5
2023-03-15T16:00:00Z;-1;9000003703;hourly;0,5986111111;6,6821345708;140,3248259861;16,7053364269;6,6821345708;1,6705336427;5,0116009281;51,7865429234;88,5382830626;5,0116009281;11,6937354988;0,0000000000;6,6821345708;1;3.5714285714, 3.5714285714, 27.380952381, 46.4285714286, 13.0952380952, 2.380952381, 1.1904761905, 2.380952381;3.5714285714, 0, 1.1904761905, 2.380952381, 7.1428571429, 20.2380952381, 27.380952381, 19.0476190476, 4.7619047619, 8.3333333333, 1.1904761905, 1.1904761905, 0, 1.1904761905, 0, 0, 0, 0, 1.1904761905, 0, 0, 1.1904761905, 0, 0, 0;Europe/Paris;42,0
2023-03-15T17:00:00Z;-1;9000003703;hourly;0,6008333333;11,6504854369;113,1761442441;9,9861303745;4,9930651872;3,3287101248;8,3217753121;44,9375866852;68,2385575589;3,3287101248;6,6574202497;0,0000000000;4,9930651872;1;5.8823529412, 5.8823529412, 30.8823529412, 52.9411764706, 2.9411764706, 1.4705882353, 0, 0;4.4117647059, 1.4705882353, 1.4705882353, 4.4117647059, 11.7647058824, 19.1176470588, 33.8235294118, 19.1176470588, 1.4705882353, 1.4705882353, 0, 1.4705882353, 0, 0, 0, 0, 0, 0, 0, 0, 0, 0, 0, 0, 0;Europe/Paris;34,5
2023-03-15T18:00:00Z;-1;9000003703;hourly;0,1566666667;0,0000000000;172,3404255319;6,3829787234;0,0000000000;0,0000000000;0,0000000000;57,4468085106;114,8936170213;6,3829787234;0,0000000000;0,0000000000;0,0000000000;1;0, 3.7037037037, 37.037037037, 48.1481481481, 11.1111111111, 0, 0, 0;0, 0, 3.7037037037, 0, 11.1111111111, 25.9259259259, 25.9259259259, 22.2222222222, 11.1111111111, 0, 0, 0, 0, 0, 0, 0, 0, 0, 0, 0, 0, 0, 0, 0, 0;Europe/Paris;36,5
2023-03-15T19:00:00Z;-1;9000003703;hourly;0,0000000000;0,0000000000;0,0000000000;0,0000000000;0,0000000000;0,0000000000;0,0000000000;0,0000000000;0,0000000000;0,0000000000;0,0000000000;0,0000000000;0,0000000000;1;0, 0, 0, 0, 0, 0, 0, 0;0, 0, 0, 0, 0, 0, 0, 0, 0, 0, 0, 0, 0, 0, 0, 0, 0, 0, 0, 0, 0, 0, 0, 0, 0;Europe/Paris;NA
2023-03-16T03:00:00Z;-1;9000003703;hourly;0,0000000000;0,0000000000;0,0000000000;0,0000000000;0,0000000000;0,0000000000;0,0000000000;0,0000000000;0,0000000000;0,0000000000;0,0000000000;0,0000000000;0,0000000000;1;0, 0, 0, 0, 0, 0, 0, 0;0, 0, 0, 0, 0, 0, 0, 0, 0, 0, 0, 0, 0, 0, 0, 0, 0, 0, 0, 0, 0, 0, 0, 0, 0;Europe/Paris;NA
2023-03-16T04:00:00Z;-1;9000003703;hourly;0,0000000000;0,0000000000;0,0000000000;0,0000000000;0,0000000000;0,0000000000;0,0000000000;0,0000000000;0,0000000000;0,0000000000;0,0000000000;0,0000000000;0,0000000000;1;0, 0, 0, 0, 0, 0, 0, 0;0, 0, 0, 0, 0, 0, 0, 0, 0, 0, 0, 0, 0, 0, 0, 0, 0, 0, 0, 0, 0, 0, 0, 0, 0;Europe/Paris;NA
2023-03-16T05:00:00Z;-1;9000003703;hourly;0,0000000000;0,0000000000;0,0000000000;0,0000000000;0,0000000000;0,0000000000;0,0000000000;0,0000000000;0,0000000000;0,0000000000;0,0000000000;0,0000000000;0,0000000000;1;0, 0, 0, 0, 0, 0, 0, 0;0, 0, 0, 0, 0, 0, 0, 0, 0, 0, 0, 0, 0, 0, 0, 0, 0, 0, 0, 0, 0, 0, 0, 0, 0;Europe/Paris;NA
2023-03-16T06:00:00Z;-1;9000003703;hourly;0,3966666667;12,6050420168;65,5462184874;7,5630252101;0,0000000000;2,5210084034;10,0840336134;45,3781512605;20,1680672269;7,5630252101;0,0000000000;0,0000000000;0,0000000000;1;0, 3.8461538462, 15.3846153846, 46.1538461538, 23.0769230769, 7.6923076923, 0, 3.8461538462;0, 0, 0, 3.8461538462, 11.5384615385, 3.8461538462, 38.4615384615, 7.6923076923, 11.5384615385, 11.5384615385, 7.6923076923, 0, 0, 0, 0, 3.8461538462, 0, 0, 0, 0, 0, 0, 0, 0, 0;Europe/Paris;46,0
2023-03-16T07:00:00Z;-1;9000003703;hourly;0,6702777778;8,9515126399;80,5636137588;34,3141317862;1,4919187733;1,4919187733;7,4595938666;47,7414007460;32,8222130128;22,3787815997;11,9353501865;1,4919187733;0,0000000000;1;0, 3.7037037037, 11.1111111111, 53.7037037037, 18.5185185185, 12.962962963, 0, 0;0, 0, 1.8518518519, 1.8518518519, 3.7037037037, 7.4074074074, 31.4814814815, 22.2222222222, 11.1111111111, 7.4074074074, 5.5555555556, 7.4074074074, 0, 0, 0, 0, 0, 0, 0, 0, 0, 0, 0, 0, 0;Europe/Paris;46,0
2023-03-16T08:00:00Z;-1;9000003703;hourly;0,6652777778;1,5031315240;46,5970772443;3,0062630480;0,0000000000;1,5031315240;0,0000000000;27,0563674322;19,5407098121;3,0062630480;0,0000000000;0,0000000000;0,0000000000;1;3.2258064516, 19.3548387097, 22.5806451613, 41.935483871, 6.4516129032, 3.2258064516, 3.2258064516, 0;3.2258064516, 0, 12.9032258065, 6.4516129032, 6.4516129032, 16.1290322581, 16.1290322581, 25.8064516129, 6.4516129032, 0, 3.2258064516, 0, 0, 3.2258064516, 0, 0, 0, 0, 0, 0, 0, 0, 0, 0, 0;Europe/Paris;37,0
2023-03-16T09:00:00Z;-1;9000003703;hourly;0,6033333333;6,6298342541;41,4364640884;8,2872928177;0,0000000000;6,6298342541;0,0000000000;16,5745856354;24,8618784530;3,3149171271;4,9723756906;0,0000000000;0,0000000000;1;12, 4, 28, 36, 16, 4, 0, 0;8, 4, 0, 4, 0, 28, 16, 20, 16, 0, 0, 4, 0, 0, 0, 0, 0, 0, 0, 0, 0, 0, 0, 0, 0;Europe/Paris;39,0
2023-03-16T10:00:00Z;-1;9000003703;hourly;0,6447222222;7,7552778975;37,2253339078;7,7552778975;0,0000000000;4,6531667385;3,1021111590;10,8573890564;26,3679448514;7,7552778975;0,0000000000;0,0000000000;0,0000000000;1;0, 8.3333333333, 29.1666666667, 50, 12.5, 0, 0, 0;0, 0, 4.1666666667, 4.1666666667, 8.3333333333, 20.8333333333, 25, 25, 4.1666666667, 8.3333333333, 0, 0, 0, 0, 0, 0, 0, 0, 0, 0, 0, 0, 0, 0, 0;Europe/Paris;37,0
2023-03-16T11:00:00Z;-1;9000003703;hourly;0,6408333333;7,8023407022;51,4954486346;6,2418725618;0,0000000000;1,5604681404;6,2418725618;12,4837451235;39,0117035111;4,6814044213;1,5604681404;0,0000000000;0,0000000000;1;0, 0, 27.2727272727, 48.4848484848, 24.2424242424, 0, 0, 0;0, 0, 0, 0, 6.0606060606, 21.2121212121, 21.2121212121, 27.2727272727, 15.1515151515, 9.0909090909, 0, 0, 0, 0, 0, 0, 0, 0, 0, 0, 0, 0, 0, 0, 0;Europe/Paris;40,5
2023-03-16T12:00:00Z;-1;9000003703;hourly;0,6122222222;6,5335753176;40,8348457350;4,9001814882;3,2667876588;3,2667876588;3,2667876588;16,3339382940;24,5009074410;4,9001814882;0,0000000000;1,6333938294;1,6333938294;1;0, 0, 44, 44, 12, 0, 0, 0;0, 0, 0, 0, 20, 24, 24, 20, 8, 4, 0, 0, 0, 0, 0, 0, 0, 0, 0, 0, 0, 0, 0, 0, 0;Europe/Paris;36,5
2023-03-16T13:00:00Z;-1;9000003703;hourly;0,5688888889;5,2734375000;38,6718750000;7,0312500000;1,7578125000;5,2734375000;0,0000000000;26,3671875000;12,3046875000;3,5156250000;3,5156250000;0,0000000000;1,7578125000;1;4.5454545455, 9.0909090909, 36.3636363636, 31.8181818182, 18.1818181818, 0, 0, 0;4.5454545455, 0, 4.5454545455, 4.5454545455, 22.7272727273, 13.6363636364, 22.7272727273, 9.0909090909, 9.0909090909, 9.0909090909, 0, 0, 0, 0, 0, 0, 0, 0, 0, 0, 0, 0, 0, 0, 0;Europe/Paris;39,0
2023-03-16T14:00:00Z;-1;9000003703;hourly;0,6227777778;8,0285459411;38,5370205174;14,4513826940;0,0000000000;4,8171275647;3,2114183764;12,8456735058;25,6913470116;0,0000000000;14,4513826940;0,0000000000;0,0000000000;1;0, 16.6666666667, 45.8333333333, 25, 8.3333333333, 4.1666666667, 0, 0;0, 0, 4.1666666667, 12.5, 25, 20.8333333333, 16.6666666667, 8.3333333333, 4.1666666667, 4.1666666667, 0, 4.1666666667, 0, 0, 0, 0, 0, 0, 0, 0, 0, 0, 0, 0, 0;Europe/Paris;36,0
2023-03-16T15:00:00Z;-1;9000003703;hourly;0,6169444444;11,3462404322;81,0445745160;58,3520936515;8,1044574516;1,6208914903;9,7253489419;22,6924808645;58,3520936515;14,5880234129;43,7640702386;3,2417829806;4,8626744710;1;6, 12, 46, 24, 8, 0, 2, 2;2, 4, 2, 10, 22, 24, 14, 10, 6, 2, 0, 0, 2, 0, 2, 0, 0, 0, 0, 0, 0, 0, 0, 0, 0;Europe/Paris;36,0
2023-03-16T16:00:00Z;-1;9000003703;hourly;0,6030555556;18,2404421925;107,7844311377;21,5568862275;1,6582220175;11,6075541225;6,6328880700;31,5062183326;76,2782128052;13,2657761400;8,2911100875;1,6582220175;0,0000000000;1;4.6153846154, 3.0769230769, 38.4615384615, 43.0769230769, 10.7692307692, 0, 0, 0;4.6153846154, 0, 0, 3.0769230769, 10.7692307692, 27.6923076923, 26.1538461538, 16.9230769231, 9.2307692308, 1.5384615385, 0, 0, 0, 0, 0, 0, 0, 0, 0, 0, 0, 0, 0, 0, 0;Europe/Paris;36,0
2023-03-16T17:00:00Z;-1;9000003703;hourly;0,6172222222;17,8217821782;136,0936093609;17,8217821782;3,2403240324;9,7209720972;8,1008100810;46,9846984698;89,1089108911;3,2403240324;14,5814581458;0,0000000000;3,2403240324;1;7.1428571429, 4.7619047619, 29.7619047619, 48.8095238095, 7.1428571429, 1.1904761905, 1.1904761905, 0;5.9523809524, 1.1904761905, 0, 4.7619047619, 7.1428571429, 22.619047619, 28.5714285714, 20.2380952381, 7.1428571429, 0, 1.1904761905, 0, 1.1904761905, 0, 0, 0, 0, 0, 0, 0, 0, 0, 0, 0, 0;Europe/Paris;36,0
2023-03-16T18:00:00Z;-1;9000003703;hourly;0,1844444444;5,4216867470;130,1204819277;0,0000000000;10,8433734940;5,4216867470;0,0000000000;48,7951807229;81,3253012048;0,0000000000;0,0000000000;5,4216867470;5,4216867470;1;0, 0, 45.8333333333, 50, 4.1666666667, 0, 0, 0;0, 0, 0, 0, 12.5, 33.3333333333, 25, 25, 4.1666666667, 0, 0, 0, 0, 0, 0, 0, 0, 0, 0, 0, 0, 0, 0, 0, 0;Europe/Paris;35,5
2023-03-17T03:00:00Z;-1;9000003703;hourly;0,0000000000;0,0000000000;0,0000000000;0,0000000000;0,0000000000;0,0000000000;0,0000000000;0,0000000000;0,0000000000;0,0000000000;0,0000000000;0,0000000000;0,0000000000;1;0, 0, 0, 0, 0, 0, 0, 0;0, 0, 0, 0, 0, 0, 0, 0, 0, 0, 0, 0, 0, 0, 0, 0, 0, 0, 0, 0, 0, 0, 0, 0, 0;Europe/Paris;NA
2023-03-17T04:00:00Z;-1;9000003703;hourly;0,0000000000;0,0000000000;0,0000000000;0,0000000000;0,0000000000;0,0000000000;0,0000000000;0,0000000000;0,0000000000;0,0000000000;0,0000000000;0,0000000000;0,0000000000;1;0, 0, 0, 0, 0, 0, 0, 0;0, 0, 0, 0, 0, 0, 0, 0, 0, 0, 0, 0, 0, 0, 0, 0, 0, 0, 0, 0, 0, 0, 0, 0, 0;Europe/Paris;NA
2023-03-17T05:00:00Z;-1;9000003703;hourly;0,0000000000;0,0000000000;0,0000000000;0,0000000000;0,0000000000;0,0000000000;0,0000000000;0,0000000000;0,0000000000;0,0000000000;0,0000000000;0,0000000000;0,0000000000;1;0, 0, 0, 0, 0, 0, 0, 0;0, 0, 0, 0, 0, 0, 0, 0, 0, 0, 0, 0, 0, 0, 0, 0, 0, 0, 0, 0, 0, 0, 0, 0, 0;Europe/Paris;NA
2023-03-17T06:00:00Z;-1;9000003703;hourly;0,3527777778;5,6692913386;73,7007874016;8,5039370079;5,6692913386;5,6692913386;0,0000000000;36,8503937008;36,8503937008;5,6692913386;2,8346456693;0,0000000000;5,6692913386;1;0, 0, 23.0769230769, 38.4615384615, 26.9230769231, 3.8461538462, 3.8461538462, 3.8461538462;0, 0, 0, 0, 11.5384615385, 11.5384615385, 15.3846153846, 23.0769230769, 15.3846153846, 11.5384615385, 0, 3.8461538462, 3.8461538462, 0, 0, 0, 3.8461538462, 0, 0, 0, 0, 0, 0, 0, 0;Europe/Paris;46,0
2023-03-17T07:00:00Z;-1;9000003703;hourly;0,6002777778;16,6589541879;144,9329014345;13,3271633503;14,9930587691;3,3317908376;13,3271633503;94,9560388709;49,9768625636;11,6612679315;1,6658954188;9,9953725127;4,9976862564;1;2.2988505747, 1.1494252874, 32.183908046, 52.8735632184, 4.5977011494, 4.5977011494, 2.2988505747, 0;2.2988505747, 0, 1.1494252874, 0, 10.3448275862, 21.8390804598, 26.4367816092, 26.4367816092, 3.4482758621, 1.1494252874, 2.2988505747, 2.2988505747, 1.1494252874, 1.1494252874, 0, 0, 0, 0, 0, 0, 0, 0, 0, 0, 0;Europe/Paris;37,0
2023-03-17T08:00:00Z;-1;9000003703;hourly;0,5983333333;3,3426183844;38,4401114206;20,0557103064;0,0000000000;1,6713091922;1,6713091922;16,7130919220;21,7270194986;15,0417827298;5,0139275766;0,0000000000;0,0000000000;1;0, 4.347826087, 30.4347826087, 56.5217391304, 4.347826087, 4.347826087, 0, 0;0, 0, 0, 4.347826087, 4.347826087, 26.0869565217, 52.1739130435, 4.347826087, 4.347826087, 0, 4.347826087, 0, 0, 0, 0, 0, 0, 0, 0, 0, 0, 0, 0, 0, 0;Europe/Paris;32,5
2023-03-17T09:00:00Z;-1;9000003703;hourly;0,5630555556;5,3280710409;63,9368524914;14,2081894425;0,0000000000;0,0000000000;5,3280710409;10,6561420819;53,2807104095;7,1040947213;7,1040947213;0,0000000000;0,0000000000;1;13.8888888889, 0, 27.7777777778, 44.4444444444, 13.8888888889, 0, 0, 0;13.8888888889, 0, 0, 0, 2.7777777778, 25, 36.1111111111, 8.3333333333, 8.3333333333, 5.5555555556, 0, 0, 0, 0, 0, 0, 0, 0, 0, 0, 0, 0, 0, 0, 0;Europe/Paris;37,0
2023-03-17T10:00:00Z;-1;9000003703;hourly;0,6072222222;14,8215919488;46,1116193962;6,5873741995;3,2936870997;3,2936870997;11,5279048490;18,1152790485;27,9963403477;1,6468435499;4,9405306496;1,6468435499;1,6468435499;1;17.8571428571, 3.5714285714, 32.1428571429, 39.2857142857, 7.1428571429, 0, 0, 0;14.2857142857, 3.5714285714, 3.5714285714, 0, 3.5714285714, 28.5714285714, 25, 14.2857142857, 3.5714285714, 3.5714285714, 0, 0, 0, 0, 0, 0, 0, 0, 0, 0, 0, 0, 0, 0, 0;Europe/Paris;35,0
2023-03-17T11:00:00Z;-1;9000003703;hourly;0,5808333333;17,2166427547;58,5365853659;8,6083213773;6,8866571019;5,1649928264;12,0516499283;10,3299856528;48,2065997131;8,6083213773;0,0000000000;6,8866571019;0,0000000000;1;17.6470588235, 5.8823529412, 17.6470588235, 44.1176470588, 14.7058823529, 0, 0, 0;17.6470588235, 0, 0, 5.8823529412, 11.7647058824, 5.8823529412, 23.5294117647, 20.5882352941, 14.7058823529, 0, 0, 0, 0, 0, 0, 0, 0, 0, 0, 0, 0, 0, 0, 0, 0;Europe/Paris;37,5
2023-03-17T12:00:00Z;-1;9000003703;hourly;0,5494444444;7,2800808898;50,9605662285;20,0202224469;0,0000000000;3,6400404449;3,6400404449;18,2002022245;32,7603640040;10,9201213347;9,1001011122;0,0000000000;0,0000000000;1;10.7142857143, 0, 35.7142857143, 42.8571428571, 3.5714285714, 0, 3.5714285714, 3.5714285714;0, 10.7142857143, 0, 0, 3.5714285714, 32.1428571429, 28.5714285714, 14.2857142857, 0, 3.5714285714, 0, 0, 3.5714285714, 0, 0, 3.5714285714, 0, 0, 0, 0, 0, 0, 0, 0, 0;Europe/Paris;36,0
2023-03-17T13:00:00Z;-1;9000003703;hourly;0,5775000000;6,9264069264;50,2164502165;8,6580086580;0,0000000000;3,4632034632;3,4632034632;32,9004329004;17,3160173160;1,7316017316;6,9264069264;0,0000000000;0,0000000000;1;3.4482758621, 0, 41.3793103448, 41.3793103448, 3.4482758621, 10.3448275862, 0, 0;3.4482758621, 0, 0, 0, 6.8965517241, 34.4827586207, 24.1379310345, 17.2413793103, 3.4482758621, 0, 10.3448275862, 0, 0, 0, 0, 0, 0, 0, 0, 0, 0, 0, 0, 0, 0;Europe/Paris;37,0
2023-03-17T14:00:00Z;-1;9000003703;hourly;0,6158333333;3,2476319350;55,2097428958;16,2381596752;0,0000000000;1,6238159675;1,6238159675;34,1001353180;21,1096075778;11,3667117727;4,8714479026;0,0000000000;0,0000000000;1;8.8235294118, 11.7647058824, 29.4117647059, 44.1176470588, 5.8823529412, 0, 0, 0;8.8235294118, 0, 0, 11.7647058824, 8.8235294118, 20.5882352941, 17.6470588235, 26.4705882353, 5.8823529412, 0, 0, 0, 0, 0, 0, 0, 0, 0, 0, 0, 0, 0, 0, 0, 0;Europe/Paris;36,0
2023-03-17T15:00:00Z;-1;9000003703;hourly;0,6008333333;13,3148404993;143,1345353675;31,6227461859;4,9930651872;4,9930651872;8,3217753121;53,2593619972;89,8751733703;8,3217753121;23,3009708738;4,9930651872;0,0000000000;1;6.976744186, 8.1395348837, 37.2093023256, 34.8837209302, 12.7906976744, 0, 0, 0;4.6511627907, 2.3255813953, 1.1627906977, 6.976744186, 12.7906976744, 24.4186046512, 22.0930232558, 12.7906976744, 9.3023255814, 3.488372093, 0, 0, 0, 0, 0, 0, 0, 0, 0, 0, 0, 0, 0, 0, 0;Europe/Paris;36,5
2023-03-17T16:00:00Z;-1;9000003703;hourly;0,5747222222;3,4799420010;107,8782020300;13,9197680039;1,7399710005;3,4799420010;0,0000000000;43,4992750121;64,3789270179;8,6998550024;5,2199130014;0,0000000000;1,7399710005;1;12.9032258065, 3.2258064516, 40.3225806452, 30.6451612903, 9.6774193548, 3.2258064516, 0, 0;11.2903225806, 1.6129032258, 1.6129032258, 1.6129032258, 9.6774193548, 30.6451612903, 20.9677419355, 9.6774193548, 9.6774193548, 0, 3.2258064516, 0, 0, 0, 0, 0, 0, 0, 0, 0, 0, 0, 0, 0, 0;Europe/Paris;36,5
2023-03-17T17:00:00Z;-1;9000003703;hourly;0,6547222222;9,1641917692;119,1344929996;12,2189223589;3,0547305897;4,5820958846;4,5820958846;50,4030547306;68,7314382690;10,6915570641;1,5273652949;1,5273652949;1,5273652949;1;1.2820512821, 7.6923076923, 37.1794871795, 41.0256410256, 8.9743589744, 1.2820512821, 1.2820512821, 1.2820512821;1.2820512821, 0, 5.1282051282, 2.5641025641, 20.5128205128, 16.6666666667, 23.0769230769, 17.9487179487, 6.4102564103, 2.5641025641, 1.2820512821, 0, 0, 1.2820512821, 0, 0, 0, 0, 0, 1.2820512821, 0, 0, 0, 0, 0;Europe/Paris;37,0
2023-03-17T18:00:00Z;-1;9000003703;hourly;0,1769444444;5,6514913658;141,2872841444;0,0000000000;0,0000000000;0,0000000000;5,6514913658;67,8178963893;73,4693877551;0,0000000000;0,0000000000;0,0000000000;0,0000000000;1;0, 4, 56, 32, 8, 0, 0, 0;0, 0, 0, 4, 16, 40, 16, 16, 8, 0, 0, 0, 0, 0, 0, 0, 0, 0, 0, 0, 0, 0, 0, 0, 0;Europe/Paris;35,5
2023-03-17T19:00:00Z;-1;9000003703;hourly;0,0000000000;0,0000000000;0,0000000000;0,0000000000;0,0000000000;0,0000000000;0,0000000000;0,0000000000;0,0000000000;0,0000000000;0,0000000000;0,0000000000;0,0000000000;1;0, 0, 0, 0, 0, 0, 0, 0;0, 0, 0, 0, 0, 0, 0, 0, 0, 0, 0, 0, 0, 0, 0, 0, 0, 0, 0, 0, 0, 0, 0, 0, 0;Europe/Paris;NA
2023-03-18T03:00:00Z;-1;9000003703;hourly;0,0000000000;0,0000000000;0,0000000000;0,0000000000;0,0000000000;0,0000000000;0,0000000000;0,0000000000;0,0000000000;0,0000000000;0,0000000000;0,0000000000;0,0000000000;1;0, 0, 0, 0, 0, 0, 0, 0;0, 0, 0, 0, 0, 0, 0, 0, 0, 0, 0, 0, 0, 0, 0, 0, 0, 0, 0, 0, 0, 0, 0, 0, 0;Europe/Paris;NA
2023-03-18T04:00:00Z;-1;9000003703;hourly;0,0000000000;0,0000000000;0,0000000000;0,0000000000;0,0000000000;0,0000000000;0,0000000000;0,0000000000;0,0000000000;0,0000000000;0,0000000000;0,0000000000;0,0000000000;1;0, 0, 0, 0, 0, 0, 0, 0;0, 0, 0, 0, 0, 0, 0, 0, 0, 0, 0, 0, 0, 0, 0, 0, 0, 0, 0, 0, 0, 0, 0, 0, 0;Europe/Paris;NA
2023-03-18T05:00:00Z;-1;9000003703;hourly;0,0000000000;0,0000000000;0,0000000000;0,0000000000;0,0000000000;0,0000000000;0,0000000000;0,0000000000;0,0000000000;0,0000000000;0,0000000000;0,0000000000;0,0000000000;1;0, 0, 0, 0, 0, 0, 0, 0;0, 0, 0, 0, 0, 0, 0, 0, 0, 0, 0, 0, 0, 0, 0, 0, 0, 0, 0, 0, 0, 0, 0, 0, 0;Europe/Paris;NA
2023-03-18T06:00:00Z;-1;9000003703;hourly;0,3113888889;0,0000000000;6,4228367529;0,0000000000;0,0000000000;0,0000000000;0,0000000000;3,2114183764;3,2114183764;0,0000000000;0,0000000000;0,0000000000;0,0000000000;1;0, 0, 50, 50, 0, 0, 0, 0;0, 0, 0, 0, 50, 0, 0, 50, 0, 0, 0, 0, 0, 0, 0, 0, 0, 0, 0, 0, 0, 0, 0, 0, 0;Europe/Paris;36,0
2023-03-18T07:00:00Z;-1;9000003703;hourly;0,5602777778;1,7848289539;23,2027764006;1,7848289539;1,7848289539;0,0000000000;1,7848289539;12,4938026772;10,7089737234;1,7848289539;0,0000000000;0,0000000000;1,7848289539;1;0, 0, 38.4615384615, 46.1538461538, 15.3846153846, 0, 0, 0;0, 0, 0, 0, 7.6923076923, 30.7692307692, 23.0769230769, 23.0769230769, 15.3846153846, 0, 0, 0, 0, 0, 0, 0, 0, 0, 0, 0, 0, 0, 0, 0, 0;Europe/Paris;37,5
2023-03-18T08:00:00Z;-1;9000003703;hourly;0,6544444444;1,5280135823;64,1765704584;3,0560271647;0,0000000000;1,5280135823;0,0000000000;24,4482173175;39,7283531409;0,0000000000;3,0560271647;0,0000000000;0,0000000000;1;7.1428571429, 7.1428571429, 33.3333333333, 35.7142857143, 14.2857142857, 2.380952381, 0, 0;7.1428571429, 0, 2.380952381, 4.7619047619, 11.9047619048, 21.4285714286, 21.4285714286, 14.2857142857, 11.9047619048, 2.380952381, 2.380952381, 0, 0, 0, 0, 0, 0, 0, 0, 0, 0, 0, 0, 0, 0;Europe/Paris;38,0
2023-03-18T09:00:00Z;-1;9000003703;hourly;0,6247222222;8,0035571365;67,2298799466;6,4028457092;0,0000000000;3,2014228546;4,8021342819;36,8163628279;30,4135171187;1,6007114273;4,8021342819;0,0000000000;0,0000000000;1;16.6666666667, 4.7619047619, 45.2380952381, 30.9523809524, 2.380952381, 0, 0, 0;11.9047619048, 4.7619047619, 0, 4.7619047619, 16.6666666667, 28.5714285714, 21.4285714286, 9.5238095238, 0, 2.380952381, 0, 0, 0, 0, 0, 0, 0, 0, 0, 0, 0, 0, 0, 0, 0;Europe/Paris;32,0
2023-03-18T10:00:00Z;-1;9000003703;hourly;0,6158333333;3,2476319350;81,1907983762;3,2476319350;0,0000000000;0,0000000000;3,2476319350;37,3477672530;43,8430311231;0,0000000000;3,2476319350;0,0000000000;0,0000000000;1;4, 6, 46, 34, 10, 0, 0, 0;2, 2, 0, 6, 14, 32, 22, 12, 8, 2, 0, 0, 0, 0, 0, 0, 0, 0, 0, 0, 0, 0, 0, 0, 0;Europe/Paris;35,5
2023-03-18T11:00:00Z;-1;9000003703;hourly;0,5416666667;1,8461538462;94,1538461538;9,2307692308;0,0000000000;0,0000000000;1,8461538462;49,8461538462;44,3076923077;3,6923076923;5,5384615385;0,0000000000;0,0000000000;1;9.8039215686, 3.9215686275, 27.4509803922, 45.0980392157, 11.7647058824, 1.9607843137, 0, 0;9.8039215686, 0, 1.9607843137, 1.9607843137, 13.7254901961, 13.7254901961, 25.4901960784, 19.6078431373, 11.7647058824, 0, 0, 1.9607843137, 0, 0, 0, 0, 0, 0, 0, 0, 0, 0, 0, 0, 0;Europe/Paris;37,0
2023-03-18T12:00:00Z;-1;9000003703;hourly;0,6419444444;0,0000000000;51,4063176114;3,1155344007;0,0000000000;0,0000000000;0,0000000000;15,5776720035;35,8286456080;1,5577672003;1,5577672003;0,0000000000;0,0000000000;1;6.0606060606, 0, 15.1515151515, 51.5151515152, 27.2727272727, 0, 0, 0;6.0606060606, 0, 0, 0, 9.0909090909, 6.0606060606, 27.2727272727, 24.2424242424, 21.2121212121, 6.0606060606, 0, 0, 0, 0, 0, 0, 0, 0, 0, 0, 0, 0, 0, 0, 0;Europe/Paris;40,5
2023-03-18T13:00:00Z;-1;9000003703;hourly;0,6133333333;1,6304347826;58,6956521739;1,6304347826;0,0000000000;0,0000000000;1,6304347826;24,4565217391;34,2391304348;0,0000000000;1,6304347826;0,0000000000;0,0000000000;1;13.8888888889, 11.1111111111, 13.8888888889, 52.7777777778, 8.3333333333, 0, 0, 0;11.1111111111, 2.7777777778, 2.7777777778, 8.3333333333, 2.7777777778, 11.1111111111, 36.1111111111, 16.6666666667, 5.5555555556, 2.7777777778, 0, 0, 0, 0, 0, 0, 0, 0, 0, 0, 0, 0, 0, 0, 0;Europe/Paris;35,5
2023-03-18T14:00:00Z;-1;9000003703;hourly;0,6280555556;1,5922158337;65,2808491818;9,5532950022;1,5922158337;0,0000000000;1,5922158337;36,6209641751;28,6598850066;6,3688633348;3,1844316674;1,5922158337;0,0000000000;1;2.4390243902, 4.8780487805, 36.5853658537, 39.0243902439, 14.6341463415, 2.4390243902, 0, 0;2.4390243902, 0, 2.4390243902, 2.4390243902, 9.756097561, 26.8292682927, 21.9512195122, 17.0731707317, 14.6341463415, 0, 0, 2.4390243902, 0, 0, 0, 0, 0, 0, 0, 0, 0, 0, 0, 0, 0;Europe/Paris;38,0
2023-03-18T15:00:00Z;-1;9000003703;hourly;0,6291666667;0,0000000000;39,7350993377;12,7152317881;1,5894039735;0,0000000000;0,0000000000;12,7152317881;27,0198675497;6,3576158940;6,3576158940;1,5894039735;0,0000000000;1;8, 8, 28, 44, 4, 8, 0, 0;4, 4, 4, 4, 4, 24, 16, 28, 4, 0, 8, 0, 0, 0, 0, 0, 0, 0, 0, 0, 0, 0, 0, 0, 0;Europe/Paris;37,0
2023-03-18T16:00:00Z;-1;9000003703;hourly;0,6230555556;0,0000000000;64,1997325011;1,6049933125;0,0000000000;0,0000000000;0,0000000000;24,0748996879;40,1248328132;0,0000000000;1,6049933125;0,0000000000;0,0000000000;1;2.5, 12.5, 47.5, 22.5, 12.5, 2.5, 0, 0;2.5, 0, 5, 7.5, 22.5, 25, 10, 12.5, 10, 2.5, 2.5, 0, 0, 0, 0, 0, 0, 0, 0, 0, 0, 0, 0, 0, 0;Europe/Paris;37,5
2023-03-18T17:00:00Z;-1;9000003703;hourly;0,6191666667;6,4602960969;71,0632570659;3,2301480485;0,0000000000;4,8452220727;1,6150740242;20,9959623149;50,0672947510;1,6150740242;1,6150740242;0,0000000000;0,0000000000;1;2.2727272727, 9.0909090909, 40.9090909091, 38.6363636364, 6.8181818182, 2.2727272727, 0, 0;2.2727272727, 0, 0, 9.0909090909, 9.0909090909, 31.8181818182, 22.7272727273, 15.9090909091, 2.2727272727, 4.5454545455, 2.2727272727, 0, 0, 0, 0, 0, 0, 0, 0, 0, 0, 0, 0, 0, 0;Europe/Paris;35,5
2023-03-18T18:00:00Z;-1;9000003703;hourly;0,1797222222;0,0000000000;72,3338485317;0,0000000000;0,0000000000;0,0000000000;0,0000000000;38,9489953632;33,3848531685;0,0000000000;0,0000000000;0,0000000000;0,0000000000;1;7.6923076923, 0, 23.0769230769, 69.2307692308, 0, 0, 0, 0;7.6923076923, 0, 0, 0, 0, 23.0769230769, 46.1538461538, 23.0769230769, 0, 0, 0, 0, 0, 0, 0, 0, 0, 0, 0, 0, 0, 0, 0, 0, 0;Europe/Paris;34,0
2023-03-19T03:00:00Z;-1;9000003703;hourly;0,0000000000;0,0000000000;0,0000000000;0,0000000000;0,0000000000;0,0000000000;0,0000000000;0,0000000000;0,0000000000;0,0000000000;0,0000000000;0,0000000000;0,0000000000;1;0, 0, 0, 0, 0, 0, 0, 0;0, 0, 0, 0, 0, 0, 0, 0, 0, 0, 0, 0, 0, 0, 0, 0, 0, 0, 0, 0, 0, 0, 0, 0, 0;Europe/Paris;NA
2023-03-19T04:00:00Z;-1;9000003703;hourly;0,0000000000;0,0000000000;0,0000000000;0,0000000000;0,0000000000;0,0000000000;0,0000000000;0,0000000000;0,0000000000;0,0000000000;0,0000000000;0,0000000000;0,0000000000;1;0, 0, 0, 0, 0, 0, 0, 0;0, 0, 0, 0, 0, 0, 0, 0, 0, 0, 0, 0, 0, 0, 0, 0, 0, 0, 0, 0, 0, 0, 0, 0, 0;Europe/Paris;NA
2023-03-19T05:00:00Z;-1;9000003703;hourly;0,0000000000;0,0000000000;0,0000000000;0,0000000000;0,0000000000;0,0000000000;0,0000000000;0,0000000000;0,0000000000;0,0000000000;0,0000000000;0,0000000000;0,0000000000;1;0, 0, 0, 0, 0, 0, 0, 0;0, 0, 0, 0, 0, 0, 0, 0, 0, 0, 0, 0, 0, 0, 0, 0, 0, 0, 0, 0, 0, 0, 0, 0, 0;Europe/Paris;NA
2023-03-19T06:00:00Z;-1;9000003703;hourly;0,4386111111;0,0000000000;6,8397720076;2,2799240025;0,0000000000;0,0000000000;0,0000000000;2,2799240025;4,5598480051;0,0000000000;2,2799240025;0,0000000000;0,0000000000;1;33.3333333333, 0, 33.3333333333, 33.3333333333, 0, 0, 0, 0;33.3333333333, 0, 0, 0, 0, 33.3333333333, 0, 33.3333333333, 0, 0, 0, 0, 0, 0, 0, 0, 0, 0, 0, 0, 0, 0, 0, 0, 0;Europe/Paris;35,5
2023-03-19T07:00:00Z;-1;9000003703;hourly;0,6558333333;3,0495552732;62,5158831004;6,0991105464;0,0000000000;0,0000000000;3,0495552732;6,0991105464;56,4167725540;0,0000000000;6,0991105464;0,0000000000;0,0000000000;1;2.4390243902, 0, 19.512195122, 58.5365853659, 19.512195122, 0, 0, 0;2.4390243902, 0, 0, 0, 7.3170731707, 12.1951219512, 36.5853658537, 21.9512195122, 14.6341463415, 4.8780487805, 0, 0, 0, 0, 0, 0, 0, 0, 0, 0, 0, 0, 0, 0, 0;Europe/Paris;39,0
2023-03-19T08:00:00Z;-1;9000003703;hourly;0,5863888889;1,7053529133;39,2231170062;1,7053529133;1,7053529133;0,0000000000;1,7053529133;8,5267645666;30,6963524396;0,0000000000;1,7053529133;1,7053529133;0,0000000000;1;17.3913043478, 4.347826087, 34.7826086957, 30.4347826087, 13.0434782609, 0, 0, 0;13.0434782609, 4.347826087, 0, 4.347826087, 4.347826087, 30.4347826087, 17.3913043478, 13.0434782609, 4.347826087, 8.6956521739, 0, 0, 0, 0, 0, 0, 0, 0, 0, 0, 0, 0, 0, 0, 0;Europe/Paris;36,5
2023-03-19T09:00:00Z;-1;9000003703;hourly;0,5661111111;5,2993130520;44,1609421001;12,3650637880;3,5328753680;0,0000000000;5,2993130520;19,4308145240;24,7301275761;3,5328753680;8,8321884200;0,0000000000;3,5328753680;1;0, 8, 28, 44, 20, 0, 0, 0;0, 0, 0, 8, 4, 24, 44, 0, 12, 8, 0, 0, 0, 0, 0, 0, 0, 0, 0, 0, 0, 0, 0, 0, 0;Europe/Paris;39,5
2023-03-19T10:00:00Z;-1;9000003703;hourly;0,6455555556;9,2943201377;54,2168674699;10,8433734940;3,0981067126;3,0981067126;6,1962134251;23,2358003442;30,9810671256;3,0981067126;7,7452667814;1,5490533563;1,5490533563;1;2.8571428571, 5.7142857143, 57.1428571429, 25.7142857143, 8.5714285714, 0, 0, 0;2.8571428571, 0, 2.8571428571, 2.8571428571, 28.5714285714, 28.5714285714, 17.1428571429, 8.5714285714, 2.8571428571, 5.7142857143, 0, 0, 0, 0, 0, 0, 0, 0, 0, 0, 0, 0, 0, 0, 0;Europe/Paris;34,0
2023-03-19T11:00:00Z;-1;9000003703;hourly;0,6027777778;9,9539170507;49,7695852535;8,2949308756;3,3179723502;6,6359447005;3,3179723502;23,2258064516;26,5437788018;4,9769585253;3,3179723502;1,6589861751;1,6589861751;1;10, 3.3333333333, 53.3333333333, 23.3333333333, 10, 0, 0, 0;10, 0, 3.3333333333, 0, 16.6666666667, 36.6666666667, 20, 3.3333333333, 10, 0, 0, 0, 0, 0, 0, 0, 0, 0, 0, 0, 0, 0, 0, 0, 0;Europe/Paris;32,0
2023-03-19T12:00:00Z;-1;9000003703;hourly;0,5269444444;3,7954665261;41,7501317870;13,2841328413;0,0000000000;0,0000000000;3,7954665261;11,3863995783;30,3637322088;3,7954665261;9,4886663152;0,0000000000;0,0000000000;1;4.5454545455, 0, 36.3636363636, 50, 9.0909090909, 0, 0, 0;0, 4.5454545455, 0, 0, 4.5454545455, 31.8181818182, 36.3636363636, 13.6363636364, 4.5454545455, 4.5454545455, 0, 0, 0, 0, 0, 0, 0, 0, 0, 0, 0, 0, 0, 0, 0;Europe/Paris;35,5
2023-03-19T13:00:00Z;-1;9000003703;hourly;0,5450000000;5,5045871560;23,8532110092;25,6880733945;0,0000000000;5,5045871560;0,0000000000;12,8440366972;11,0091743119;23,8532110092;1,8348623853;0,0000000000;0,0000000000;1;0, 7.6923076923, 61.5384615385, 23.0769230769, 7.6923076923, 0, 0, 0;0, 0, 7.6923076923, 0, 7.6923076923, 53.8461538462, 15.3846153846, 7.6923076923, 7.6923076923, 0, 0, 0, 0, 0, 0, 0, 0, 0, 0, 0, 0, 0, 0, 0, 0;Europe/Paris;32,5
2023-03-19T14:00:00Z;-1;9000003703;hourly;0,6041666667;1,6551724138;56,2758620690;26,4827586207;0,0000000000;0,0000000000;1,6551724138;24,8275862069;31,4482758621;19,8620689655;6,6206896552;0,0000000000;0,0000000000;1;14.7058823529, 11.7647058824, 50, 23.5294117647, 0, 0, 0, 0;11.7647058824, 2.9411764706, 2.9411764706, 8.8235294118, 17.6470588235, 32.3529411765, 14.7058823529, 8.8235294118, 0, 0, 0, 0, 0, 0, 0, 0, 0, 0, 0, 0, 0, 0, 0, 0, 0;Europe/Paris;30,5
2023-03-19T15:00:00Z;-1;9000003703;hourly;0,6250000000;0,0000000000;27,2000000000;33,6000000000;0,0000000000;0,0000000000;0,0000000000;12,8000000000;14,4000000000;22,4000000000;11,2000000000;0,0000000000;0,0000000000;1;0, 11.7647058824, 52.9411764706, 35.2941176471, 0, 0, 0, 0;0, 0, 0, 11.7647058824, 23.5294117647, 29.4117647059, 23.5294117647, 11.7647058824, 0, 0, 0, 0, 0, 0, 0, 0, 0, 0, 0, 0, 0, 0, 0, 0, 0;Europe/Paris;32,0
2023-03-19T16:00:00Z;-1;9000003703;hourly;0,6463888889;0,0000000000;46,4116888698;17,0176192523;0,0000000000;0,0000000000;0,0000000000;23,2058444349;23,2058444349;7,7352814783;9,2823377740;0,0000000000;0,0000000000;1;13.3333333333, 20, 36.6666666667, 20, 3.3333333333, 0, 3.3333333333, 3.3333333333;6.6666666667, 6.6666666667, 0, 20, 13.3333333333, 23.3333333333, 16.6666666667, 3.3333333333, 3.3333333333, 0, 0, 0, 0, 3.3333333333, 0, 0, 3.3333333333, 0, 0, 0, 0, 0, 0, 0, 0;Europe/Paris;32,0
2023-03-19T17:00:00Z;-1;9000003703;hourly;0,6413888889;3,1182330013;74,8375920312;4,6773495019;0,0000000000;1,5591165006;1,5591165006;35,8596795149;38,9779125162;3,1182330013;1,5591165006;0,0000000000;0,0000000000;1;0, 8.3333333333, 37.5, 37.5, 10.4166666667, 4.1666666667, 0, 2.0833333333;0, 0, 0, 8.3333333333, 12.5, 25, 18.75, 18.75, 4.1666666667, 6.25, 2.0833333333, 2.0833333333, 0, 0, 0, 0, 0, 2.0833333333, 0, 0, 0, 0, 0, 0, 0;Europe/Paris;39,5
2023-03-19T18:00:00Z;-1;9000003703;hourly;0,3080555556;0,0000000000;71,4156898106;3,2461677187;0,0000000000;0,0000000000;0,0000000000;45,4463480613;25,9693417493;3,2461677187;0,0000000000;0,0000000000;0,0000000000;1;0, 9.0909090909, 31.8181818182, 54.5454545455, 4.5454545455, 0, 0, 0;0, 0, 0, 9.0909090909, 27.2727272727, 4.5454545455, 36.3636363636, 18.1818181818, 0, 4.5454545455, 0, 0, 0, 0, 0, 0, 0, 0, 0, 0, 0, 0, 0, 0, 0;Europe/Paris;34,5
2023-03-20T03:00:00Z;-1;9000003703;hourly;0,0000000000;0,0000000000;0,0000000000;0,0000000000;0,0000000000;0,0000000000;0,0000000000;0,0000000000;0,0000000000;0,0000000000;0,0000000000;0,0000000000;0,0000000000;1;0, 0, 0, 0, 0, 0, 0, 0;0, 0, 0, 0, 0, 0, 0, 0, 0, 0, 0, 0, 0, 0, 0, 0, 0, 0, 0, 0, 0, 0, 0, 0, 0;Europe/Paris;NA
2023-03-20T04:00:00Z;-1;9000003703;hourly;0,0000000000;0,0000000000;0,0000000000;0,0000000000;0,0000000000;0,0000000000;0,0000000000;0,0000000000;0,0000000000;0,0000000000;0,0000000000;0,0000000000;0,0000000000;1;0, 0, 0, 0, 0, 0, 0, 0;0, 0, 0, 0, 0, 0, 0, 0, 0, 0, 0, 0, 0, 0, 0, 0, 0, 0, 0, 0, 0, 0, 0, 0, 0;Europe/Paris;NA
2023-03-20T05:00:00Z;-1;9000003703;hourly;0,0000000000;0,0000000000;0,0000000000;0,0000000000;0,0000000000;0,0000000000;0,0000000000;0,0000000000;0,0000000000;0,0000000000;0,0000000000;0,0000000000;0,0000000000;1;0, 0, 0, 0, 0, 0, 0, 0;0, 0, 0, 0, 0, 0, 0, 0, 0, 0, 0, 0, 0, 0, 0, 0, 0, 0, 0, 0, 0, 0, 0, 0, 0;Europe/Paris;NA
2023-03-20T06:00:00Z;-1;9000003703;hourly;0,3902777778;11,6388367254;73,9996024418;8,0047017338;1,3931888545;1,3931888545;10,2456478709;46,0166080160;27,9829944258;8,0047017338;0,0000000000;0,0000000000;1,3931888545;1;4.8844287159, 0, 19.3338982574, 59.3163571396, 14.5826181313, 1.8826977558, 0, 0;4.8844287159, 0, 0, 0, 0, 19.3338982574, 32.0338186329, 27.2825385067, 14.5826181313, 0, 1.8826977558, 0, 0, 0, 0, 0, 0, 0, 0, 0, 0, 0, 0, 0, 0;Europe/Paris;38,0
2023-03-20T07:00:00Z;-1;9000003703;hourly;0,6127777778;31,3977473370;151,6164409722;39,7129133231;11,2361572650;14,1459491608;17,2517981762;97,4619924571;54,1544485151;34,6357046827;5,0772086404;9,6432369111;1,5929203540;1;8.4615346045, 10.1237245527, 28.5505431857, 40.1126121366, 9.709003494, 0.9959784733, 0.9959784733, 1.0506250798;7.4655561312, 0.9959784733, 2.0466035531, 8.0771209995, 14.2715782655, 14.2789649203, 29.0778631708, 11.0347489658, 4.3683274983, 5.3406759957, 0.9959784733, 0, 0.9959784733, 0, 0, 1.0506250798, 0, 0, 0, 0, 0, 0, 0, 0, 0;Europe/Paris;36,5
2023-03-20T08:00:00Z;-1;9000003703;hourly;0,6450000000;4,8371038221;42,7948143163;6,4587254437;0,0000000000;4,8371038221;0,0000000000;22,4516208546;20,3431934617;4,8371038221;1,6216216216;0,0000000000;0,0000000000;1;14.9922010965, 3.9163101427, 40.9416071273, 29.292784208, 10.8570974254, 0, 0, 0;11.2029064179, 3.7892946786, 3.9163101427, 0, 18.5627022467, 22.3789048806, 14.646392104, 14.646392104, 7.3867037841, 3.4703936413, 0, 0, 0, 0, 0, 0, 0, 0, 0, 0, 0, 0, 0, 0, 0;Europe/Paris;36,0
2023-03-20T09:00:00Z;-1;9000003703;hourly;0,6116666667;6,5873797135;40,4602012579;3,2967032967;1,6483516484;4,9420415051;1,6453382084;19,7040357847;20,7561654732;0,0000000000;3,2967032967;0,0000000000;1,6483516484;1;19.1203386744, 8.4800677887, 32.5268130966, 32.1220652767, 7.7507151636, 0, 0, 0;15.4436310468, 3.6767076276, 0, 8.4800677887, 11.8172747883, 20.7095383083, 24.7686500215, 7.3534152552, 3.6767076276, 4.0740075361, 0, 0, 0, 0, 0, 0, 0, 0, 0, 0, 0, 0, 0, 0, 0;Europe/Paris;32,5
2023-03-20T10:00:00Z;-1;9000003703;hourly;0,6411111111;13,8712248582;50,5601077698;9,2929698141;4,7011532843;4,5891436447;9,2820812135;14,3603986227;36,1997091470;7,7222891858;1,5706806283;4,7011532843;0,0000000000;1;11.9831691448, 9.6656517305, 25.1338492576, 43.5301421845, 6.3968743796, 3.290313303, 0, 0;6.2131221532, 5.7700469916, 0, 9.6656517305, 6.3753384276, 18.75851083, 28.0566581079, 15.4734840766, 6.3968743796, 0, 0, 3.290313303, 0, 0, 0, 0, 0, 0, 0, 0, 0, 0, 0, 0, 0;Europe/Paris;36,0
2023-03-20T11:00:00Z;-1;9000003703;hourly;0,6061111111;1,6574585635;52,2600257256;6,7159756417;3,5131286666;1,6574585635;0,0000000000;12,0596562702;40,2003694555;5,0585170782;1,6574585635;1,8556701031;1,6574585635;1;13.7168585306, 0, 25.0122978851, 45.6755498369, 15.5952937475, 0, 0, 0;13.7168585306, 0, 0, 0, 3.5508403934, 21.4614574917, 23.8348128925, 21.8407369444, 15.5952937475, 0, 0, 0, 0, 0, 0, 0, 0, 0, 0, 0, 0, 0, 0, 0, 0;Europe/Paris;37,5
2023-03-20T12:00:00Z;-1;9000003703;hourly;0,6258333333;1,5050167224;40,8939151310;13,2207081269;0,0000000000;1,5050167224;0,0000000000;20,9303182404;19,9635968905;8,5470887301;4,6736193968;0,0000000000;0,0000000000;1;0, 7.2764002864, 32.3292795139, 49.4376248924, 10.9566953073, 0, 0, 0;0, 0, 3.6802950209, 3.5961052655, 12.132444017, 20.196835497, 27.3048562726, 22.1327686198, 7.2764002864, 3.6802950209, 0, 0, 0, 0, 0, 0, 0, 0, 0, 0, 0, 0, 0, 0, 0;Europe/Paris;36,5
2023-03-20T13:00:00Z;-1;9000003703;hourly;0,6427777778;6,3880622500;36,9387006602;12,5792760269;1,4681892333;4,7635135135;1,6245487365;18,3420166564;18,5966840039;4,8736462094;7,7056298175;0,0000000000;1,4681892333;1;0, 12.3469714129, 17.160615329, 45.1084079035, 20.9939710745, 4.3900342801, 0, 0;0, 0, 8.2313142753, 4.1156571376, 8.7879928099, 8.3726225191, 24.4043473752, 20.7040605283, 17.0193070851, 3.9746639894, 4.3900342801, 0, 0, 0, 0, 0, 0, 0, 0, 0, 0, 0, 0, 0, 0;Europe/Paris;40,5
2023-03-20T14:00:00Z;-1;9000003703;hourly;0,5947222222;4,7368421053;40,4756541127;15,1623177924;1,5789473684;1,5789473684;3,1578947368;18,9083549208;21,5672991918;5,2325581395;9,9297596528;0,0000000000;1,5789473684;1;0, 15.914227209, 58.8185708039, 25.2672019871, 0, 0, 0, 0;0, 0, 0, 15.914227209, 24.7530319108, 34.0655388931, 12.8377220655, 12.4294799216, 0, 0, 0, 0, 0, 0, 0, 0, 0, 0, 0, 0, 0, 0, 0, 0, 0;Europe/Paris;31,5
2023-03-20T15:00:00Z;-1;9000003703;hourly;0,6238888889;22,5162690329;115,4276066353;39,9653729947;11,4141160357;11,2720837227;11,2441853102;35,3032365587;80,1243700766;11,1351103856;28,8302626091;6,2810361878;5,1330798479;1;4.3254243987, 18.1746346516, 37.1914718459, 23.860808592, 11.0075842203, 4.0551571311, 1.3849191605, 0;4.3254243987, 0, 2.8430869702, 15.3315476814, 17.9519854766, 19.2394863692, 13.8492102529, 10.011598339, 6.8037477084, 4.2038365119, 2.7200381458, 1.3351189853, 0, 1.3849191605, 0, 0, 0, 0, 0, 0, 0, 0, 0, 0, 0;Europe/Paris;38,5
2023-03-20T16:00:00Z;-1;9000003703;hourly;0,6025000000;8,1232964651;91,7822645960;25,1608914837;6,6991627158;6,5415741452;1,5817223199;37,1691597690;54,6131048270;11,7501874393;13,4107040444;1,7964071856;4,9027555302;1;3.5209393229, 0, 37.2471997097, 48.5349254359, 10.6969355315, 0, 0, 0;3.5209393229, 0, 0, 0, 11.2993195559, 25.9478801537, 39.1928545854, 9.3420708505, 10.6969355315, 0, 0, 0, 0, 0, 0, 0, 0, 0, 0, 0, 0, 0, 0, 0, 0;Europe/Paris;35,0
2023-03-20T17:00:00Z;-1;9000003703;hourly;0,6216666667;9,6473738418;159,8773586307;17,7895713694;4,8193290004;4,8649303685;4,7824434733;66,4152181508;93,4621404799;6,2320572689;11,5575141005;3,2403816320;1,5789473684;1;2.9874260185, 4.0574781716, 38.5624938168, 43.5336847405, 8.8051600157, 0, 2.0537572369, 0;2.9874260185, 0, 2.0537572369, 2.0037209348, 16.2490898006, 22.3134040162, 26.4494412078, 17.0842435327, 5.7907688337, 3.0143911819, 0, 0, 1.0661581284, 0.9875991084, 0, 0, 0, 0, 0, 0, 0, 0, 0, 0, 0;Europe/Paris;36,5
2023-03-20T18:00:00Z;-1;9000003703;hourly;0,3055555556;4,5801526718;68,4316056314;6,8702290076;0,0000000000;0,0000000000;4,5801526718;38,7766208842;29,6549847471;4,5801526718;2,2900763359;0,0000000000;0,0000000000;1;0, 3.2900106737, 56.6647830728, 26.715640108, 10.0395554718, 0, 0, 3.2900106737;0, 0, 0, 3.2900106737, 20.0226031268, 36.642179946, 16.7325924531, 9.9830476549, 10.0395554718, 0, 0, 0, 0, 0, 3.2900106737, 0, 0, 0, 0, 0, 0, 0, 0, 0, 0;Europe/Paris;36,5
2023-03-20T19:00:00Z;-1;9000003703;hourly;0,0000000000;0,0000000000;0,0000000000;0,0000000000;0,0000000000;0,0000000000;0,0000000000;0,0000000000;0,0000000000;0,0000000000;0,0000000000;0,0000000000;0,0000000000;1;0, 0, 0, 0, 0, 0, 0, 0;0, 0, 0, 0, 0, 0, 0, 0, 0, 0, 0, 0, 0, 0, 0, 0, 0, 0, 0, 0, 0, 0, 0, 0, 0;Europe/Paris;NA
2023-03-20T20:00:00Z;-1;9000003703;hourly;0,0000000000;0,0000000000;0,0000000000;0,0000000000;0,0000000000;0,0000000000;0,0000000000;0,0000000000;0,0000000000;0,0000000000;0,0000000000;0,0000000000;0,0000000000;1;0, 0, 0, 0, 0, 0, 0, 0;0, 0, 0, 0, 0, 0, 0, 0, 0, 0, 0, 0, 0, 0, 0, 0, 0, 0, 0, 0, 0, 0, 0, 0, 0;Europe/Paris;NA
2023-03-20T21:00:00Z;-1;9000003703;hourly;0,0000000000;0,0000000000;0,0000000000;0,0000000000;0,0000000000;0,0000000000;0,0000000000;0,0000000000;0,0000000000;0,0000000000;0,0000000000;0,0000000000;0,0000000000;1;0, 0, 0, 0, 0, 0, 0, 0;0, 0, 0, 0, 0, 0, 0, 0, 0, 0, 0, 0, 0, 0, 0, 0, 0, 0, 0, 0, 0, 0, 0, 0, 0;Europe/Paris;NA
2023-03-20T22:00:00Z;-1;9000003703;hourly;0,0000000000;0,0000000000;0,0000000000;0,0000000000;0,0000000000;0,0000000000;0,0000000000;0,0000000000;0,0000000000;0,0000000000;0,0000000000;0,0000000000;0,0000000000;1;0, 0, 0, 0, 0, 0, 0, 0;0, 0, 0, 0, 0, 0, 0, 0, 0, 0, 0, 0, 0, 0, 0, 0, 0, 0, 0, 0, 0, 0, 0, 0, 0;Europe/Paris;NA
2023-03-21T00:00:00Z;-1;9000003703;hourly;0,0000000000;0,0000000000;0,0000000000;0,0000000000;0,0000000000;0,0000000000;0,0000000000;0,0000000000;0,0000000000;0,0000000000;0,0000000000;0,0000000000;0,0000000000;1;0, 0, 0, 0, 0, 0, 0, 0;0, 0, 0, 0, 0, 0, 0, 0, 0, 0, 0, 0, 0, 0, 0, 0, 0, 0, 0, 0, 0, 0, 0, 0, 0;Europe/Paris;NA
2023-03-21T01:00:00Z;-1;9000003703;hourly;0,0000000000;0,0000000000;0,0000000000;0,0000000000;0,0000000000;0,0000000000;0,0000000000;0,0000000000;0,0000000000;0,0000000000;0,0000000000;0,0000000000;0,0000000000;1;0, 0, 0, 0, 0, 0, 0, 0;0, 0, 0, 0, 0, 0, 0, 0, 0, 0, 0, 0, 0, 0, 0, 0, 0, 0, 0, 0, 0, 0, 0, 0, 0;Europe/Paris;NA
2023-03-21T02:00:00Z;-1;9000003703;hourly;0,0000000000;0,0000000000;0,0000000000;0,0000000000;0,0000000000;0,0000000000;0,0000000000;0,0000000000;0,0000000000;0,0000000000;0,0000000000;0,0000000000;0,0000000000;1;0, 0, 0, 0, 0, 0, 0, 0;0, 0, 0, 0, 0, 0, 0, 0, 0, 0, 0, 0, 0, 0, 0, 0, 0, 0, 0, 0, 0, 0, 0, 0, 0;Europe/Paris;NA
2023-03-21T03:00:00Z;-1;9000003703;hourly;0,0000000000;0,0000000000;0,0000000000;0,0000000000;0,0000000000;0,0000000000;0,0000000000;0,0000000000;0,0000000000;0,0000000000;0,0000000000;0,0000000000;0,0000000000;1;0, 0, 0, 0, 0, 0, 0, 0;0, 0, 0, 0, 0, 0, 0, 0, 0, 0, 0, 0, 0, 0, 0, 0, 0, 0, 0, 0, 0, 0, 0, 0, 0;Europe/Paris;NA
2023-03-21T04:00:00Z;-1;9000003703;hourly;0,0000000000;0,0000000000;0,0000000000;0,0000000000;0,0000000000;0,0000000000;0,0000000000;0,0000000000;0,0000000000;0,0000000000;0,0000000000;0,0000000000;0,0000000000;1;0, 0, 0, 0, 0, 0, 0, 0;0, 0, 0, 0, 0, 0, 0, 0, 0, 0, 0, 0, 0, 0, 0, 0, 0, 0, 0, 0, 0, 0, 0, 0, 0;Europe/Paris;NA
2023-03-21T05:00:00Z;-1;9000003703;hourly;0,0000000000;0,0000000000;0,0000000000;0,0000000000;0,0000000000;0,0000000000;0,0000000000;0,0000000000;0,0000000000;0,0000000000;0,0000000000;0,0000000000;0,0000000000;1;0, 0, 0, 0, 0, 0, 0, 0;0, 0, 0, 0, 0, 0, 0, 0, 0, 0, 0, 0, 0, 0, 0, 0, 0, 0, 0, 0, 0, 0, 0, 0, 0;Europe/Paris;NA
2023-03-21T06:00:00Z;-1;9000003703;hourly;0,4013888889;6,7621522276;47,7692432778;4,8157502009;0,0000000000;5,1492490018;1,6129032258;36,1913408492;11,5779024285;3,2028469751;1,6129032258;0,0000000000;0,0000000000;1;7.4029763366, 3.3764470926, 30.6169383014, 31.0381059848, 10.081277974, 13.7827661423, 0, 3.7014881683;7.4029763366, 0, 3.3764470926, 0, 3.3764470926, 27.2404912089, 27.3366178165, 3.7014881683, 10.081277974, 0, 10.4063190497, 3.3764470926, 0, 0, 3.7014881683, 0, 0, 0, 0, 0, 0, 0, 0, 0, 0;Europe/Paris;48,5
2023-03-21T07:00:00Z;-1;9000003703;hourly;0,6094444444;28,5440365058;100,7158911556;23,5306675219;11,6605746345;11,8700928874;16,6739436184;56,2506559925;44,4652351631;20,1421517109;3,3885158109;4,9632352941;6,6973393404;1;6.4098848091, 13.220343132, 20.2338860665, 37.546745792, 19.3854338908, 1.7217779899, 0, 1.4819283197;6.4098848091, 0, 4.9279564895, 8.2923866425, 15.0979005853, 5.1359854812, 26.3223231887, 11.2244226033, 16.1001295645, 3.2853043263, 0, 1.7217779899, 0, 0, 0, 0, 0, 0, 0, 1.4819283197, 0, 0, 0, 0, 0;Europe/Paris;40,0
2023-03-21T08:00:00Z;-1;9000003703;hourly;0,6155555556;4,3130990415;47,2658746811;4,8783252217;0,0000000000;1,4376996805;2,8753993610;25,9115024979;21,3543721832;3,2882192146;1,5901060071;0,0000000000;0,0000000000;1;18.4870466863, 7.4471816707, 40.1215819546, 24.4965588168, 9.4476308716, 0, 0, 0;14.6325483607, 3.8544983256, 0, 7.4471816707, 16.7269324065, 23.3946495481, 17.5397020215, 6.9568567953, 6.4059021609, 3.0417287106, 0, 0, 0, 0, 0, 0, 0, 0, 0, 0, 0, 0, 0, 0, 0;Europe/Paris;33,5
2023-03-21T09:00:00Z;-1;9000003703;hourly;0,5780555556;13,3789021960;39,2140251792;5,4649354688;5,0395927602;5,1129146083;8,2659875877;19,5245838877;19,6894412915;5,4649354688;0,0000000000;3,3851809955;1,6544117647;1;13.4873301437, 4.8624941008, 18.1473633046, 50.4565867629, 8.6325771966, 0, 0, 4.4136484915;9.2761425923, 4.2111875515, 0, 4.8624941008, 9.0736816523, 9.0736816523, 18.3575653981, 32.0990213648, 4.2189287051, 4.4136484915, 0, 0, 0, 0, 0, 0, 0, 0, 0, 0, 4.4136484915, 0, 0, 0, 0;Europe/Paris;37,0
2023-03-21T10:00:00Z;-1;9000003703;hourly;0,5894444444;11,9728508969;37,7899745200;9,8136127912;1,7208413002;6,8602118562;5,1126390407;18,4980138382;19,2919606818;6,3451986755;3,4684141157;0,0000000000;1,7208413002;1;8.4967178892, 4.5536979637, 31.611874666, 35.8991112986, 19.4385981825, 0, 0, 0;8.4967178892, 0, 0, 4.5536979637, 13.5290883512, 18.0827863149, 22.7072213343, 13.1918899644, 19.4385981825, 0, 0, 0, 0, 0, 0, 0, 0, 0, 0, 0, 0, 0, 0, 0, 0;Europe/Paris;38,5
2023-03-21T11:00:00Z;-1;9000003703;hourly;0,6086111111;13,0803849593;48,6969888352;11,5193950155;6,5175656262;8,2935885639;4,7867963955;16,2477257252;32,4492631100;5,0480177296;6,4713772859;4,9895520439;1,5280135823;1;23.9786837674, 3.1377989048, 27.0893516746, 22.9173760553, 19.5646685317, 3.3121210662, 0, 0;16.8703624023, 7.1083213651, 3.1377989048, 0, 3.3121210662, 23.7772306084, 9.8026274946, 13.1147485608, 19.5646685317, 0, 3.3121210662, 0, 0, 0, 0, 0, 0, 0, 0, 0, 0, 0, 0, 0, 0;Europe/Paris;39,5
2023-03-21T12:00:00Z;-1;9000003703;hourly;0,5588888889;10,7477150650;42,6474902983;17,6691897702;1,6728624535;5,2484733214;5,4992417436;14,2486888955;28,3988014028;7,0945492005;10,5746405697;1,6728624535;0,0000000000;1;16.8593008614, 8.3841061758, 49.5553091597, 25.2012838032, 0, 0, 0, 0;16.8593008614, 0, 3.9225343434, 4.4615718324, 16.5021146279, 33.0531945317, 8.3841061758, 16.8171776274, 0, 0, 0, 0, 0, 0, 0, 0, 0, 0, 0, 0, 0, 0, 0, 0, 0;Europe/Paris;33,0
2023-03-21T13:00:00Z;-1;9000003703;hourly;0,5388888889;13,0754151091;31,5022476352;27,8630645263;1,8442622951;5,6133056133;7,4621094958;20,3203343441;11,1819132911;24,1544097253;3,7086548010;0,0000000000;1,8442622951;1;0, 5.7832773371, 58.7211179663, 29.5062147499, 5.9893899466, 0, 0, 0;0, 0, 0, 5.7832773371, 17.4209378803, 41.300180086, 17.7833552827, 11.7228594672, 0, 5.9893899466, 0, 0, 0, 0, 0, 0, 0, 0, 0, 0, 0, 0, 0, 0, 0;Europe/Paris;33,5
2023-03-21T14:00:00Z;-1;9000003703;hourly;0,6225000000;6,2470532768;28,6768767764;29,0854890662;3,0724501022;3,0724501022;3,1746031746;14,9902646369;13,6866121395;11,5994894363;17,4859996299;3,0724501022;0,0000000000;1;10.9162333368, 5.4581166684, 44.4407832695, 39.1848667253, 0, 0, 0, 0;10.9162333368, 0, 0, 5.4581166684, 27.3607924823, 17.0799907873, 39.1848667253, 0, 0, 0, 0, 0, 0, 0, 0, 0, 0, 0, 0, 0, 0, 0, 0, 0, 0;Europe/Paris;30,5
2023-03-21T15:00:00Z;-1;9000003703;hourly;0,5738888889;10,2190640365;67,4554069641;42,7719775210;12,5038519443;3,3273538004;6,8917102361;12,4411816409;55,0142253232;23,9360225811;18,8359549399;3,5302905518;8,9735613925;1;10.3600982305, 12.8811402596, 38.7759432825, 28.0810039648, 7.453713775, 2.4481004876, 0, 0;5.2699883058, 5.0901099247, 5.4274264846, 7.453713775, 10.5175364092, 28.2584068732, 17.8278425739, 10.2531613909, 7.453713775, 0, 0, 2.4481004876, 0, 0, 0, 0, 0, 0, 0, 0, 0, 0, 0, 0, 0;Europe/Paris;35,0
2023-03-21T16:00:00Z;-1;9000003703;hourly;0,6355555556;3,4026465028;74,9599347976;36,1787345322;7,7325047666;3,4026465028;0,0000000000;21,7319462815;53,2279885161;18,8027157937;17,3760187385;3,0612244898;4,6712802768;1;28.8004495466, 9.0785738062, 25.5207056983, 24.4349120099, 10.1406685749, 0, 0, 2.024690364;22.5687468518, 6.2317026948, 2.2696434515, 6.8089303546, 6.5811940219, 18.9395116764, 14.294243435, 10.1406685749, 6.0740710921, 4.0665974829, 0, 0, 0, 0, 0, 0, 0, 0, 0, 0, 0, 0, 0, 0, 2.024690364;Europe/Paris;36,0
2023-03-21T17:00:00Z;-1;9000003703;hourly;0,6166666667;9,9438713592;171,2043937310;19,7699324230;0,0000000000;1,4563106796;8,4875606796;54,2992828724;116,9051108586;8,2246375762;11,5452948468;0,0000000000;0,0000000000;1;0.9353869096, 0.9353869096, 26.2056509842, 50.10469816, 21.8188770367, 0, 0, 0;0.9353869096, 0, 0, 0.9353869096, 4.6901073458, 21.5155436383, 27.9044882918, 22.2002098682, 17.2201160688, 4.5987609679, 0, 0, 0, 0, 0, 0, 0, 0, 0, 0, 0, 0, 0, 0, 0;Europe/Paris;39,5
2023-03-21T18:00:00Z;-1;9000003703;hourly;0,3144444444;0,0000000000;124,1066020594;8,6538461538;0,0000000000;0,0000000000;0,0000000000;37,2501514234;86,8564506360;2,8846153846;5,7692307692;0,0000000000;0,0000000000;1;2.8550512445, 0, 33.4004392387, 46.6142020498, 17.1303074671, 0, 0, 0;2.8550512445, 0, 0, 0, 4.6486090776, 28.7518301611, 31.0761346999, 15.5380673499, 14.2752562225, 2.8550512445, 0, 0, 0, 0, 0, 0, 0, 0, 0, 0, 0, 0, 0, 0, 0;Europe/Paris;38,0
2023-03-21T19:00:00Z;-1;9000003703;hourly;0,0000000000;0,0000000000;0,0000000000;0,0000000000;0,0000000000;0,0000000000;0,0000000000;0,0000000000;0,0000000000;0,0000000000;0,0000000000;0,0000000000;0,0000000000;1;0, 0, 0, 0, 0, 0, 0, 0;0, 0, 0, 0, 0, 0, 0, 0, 0, 0, 0, 0, 0, 0, 0, 0, 0, 0, 0, 0, 0, 0, 0, 0, 0;Europe/Paris;NA
2023-03-21T20:00:00Z;-1;9000003703;hourly;0,0000000000;0,0000000000;0,0000000000;0,0000000000;0,0000000000;0,0000000000;0,0000000000;0,0000000000;0,0000000000;0,0000000000;0,0000000000;0,0000000000;0,0000000000;1;0, 0, 0, 0, 0, 0, 0, 0;0, 0, 0, 0, 0, 0, 0, 0, 0, 0, 0, 0, 0, 0, 0, 0, 0, 0, 0, 0, 0, 0, 0, 0, 0;Europe/Paris;NA
2023-03-21T21:00:00Z;-1;9000003703;hourly;0,0000000000;0,0000000000;0,0000000000;0,0000000000;0,0000000000;0,0000000000;0,0000000000;0,0000000000;0,0000000000;0,0000000000;0,0000000000;0,0000000000;0,0000000000;1;0, 0, 0, 0, 0, 0, 0, 0;0, 0, 0, 0, 0, 0, 0, 0, 0, 0, 0, 0, 0, 0, 0, 0, 0, 0, 0, 0, 0, 0, 0, 0, 0;Europe/Paris;NA
2023-03-21T22:00:00Z;-1;9000003703;hourly;0,0000000000;0,0000000000;0,0000000000;0,0000000000;0,0000000000;0,0000000000;0,0000000000;0,0000000000;0,0000000000;0,0000000000;0,0000000000;0,0000000000;0,0000000000;1;0, 0, 0, 0, 0, 0, 0, 0;0, 0, 0, 0, 0, 0, 0, 0, 0, 0, 0, 0, 0, 0, 0, 0, 0, 0, 0, 0, 0, 0, 0, 0, 0;Europe/Paris;NA
2023-03-22T00:00:00Z;-1;9000003703;hourly;0,0000000000;0,0000000000;0,0000000000;0,0000000000;0,0000000000;0,0000000000;0,0000000000;0,0000000000;0,0000000000;0,0000000000;0,0000000000;0,0000000000;0,0000000000;1;0, 0, 0, 0, 0, 0, 0, 0;0, 0, 0, 0, 0, 0, 0, 0, 0, 0, 0, 0, 0, 0, 0, 0, 0, 0, 0, 0, 0, 0, 0, 0, 0;Europe/Paris;NA
2023-03-22T01:00:00Z;-1;9000003703;hourly;0,0000000000;0,0000000000;0,0000000000;0,0000000000;0,0000000000;0,0000000000;0,0000000000;0,0000000000;0,0000000000;0,0000000000;0,0000000000;0,0000000000;0,0000000000;1;0, 0, 0, 0, 0, 0, 0, 0;0, 0, 0, 0, 0, 0, 0, 0, 0, 0, 0, 0, 0, 0, 0, 0, 0, 0, 0, 0, 0, 0, 0, 0, 0;Europe/Paris;NA
2023-03-22T02:00:00Z;-1;9000003703;hourly;0,0000000000;0,0000000000;0,0000000000;0,0000000000;0,0000000000;0,0000000000;0,0000000000;0,0000000000;0,0000000000;0,0000000000;0,0000000000;0,0000000000;0,0000000000;1;0, 0, 0, 0, 0, 0, 0, 0;0, 0, 0, 0, 0, 0, 0, 0, 0, 0, 0, 0, 0, 0, 0, 0, 0, 0, 0, 0, 0, 0, 0, 0, 0;Europe/Paris;NA
2023-03-22T03:00:00Z;-1;9000003703;hourly;0,0000000000;0,0000000000;0,0000000000;0,0000000000;0,0000000000;0,0000000000;0,0000000000;0,0000000000;0,0000000000;0,0000000000;0,0000000000;0,0000000000;0,0000000000;1;0, 0, 0, 0, 0, 0, 0, 0;0, 0, 0, 0, 0, 0, 0, 0, 0, 0, 0, 0, 0, 0, 0, 0, 0, 0, 0, 0, 0, 0, 0, 0, 0;Europe/Paris;NA
2023-03-22T04:00:00Z;-1;9000003703;hourly;0,0000000000;0,0000000000;0,0000000000;0,0000000000;0,0000000000;0,0000000000;0,0000000000;0,0000000000;0,0000000000;0,0000000000;0,0000000000;0,0000000000;0,0000000000;1;0, 0, 0, 0, 0, 0, 0, 0;0, 0, 0, 0, 0, 0, 0, 0, 0, 0, 0, 0, 0, 0, 0, 0, 0, 0, 0, 0, 0, 0, 0, 0, 0;Europe/Paris;NA
2023-03-22T05:00:00Z;-1;9000003703;hourly;0,0000000000;0,0000000000;0,0000000000;0,0000000000;0,0000000000;0,0000000000;0,0000000000;0,0000000000;0,0000000000;0,0000000000;0,0000000000;0,0000000000;0,0000000000;1;0, 0, 0, 0, 0, 0, 0, 0;0, 0, 0, 0, 0, 0, 0, 0, 0, 0, 0, 0, 0, 0, 0, 0, 0, 0, 0, 0, 0, 0, 0, 0, 0;Europe/Paris;NA
2023-03-22T06:00:00Z;-1;9000003703;hourly;0,4050000000;13,1742825258;78,5732480831;10,9004159530;1,8442622951;7,0467335454;6,1275489804;54,7236834313;23,8495646518;7,3770491803;3,5233667727;0,0000000000;1,8442622951;1;5.2411335516, 7.7985181088, 23.9423107455, 60.8810450189, 0, 0, 0, 2.1369925752;5.2411335516, 0, 4.6943771324, 3.1041409764, 3.1041409764, 20.8381697691, 44.3243606184, 16.5566844005, 0, 0, 0, 0, 0, 0, 0, 0, 0, 0, 0, 0, 0, 0, 0, 2.1369925752, 0;Europe/Paris;33,5
2023-03-22T07:00:00Z;-1;9000003703;hourly;0,5733333333;25,9355574143;78,9832104598;30,0435496754;3,1468531469;11,7004958633;14,2350615510;61,5101067452;17,4731037146;26,9898599441;3,0536897313;3,1468531469;0,0000000000;1;1.8741491379, 4.1961309666, 39.9575052743, 37.9414216161, 12.0465878448, 1.9921025801, 0, 1.9921025801;1.8741491379, 0, 4.1961309666, 0, 9.9605129006, 29.9969923738, 21.1277530125, 16.8136686036, 6.0702801045, 5.9763077403, 1.9921025801, 0, 0, 0, 0, 0, 0, 0, 0, 0, 0, 0, 0, 1.9921025801, 0;Europe/Paris;38,5
2023-03-22T08:00:00Z;-1;9000003703;hourly;0,6072222222;16,5394938052;44,7758467627;3,2608695652;0,0000000000;4,9399740428;11,5995197623;22,9786060357;21,7972407270;3,2608695652;0,0000000000;0,0000000000;0,0000000000;1;0, 3.6413265197, 22.3731216694, 55.5163379366, 18.4692138742, 0, 0, 0;0, 0, 0, 3.6413265197, 3.7500228338, 18.6230988357, 34.1730138272, 21.3433241094, 7.0077412112, 11.461472663, 0, 0, 0, 0, 0, 0, 0, 0, 0, 0, 0, 0, 0, 0, 0;Europe/Paris;40,0
2023-03-22T09:00:00Z;-1;9000003703;hourly;0,6358333333;9,5579485959;56,7800752503;17,6515119859;3,4090909091;4,8459067111;4,7120418848;33,3229803503;23,4570949000;17,6515119859;0,0000000000;3,4090909091;0,0000000000;1;0, 5.4437245546, 27.7429857595, 49.8510016552, 8.1920081122, 6.0040267542, 0, 2.7662531642;0, 0, 2.6774713904, 2.7662531642, 8.2987594927, 19.4442262667, 30.1889847822, 19.662016873, 8.1920081122, 0, 3.0020133771, 3.0020133771, 0, 0, 0, 0, 0, 0, 0, 0, 0, 0, 2.7662531642, 0, 0;Europe/Paris;38,5
2023-03-22T10:00:00Z;-1;9000003703;hourly;0,5972222222;1,7307692308;71,9273496934;1,6759776536;0,0000000000;1,7307692308;0,0000000000;31,9348157088;39,9925339846;1,6759776536;0,0000000000;0,0000000000;0,0000000000;1;14.0308736079, 4.6601957691, 34.9301519838, 32.537210854, 11.5788868376, 2.2626809476, 0, 0;7.0535249424, 6.9773486655, 0, 4.6601957691, 16.3739164807, 18.5562355031, 13.8286227969, 18.7085880571, 6.9861080055, 4.5927788321, 2.2626809476, 0, 0, 0, 0, 0, 0, 0, 0, 0, 0, 0, 0, 0, 0;Europe/Paris;37,0
2023-03-22T11:00:00Z;-1;9000003703;hourly;0,6219444444;16,0738241968;124,9342369183;36,3869723587;1,6791044776;9,1935118557;6,8803123410;28,0367681130;96,8974688053;13,1241340197;23,2628383391;0,0000000000;1,6791044776;1;5.5142332915, 5.0268741637, 31.7329863415, 34.6754075219, 19.163883423, 3.8866152583, 0, 0;2.6879813237, 2.8262519679, 1.3439906618, 3.6828835019, 9.3645749523, 22.3684113892, 14.8788082439, 19.796599278, 9.9083916003, 9.2554918227, 3.8866152583, 0, 0, 0, 0, 0, 0, 0, 0, 0, 0, 0, 0, 0, 0;Europe/Paris;41,5
2023-03-22T12:00:00Z;-1;9000003703;hourly;0,6127777778;6,6163658457;71,0865100279;3,1757984616;4,9360491994;3,2374100719;3,3789557738;32,2442333317;38,8422766963;3,1757984616;0,0000000000;0,0000000000;4,9360491994;1;2.2770917229, 4.4675121346, 22.4242319844, 42.7962646802, 23.1949271923, 4.8399722856, 0, 0;2.2770917229, 0, 0, 4.4675121346, 6.7446038576, 15.6796281268, 22.2508893619, 20.5453753184, 21.0045067806, 2.1904204117, 4.8399722856, 0, 0, 0, 0, 0, 0, 0, 0, 0, 0, 0, 0, 0, 0;Europe/Paris;40,5
2023-03-22T13:00:00Z;-1;9000003703;hourly;0,6250000000;6,3617486013;85,6105944214;9,3751422753;0,0000000000;6,3617486013;0,0000000000;37,3965957736;48,2139986478;6,2555582198;3,1195840555;0,0000000000;0,0000000000;1;1.7698177724, 0, 34.1625983534, 52.9926313863, 11.0749524879, 0, 0, 0;1.7698177724, 0, 0, 0, 13.3397125441, 20.8228858093, 33.9725620733, 19.0200693129, 9.2529910376, 1.8219614503, 0, 0, 0, 0, 0, 0, 0, 0, 0, 0, 0, 0, 0, 0, 0;Europe/Paris;36,5
2023-03-22T14:00:00Z;-1;9000003703;hourly;0,5997222222;8,5964363310;101,5213392187;5,0531292444;0,0000000000;6,8247827877;1,7716535433;54,7915955283;46,7297436903;3,2814757011;1,7716535433;0,0000000000;0,0000000000;1;1.7451045829, 0, 32.656960671, 49.3589811533, 14.4938490099, 1.7451045829, 0, 0;1.7451045829, 0, 0, 0, 17.8203523048, 14.8366083662, 31.20821842, 18.1507627333, 11.3217013448, 3.1721476651, 1.7451045829, 0, 0, 0, 0, 0, 0, 0, 0, 0, 0, 0, 0, 0, 0;Europe/Paris;38,0
2023-03-22T15:00:00Z;-1;9000003703;hourly;0,6427777778;6,3790659625;114,1229375766;4,8165659625;0,0000000000;4,9036561265;1,4754098361;50,5947355705;63,5282020061;4,8165659625;0,0000000000;0,0000000000;0,0000000000;1;8.364700352, 1.5585439389, 32.4583473079, 39.7498192456, 16.4994515982, 1.3691375574, 0, 0;7.0718753797, 1.2928249723, 0, 1.5585439389, 4.3849708892, 28.0733764187, 22.9939898782, 16.7558293674, 13.5717701019, 2.9276814963, 1.3691375574, 0, 0, 0, 0, 0, 0, 0, 0, 0, 0, 0, 0, 0, 0;Europe/Paris;38,5
2023-03-22T16:00:00Z;-1;9000003703;hourly;0,6388888889;12,5203180212;132,3601248148;3,0000000000;1,6129032258;6,2776060071;6,2427120141;55,3173159125;77,0428089023;0,0000000000;3,0000000000;1,6129032258;0,0000000000;1;3.4678918696, 4.721965931, 35.721852578, 40.5625108522, 14.3925069457, 1.1332718234, 0, 0;2.2665436469, 1.2013482227, 1.1804914828, 3.5414744483, 10.7576481262, 24.9642044518, 21.3718772347, 19.1906336175, 9.5562999035, 4.8362070422, 1.1332718234, 0, 0, 0, 0, 0, 0, 0, 0, 0, 0, 0, 0, 0, 0;Europe/Paris;38,0
2023-03-22T17:00:00Z;-1;9000003703;hourly;0,4902777778;12,0656291009;116,4224068975;5,8821233411;0,0000000000;4,0043290043;8,0613000966;34,3162542746;82,1061526230;4,2154566745;1,6666666667;0,0000000000;0,0000000000;1;5.4473975509, 4.2947059189, 24.481852357, 39.0545126675, 23.1007021595, 3.6208293462, 0, 0;5.4473975509, 0, 0, 4.2947059189, 4.6735519524, 19.8083004046, 19.1957938208, 19.8587188467, 17.9255641958, 5.1751379637, 0, 3.6208293462, 0, 0, 0, 0, 0, 0, 0, 0, 0, 0, 0, 0, 0;Europe/Paris;41,0
2023-03-22T18:00:00Z;-1;9000003703;hourly;0,1286111111;15,5507559395;155,5075593952;0,0000000000;7,7753779698;0,0000000000;15,5507559395;69,9784017279;85,5291576674;0,0000000000;0,0000000000;7,7753779698;0,0000000000;1;5, 0, 30, 55, 5, 5, 0, 0;5, 0, 0, 0, 20, 10, 30, 25, 5, 0, 5, 0, 0, 0, 0, 0, 0, 0, 0, 0, 0, 0, 0, 0, 0;Europe/Paris;36,5
2023-03-22T19:00:00Z;-1;9000003703;hourly;0,0000000000;0,0000000000;0,0000000000;0,0000000000;0,0000000000;0,0000000000;0,0000000000;0,0000000000;0,0000000000;0,0000000000;0,0000000000;0,0000000000;0,0000000000;1;0, 0, 0, 0, 0, 0, 0, 0;0, 0, 0, 0, 0, 0, 0, 0, 0, 0, 0, 0, 0, 0, 0, 0, 0, 0, 0, 0, 0, 0, 0, 0, 0;Europe/Paris;NA
2023-03-22T20:00:00Z;-1;9000003703;hourly;0,0000000000;0,0000000000;0,0000000000;0,0000000000;0,0000000000;0,0000000000;0,0000000000;0,0000000000;0,0000000000;0,0000000000;0,0000000000;0,0000000000;0,0000000000;1;0, 0, 0, 0, 0, 0, 0, 0;0, 0, 0, 0, 0, 0, 0, 0, 0, 0, 0, 0, 0, 0, 0, 0, 0, 0, 0, 0, 0, 0, 0, 0, 0;Europe/Paris;NA
2023-03-22T21:00:00Z;-1;9000003703;hourly;0,0000000000;0,0000000000;0,0000000000;0,0000000000;0,0000000000;0,0000000000;0,0000000000;0,0000000000;0,0000000000;0,0000000000;0,0000000000;0,0000000000;0,0000000000;1;0, 0, 0, 0, 0, 0, 0, 0;0, 0, 0, 0, 0, 0, 0, 0, 0, 0, 0, 0, 0, 0, 0, 0, 0, 0, 0, 0, 0, 0, 0, 0, 0;Europe/Paris;NA
2023-03-22T22:00:00Z;-1;9000003703;hourly;0,0000000000;0,0000000000;0,0000000000;0,0000000000;0,0000000000;0,0000000000;0,0000000000;0,0000000000;0,0000000000;0,0000000000;0,0000000000;0,0000000000;0,0000000000;1;0, 0, 0, 0, 0, 0, 0, 0;0, 0, 0, 0, 0, 0, 0, 0, 0, 0, 0, 0, 0, 0, 0, 0, 0, 0, 0, 0, 0, 0, 0, 0, 0;Europe/Paris;NA
2023-03-23T00:00:00Z;-1;9000003703;hourly;0,0000000000;0,0000000000;0,0000000000;0,0000000000;0,0000000000;0,0000000000;0,0000000000;0,0000000000;0,0000000000;0,0000000000;0,0000000000;0,0000000000;0,0000000000;1;0, 0, 0, 0, 0, 0, 0, 0;0, 0, 0, 0, 0, 0, 0, 0, 0, 0, 0, 0, 0, 0, 0, 0, 0, 0, 0, 0, 0, 0, 0, 0, 0;Europe/Paris;NA
2023-03-23T01:00:00Z;-1;9000003703;hourly;0,0000000000;0,0000000000;0,0000000000;0,0000000000;0,0000000000;0,0000000000;0,0000000000;0,0000000000;0,0000000000;0,0000000000;0,0000000000;0,0000000000;0,0000000000;1;0, 0, 0, 0, 0, 0, 0, 0;0, 0, 0, 0, 0, 0, 0, 0, 0, 0, 0, 0, 0, 0, 0, 0, 0, 0, 0, 0, 0, 0, 0, 0, 0;Europe/Paris;NA
2023-03-23T02:00:00Z;-1;9000003703;hourly;0,0000000000;0,0000000000;0,0000000000;0,0000000000;0,0000000000;0,0000000000;0,0000000000;0,0000000000;0,0000000000;0,0000000000;0,0000000000;0,0000000000;0,0000000000;1;0, 0, 0, 0, 0, 0, 0, 0;0, 0, 0, 0, 0, 0, 0, 0, 0, 0, 0, 0, 0, 0, 0, 0, 0, 0, 0, 0, 0, 0, 0, 0, 0;Europe/Paris;NA
2023-03-23T03:00:00Z;-1;9000003703;hourly;0,0000000000;0,0000000000;0,0000000000;0,0000000000;0,0000000000;0,0000000000;0,0000000000;0,0000000000;0,0000000000;0,0000000000;0,0000000000;0,0000000000;0,0000000000;1;0, 0, 0, 0, 0, 0, 0, 0;0, 0, 0, 0, 0, 0, 0, 0, 0, 0, 0, 0, 0, 0, 0, 0, 0, 0, 0, 0, 0, 0, 0, 0, 0;Europe/Paris;NA
2023-03-23T04:00:00Z;-1;9000003703;hourly;0,0000000000;0,0000000000;0,0000000000;0,0000000000;0,0000000000;0,0000000000;0,0000000000;0,0000000000;0,0000000000;0,0000000000;0,0000000000;0,0000000000;0,0000000000;1;0, 0, 0, 0, 0, 0, 0, 0;0, 0, 0, 0, 0, 0, 0, 0, 0, 0, 0, 0, 0, 0, 0, 0, 0, 0, 0, 0, 0, 0, 0, 0, 0;Europe/Paris;NA
2023-03-23T05:00:00Z;-1;9000003703;hourly;0,0000000000;0,0000000000;0,0000000000;0,0000000000;0,0000000000;0,0000000000;0,0000000000;0,0000000000;0,0000000000;0,0000000000;0,0000000000;0,0000000000;0,0000000000;1;0, 0, 0, 0, 0, 0, 0, 0;0, 0, 0, 0, 0, 0, 0, 0, 0, 0, 0, 0, 0, 0, 0, 0, 0, 0, 0, 0, 0, 0, 0, 0, 0;Europe/Paris;NA
2023-03-23T06:00:00Z;-1;9000003703;hourly;0,4008333333;9,1911764706;68,9906655479;4,9632352941;0,0000000000;6,2500000000;2,9411764706;50,7779958647;18,2126696833;4,9632352941;0,0000000000;0,0000000000;0,0000000000;1;19.7580667054, 0, 32.219993159, 23.4678281926, 22.1560893242, 0, 0, 2.3980226188;19.7580667054, 0, 0, 0, 13.4352790431, 18.7847141159, 12.5435029292, 10.9243252635, 14.9620214678, 7.1940678564, 0, 0, 0, 0, 0, 0, 0, 2.3980226188, 0, 0, 0, 0, 0, 0, 0;Europe/Paris;40,5
2023-03-23T07:00:00Z;-1;9000003703;hourly;0,5919444444;17,2814685315;107,2036971408;17,0604395604;11,9505494505;3,4353146853;13,8461538462;52,0906956172;55,1130015236;13,7637362637;3,2967032967;8,6538461538;3,2967032967;1;9.4050590876, 4.6896447245, 29.8051834847, 45.1828053258, 9.3539493045, 1.5633580728, 0, 0;9.4050590876, 0, 1.614467856, 3.0751768685, 7.8417010148, 21.9634824699, 28.0884960624, 17.0943092634, 7.8163608702, 1.5375884343, 0, 1.5633580728, 0, 0, 0, 0, 0, 0, 0, 0, 0, 0, 0, 0, 0;Europe/Paris;36,5
2023-03-23T08:00:00Z;-1;9000003703;hourly;0,5800000000;3,4216216216;40,7409898257;8,4849258436;1,6216216216;1,6216216216;1,8000000000;22,0064322561;18,7345575696;8,4849258436;0,0000000000;0,0000000000;1,6216216216;1;8.2041770122, 12.7299987707, 41.5663871743, 29.2952600307, 3.9803196451, 4.2238573671, 0, 0;3.9803196451, 4.2238573671, 8.3118439647, 4.418154806, 20.8265088303, 20.739878344, 17.1107633735, 12.1844966572, 3.9803196451, 0, 0, 4.2238573671, 0, 0, 0, 0, 0, 0, 0, 0, 0, 0, 0, 0, 0;Europe/Paris;34,5
2023-03-23T09:00:00Z;-1;9000003703;hourly;0,6216666667;7,9556207772;29,1101171196;6,4707465789;1,5437392796;4,7695457312;3,1860750460;11,3358972928;17,7742198269;3,1860750460;3,2846715328;1,5437392796;0,0000000000;1;5.5406964499, 11.2733315886, 27.668103261, 33.0620366128, 16.8140280385, 5.6418040493, 0, 0;5.5406964499, 0, 0, 11.2733315886, 11.0813928998, 16.5867103612, 21.7784285141, 11.2836080987, 16.8140280385, 0, 5.6418040493, 0, 0, 0, 0, 0, 0, 0, 0, 0, 0, 0, 0, 0, 0;Europe/Paris;39,5
2023-03-23T10:00:00Z;-1;9000003703;hourly;0,5933333333;5,1801247504;28,8791662133;6,5029794596;0,0000000000;0,0000000000;5,1801247504;21,7563267844;7,1228394289;3,1634446397;3,3395348199;0,0000000000;0,0000000000;1;17.8091777176, 5.4770359649, 28.9888566938, 41.4795719804, 6.2453576433, 0, 0, 0;11.5638200743, 6.2453576433, 5.4770359649, 0, 0, 28.9888566938, 29.3060037616, 12.1735682188, 0, 6.2453576433, 0, 0, 0, 0, 0, 0, 0, 0, 0, 0, 0, 0, 0, 0, 0;Europe/Paris;34,0
2023-03-23T11:00:00Z;-1;9000003703;hourly;0,6630555556;3,1540702131;61,5219732986;12,2234264080;1,6363636364;1,6363636364;1,5177065767;10,4880280848;51,0339452138;6,2167412980;6,0066851101;1,6363636364;0,0000000000;1;0, 2.3864469141, 27.574445364, 37.1893612463, 30.3828123131, 2.4669341625, 0, 0;0, 0, 2.3864469141, 0, 12.149926185, 15.4245191789, 19.71982794, 17.4695333063, 20.8926896887, 9.4901226244, 0, 2.4669341625, 0, 0, 0, 0, 0, 0, 0, 0, 0, 0, 0, 0, 0;Europe/Paris;42,0
2023-03-23T12:00:00Z;-1;9000003703;hourly;0,6158333333;9,7660682925;76,3237595654;6,2732303243;4,9117651015;6,5107121950;3,2553560975;40,4961192653;35,8276403000;4,7188261792;1,5544041451;0,0000000000;4,9117651015;1;12.7030268282, 6.2289207524, 16.8687662347, 40.8222204718, 10.62776192, 10.5935685176, 2.1557352753, 0;12.7030268282, 0, 2.0365927385, 4.1923280139, 4.2651935859, 12.6035726488, 19.1726541366, 21.6495663352, 6.3625683341, 4.2651935859, 4.2189166211, 6.3746518965, 2.1557352753, 0, 0, 0, 0, 0, 0, 0, 0, 0, 0, 0, 0;Europe/Paris;45,0
2023-03-23T13:00:00Z;-1;9000003703;hourly;0,6255555556;7,9579390040;38,5540495701;9,6154747822;1,6129032258;4,8329390040;3,1250000000;17,7159674534;20,8380821167;8,0025715564;1,6129032258;0,0000000000;1,6129032258;1;8.3520040413, 0, 45.9584738509, 29.1087640849, 8.2287539817, 8.3520040413, 0, 0;4.1760020206, 4.1760020206, 0, 0, 16.7114919572, 29.2469818937, 12.4047560023, 16.7040080826, 4.1760020206, 4.052751961, 4.1760020206, 4.1760020206, 0, 0, 0, 0, 0, 0, 0, 0, 0, 0, 0, 0, 0;Europe/Paris;39,5
2023-03-23T14:00:00Z;-1;9000003703;hourly;0,5994444444;13,2526847060;68,4395350966;23,6955313638;3,3210332103;3,5156786450;9,7370060610;20,1798527188;48,2596823778;7,0038910506;16,6916403132;0,0000000000;3,3210332103;1;10.2938899274, 9.6523293936, 42.436444911, 27.8127708617, 9.8045649063, 0, 0, 0;5.1569779948, 5.1369119326, 0, 9.6523293936, 20.8911659783, 21.5452789327, 18.9274371543, 8.8853337073, 7.3783114217, 2.4262534847, 0, 0, 0, 0, 0, 0, 0, 0, 0, 0, 0, 0, 0, 0, 0;Europe/Paris;34,5
2023-03-23T15:00:00Z;-1;9000003703;hourly;0,6333333333;15,2809645123;111,9269438501;17,1139449023;9,1650692372;2,9884595035;12,2925050088;43,5319353099;68,3950085403;4,5521773894;12,5617675130;4,6042584263;4,5608108108;1;4.2455086795, 10.718853939, 27.7010381182, 43.6198173153, 11.0913041993, 2.6234777486, 0, 0;4.2455086795, 0, 1.3117388743, 9.4071150648, 12.3642252394, 15.3368128788, 19.4504411688, 24.1693761465, 5.5572475538, 5.5340566455, 2.6234777486, 0, 0, 0, 0, 0, 0, 0, 0, 0, 0, 0, 0, 0, 0;Europe/Paris;37,0
2023-03-23T16:00:00Z;-1;9000003703;hourly;0,5991666667;15,8169004004;108,3346086463;11,7795977856;1,6981132075;14,2323933581;1,5845070423;31,3984454996;76,9361631467;11,7795977856;0,0000000000;1,6981132075;0,0000000000;1;7.8641658997, 1.4834990196, 19.7956295797, 54.3355781206, 15.0376283609, 1.4834990196, 0, 0;4.6318466383, 3.2323192613, 0, 1.4834990196, 7.8507596053, 11.9448699743, 28.9832335048, 25.3523446158, 13.5541293413, 1.4834990196, 1.4834990196, 0, 0, 0, 0, 0, 0, 0, 0, 0, 0, 0, 0, 0, 0;Europe/Paris;38,0
2023-03-23T17:00:00Z;-1;9000003703;hourly;0,6136111111;9,6052862916;110,6994548333;9,8089955841;0,0000000000;4,5382412806;5,0670450111;32,1940460787;78,5054087546;0,0000000000;9,8089955841;0,0000000000;0,0000000000;1;7.9222206441, 0, 17.3886691871, 47.6286422308, 25.4999839957, 1.5604839423, 0, 0;6.3218030576, 1.6004175865, 0, 0, 8.6369711392, 8.7516980479, 32.8139545304, 14.8146877004, 14.8197617243, 10.6802222714, 1.5604839423, 0, 0, 0, 0, 0, 0, 0, 0, 0, 0, 0, 0, 0, 0;Europe/Paris;41,5
2023-03-23T18:00:00Z;-1;9000003703;hourly;0,1800000000;0,0000000000;150,9868421053;7,8947368421;3,9473684211;0,0000000000;0,0000000000;35,5263157895;115,4605263158;3,9473684211;3,9473684211;0,0000000000;3,9473684211;1;14.0522875817, 0, 15.6862745098, 50, 17.6470588235, 2.614379085, 0, 0;14.0522875817, 0, 0, 0, 10.4575163399, 5.2287581699, 19.2810457516, 30.7189542484, 11.4379084967, 6.2091503268, 0, 2.614379085, 0, 0, 0, 0, 0, 0, 0, 0, 0, 0, 0, 0, 0;Europe/Paris;40,0
2023-03-23T19:00:00Z;-1;9000003703;hourly;0,0000000000;0,0000000000;0,0000000000;0,0000000000;0,0000000000;0,0000000000;0,0000000000;0,0000000000;0,0000000000;0,0000000000;0,0000000000;0,0000000000;0,0000000000;1;0, 0, 0, 0, 0, 0, 0, 0;0, 0, 0, 0, 0, 0, 0, 0, 0, 0, 0, 0, 0, 0, 0, 0, 0, 0, 0, 0, 0, 0, 0, 0, 0;Europe/Paris;NA
2023-03-23T20:00:00Z;-1;9000003703;hourly;0,0000000000;0,0000000000;0,0000000000;0,0000000000;0,0000000000;0,0000000000;0,0000000000;0,0000000000;0,0000000000;0,0000000000;0,0000000000;0,0000000000;0,0000000000;1;0, 0, 0, 0, 0, 0, 0, 0;0, 0, 0, 0, 0, 0, 0, 0, 0, 0, 0, 0, 0, 0, 0, 0, 0, 0, 0, 0, 0, 0, 0, 0, 0;Europe/Paris;NA
2023-03-23T21:00:00Z;-1;9000003703;hourly;0,0000000000;0,0000000000;0,0000000000;0,0000000000;0,0000000000;0,0000000000;0,0000000000;0,0000000000;0,0000000000;0,0000000000;0,0000000000;0,0000000000;0,0000000000;1;0, 0, 0, 0, 0, 0, 0, 0;0, 0, 0, 0, 0, 0, 0, 0, 0, 0, 0, 0, 0, 0, 0, 0, 0, 0, 0, 0, 0, 0, 0, 0, 0;Europe/Paris;NA
2023-03-23T22:00:00Z;-1;9000003703;hourly;0,0000000000;0,0000000000;0,0000000000;0,0000000000;0,0000000000;0,0000000000;0,0000000000;0,0000000000;0,0000000000;0,0000000000;0,0000000000;0,0000000000;0,0000000000;1;0, 0, 0, 0, 0, 0, 0, 0;0, 0, 0, 0, 0, 0, 0, 0, 0, 0, 0, 0, 0, 0, 0, 0, 0, 0, 0, 0, 0, 0, 0, 0, 0;Europe/Paris;NA
2023-03-24T00:00:00Z;-1;9000003703;hourly;0,0000000000;0,0000000000;0,0000000000;0,0000000000;0,0000000000;0,0000000000;0,0000000000;0,0000000000;0,0000000000;0,0000000000;0,0000000000;0,0000000000;0,0000000000;1;0, 0, 0, 0, 0, 0, 0, 0;0, 0, 0, 0, 0, 0, 0, 0, 0, 0, 0, 0, 0, 0, 0, 0, 0, 0, 0, 0, 0, 0, 0, 0, 0;Europe/Paris;NA
2023-03-24T01:00:00Z;-1;9000003703;hourly;0,0000000000;0,0000000000;0,0000000000;0,0000000000;0,0000000000;0,0000000000;0,0000000000;0,0000000000;0,0000000000;0,0000000000;0,0000000000;0,0000000000;0,0000000000;1;0, 0, 0, 0, 0, 0, 0, 0;0, 0, 0, 0, 0, 0, 0, 0, 0, 0, 0, 0, 0, 0, 0, 0, 0, 0, 0, 0, 0, 0, 0, 0, 0;Europe/Paris;NA
2023-03-24T02:00:00Z;-1;9000003703;hourly;0,0000000000;0,0000000000;0,0000000000;0,0000000000;0,0000000000;0,0000000000;0,0000000000;0,0000000000;0,0000000000;0,0000000000;0,0000000000;0,0000000000;0,0000000000;1;0, 0, 0, 0, 0, 0, 0, 0;0, 0, 0, 0, 0, 0, 0, 0, 0, 0, 0, 0, 0, 0, 0, 0, 0, 0, 0, 0, 0, 0, 0, 0, 0;Europe/Paris;NA
2023-03-24T03:00:00Z;-1;9000003703;hourly;0,0000000000;0,0000000000;0,0000000000;0,0000000000;0,0000000000;0,0000000000;0,0000000000;0,0000000000;0,0000000000;0,0000000000;0,0000000000;0,0000000000;0,0000000000;1;0, 0, 0, 0, 0, 0, 0, 0;0, 0, 0, 0, 0, 0, 0, 0, 0, 0, 0, 0, 0, 0, 0, 0, 0, 0, 0, 0, 0, 0, 0, 0, 0;Europe/Paris;NA
2023-03-24T04:00:00Z;-1;9000003703;hourly;0,0000000000;0,0000000000;0,0000000000;0,0000000000;0,0000000000;0,0000000000;0,0000000000;0,0000000000;0,0000000000;0,0000000000;0,0000000000;0,0000000000;0,0000000000;1;0, 0, 0, 0, 0, 0, 0, 0;0, 0, 0, 0, 0, 0, 0, 0, 0, 0, 0, 0, 0, 0, 0, 0, 0, 0, 0, 0, 0, 0, 0, 0, 0;Europe/Paris;NA
2023-03-24T05:00:00Z;-1;9000003703;hourly;0,0000000000;0,0000000000;0,0000000000;0,0000000000;0,0000000000;0,0000000000;0,0000000000;0,0000000000;0,0000000000;0,0000000000;0,0000000000;0,0000000000;0,0000000000;1;0, 0, 0, 0, 0, 0, 0, 0;0, 0, 0, 0, 0, 0, 0, 0, 0, 0, 0, 0, 0, 0, 0, 0, 0, 0, 0, 0, 0, 0, 0, 0, 0;Europe/Paris;NA
2023-03-24T06:00:00Z;-1;9000003703;hourly;0,4950000000;4,9485196479;69,6835963525;4,9485196479;3,3210332103;1,6274864376;3,3210332103;47,2271676139;22,4564287385;4,9485196479;0,0000000000;3,3210332103;0,0000000000;1;2.6304524823, 2.6304524823, 16.9684614108, 43.9987642237, 29.1007946493, 2.3355373758, 2.3355373758, 0;2.6304524823, 0, 0, 2.6304524823, 7.1014125375, 9.8670488733, 26.6704568634, 17.3283073602, 22.0941825219, 7.0066121274, 0, 2.3355373758, 0, 2.3355373758, 0, 0, 0, 0, 0, 0, 0, 0, 0, 0, 0;Europe/Paris;41,5
2023-03-24T07:00:00Z;-1;9000003703;hourly;0,5663888889;10,6342710997;97,7867286780;28,7395042136;1,7142857143;3,5776397516;7,0566313482;51,7026529881;46,0840756899;25,2100924489;3,5294117647;1,7142857143;0,0000000000;1;18.4096562385, 7.1154678016, 23.2318074088, 29.3496405442, 16.5310464753, 3.6092952617, 0, 1.7530862699;14.5985991299, 3.8110571086, 5.3108201707, 1.8046476308, 10.713579889, 12.5182275198, 12.6549686103, 16.6946719339, 11.1933075135, 5.3377389618, 3.6092952617, 0, 0, 0, 0, 1.7530862699, 0, 0, 0, 0, 0, 0, 0, 0, 0;Europe/Paris;40,5
2023-03-24T08:00:00Z;-1;9000003703;hourly;0,5602777778;7,0597717519;51,1805973935;16,9615675721;0,0000000000;1,8442622951;5,2155094568;8,9128435750;42,2677538185;13,4799428139;3,4816247582;0,0000000000;0,0000000000;1;44.9923260347, 7.4262205362, 6.5869632896, 33.7703968178, 7.2240933216, 0, 0, 0;44.9923260347, 0, 3.6034403446, 3.8227801917, 0, 6.5869632896, 26.9813063135, 6.7890905043, 7.2240933216, 0, 0, 0, 0, 0, 0, 0, 0, 0, 0, 0, 0, 0, 0, 0, 0;Europe/Paris;32,5
2023-03-24T09:00:00Z;-1;9000003703;hourly;0,5563888889;14,5277716167;35,8245659584;3,9310492812;1,9354838710;3,6936786177;10,8340929990;5,1670817166;30,6574842419;3,9310492812;0,0000000000;0,0000000000;1,9354838710;1;9.0206196758, 5.4026722144, 27.2916295285, 42.4042329221, 15.8808456592, 0, 0, 0;4.5103098379, 4.5103098379, 0, 5.4026722144, 9.0206196758, 18.2710098527, 19.1633722292, 23.2408606929, 4.7400803391, 11.1407653202, 0, 0, 0, 0, 0, 0, 0, 0, 0, 0, 0, 0, 0, 0, 0;Europe/Paris;38,5
2023-03-24T10:00:00Z;-1;9000003703;hourly;0,5180555556;21,1716793708;63,9573327577;3,8141750081;0,0000000000;5,8119455943;15,3597337764;24,9852394307;38,9720933270;1,8404907975;1,9736842105;0,0000000000;0,0000000000;1;9.486661605, 12.049724565, 23.8535355155, 39.5592308395, 9.1258447883, 2.9625013433, 2.9625013433, 0;3.162220535, 6.32444107, 6.1247218783, 5.9250026867, 2.9625013433, 20.8910341722, 21.2227252735, 18.3365055659, 9.1258447883, 0, 0, 2.9625013433, 0, 2.9625013433, 0, 0, 0, 0, 0, 0, 0, 0, 0, 0, 0;Europe/Paris;37,5
2023-03-24T11:00:00Z;-1;9000003703;hourly;0,5986111111;5,1047675760;47,4395650245;14,1996025486;3,2034961049;5,1047675760;0,0000000000;13,7155613592;33,7240036653;14,1996025486;0,0000000000;1,6245487365;1,5789473684;1;7.3361103496, 3.9116507542, 21.2829395771, 53.1337440824, 14.3355552367, 0, 0, 0;7.3361103496, 0, 3.9116507542, 0, 0, 21.2829395771, 27.9874436686, 25.1463004138, 14.3355552367, 0, 0, 0, 0, 0, 0, 0, 0, 0, 0, 0, 0, 0, 0, 0, 0;Europe/Paris;37,5
2023-03-24T12:00:00Z;-1;9000003703;hourly;0,5463888889;19,7608723983;35,5081589530;15,0463147410;4,0000000000;5,5572429907;14,2036294076;12,0790436385;23,4291153144;11,3784860558;3,6678286853;4,0000000000;0,0000000000;1;9.7866850278, 10.3701321027, 35.4553939952, 29.8634800432, 14.5243088311, 0, 0, 0;5.0490612246, 4.7376238033, 4.7376238033, 5.6325082994, 15.4191933273, 20.0362006679, 9.4752476065, 20.3882324367, 9.4752476065, 5.0490612246, 0, 0, 0, 0, 0, 0, 0, 0, 0, 0, 0, 0, 0, 0, 0;Europe/Paris;37,5
2023-03-24T13:00:00Z;-1;9000003703;hourly;0,5847222222;10,2015724433;56,5872533512;11,9405967907;1,7928286853;3,4564146372;6,7451578061;32,8736058086;23,7136475426;6,7860689459;5,1545278447;0,0000000000;1,7928286853;1;12.3156993924, 14.9479716996, 15.3052937323, 45.5608452709, 11.8701899049, 0, 0, 0;6.3365107125, 5.9791886799, 8.9687830198, 5.9791886799, 8.9687830198, 6.3365107125, 18.2451536008, 27.3156916701, 8.8805955649, 2.9895943399, 0, 0, 0, 0, 0, 0, 0, 0, 0, 0, 0, 0, 0, 0, 0;Europe/Paris;37,0
2023-03-24T14:00:00Z;-1;9000003703;hourly;0,5575000000;14,4042117424;23,6245403598;12,6720275435;1,8947368421;7,2247820843;7,1794296581;6,9878170171;16,6367233427;7,2638488233;5,4081787202;0,0000000000;1,8947368421;1;0, 7.8548410882, 16.0404123276, 53.4738903362, 22.630856248, 0, 0, 0;0, 0, 0, 7.8548410882, 0, 16.0404123276, 29.5786369204, 23.8952534158, 8.0202061638, 14.6106500843, 0, 0, 0, 0, 0, 0, 0, 0, 0, 0, 0, 0, 0, 0, 0;Europe/Paris;42,5
2023-03-24T15:00:00Z;-1;9000003703;hourly;0,6291666667;14,4848093856;135,7609016186;48,2718314690;10,6853630224;6,2189277733;8,2658816124;33,2332075770;102,5276940416;17,8989684466;30,3728630224;1,7475728155;8,9377902068;1;9.3749249127, 9.5566430599, 36.0155607799, 28.4271474061, 13.5182385862, 1.0358284184, 2.0716568367, 0;6.033252363, 3.3416725497, 0, 9.5566430599, 13.3012786617, 22.7142821183, 12.4996375379, 15.9275098682, 6.934759764, 6.5834788222, 1.0358284184, 0, 2.0716568367, 0, 0, 0, 0, 0, 0, 0, 0, 0, 0, 0, 0;Europe/Paris;38,5
2023-03-24T16:00:00Z;-1;9000003703;hourly;0,6080555556;20,7241418502;132,3740467789;12,6888907021;1,5332197615;14,3528290224;6,3713128278;37,2405347758;95,1335120031;10,9939754479;1,6949152542;0,0000000000;1,5332197615;1;0, 3.8843612117, 28.6620018224, 53.5420281086, 6.0121398813, 5.3534770188, 1.2076227023, 1.3383692547;0, 0, 1.3383692547, 2.545991957, 9.7891556036, 18.8728462188, 28.4732844737, 25.068743635, 1.1582480092, 4.8538918722, 4.0151077641, 1.3383692547, 1.2076227023, 0, 0, 0, 0, 0, 0, 0, 1.3383692547, 0, 0, 0, 0;Europe/Paris;37,5
2023-03-24T17:00:00Z;-1;9000003703;hourly;0,5605555556;11,6633099943;105,9048586979;8,7664997137;1,7274472169;3,4548944338;8,2084155605;38,4096801280;67,4951785699;2,7272727273;6,0392269864;0,0000000000;1,7274472169;1;19.4005759099, 2.9923217154, 26.6413975024, 40.1075587982, 9.3619852165, 1.4961608577, 0, 0;16.8253657063, 2.5752102036, 0, 2.9923217154, 16.0008758717, 10.6405216307, 23.681880805, 16.4256779932, 4.893393669, 4.4685915475, 1.4961608577, 0, 0, 0, 0, 0, 0, 0, 0, 0, 0, 0, 0, 0, 0;Europe/Paris;36,0
2023-03-24T18:00:00Z;-1;9000003703;hourly;0,2947222222;3,8054968288;193,7567415973;6,8667213185;3,8054968288;3,8054968288;0,0000000000;86,1220175174;107,6347240799;0,0000000000;6,8667213185;0,0000000000;3,8054968288;1;0, 3.5439909146, 43.6802725633, 36.6357138085, 16.1400227136, 0, 0, 0;0, 0, 0, 3.5439909146, 11.0160999399, 32.6641726234, 15.7558955174, 20.8798182911, 6.7038546329, 9.4361680807, 0, 0, 0, 0, 0, 0, 0, 0, 0, 0, 0, 0, 0, 0, 0;Europe/Paris;38,5
2023-03-25T03:00:00Z;-1;9000003703;hourly;0,0000000000;0,0000000000;0,0000000000;0,0000000000;0,0000000000;0,0000000000;0,0000000000;0,0000000000;0,0000000000;0,0000000000;0,0000000000;0,0000000000;0,0000000000;1;0, 0, 0, 0, 0, 0, 0, 0;0, 0, 0, 0, 0, 0, 0, 0, 0, 0, 0, 0, 0, 0, 0, 0, 0, 0, 0, 0, 0, 0, 0, 0, 0;Europe/Paris;NA
2023-03-25T04:00:00Z;-1;9000003703;hourly;0,0000000000;0,0000000000;0,0000000000;0,0000000000;0,0000000000;0,0000000000;0,0000000000;0,0000000000;0,0000000000;0,0000000000;0,0000000000;0,0000000000;0,0000000000;1;0, 0, 0, 0, 0, 0, 0, 0;0, 0, 0, 0, 0, 0, 0, 0, 0, 0, 0, 0, 0, 0, 0, 0, 0, 0, 0, 0, 0, 0, 0, 0, 0;Europe/Paris;NA
2023-03-25T05:00:00Z;-1;9000003703;hourly;0,0261111111;0,0000000000;0,0000000000;0,0000000000;0,0000000000;0,0000000000;0,0000000000;0,0000000000;0,0000000000;0,0000000000;0,0000000000;0,0000000000;0,0000000000;1;0, 0, 0, 0, 0, 0, 0, 0;0, 0, 0, 0, 0, 0, 0, 0, 0, 0, 0, 0, 0, 0, 0, 0, 0, 0, 0, 0, 0, 0, 0, 0, 0;Europe/Paris;NA
2023-03-25T06:00:00Z;-1;9000003703;hourly;0,6413888889;0,0000000000;6,2439389873;3,0788421987;0,0000000000;0,0000000000;0,0000000000;3,1650967885;3,0788421987;1,4802631579;1,5985790409;0,0000000000;0,0000000000;1;0, 25.9244210948, 0, 74.0755789052, 0, 0, 0, 0;0, 0, 0, 25.9244210948, 0, 0, 24.7662854446, 49.3092934606, 0, 0, 0, 0, 0, 0, 0, 0, 0, 0, 0, 0, 0, 0, 0, 0, 0;Europe/Paris;36,0
2023-03-25T07:00:00Z;-1;9000003703;hourly;0,5986111111;1,6393442623;25,5510521185;3,6663712893;1,6393442623;0,0000000000;1,6393442623;19,1429531065;6,4080990121;1,6393442623;2,0270270270;0,0000000000;1,6393442623;1;0, 19.1443848485, 6.4159560033, 61.6077471418, 6.4159560033, 0, 0, 6.4159560033;0, 0, 0, 19.1443848485, 0, 6.4159560033, 28.594914637, 33.0128325047, 6.4159560033, 0, 0, 0, 0, 0, 0, 0, 0, 0, 0, 6.4159560033, 0, 0, 0, 0, 0;Europe/Paris;37,0
2023-03-25T08:00:00Z;-1;9000003703;hourly;0,5988888889;7,1783731484;80,3464463727;4,9437190629;1,4492753623;3,7810458381;3,3973273104;35,1112340524;45,2352123203;1,4492753623;3,4944437006;1,4492753623;0,0000000000;1;1.9246548197, 0, 21.8833941283, 71.48602315, 4.7059279019, 0, 0, 0;1.9246548197, 0, 0, 0, 6.0321307183, 15.8512634101, 36.8637043024, 34.6223188476, 2.4245651625, 2.2813627395, 0, 0, 0, 0, 0, 0, 0, 0, 0, 0, 0, 0, 0, 0, 0;Europe/Paris;36,0
2023-03-25T09:00:00Z;-1;9000003703;hourly;0,6375000000;3,0116841257;66,2140148308;7,7728410763;4,8290212165;1,5410958904;1,4705882353;28,2753428097;37,9386720211;4,6853625171;3,0874785592;1,5410958904;3,2879253261;1;0, 4.548408873, 36.1338200241, 49.8037588989, 9.5140122041, 0, 0, 0;0, 0, 2.3274466808, 2.2209621921, 9.1008099358, 27.0330100883, 35.6308611433, 14.1728977555, 6.8798477436, 2.6341644605, 0, 0, 0, 0, 0, 0, 0, 0, 0, 0, 0, 0, 0, 0, 0;Europe/Paris;35,5
2023-03-25T10:00:00Z;-1;9000003703;hourly;0,6222222222;6,4450751154;109,4377529647;8,1333414590;4,8211347431;3,3122067158;3,1328683996;70,5725600659;38,8651928988;6,4604790054;1,6728624535;1,6728624535;3,1482722896;1;1.5145217428, 4.3747394498, 50.8160394643, 37.3913626696, 5.9033366735, 0, 0, 0;0, 1.5145217428, 0, 4.3747394498, 22.4621508012, 28.3538886631, 23.9650737324, 13.4262889372, 5.9033366735, 0, 0, 0, 0, 0, 0, 0, 0, 0, 0, 0, 0, 0, 0, 0, 0;Europe/Paris;34,0
2023-03-25T11:00:00Z;-1;9000003703;hourly;0,6313888889;6,2928615009;68,9072531228;12,3062832623;6,3425864146;3,1464307505;3,1464307505;26,5015232055;42,4057299173;4,7062227782;7,6000604841;4,7827943868;1,5597920277;1;0, 0, 24.8722765544, 61.4681373646, 13.659586081, 0, 0, 0;0, 0, 0, 0, 6.6465082388, 18.2257683156, 34.0768031131, 27.3913342515, 11.4681373646, 2.1914487164, 0, 0, 0, 0, 0, 0, 0, 0, 0, 0, 0, 0, 0, 0, 0;Europe/Paris;37,5
2023-03-25T12:00:00Z;-1;9000003703;hourly;0,6494444444;6,2040198837;62,7341835927;4,5557267591;1,5151515152;1,5817223199;4,6222975638;30,5608223159;32,1733612768;4,5557267591;0,0000000000;1,5151515152;0,0000000000;1;0, 2.4151928476, 38.9850541974, 58.599752955, 0, 0, 0, 0;0, 0, 0, 2.4151928476, 9.7678333942, 29.2172208032, 34.0268238742, 24.5729290807, 0, 0, 0, 0, 0, 0, 0, 0, 0, 0, 0, 0, 0, 0, 0, 0, 0;Europe/Paris;34,5
2023-03-25T13:00:00Z;-1;9000003703;hourly;0,6116666667;7,0038910506;58,3791959304;14,5884857427;1,6274864376;5,2529182879;1,7509727626;23,9809542913;34,3982416392;8,0200401049;6,5684456379;1,6274864376;0,0000000000;1;5.3529342948, 2.6764671474, 52.9749424629, 30.7436190491, 8.2520370458, 0, 0, 0;5.3529342948, 0, 0, 2.6764671474, 13.786573322, 39.1883691409, 25.3906847543, 5.3529342948, 5.4642520966, 2.7877849492, 0, 0, 0, 0, 0, 0, 0, 0, 0, 0, 0, 0, 0, 0, 0;Europe/Paris;32,0
2023-03-25T14:00:00Z;-1;9000003703;hourly;0,5783333333;6,9538126179;59,5056970906;42,1149908921;1,5490533563;3,7002138070;3,2535988108;32,2997360778;27,2059610128;10,4841695982;31,6308212938;1,5490533563;0,0000000000;1;2.8645080016, 14.0278566322, 41.8435707523, 32.238822499, 6.1607341133, 0, 0, 2.8645080016;0, 2.8645080016, 5.6835688206, 8.3442878117, 16.4031292964, 25.4404414559, 23.371922212, 8.866900287, 6.1607341133, 0, 0, 0, 0, 0, 0, 0, 0, 0, 0, 0, 0, 0, 0, 0, 2.8645080016;Europe/Paris;34,0
2023-03-25T15:00:00Z;-1;9000003703;hourly;0,6663888889;3,0395967707;71,4527717391;7,6098057864;0,0000000000;1,4634146341;1,5761821366;28,8131654490;42,6396062901;7,6098057864;0,0000000000;0,0000000000;0,0000000000;1;2.2059076202, 4.1574485812, 45.2143111246, 38.1206243313, 8.2536217555, 2.0480865872, 0, 0;2.2059076202, 0, 0, 4.1574485812, 19.5350256816, 25.679285443, 25.6767846092, 12.4438397221, 4.1902179666, 4.0634037889, 2.0480865872, 0, 0, 0, 0, 0, 0, 0, 0, 0, 0, 0, 0, 0, 0;Europe/Paris;35,5
2023-03-25T16:00:00Z;-1;9000003703;hourly;0,5838888889;3,2983282033;75,9752251419;8,7328800572;3,1746031746;1,7110266160;1,5873015873;32,4724688836;43,5027562582;3,4220532319;5,3108268253;1,5873015873;1,5873015873;1;2.5921152889, 2.0892357796, 36.2535363947, 52.1316765119, 4.6813510685, 2.2520849563, 0, 0;2.5921152889, 0, 0, 2.0892357796, 16.1332889852, 20.1202474095, 38.5480620833, 13.5836144286, 2.5921152889, 2.0892357796, 0, 2.2520849563, 0, 0, 0, 0, 0, 0, 0, 0, 0, 0, 0, 0, 0;Europe/Paris;34,5
2023-03-25T17:00:00Z;-1;9000003703;hourly;0,6205555556;4,8459011264;54,3341232283;11,3551541589;4,7961741839;0,0000000000;4,8459011264;27,1467515698;27,1873716585;1,6513761468;9,7037780121;0,0000000000;4,7961741839;1;0, 5.8902754161, 44.0611707863, 47.0036684356, 3.0448853619, 0, 0, 0;0, 0, 0, 5.8902754161, 11.8776584273, 32.183512359, 35.5138267325, 11.4898417031, 0, 3.0448853619, 0, 0, 0, 0, 0, 0, 0, 0, 0, 0, 0, 0, 0, 0, 0;Europe/Paris;32,5
2023-03-25T18:00:00Z;-1;9000003703;hourly;0,1541666667;0,0000000000;111,4306784661;0,0000000000;0,0000000000;0,0000000000;0,0000000000;33,3333333333;78,0973451327;0,0000000000;0,0000000000;0,0000000000;0,0000000000;1;0, 9.5301125083, 29.2521508934, 48.9741892786, 7.4784910655, 0, 0, 4.7650562541;0, 0, 4.7650562541, 4.7650562541, 12.2435473197, 17.0086035738, 39.4440767704, 9.5301125083, 7.4784910655, 0, 0, 0, 0, 0, 0, 4.7650562541, 0, 0, 0, 0, 0, 0, 0, 0, 0;Europe/Paris;36,0
2023-03-26T03:00:00Z;-1;9000003703;hourly;0,0000000000;0,0000000000;0,0000000000;0,0000000000;0,0000000000;0,0000000000;0,0000000000;0,0000000000;0,0000000000;0,0000000000;0,0000000000;0,0000000000;0,0000000000;1;0, 0, 0, 0, 0, 0, 0, 0;0, 0, 0, 0, 0, 0, 0, 0, 0, 0, 0, 0, 0, 0, 0, 0, 0, 0, 0, 0, 0, 0, 0, 0, 0;Europe/Paris;NA
2023-03-26T04:00:00Z;-1;9000003703;hourly;0,0000000000;0,0000000000;0,0000000000;0,0000000000;0,0000000000;0,0000000000;0,0000000000;0,0000000000;0,0000000000;0,0000000000;0,0000000000;0,0000000000;0,0000000000;1;0, 0, 0, 0, 0, 0, 0, 0;0, 0, 0, 0, 0, 0, 0, 0, 0, 0, 0, 0, 0, 0, 0, 0, 0, 0, 0, 0, 0, 0, 0, 0, 0;Europe/Paris;NA
2023-03-26T05:00:00Z;-1;9000003703;hourly;0,0000000000;0,0000000000;0,0000000000;0,0000000000;0,0000000000;0,0000000000;0,0000000000;0,0000000000;0,0000000000;0,0000000000;0,0000000000;0,0000000000;0,0000000000;1;0, 0, 0, 0, 0, 0, 0, 0;0, 0, 0, 0, 0, 0, 0, 0, 0, 0, 0, 0, 0, 0, 0, 0, 0, 0, 0, 0, 0, 0, 0, 0, 0;Europe/Paris;NA
2023-03-26T06:00:00Z;-1;9000003703;hourly;0,5675000000;0,0000000000;2,9415613026;0,0000000000;1,4539579968;0,0000000000;0,0000000000;1,4539579968;1,4876033058;0,0000000000;0,0000000000;1,4539579968;0,0000000000;1;0, 0, 0, 100, 0, 0, 0, 0;0, 0, 0, 0, 0, 0, 49.4281045752, 50.5718954248, 0, 0, 0, 0, 0, 0, 0, 0, 0, 0, 0, 0, 0, 0, 0, 0, 0;Europe/Paris;36,0
2023-03-26T07:00:00Z;-1;9000003703;hourly;0,5877777778;0,0000000000;18,5298116968;0,0000000000;0,0000000000;0,0000000000;0,0000000000;8,5115524150;10,0182592818;0,0000000000;0,0000000000;0,0000000000;0,0000000000;1;18.7253211616, 0, 9.1642226879, 72.1104561505, 0, 0, 0, 0;18.7253211616, 0, 0, 0, 9.1642226879, 0, 54.2418642429, 17.8685919077, 0, 0, 0, 0, 0, 0, 0, 0, 0, 0, 0, 0, 0, 0, 0, 0, 0;Europe/Paris;33,5
2023-03-26T08:00:00Z;-1;9000003703;hourly;0,6486111111;1,5570934256;35,0518654483;6,1781207653;3,1034482759;1,5570934256;0,0000000000;18,5128851453;16,5389803029;3,1141868512;3,0639339141;1,5517241379;1,5517241379;1;4.5525242678, 4.4269373915, 42.7420529143, 30.7784176156, 17.5000678109, 0, 0, 0;4.5525242678, 0, 0, 4.4269373915, 16.9927955662, 25.7492573481, 13.2936679272, 17.4847496884, 17.5000678109, 0, 0, 0, 0, 0, 0, 0, 0, 0, 0, 0, 0, 0, 0, 0, 0;Europe/Paris;38,0
2023-03-26T09:00:00Z;-1;9000003703;hourly;0,6388888889;0,0000000000;73,6512935318;1,4610389610;1,4827018122;0,0000000000;0,0000000000;27,4371546244;46,2141389074;1,4610389610;0,0000000000;0,0000000000;1,4827018122;1;8.4249690866, 6.1663353666, 27.1273449432, 51.8401062978, 4.428106802, 2.0131375039, 0, 0;6.4118315827, 2.0131375039, 4.1531978627, 2.0131375039, 10.4170433609, 16.7103015823, 30.4939639143, 21.3461423835, 2.0131375039, 2.4149692981, 2.0131375039, 0, 0, 0, 0, 0, 0, 0, 0, 0, 0, 0, 0, 0, 0;Europe/Paris;35,5
2023-03-26T10:00:00Z;-1;9000003703;hourly;0,6580555556;1,3996889580;35,0820764709;4,6022022189;0,0000000000;0,0000000000;1,3996889580;9,3486110616;25,7334654093;1,6822429907;2,9199592283;0,0000000000;0,0000000000;1;13.9237945497, 4.333467181, 25.7244340378, 39.253875052, 7.9795103301, 3.9897551651, 0, 4.7951636844;9.1286308653, 4.7951636844, 0, 4.333467181, 4.333467181, 21.3909668568, 26.9408975408, 12.3129775111, 7.9795103301, 0, 3.9897551651, 0, 0, 0, 0, 0, 0, 0, 0, 0, 0, 0, 0, 0, 4.7951636844;Europe/Paris;38,5
2023-03-26T11:00:00Z;-1;9000003703;hourly;0,6255555556;4,3763091523;33,1138704579;0,0000000000;0,0000000000;1,4331210191;2,9431881332;15,8608143996;17,2530560582;0,0000000000;0,0000000000;0,0000000000;0,0000000000;1;0, 4.3278571767, 18.2919588486, 38.4116199425, 23.0845523665, 10.5756243474, 0, 5.3083873184;0, 0, 4.3278571767, 0, 8.6557143535, 9.6362444951, 27.8771458843, 10.5344740581, 14.1964698424, 8.8880825241, 10.5756243474, 0, 0, 0, 0, 0, 0, 0, 0, 0, 5.3083873184, 0, 0, 0, 0;Europe/Paris;48,0
2023-03-26T12:00:00Z;-1;9000003703;hourly;0,6147222222;3,2846715328;16,1283097073;5,0633276593;0,0000000000;3,2846715328;0,0000000000;8,1433631063;7,9849466010;1,7786561265;3,2846715328;0,0000000000;0,0000000000;1;20.3658758572, 10.4695121667, 19.0970752846, 19.0970752846, 30.9704614069, 0, 0, 0;10.1829379286, 10.1829379286, 0, 10.4695121667, 10.1829379286, 8.914137356, 8.914137356, 10.1829379286, 19.9422993814, 11.0281620254, 0, 0, 0, 0, 0, 0, 0, 0, 0, 0, 0, 0, 0, 0, 0;Europe/Paris;41,5
2023-03-26T13:00:00Z;-1;9000003703;hourly;0,6341666667;0,0000000000;31,8918504062;19,6265880632;3,2400522589;0,0000000000;0,0000000000;14,4970904549;17,3947599513;9,8569448253;9,7696432380;1,7274472169;1,5126050420;1;10.8331576556, 5.4165788278, 36.0502457789, 18.8531081309, 19.4005933736, 4.7429202845, 0, 4.7033959488;5.4165788278, 5.4165788278, 5.4165788278, 0, 20.2399495532, 15.8102962257, 9.4067918976, 9.4463162333, 14.4234548034, 4.9771385702, 4.7429202845, 0, 0, 0, 0, 0, 0, 0, 0, 0, 0, 0, 0, 4.7033959488, 0;Europe/Paris;42,5
2023-03-26T14:00:00Z;-1;9000003703;hourly;0,6236111111;0,0000000000;26,8921729836;26,1364391551;3,1061282830;0,0000000000;0,0000000000;14,0429920620;12,8491809216;21,3531171715;4,7833219835;3,1061282830;0,0000000000;1;5.7701701491, 5.7701701491, 35.6737759011, 41.2256119996, 5.7801359006, 5.7801359006, 0, 0;5.7701701491, 0, 0, 5.7701701491, 5.7701701491, 29.9036057521, 23.1105778509, 18.1150341487, 5.7801359006, 0, 0, 5.7801359006, 0, 0, 0, 0, 0, 0, 0, 0, 0, 0, 0, 0, 0;Europe/Paris;36,5
2023-03-26T15:00:00Z;-1;9000003703;hourly;0,5766666667;1,7892644135;26,5007335085;21,5115344196;3,4286086758;1,7892644135;0,0000000000;12,0439069939;14,4568265146;19,7222700061;1,7892644135;3,4286086758;0,0000000000;1;6.1860335367, 0, 33.8794424061, 46.2515094794, 7.4969810411, 6.1860335367, 0, 0;6.1860335367, 0, 0, 0, 20.4347688753, 13.4446735308, 26.382461365, 19.8690481145, 7.4969810411, 0, 0, 6.1860335367, 0, 0, 0, 0, 0, 0, 0, 0, 0, 0, 0, 0, 0;Europe/Paris;37,0
2023-03-26T16:00:00Z;-1;9000003703;hourly;0,6138888889;1,9189765458;38,2576977109;10,3913134114;3,0849438994;1,9189765458;0,0000000000;14,6607290408;23,5969686700;5,4058973426;4,9854160688;0,0000000000;3,0849438994;1;5.0159227049, 4.007611156, 33.3050686722, 41.4534526886, 8.1543547455, 4.0559788769, 0, 4.007611156;5.0159227049, 0, 4.007611156, 0, 0, 33.3050686722, 29.3398545079, 12.1135981807, 4.0983758686, 4.0559788769, 4.0559788769, 0, 0, 0, 0, 0, 0, 0, 4.007611156, 0, 0, 0, 0, 0, 0;Europe/Paris;39,0
2023-03-26T17:00:00Z;-1;9000003703;hourly;0,6497222222;0,0000000000;32,4664057790;7,7111820171;1,4586709887;0,0000000000;0,0000000000;15,6703108734;16,7960949055;6,2525110284;1,4586709887;1,4586709887;0,0000000000;1;0, 0, 24.6026261776, 56.4005961896, 18.9967776327, 0, 0, 0;0, 0, 0, 0, 4.7877309107, 19.8148952669, 14.7655397163, 41.6350564734, 13.9474220821, 5.0493555506, 0, 0, 0, 0, 0, 0, 0, 0, 0, 0, 0, 0, 0, 0, 0;Europe/Paris;39,0
2023-03-26T18:00:00Z;-1;9000003703;hourly;0,4633333333;0,0000000000;24,4597420704;0,0000000000;0,0000000000;0,0000000000;0,0000000000;12,5392122691;11,9205298013;0,0000000000;0,0000000000;0,0000000000;0,0000000000;1;0, 0, 18.8813680086, 40.5058781617, 32.4902030638, 0, 0, 8.1225507659;0, 0, 0, 0, 0, 18.8813680086, 32.3833273958, 8.1225507659, 8.1225507659, 24.3676522978, 0, 0, 0, 0, 0, 8.1225507659, 0, 0, 0, 0, 0, 0, 0, 0, 0;Europe/Paris;46,0
2023-03-27T03:00:00Z;-1;9000003703;hourly;0,0000000000;0,0000000000;0,0000000000;0,0000000000;0,0000000000;0,0000000000;0,0000000000;0,0000000000;0,0000000000;0,0000000000;0,0000000000;0,0000000000;0,0000000000;1;0, 0, 0, 0, 0, 0, 0, 0;0, 0, 0, 0, 0, 0, 0, 0, 0, 0, 0, 0, 0, 0, 0, 0, 0, 0, 0, 0, 0, 0, 0, 0, 0;Europe/Paris;NA
2023-03-27T04:00:00Z;-1;9000003703;hourly;0,0000000000;0,0000000000;0,0000000000;0,0000000000;0,0000000000;0,0000000000;0,0000000000;0,0000000000;0,0000000000;0,0000000000;0,0000000000;0,0000000000;0,0000000000;1;0, 0, 0, 0, 0, 0, 0, 0;0, 0, 0, 0, 0, 0, 0, 0, 0, 0, 0, 0, 0, 0, 0, 0, 0, 0, 0, 0, 0, 0, 0, 0, 0;Europe/Paris;NA
2023-03-27T05:00:00Z;-1;9000003703;hourly;0,0750000000;13,3333333333;66,6666666667;13,3333333333;0,0000000000;0,0000000000;13,3333333333;53,3333333333;13,3333333333;13,3333333333;0,0000000000;0,0000000000;0,0000000000;1;40, 0, 40, 0, 20, 0, 0, 0;40, 0, 0, 0, 20, 20, 0, 0, 20, 0, 0, 0, 0, 0, 0, 0, 0, 0, 0, 0, 0, 0, 0, 0, 0;Europe/Paris;38,5
2023-03-27T06:00:00Z;-1;9000003703;hourly;0,6511111111;19,1928985922;167,4034168604;44,3883429885;1,6100178891;3,2200357782;15,9728628140;120,1308900147;47,2725268457;41,4229393641;2,9654036244;0,0000000000;1,6100178891;1;3.6188767465, 13.0211810725, 27.0757029256, 37.84144377, 14.8158286434, 2.7264250747, 0.9005417671, 0;1.7714116474, 1.8474650991, 2.7728066396, 10.248374433, 11.3161689319, 15.7595339938, 21.211039896, 16.630403874, 10.1807209613, 4.6351076822, 1.8258833076, 0.9005417671, 0.9005417671, 0, 0, 0, 0, 0, 0, 0, 0, 0, 0, 0, 0;Europe/Paris;39,0
2023-03-27T07:00:00Z;-1;9000003703;hourly;0,6419444444;1,6216216216;34,4226449756;7,5956308568;0,0000000000;1,6216216216;0,0000000000;20,6042168866;13,8184280889;6,1153676989;1,4802631579;0,0000000000;0,0000000000;1;8.9082042509, 4.3002597823, 18.4330054453, 41.4257737515, 22.2722256689, 4.660531101, 0, 0;8.9082042509, 0, 0, 4.3002597823, 9.421830442, 9.0111750033, 17.9719658866, 23.4538078649, 13.3114347856, 8.9607908833, 4.660531101, 0, 0, 0, 0, 0, 0, 0, 0, 0, 0, 0, 0, 0, 0;Europe/Paris;42,0
2023-03-27T08:00:00Z;-1;9000003703;hourly;0,6055555556;1,4376996805;23,2191507292;11,7204351392;0,0000000000;0,0000000000;1,4376996805;12,6382983399;10,5808523893;8,8450357782;2,8753993610;0,0000000000;0,0000000000;1;20.6523074038, 19.3177489669, 13.1258787419, 39.9700563707, 0, 0, 0, 6.9340085168;20.6523074038, 0, 6.1918702251, 13.1258787419, 6.9340085168, 6.1918702251, 26.8441776288, 13.1258787419, 0, 0, 0, 0, 0, 0, 0, 0, 0, 6.9340085168, 0, 0, 0, 0, 0, 0, 0;Europe/Paris;34,5
2023-03-27T09:00:00Z;-1;9000003703;hourly;0,6725000000;9,0053204646;40,7360896953;7,4263502455;3,0380523732;6,1114297893;2,8938906752;16,3610206240;24,3750690713;5,9840425532;1,4423076923;1,4423076923;1,5957446809;1;0, 0, 22.1476705148, 58.9439441137, 18.9083853715, 0, 0, 0;0, 0, 0, 0, 3.917275057, 18.2303954578, 40.9921082846, 17.9518358291, 14.9911103145, 3.917275057, 0, 0, 0, 0, 0, 0, 0, 0, 0, 0, 0, 0, 0, 0, 0;Europe/Paris;39,0
2023-03-27T10:00:00Z;-1;9000003703;hourly;0,6125000000;8,4610008521;55,6335722398;9,3825549714;0,0000000000;6,7850231985;1,6759776536;13,2333909217;42,4001813181;6,4699336122;2,9126213592;0,0000000000;0,0000000000;1;0, 0, 16.8131091449, 51.1135310022, 23.8642283159, 8.2091315371, 0, 0;0, 0, 0, 0, 8.2091315371, 8.6039776078, 33.3649318087, 17.7485991935, 23.8642283159, 0, 5.2353664199, 2.9737651172, 0, 0, 0, 0, 0, 0, 0, 0, 0, 0, 0, 0, 0;Europe/Paris;41,0
2023-03-27T11:00:00Z;-1;9000003703;hourly;0,6044444444;6,4433013617;60,9629475700;11,8780781183;1,6363636364;4,9204587221;1,5228426396;39,8831588516;21,0797887183;8,3992684202;3,4788096981;1,6363636364;0,0000000000;1;2.8890539523, 0, 26.4537776761, 53.875915042, 14.0970595667, 2.6841937629, 0, 0;2.8890539523, 0, 0, 0, 13.4582629859, 12.9955146902, 39.8403656594, 14.0355493826, 11.2796806171, 2.8173789496, 2.6841937629, 0, 0, 0, 0, 0, 0, 0, 0, 0, 0, 0, 0, 0, 0;Europe/Paris;38,5
2023-03-27T12:00:00Z;-1;9000003703;hourly;0,5677777778;5,2839321991;21,4497612691;14,2338521782;5,3419654337;0,0000000000;5,2839321991;6,8464321991;14,6033290700;9,2758582882;4,9579938900;1,8329938900;3,5089715437;1;0, 7.2844633579, 7.2844633579, 50, 26.8855521149, 8.5455211693, 0, 0;0, 0, 0, 7.2844633579, 7.2844633579, 0, 33.1795118827, 16.8204881173, 26.8855521149, 0, 8.5455211693, 0, 0, 0, 0, 0, 0, 0, 0, 0, 0, 0, 0, 0, 0;Europe/Paris;41,5
2023-03-27T13:00:00Z;-1;9000003703;hourly;0,6186111111;3,2305939013;38,9686581290;21,0026198209;0,0000000000;1,5761821366;1,6544117647;22,6898878634;16,2787702655;9,6445335695;11,3580862514;0,0000000000;0,0000000000;1;4.0447431661, 3.9957583873, 33.1240139344, 46.2692359323, 12.5662485799, 0, 0, 0;4.0447431661, 0, 0, 3.9957583873, 4.3249969061, 28.7990170283, 21.1367387725, 25.1324971598, 12.5662485799, 0, 0, 0, 0, 0, 0, 0, 0, 0, 0, 0, 0, 0, 0, 0, 0;Europe/Paris;37,0
2023-03-27T14:00:00Z;-1;9000003703;hourly;0,6172222222;3,2165689294;64,4425297649;41,1713932800;0,0000000000;1,5280135823;1,6885553471;32,9868586617;31,4556711032;23,1676714937;18,0037217863;0,0000000000;0,0000000000;1;2.6202499394, 13.1012496968, 48.4063166415, 28.0015833405, 7.8706003818, 0, 0, 0;2.6202499394, 0, 2.6202499394, 10.4809997575, 20.7178008637, 27.6885157778, 15.4723757031, 12.5292076374, 2.6202499394, 5.2503504424, 0, 0, 0, 0, 0, 0, 0, 0, 0, 0, 0, 0, 0, 0, 0;Europe/Paris;34,5
2023-03-27T15:00:00Z;-1;9000003703;hourly;0,6338888889;9,2586323629;73,1644044392;19,0195281477;4,5833287896;4,6293161814;4,6293161814;29,3820355125;43,7823689267;14,7125116178;4,3070165299;1,4218009479;3,1615278417;1;0, 0, 38.3597988512, 57.3759497285, 4.2642514202, 0, 0, 0;0, 0, 0, 0, 19.8753523363, 18.4844465149, 42.5201676367, 14.8557820918, 4.2642514202, 0, 0, 0, 0, 0, 0, 0, 0, 0, 0, 0, 0, 0, 0, 0, 0;Europe/Paris;34,0
2023-03-27T16:00:00Z;-1;9000003703;hourly;0,6083333333;5,0840183668;102,9781250528;13,2816367713;3,2243915246;1,6423357664;3,4416826004;25,7953857966;77,1827392561;4,9775187779;8,3041179935;0,0000000000;3,2243915246;1;14.2813645659, 7.6639383959, 30.179434805, 42.969625807, 4.9056364263, 0, 0, 0;7.7673580191, 6.5140065468, 1.4914198299, 6.172518566, 7.7850564628, 22.3943783421, 26.972180588, 15.997445219, 4.9056364263, 0, 0, 0, 0, 0, 0, 0, 0, 0, 0, 0, 0, 0, 0, 0, 0;Europe/Paris;34,5
2023-03-27T17:00:00Z;-1;9000003703;hourly;0,6177777778;4,9592081013;100,7449929907;8,4218891943;7,2521547772;4,9592081013;0,0000000000;39,1299320605;61,6150609302;5,3574179351;3,0644712592;3,7894736842;3,4626810930;1;0, 10.959977398, 23.1540973077, 56.6321570622, 7.6974186764, 1.5563495558, 0, 0;0, 0, 1.5563495558, 9.4036278422, 3.1126991115, 20.0413981961, 22.2115384565, 34.4206186056, 4.5847195648, 3.1126991115, 0, 1.5563495558, 0, 0, 0, 0, 0, 0, 0, 0, 0, 0, 0, 0, 0;Europe/Paris;36,5
2023-03-27T18:00:00Z;-1;9000003703;hourly;0,3250000000;3,0050083472;27,7818547550;3,1523642732;0,0000000000;3,0050083472;0,0000000000;9,3097368937;18,4721178614;3,1523642732;0,0000000000;0,0000000000;0,0000000000;1;0, 0, 56.2038264823, 32.9797310097, 10.8164425081, 0, 0, 0;0, 0, 0, 0, 11.3468459936, 44.8569804887, 10.8164425081, 22.1632885016, 10.8164425081, 0, 0, 0, 0, 0, 0, 0, 0, 0, 0, 0, 0, 0, 0, 0, 0;Europe/Paris;36,5
2023-03-28T03:00:00Z;-1;9000003703;hourly;0,0000000000;0,0000000000;0,0000000000;0,0000000000;0,0000000000;0,0000000000;0,0000000000;0,0000000000;0,0000000000;0,0000000000;0,0000000000;0,0000000000;0,0000000000;1;0, 0, 0, 0, 0, 0, 0, 0;0, 0, 0, 0, 0, 0, 0, 0, 0, 0, 0, 0, 0, 0, 0, 0, 0, 0, 0, 0, 0, 0, 0, 0, 0;Europe/Paris;NA
2023-03-28T04:00:00Z;-1;9000003703;hourly;0,0000000000;0,0000000000;0,0000000000;0,0000000000;0,0000000000;0,0000000000;0,0000000000;0,0000000000;0,0000000000;0,0000000000;0,0000000000;0,0000000000;0,0000000000;1;0, 0, 0, 0, 0, 0, 0, 0;0, 0, 0, 0, 0, 0, 0, 0, 0, 0, 0, 0, 0, 0, 0, 0, 0, 0, 0, 0, 0, 0, 0, 0, 0;Europe/Paris;NA
2023-03-28T05:00:00Z;-1;9000003703;hourly;0,0350000000;0,0000000000;114,2857142857;0,0000000000;0,0000000000;0,0000000000;0,0000000000;114,2857142857;0,0000000000;0,0000000000;0,0000000000;0,0000000000;0,0000000000;1;0, 0, 0, 100, 0, 0, 0, 0;0, 0, 0, 0, 0, 0, 100, 0, 0, 0, 0, 0, 0, 0, 0, 0, 0, 0, 0, 0, 0, 0, 0, 0, 0;Europe/Paris;31,5
2023-03-28T06:00:00Z;-1;9000003703;hourly;0,5725000000;19,1610287779;135,8413676195;42,5864069877;0,0000000000;12,8230006089;6,3380281690;97,9271544016;37,9142132179;41,1440992954;1,4423076923;0,0000000000;0,0000000000;1;8.2927871426, 9.5017971778, 21.7471171276, 48.5672464827, 7.1401534804, 2.4180200703, 0, 2.3328785186;8.2927871426, 0, 0, 9.5017971778, 3.4797788833, 18.2673382444, 30.1193125245, 18.4479339582, 4.8360401407, 2.3041133397, 1.2090100352, 1.2090100352, 0, 0, 0, 0, 0, 2.3328785186, 0, 0, 0, 0, 0, 0, 0;Europe/Paris;36,5
2023-03-28T07:00:00Z;-1;9000003703;hourly;0,6425000000;12,1438472328;32,0696677081;9,2096802670;2,9976972764;4,3618739903;7,7819732425;21,4695597549;10,6001079532;7,6025374099;1,6071428571;1,4539579968;1,5437392796;1;5.0932670842, 0, 37.8670815779, 38.4269955979, 18.6126557399, 0, 0, 0;5.0932670842, 0, 0, 0, 14.0789074953, 23.7881740826, 23.9862750144, 14.4407205834, 14.0789074953, 4.5337482446, 0, 0, 0, 0, 0, 0, 0, 0, 0, 0, 0, 0, 0, 0, 0;Europe/Paris;39,0
2023-03-28T08:00:00Z;-1;9000003703;hourly;0,6247222222;7,8743636649;48,9565473736;3,3898305085;0,0000000000;6,1794484107;1,6949152542;18,0329666776;30,9235806961;1,6949152542;1,6949152542;0,0000000000;0,0000000000;1;6.7625565009, 0, 26.367865458, 60.1584067848, 6.7111712563, 0, 0, 0;6.7625565009, 0, 0, 0, 10.3348573225, 16.0330081355, 39.8632878054, 20.2951189794, 6.7111712563, 0, 0, 0, 0, 0, 0, 0, 0, 0, 0, 0, 0, 0, 0, 0, 0;Europe/Paris;35,5
2023-03-28T09:00:00Z;-1;9000003703;hourly;0,6255555556;14,3797234573;50,8117323774;4,4701986755;1,4900662252;11,0950519244;3,2846715328;20,5134085593;30,2983238181;1,4900662252;2,9801324503;0,0000000000;1,4900662252;1;0, 3.2321979385, 37.1676442911, 40.2749655969, 13.1604702776, 2.9325239575, 0, 3.2321979385;0, 0, 3.2321979385, 0, 12.3578843795, 24.8097599115, 24.7681343673, 15.5068312296, 10.0638890358, 3.0965812418, 2.9325239575, 0, 0, 0, 0, 0, 0, 0, 0, 0, 0, 3.2321979385, 0, 0, 0;Europe/Paris;39,5
2023-03-28T10:00:00Z;-1;9000003703;hourly;0,6019444444;6,6348673033;42,4048295201;6,4875609060;1,8518518519;3,5032279986;3,1316393047;8,8583078491;33,5465216709;1,4802631579;5,0072977481;1,8518518519;0,0000000000;1;4.0196965153, 0, 32.9489456057, 42.8924054068, 15.7718747765, 4.3670776957, 0, 0;0, 4.0196965153, 0, 0, 4.3670776957, 28.5818679101, 32.0165157622, 10.8758896446, 8.386774211, 7.3851005655, 4.3670776957, 0, 0, 0, 0, 0, 0, 0, 0, 0, 0, 0, 0, 0, 0;Europe/Paris;40,5
2023-03-28T11:00:00Z;-1;9000003703;hourly;0,6322222222;7,8642331182;58,8755481266;8,2098568351;6,1407128319;1,6791044776;6,1851286406;30,3025759935;28,5729721331;3,1599185566;5,0499382785;3,1599185566;2,9807942753;1;0, 2.5691566196, 48.6494623738, 32.2677990757, 11.0710264604, 5.4425554705, 0, 0;0, 0, 2.5691566196, 0, 5.4211121954, 43.2283501784, 16.1338995379, 16.1338995379, 8.1976276096, 2.8733988509, 2.8733988509, 2.5691566196, 0, 0, 0, 0, 0, 0, 0, 0, 0, 0, 0, 0, 0;Europe/Paris;38,5
2023-03-28T12:00:00Z;-1;9000003703;hourly;0,5972222222;10,0314366209;33,6173093164;6,9372733688;0,0000000000;5,0157183105;5,0157183105;19,6516227954;13,9656865210;5,1656198255;1,7716535433;0,0000000000;0,0000000000;1;0, 16.0829680716, 30.0148898223, 43.9434757287, 4.6886028913, 5.2700634861, 0, 0;0, 0, 5.2700634861, 10.8129045854, 18.9292076237, 11.0856821986, 9.3772057827, 34.566269946, 4.6886028913, 0, 5.2700634861, 0, 0, 0, 0, 0, 0, 0, 0, 0, 0, 0, 0, 0, 0;Europe/Paris;37,0
2023-03-28T13:00:00Z;-1;9000003703;hourly;0,5941666667;9,9379752277;46,7318530779;18,6110855905;1,5597920277;8,3781832000;1,5597920277;11,9412056771;34,7906474009;5,3751479290;13,2359376615;0,0000000000;1,5597920277;1;15.407050065, 0, 47.3160721224, 33.9391286651, 3.3377491475, 0, 0, 0;11.5552875487, 3.8517625162, 0, 0, 22.0553150742, 25.2607570483, 22.4902014225, 11.4489272425, 3.3377491475, 0, 0, 0, 0, 0, 0, 0, 0, 0, 0, 0, 0, 0, 0, 0, 0;Europe/Paris;32,5
2023-03-28T14:00:00Z;-1;9000003703;hourly;0,5966666667;9,5341099066;109,8879835240;58,3288435188;8,3725532662;0,0000000000;9,5341099066;40,1989294636;69,6890540604;20,9495451668;37,3792983520;3,1169976072;5,2555556591;1;4.2964440065, 11.8309773494, 39.2846720849, 36.1127205255, 7.0655202025, 0, 1.4096658312, 0;2.8867781754, 1.4096658312, 4.2964440065, 7.5345333429, 21.2785717574, 18.0061003275, 20.4900031395, 15.622717386, 2.8193316623, 4.2461885402, 0, 0, 0, 1.4096658312, 0, 0, 0, 0, 0, 0, 0, 0, 0, 0, 0;Europe/Paris;35,5
2023-03-28T15:00:00Z;-1;9000003703;hourly;0,6133333333;12,5240278434;88,2716943130;32,5043601976;3,0981067126;9,3820541331;3,1419737103;43,3478002912;44,9238940218;17,8315802656;14,6727799319;3,0981067126;0,0000000000;1;3.5594351448, 7.3782308875, 51.0629397432, 26.8118987489, 5.9228859028, 1.7548698576, 3.5097397152, 0;3.5594351448, 0, 1.7548698576, 5.6233610299, 19.483363291, 31.5795764522, 23.3021590338, 3.5097397152, 1.7950341325, 4.1278517703, 1.7548698576, 0, 3.5097397152, 0, 0, 0, 0, 0, 0, 0, 0, 0, 0, 0, 0;Europe/Paris;32,5
2023-03-28T16:00:00Z;-1;9000003703;hourly;0,6244444444;6,3550810891;93,9225117741;24,2730211083;3,3320318922;3,1775405446;3,1775405446;24,2394957859;69,6830159883;9,5154321441;14,7575889642;1,6274864376;1,7045454545;1;1.5683088774, 5.1796916603, 28.6062642082, 51.1407820246, 11.781505884, 1.7234473455, 0, 0;1.5683088774, 0, 3.4468946909, 1.7327969694, 6.5928620696, 22.0134021385, 25.9720628835, 25.1687191412, 10.0580585385, 1.7234473455, 1.7234473455, 0, 0, 0, 0, 0, 0, 0, 0, 0, 0, 0, 0, 0, 0;Europe/Paris;37,0
2023-03-28T17:00:00Z;-1;9000003703;hourly;0,6363888889;1,6949152542;90,9934364392;19,0149496207;7,8485346431;1,6949152542;0,0000000000;28,1446286629;62,8488077763;3,2333767927;15,7815728280;3,0726630327;4,7758716104;1;1.5978712901, 3.5534176082, 31.0188295221, 44.5442432875, 14.2181029273, 3.4696640747, 0, 1.5978712901;1.5978712901, 0, 1.8626785849, 1.6907390232, 17.0608521846, 13.9579773374, 25.6909193572, 18.8533239303, 10.8366248809, 3.3814780465, 1.7789250514, 1.6907390232, 0, 0, 0, 0, 1.5978712901, 0, 0, 0, 0, 0, 0, 0, 0;Europe/Paris;39,5
2023-03-28T18:00:00Z;-1;9000003703;hourly;0,3888888889;0,0000000000;56,7297739928;13,2020962987;2,0000000000;0,0000000000;0,0000000000;19,1018670160;37,6279069767;8,8765149034;4,3255813953;2,0000000000;0,0000000000;1;0, 0, 32.5238458163, 48.7008937851, 18.7752603986, 0, 0, 0;0, 0, 0, 0, 14.4991801196, 18.0246656967, 29.3517171297, 19.3491766553, 15.2497748216, 3.525485577, 0, 0, 0, 0, 0, 0, 0, 0, 0, 0, 0, 0, 0, 0, 0;Europe/Paris;38,5
2023-03-29T03:00:00Z;-1;9000003703;hourly;0,0000000000;0,0000000000;0,0000000000;0,0000000000;0,0000000000;0,0000000000;0,0000000000;0,0000000000;0,0000000000;0,0000000000;0,0000000000;0,0000000000;0,0000000000;1;0, 0, 0, 0, 0, 0, 0, 0;0, 0, 0, 0, 0, 0, 0, 0, 0, 0, 0, 0, 0, 0, 0, 0, 0, 0, 0, 0, 0, 0, 0, 0, 0;Europe/Paris;NA
2023-03-29T04:00:00Z;-1;9000003703;hourly;0,0000000000;0,0000000000;0,0000000000;0,0000000000;0,0000000000;0,0000000000;0,0000000000;0,0000000000;0,0000000000;0,0000000000;0,0000000000;0,0000000000;0,0000000000;1;0, 0, 0, 0, 0, 0, 0, 0;0, 0, 0, 0, 0, 0, 0, 0, 0, 0, 0, 0, 0, 0, 0, 0, 0, 0, 0, 0, 0, 0, 0, 0, 0;Europe/Paris;NA
2023-03-29T05:00:00Z;-1;9000003703;hourly;0,0694444444;0,0000000000;230,4000000000;0,0000000000;0,0000000000;0,0000000000;0,0000000000;100,8000000000;129,6000000000;0,0000000000;0,0000000000;0,0000000000;0,0000000000;1;0, 6.25, 12.5, 62.5, 18.75, 0, 0, 0;0, 0, 0, 6.25, 0, 12.5, 43.75, 18.75, 18.75, 0, 0, 0, 0, 0, 0, 0, 0, 0, 0, 0, 0, 0, 0, 0, 0;Europe/Paris;38,5
2023-03-29T06:00:00Z;-1;9000003703;hourly;0,6288888889;30,5026925391;68,9024406343;25,6767990589;1,7341040462;6,6016545503;23,9010379889;49,1691321892;19,7333084451;22,3909708748;3,2858281842;1,7341040462;0,0000000000;1;4.7688124745, 7.0208722326, 37.7915072641, 35.9685936075, 11.933461705, 0, 2.5167527163, 0;2.2520597582, 2.5167527163, 2.2520597582, 4.7688124745, 7.064409416, 30.7270978481, 26.60858725, 9.3600063576, 9.4167089887, 2.5167527163, 0, 0, 0, 2.5167527163, 0, 0, 0, 0, 0, 0, 0, 0, 0, 0, 0;Europe/Paris;37,0
2023-03-29T07:00:00Z;-1;9000003703;hourly;0,5716666667;12,4976830399;46,9302002246;1,8072289157;5,1803339129;10,6904541242;1,8072289157;25,5939226428;21,3362775818;1,8072289157;0,0000000000;1,8072289157;3,3731049972;1;0, 3.8508868639, 14.7008308747, 62.5672422641, 18.8810399973, 0, 0, 0;0, 0, 0, 3.8508868639, 7.3504154373, 7.3504154373, 40.3965578648, 22.1706843993, 7.7956977977, 11.0853421996, 0, 0, 0, 0, 0, 0, 0, 0, 0, 0, 0, 0, 0, 0, 0;Europe/Paris;40,0
2023-03-29T08:00:00Z;-1;9000003703;hourly;0,6341666667;7,7942256735;44,7094099653;10,5188385817;1,5358361775;2,9752066116;4,8190190619;27,9511023789;16,7583075864;8,9830024042;1,5358361775;1,5358361775;0,0000000000;1;0, 6.6108343343, 34.930325951, 45.1934630506, 9.959959497, 0, 3.3054171671, 0;0, 0, 3.3054171671, 3.3054171671, 10.7785342406, 24.1517917104, 28.4929344159, 16.7005286347, 6.6326883321, 3.3272711649, 0, 0, 0, 3.3054171671, 0, 0, 0, 0, 0, 0, 0, 0, 0, 0, 0;Europe/Paris;37,0
2023-03-29T09:00:00Z;-1;9000003703;hourly;0,6080555556;6,4987470031;86,4702133866;13,3904613463;4,9012853660;4,7942015486;1,7045454545;48,1869276071;38,2832857795;3,2397974035;10,1506639428;3,3468812210;1,5544041451;1;0, 5.7179723102, 44.4788605847, 48.0055490766, 1.7976180285, 0, 0, 0;0, 0, 3.9203542818, 1.7976180285, 17.4811360378, 26.9977245469, 32.6692981864, 15.3362508902, 0, 1.7976180285, 0, 0, 0, 0, 0, 0, 0, 0, 0, 0, 0, 0, 0, 0, 0;Europe/Paris;33,0
2023-03-29T10:00:00Z;-1;9000003703;hourly;0,6008333333;18,5071835264;102,6059675169;32,9526292591;3,3242386003;13,5969110010;4,9102725255;34,7570150394;67,8489524775;13,4413402991;19,5112889600;1,6728624535;1,6513761468;1;0, 3.207968863, 22.4917978448, 57.9814040878, 11.3405837077, 1.6303754002, 3.3478700966, 0;0, 0, 1.6303754002, 1.5775934628, 8.0370908368, 14.454707008, 35.386538391, 22.5948656968, 8.0572138606, 3.283369847, 0, 1.6303754002, 3.3478700966, 0, 0, 0, 0, 0, 0, 0, 0, 0, 0, 0, 0;Europe/Paris;38,5
2023-03-29T11:00:00Z;-1;9000003703;hourly;0,6038888889;8,4012527581;93,0681912555;3,3956593256;6,6447673849;5,1638322136;3,2374205444;53,1114732540;39,9567180015;1,7681728880;1,6274864376;1,7681728880;4,8765944968;1;0, 1.8998681119, 32.4845346682, 51.5250840188, 12.3543680144, 1.7361451867, 0, 0;0, 0, 0, 1.8998681119, 5.3847164975, 27.0998181707, 30.1186138048, 21.406470214, 12.3543680144, 0, 1.7361451867, 0, 0, 0, 0, 0, 0, 0, 0, 0, 0, 0, 0, 0, 0;Europe/Paris;37,5
2023-03-29T12:00:00Z;-1;9000003703;hourly;0,5827777778;3,3286651931;91,0501492031;12,2883069198;2,0454545455;1,8556701031;1,4729950900;35,9617749454;55,0883742576;6,9141871813;5,3741197386;2,0454545455;0,0000000000;1;3.7969115052, 1.6177843781, 40.5422765462, 47.5718900582, 6.4711375123, 0, 0, 0;3.7969115052, 0, 1.6177843781, 0, 12.1576499789, 28.3846265673, 33.588016238, 13.9838738203, 3.2355687561, 3.2355687561, 0, 0, 0, 0, 0, 0, 0, 0, 0, 0, 0, 0, 0, 0, 0;Europe/Paris;34,5
2023-03-29T13:00:00Z;-1;9000003703;hourly;0,5688888889;10,8035935705;89,0366778386;3,6903996673;5,3665052596;3,4797128068;7,3238807636;49,5674291770;39,4692486616;3,6903996673;0,0000000000;1,5929203540;3,7735849057;1;0, 3.9081790688, 55.6824894525, 36.4218782806, 3.9874531981, 0, 0, 0;0, 0, 1.7890608597, 2.1191182091, 16.0740113065, 39.608478146, 21.8068704844, 14.6150077962, 3.9874531981, 0, 0, 0, 0, 0, 0, 0, 0, 0, 0, 0, 0, 0, 0, 0, 0;Europe/Paris;33,5
2023-03-29T14:00:00Z;-1;9000003703;hourly;0,6630555556;4,5763956828;122,8600151615;23,9170422011;2,9758651597;2,9663777937;1,6100178891;52,7950200030;70,0649951585;14,8622763385;9,0547658626;2,9758651597;0,0000000000;1;0, 7.2963546698, 48.4199431895, 33.22486216, 9.7483909408, 1.3104490399, 0, 0;0, 0, 3.696576119, 3.5997785508, 22.2412205105, 26.178722679, 25.9285074902, 7.2963546698, 7.3777080498, 2.3706828909, 0, 1.3104490399, 0, 0, 0, 0, 0, 0, 0, 0, 0, 0, 0, 0, 0;Europe/Paris;35,0
2023-03-29T15:00:00Z;-1;9000003703;hourly;0,6080555556;13,2116936865;151,2524868028;22,8515339449;6,5573498787;6,6793132029;6,5323804836;46,2188285740;105,0336582288;8,1474558858;14,7040780591;0,0000000000;6,5573498787;1;2.167674346, 9.8031424856, 41.4269546833, 36.9457911878, 7.4727176877, 2.1837196095, 0, 0;1.0512924717, 1.1163818743, 2.1351386266, 7.668003859, 11.9373368364, 29.489617847, 29.2457147654, 7.7000764224, 4.2537508699, 3.2189668178, 2.1837196095, 0, 0, 0, 0, 0, 0, 0, 0, 0, 0, 0, 0, 0, 0;Europe/Paris;34,0
2023-03-29T16:00:00Z;-1;9000003703;hourly;0,6052777778;8,3277398632;121,8220540226;11,7849090704;6,6407864924;5,0605647936;3,2671750696;46,1712338701;75,6508201525;3,3027522936;8,4821567768;0,0000000000;6,6407864924;1;5.5969974799, 9.4889493699, 40.7759995622, 36.0528954053, 6.729593987, 0, 0, 1.3555641957;4.1540629356, 1.4429345442, 1.3555641957, 8.1333851742, 13.730382654, 27.0456169082, 20.2680383479, 15.7848570574, 6.729593987, 0, 0, 0, 0, 0, 0, 1.3555641957, 0, 0, 0, 0, 0, 0, 0, 0, 0;Europe/Paris;35,5
2023-03-29T17:00:00Z;-1;9000003703;hourly;0,6408333333;4,5378151261;83,6066030907;7,4504364853;3,0252100840;0,0000000000;4,5378151261;47,6078695247;35,9987335660;4,4252264012;3,0252100840;3,0252100840;0,0000000000;1;5.9707856932, 4.0621509421, 28.0987557984, 50.2940583394, 11.5742492268, 0, 0, 0;1.9086347512, 4.0621509421, 0, 4.0621509421, 15.080970154, 13.0177856444, 28.0115384758, 22.2825198636, 7.6345390046, 3.9397102222, 0, 0, 0, 0, 0, 0, 0, 0, 0, 0, 0, 0, 0, 0, 0;Europe/Paris;36,5
2023-03-29T18:00:00Z;-1;9000003703;hourly;0,3094444444;0,0000000000;38,9904332270;0,0000000000;0,0000000000;0,0000000000;0,0000000000;12,0401337793;26,9502994478;0,0000000000;0,0000000000;0,0000000000;0,0000000000;1;0, 0, 15.4398563734, 33.3333333333, 42.2800718133, 8.94673848, 0, 0;0, 0, 0, 0, 7.7199281867, 7.7199281867, 16.6666666667, 16.6666666667, 34.5601436266, 7.7199281867, 0, 8.94673848, 0, 0, 0, 0, 0, 0, 0, 0, 0, 0, 0, 0, 0;Europe/Paris;43,5
2023-03-29T19:00:00Z;-1;9000003703;hourly;0,0000000000;0,0000000000;0,0000000000;0,0000000000;0,0000000000;0,0000000000;0,0000000000;0,0000000000;0,0000000000;0,0000000000;0,0000000000;0,0000000000;0,0000000000;1;0, 0, 0, 0, 0, 0, 0, 0;0, 0, 0, 0, 0, 0, 0, 0, 0, 0, 0, 0, 0, 0, 0, 0, 0, 0, 0, 0, 0, 0, 0, 0, 0;Europe/Paris;NA
2023-03-29T20:00:00Z;-1;9000003703;hourly;0,0000000000;0,0000000000;0,0000000000;0,0000000000;0,0000000000;0,0000000000;0,0000000000;0,0000000000;0,0000000000;0,0000000000;0,0000000000;0,0000000000;0,0000000000;1;0, 0, 0, 0, 0, 0, 0, 0;0, 0, 0, 0, 0, 0, 0, 0, 0, 0, 0, 0, 0, 0, 0, 0, 0, 0, 0, 0, 0, 0, 0, 0, 0;Europe/Paris;NA
2023-03-29T21:00:00Z;-1;9000003703;hourly;0,0000000000;0,0000000000;0,0000000000;0,0000000000;0,0000000000;0,0000000000;0,0000000000;0,0000000000;0,0000000000;0,0000000000;0,0000000000;0,0000000000;0,0000000000;1;0, 0, 0, 0, 0, 0, 0, 0;0, 0, 0, 0, 0, 0, 0, 0, 0, 0, 0, 0, 0, 0, 0, 0, 0, 0, 0, 0, 0, 0, 0, 0, 0;Europe/Paris;NA
2023-03-29T23:00:00Z;-1;9000003703;hourly;0,0000000000;0,0000000000;0,0000000000;0,0000000000;0,0000000000;0,0000000000;0,0000000000;0,0000000000;0,0000000000;0,0000000000;0,0000000000;0,0000000000;0,0000000000;1;0, 0, 0, 0, 0, 0, 0, 0;0, 0, 0, 0, 0, 0, 0, 0, 0, 0, 0, 0, 0, 0, 0, 0, 0, 0, 0, 0, 0, 0, 0, 0, 0;Europe/Paris;NA
2023-03-30T00:00:00Z;-1;9000003703;hourly;0,0000000000;0,0000000000;0,0000000000;0,0000000000;0,0000000000;0,0000000000;0,0000000000;0,0000000000;0,0000000000;0,0000000000;0,0000000000;0,0000000000;0,0000000000;1;0, 0, 0, 0, 0, 0, 0, 0;0, 0, 0, 0, 0, 0, 0, 0, 0, 0, 0, 0, 0, 0, 0, 0, 0, 0, 0, 0, 0, 0, 0, 0, 0;Europe/Paris;NA
2023-03-30T01:00:00Z;-1;9000003703;hourly;0,0000000000;0,0000000000;0,0000000000;0,0000000000;0,0000000000;0,0000000000;0,0000000000;0,0000000000;0,0000000000;0,0000000000;0,0000000000;0,0000000000;0,0000000000;1;0, 0, 0, 0, 0, 0, 0, 0;0, 0, 0, 0, 0, 0, 0, 0, 0, 0, 0, 0, 0, 0, 0, 0, 0, 0, 0, 0, 0, 0, 0, 0, 0;Europe/Paris;NA
2023-03-30T02:00:00Z;-1;9000003703;hourly;0,0000000000;0,0000000000;0,0000000000;0,0000000000;0,0000000000;0,0000000000;0,0000000000;0,0000000000;0,0000000000;0,0000000000;0,0000000000;0,0000000000;0,0000000000;1;0, 0, 0, 0, 0, 0, 0, 0;0, 0, 0, 0, 0, 0, 0, 0, 0, 0, 0, 0, 0, 0, 0, 0, 0, 0, 0, 0, 0, 0, 0, 0, 0;Europe/Paris;NA
2023-03-30T03:00:00Z;-1;9000003703;hourly;0,0000000000;0,0000000000;0,0000000000;0,0000000000;0,0000000000;0,0000000000;0,0000000000;0,0000000000;0,0000000000;0,0000000000;0,0000000000;0,0000000000;0,0000000000;1;0, 0, 0, 0, 0, 0, 0, 0;0, 0, 0, 0, 0, 0, 0, 0, 0, 0, 0, 0, 0, 0, 0, 0, 0, 0, 0, 0, 0, 0, 0, 0, 0;Europe/Paris;NA
2023-03-30T04:00:00Z;-1;9000003703;hourly;0,0000000000;0,0000000000;0,0000000000;0,0000000000;0,0000000000;0,0000000000;0,0000000000;0,0000000000;0,0000000000;0,0000000000;0,0000000000;0,0000000000;0,0000000000;1;0, 0, 0, 0, 0, 0, 0, 0;0, 0, 0, 0, 0, 0, 0, 0, 0, 0, 0, 0, 0, 0, 0, 0, 0, 0, 0, 0, 0, 0, 0, 0, 0;Europe/Paris;NA
2023-03-30T05:00:00Z;-1;9000003703;hourly;0,1225000000;5,6074766355;108,6448598131;26,2149532710;0,0000000000;0,0000000000;5,6074766355;88,0373831776;20,6074766355;11,2149532710;15,0000000000;0,0000000000;0,0000000000;1;5.1612903226, 0, 29.2903225806, 37.935483871, 27.6129032258, 0, 0, 0;5.1612903226, 0, 0, 0, 10.3225806452, 18.9677419355, 13.8064516129, 24.1290322581, 0, 27.6129032258, 0, 0, 0, 0, 0, 0, 0, 0, 0, 0, 0, 0, 0, 0, 0;Europe/Paris;45,0
2023-03-30T06:00:00Z;-1;9000003703;hourly;0,6513888889;19,2004074357;180,5353714768;61,9912644772;4,8014361566;4,7788812495;14,4215261862;131,0521818933;49,4831895835;42,8026169529;19,1886475242;3,1971580817;1,6042780749;1;7.9568328201, 15.10342711, 33.6076663709, 34.4929317814, 4.4117459158, 3.5387734224, 0.8886225795, 0;5.3003684952, 2.6564643249, 4.4431128973, 10.6603142126, 14.1395772222, 19.4680891487, 19.4554621849, 15.0374695965, 3.5325267498, 0.8792191659, 1.7646850044, 1.774088418, 0.8886225795, 0, 0, 0, 0, 0, 0, 0, 0, 0, 0, 0, 0;Europe/Paris;35,5
2023-03-30T07:00:00Z;-1;9000003703;hourly;0,6330555556;2,9530946137;29,7854009074;11,0294309325;1,6157989228;0,0000000000;2,9530946137;14,2610287781;15,5243721293;4,4289773468;6,6004535857;1,6157989228;0,0000000000;1;23.095062037, 15.339372301, 24.3189102639, 25.9317669459, 5.4248016598, 5.8900867924, 0, 0;23.095062037, 0, 5.4248016598, 9.9145706412, 5.4248016598, 18.8941086041, 9.9145706412, 16.0171963046, 0, 5.4248016598, 5.8900867924, 0, 0, 0, 0, 0, 0, 0, 0, 0, 0, 0, 0, 0, 0;Europe/Paris;36,5
2023-03-30T08:00:00Z;-1;9000003703;hourly;0,6047222222;6,6296318678;30,9410337765;3,4615384615;0,0000000000;0,0000000000;6,6296318678;16,2645321620;14,6765016145;0,0000000000;3,4615384615;0,0000000000;0,0000000000;1;37.1554799474, 5.0675238009, 37.3636494919, 5.0675238009, 15.3458229589, 0, 0, 0;37.1554799474, 0, 5.0675238009, 0, 10.278299158, 27.0853503338, 5.0675238009, 0, 15.3458229589, 0, 0, 0, 0, 0, 0, 0, 0, 0, 0, 0, 0, 0, 0, 0, 0;Europe/Paris;32,5
2023-03-30T09:00:00Z;-1;9000003703;hourly;0,5575000000;9,0695450559;32,2712289458;5,3192322144;0,0000000000;3,6148222228;5,4547228331;7,2439872466;25,0272416992;1,7578125000;3,5614197144;0,0000000000;0,0000000000;1;11.1039164804, 5.588901549, 33.3176169729, 28.059675912, 21.9298890857, 0, 0, 0;11.1039164804, 0, 5.588901549, 0, 22.2137004925, 11.1039164804, 11.2013776386, 16.8582982734, 21.9298890857, 0, 0, 0, 0, 0, 0, 0, 0, 0, 0, 0, 0, 0, 0, 0, 0;Europe/Paris;39,0
2023-03-30T10:00:00Z;-1;9000003703;hourly;0,5741666667;12,2423852631;36,5941257699;1,7857142857;0,0000000000;5,2507416324;6,9916436306;6,9916436306;29,6024821392;1,7857142857;0,0000000000;0,0000000000;0,0000000000;1;14.3396172848, 4.7663006284, 18.8558729177, 42.8098336577, 19.2283755114, 0, 0, 0;14.3396172848, 0, 0, 4.7663006284, 0, 18.8558729177, 28.5747254713, 14.2351081864, 14.3485915347, 4.8797839767, 0, 0, 0, 0, 0, 0, 0, 0, 0, 0, 0, 0, 0, 0, 0;Europe/Paris;39,0
2023-03-30T11:00:00Z;-1;9000003703;hourly;0,5505555556;17,9063573571;32,3175690832;7,4770106554;1,7475728155;6,9107054034;10,9956519538;8,6582782189;23,6592908643;0,0000000000;7,4770106554;1,7475728155;0,0000000000;1;32.6186730984, 5.9505618078, 5.9001333179, 33.4806984349, 10.8150016546, 11.2349316865, 0, 0;27.2111722711, 5.4075008273, 5.9505618078, 0, 0, 5.9001333179, 27.580565117, 5.9001333179, 10.8150016546, 0, 11.2349316865, 0, 0, 0, 0, 0, 0, 0, 0, 0, 0, 0, 0, 0, 0;Europe/Paris;41,0
2023-03-30T12:00:00Z;-1;9000003703;hourly;0,5683333333;8,4563461005;29,6527388500;12,4734372844;7,0021141649;5,0780462367;3,3782998637;12,0378725922;17,6148662578;9,1162323479;3,3572049366;7,0021141649;0,0000000000;1;11.0368465095, 0, 42.6348226248, 29.4881711821, 16.8401596837, 0, 0, 0;11.0368465095, 0, 0, 0, 12.6480114984, 29.9868111264, 29.4881711821, 0, 5.5184232547, 11.3217364289, 0, 0, 0, 0, 0, 0, 0, 0, 0, 0, 0, 0, 0, 0, 0;Europe/Paris;39,0
2023-03-30T13:00:00Z;-1;9000003703;hourly;0,5808333333;5,4325955734;57,4589447226;13,6776405973;1,7077798861;1,8108651911;3,6217303823;20,5277955070;36,9311492156;3,3063589270;10,3712816703;0,0000000000;1,7077798861;1;12.5625520865, 15.2571320818, 41.7953623313, 18.1374432327, 12.2475102677, 0, 0, 0;6.259390064, 6.3031620225, 6.2156181055, 9.0415139763, 14.7958120111, 26.9995503203, 14.9858622214, 3.1515810113, 9.2753361451, 2.9721741226, 0, 0, 0, 0, 0, 0, 0, 0, 0, 0, 0, 0, 0, 0, 0;Europe/Paris;33,0
2023-03-30T14:00:00Z;-1;9000003703;hourly;0,6211111111;6,4539357185;119,9647103332;50,9716946148;6,5706934069;3,2681892333;3,1857464852;43,0942602140;76,8704501193;23,5813804298;27,3903141850;3,3025041736;3,2681892333;1;4.5013237518, 5.9330425024, 27.3590389852, 38.2694221625, 18.1415750959, 4.3638787517, 0, 1.4317187506;1.5004412506, 3.0008825012, 1.5004412506, 4.4326012518, 14.9025202751, 12.4565187101, 27.6471434062, 10.6222787563, 9.5930812089, 8.548493887, 4.3638787517, 0, 0, 0, 0, 0, 0, 1.4317187506, 0, 0, 0, 0, 0, 0, 0;Europe/Paris;42,0
2023-03-30T15:00:00Z;-1;9000003703;hourly;0,6352777778;14,4815666002;120,4029282655;10,8935570721;6,3098415391;9,6601073345;4,8214592657;35,9289507950;84,4739774705;7,8037513112;3,0898057609;1,6100178891;4,6998236500;1;6.3216404216, 3.9972988477, 28.7381456962, 45.3318099161, 12.9438598754, 1.3371916383, 0, 1.3300536047;6.3216404216, 0, 2.667245243, 1.3300536047, 6.4742253548, 22.2639203414, 29.7794039625, 15.5524059535, 11.6959631712, 1.2478967042, 1.3371916383, 0, 0, 0, 0, 0, 0, 0, 0, 0, 0, 0, 0, 1.3300536047, 0;Europe/Paris;38,0
2023-03-30T16:00:00Z;-1;9000003703;hourly;0,6233333333;8,0056069473;91,3911860537;11,1120142699;4,7368421053;1,5873015873;6,4183053600;19,3240298160;72,0671562376;1,5873015873;9,5247126826;0,0000000000;4,7368421053;1;14.1295311101, 1.7368213017, 24.5890161601, 36.6919343964, 22.8526970316, 0, 0, 0;12.3551569153, 1.7743741948, 0, 1.7368213017, 10.5904260586, 13.9985901016, 20.9179657536, 15.7739686429, 14.0549274973, 8.7977695343, 0, 0, 0, 0, 0, 0, 0, 0, 0, 0, 0, 0, 0, 0, 0;Europe/Paris;40,5
2023-03-30T17:00:00Z;-1;9000003703;hourly;0,5175000000;8,1478514425;113,4073684427;1,7077798861;1,7077798861;1,6100178891;6,5378335534;61,5932981370;51,8140703056;1,7077798861;0,0000000000;1,7077798861;0,0000000000;1;2.8393532293, 5.9373192765, 55.3408715829, 34.4627792966, 1.4196766147, 0, 0, 0;2.8393532293, 0, 1.5058808873, 4.4314383892, 7.3394380532, 48.0014335297, 28.4392557475, 6.0235235491, 1.4196766147, 0, 0, 0, 0, 0, 0, 0, 0, 0, 0, 0, 0, 0, 0, 0, 0;Europe/Paris;31,0
2023-03-30T18:00:00Z;-1;9000003703;hourly;0,1255555556;0,0000000000;24,5672575600;0,0000000000;0,0000000000;0,0000000000;0,0000000000;5,7142857143;18,8529718457;0,0000000000;0,0000000000;0,0000000000;0,0000000000;1;0, 0, 53.480475382, 46.519524618, 0, 0, 0, 0;0, 0, 0, 0, 0, 53.480475382, 46.519524618, 0, 0, 0, 0, 0, 0, 0, 0, 0, 0, 0, 0, 0, 0, 0, 0, 0, 0;Europe/Paris;31,0
2023-03-30T19:00:00Z;-1;9000003703;hourly;0,0000000000;0,0000000000;0,0000000000;0,0000000000;0,0000000000;0,0000000000;0,0000000000;0,0000000000;0,0000000000;0,0000000000;0,0000000000;0,0000000000;0,0000000000;1;0, 0, 0, 0, 0, 0, 0, 0;0, 0, 0, 0, 0, 0, 0, 0, 0, 0, 0, 0, 0, 0, 0, 0, 0, 0, 0, 0, 0, 0, 0, 0, 0;Europe/Paris;NA
2023-03-30T20:00:00Z;-1;9000003703;hourly;0,0000000000;0,0000000000;0,0000000000;0,0000000000;0,0000000000;0,0000000000;0,0000000000;0,0000000000;0,0000000000;0,0000000000;0,0000000000;0,0000000000;0,0000000000;1;0, 0, 0, 0, 0, 0, 0, 0;0, 0, 0, 0, 0, 0, 0, 0, 0, 0, 0, 0, 0, 0, 0, 0, 0, 0, 0, 0, 0, 0, 0, 0, 0;Europe/Paris;NA
2023-03-30T21:00:00Z;-1;9000003703;hourly;0,0000000000;0,0000000000;0,0000000000;0,0000000000;0,0000000000;0,0000000000;0,0000000000;0,0000000000;0,0000000000;0,0000000000;0,0000000000;0,0000000000;0,0000000000;1;0, 0, 0, 0, 0, 0, 0, 0;0, 0, 0, 0, 0, 0, 0, 0, 0, 0, 0, 0, 0, 0, 0, 0, 0, 0, 0, 0, 0, 0, 0, 0, 0;Europe/Paris;NA
2023-03-30T23:00:00Z;-1;9000003703;hourly;0,0000000000;0,0000000000;0,0000000000;0,0000000000;0,0000000000;0,0000000000;0,0000000000;0,0000000000;0,0000000000;0,0000000000;0,0000000000;0,0000000000;0,0000000000;1;0, 0, 0, 0, 0, 0, 0, 0;0, 0, 0, 0, 0, 0, 0, 0, 0, 0, 0, 0, 0, 0, 0, 0, 0, 0, 0, 0, 0, 0, 0, 0, 0;Europe/Paris;NA
2023-03-31T00:00:00Z;-1;9000003703;hourly;0,0000000000;0,0000000000;0,0000000000;0,0000000000;0,0000000000;0,0000000000;0,0000000000;0,0000000000;0,0000000000;0,0000000000;0,0000000000;0,0000000000;0,0000000000;1;0, 0, 0, 0, 0, 0, 0, 0;0, 0, 0, 0, 0, 0, 0, 0, 0, 0, 0, 0, 0, 0, 0, 0, 0, 0, 0, 0, 0, 0, 0, 0, 0;Europe/Paris;NA
2023-03-31T01:00:00Z;-1;9000003703;hourly;0,0000000000;0,0000000000;0,0000000000;0,0000000000;0,0000000000;0,0000000000;0,0000000000;0,0000000000;0,0000000000;0,0000000000;0,0000000000;0,0000000000;0,0000000000;1;0, 0, 0, 0, 0, 0, 0, 0;0, 0, 0, 0, 0, 0, 0, 0, 0, 0, 0, 0, 0, 0, 0, 0, 0, 0, 0, 0, 0, 0, 0, 0, 0;Europe/Paris;NA
2023-03-31T02:00:00Z;-1;9000003703;hourly;0,0000000000;0,0000000000;0,0000000000;0,0000000000;0,0000000000;0,0000000000;0,0000000000;0,0000000000;0,0000000000;0,0000000000;0,0000000000;0,0000000000;0,0000000000;1;0, 0, 0, 0, 0, 0, 0, 0;0, 0, 0, 0, 0, 0, 0, 0, 0, 0, 0, 0, 0, 0, 0, 0, 0, 0, 0, 0, 0, 0, 0, 0, 0;Europe/Paris;NA
2023-03-31T03:00:00Z;-1;9000003703;hourly;0,0000000000;0,0000000000;0,0000000000;0,0000000000;0,0000000000;0,0000000000;0,0000000000;0,0000000000;0,0000000000;0,0000000000;0,0000000000;0,0000000000;0,0000000000;1;0, 0, 0, 0, 0, 0, 0, 0;0, 0, 0, 0, 0, 0, 0, 0, 0, 0, 0, 0, 0, 0, 0, 0, 0, 0, 0, 0, 0, 0, 0, 0, 0;Europe/Paris;NA
2023-03-31T04:00:00Z;-1;9000003703;hourly;0,0000000000;0,0000000000;0,0000000000;0,0000000000;0,0000000000;0,0000000000;0,0000000000;0,0000000000;0,0000000000;0,0000000000;0,0000000000;0,0000000000;0,0000000000;1;0, 0, 0, 0, 0, 0, 0, 0;0, 0, 0, 0, 0, 0, 0, 0, 0, 0, 0, 0, 0, 0, 0, 0, 0, 0, 0, 0, 0, 0, 0, 0, 0;Europe/Paris;NA
2023-03-31T05:00:00Z;-1;9000003703;hourly;0,0000000000;0,0000000000;0,0000000000;0,0000000000;0,0000000000;0,0000000000;0,0000000000;0,0000000000;0,0000000000;0,0000000000;0,0000000000;0,0000000000;0,0000000000;1;0, 0, 0, 0, 0, 0, 0, 0;0, 0, 0, 0, 0, 0, 0, 0, 0, 0, 0, 0, 0, 0, 0, 0, 0, 0, 0, 0, 0, 0, 0, 0, 0;Europe/Paris;NA
2023-03-31T06:00:00Z;-1;9000003703;hourly;0,5416666667;24,7416081647;114,8765632566;18,3229427745;0,0000000000;7,3503038169;17,3913043478;64,3460212342;50,5305420224;18,3229427745;0,0000000000;0,0000000000;0,0000000000;1;14.4963683275, 0, 25.9034094068, 48.1752835973, 4.9367766396, 4.9054355207, 1.582726508, 0;10.0216634553, 4.4747048722, 0, 0, 11.5238101364, 14.3795992704, 36.9702831635, 11.2050004338, 3.0443862496, 1.89239039, 3.3540501316, 1.5513853891, 1.582726508, 0, 0, 0, 0, 0, 0, 0, 0, 0, 0, 0, 0;Europe/Paris;36,0
2023-03-31T07:00:00Z;-1;9000003703;hourly;0,5819444444;1,8672199170;51,5440306008;3,2584166770;0,0000000000;1,8672199170;0,0000000000;22,9447891650;28,5992414358;1,7013232514;1,5570934256;0,0000000000;0,0000000000;1;17.2973327065, 13.2869443957, 20.3602679232, 42.583804401, 6.4716505737, 0, 0, 0;13.8465817548, 3.4507509517, 0, 13.2869443957, 3.020899622, 17.3393683011, 29.5107172241, 13.0730871769, 6.4716505737, 0, 0, 0, 0, 0, 0, 0, 0, 0, 0, 0, 0, 0, 0, 0, 0;Europe/Paris;34,0
2023-03-31T08:00:00Z;-1;9000003703;hourly;0,5325000000;5,2584586466;14,9257081658;1,8750000000;0,0000000000;1,6917293233;3,5667293233;3,5667293233;11,3589788425;0,0000000000;1,8750000000;0,0000000000;0,0000000000;1;11.3343320432, 12.6944518884, 40.6081000936, 22.6686640864, 12.6944518884, 0, 0, 0;11.3343320432, 0, 0, 12.6944518884, 26.5851590541, 14.0229410395, 22.6686640864, 0, 12.6944518884, 0, 0, 0, 0, 0, 0, 0, 0, 0, 0, 0, 0, 0, 0, 0, 0;Europe/Paris;32,0
2023-03-31T09:00:00Z;-1;9000003703;hourly;0,5719444444;8,7263003097;45,2391422232;1,7928286853;0,0000000000;5,2027023936;3,5235979160;17,2979471596;27,9411950635;0,0000000000;1,7928286853;0,0000000000;0,0000000000;1;27.2698945575, 0, 34.7455608473, 34.2729258617, 3.7116187335, 0, 0, 0;19.3280676468, 7.9418269107, 0, 0, 15.3032895472, 19.4422713002, 15.4634476586, 18.809478203, 0, 3.7116187335, 0, 0, 0, 0, 0, 0, 0, 0, 0, 0, 0, 0, 0, 0, 0;Europe/Paris;34,5
2023-03-31T10:00:00Z;-1;9000003703;hourly;0,6080555556;9,5899253813;68,9048797649;4,9132164165;1,6759776536;4,8158410151;4,7740843662;16,3738702541;52,5310095108;1,6333938294;3,2798225871;1,6759776536;0,0000000000;1;7.1127163711, 0, 21.1275796787, 52.6342251958, 19.1254787544, 0, 0, 0;4.8646123739, 2.2481039972, 0, 0, 6.7443119917, 14.383267687, 23.8046884788, 28.829536717, 11.933244681, 7.1922340734, 0, 0, 0, 0, 0, 0, 0, 0, 0, 0, 0, 0, 0, 0, 0;Europe/Paris;39,0
2023-03-31T11:00:00Z;-1;9000003703;hourly;0,5477777778;0,0000000000;51,4188517071;3,7169159954;3,7169159954;0,0000000000;0,0000000000;26,0960980391;25,3227536680;1,8181818182;1,8987341772;1,8181818182;1,8987341772;1;24.8950994344, 3.3725063642, 32.6919255951, 35.6679622421, 0, 3.3725063642, 0, 0;14.137231032, 10.7578684024, 0, 3.3725063642, 18.2304508383, 14.4614747568, 14.2979592967, 21.3700029454, 0, 0, 3.3725063642, 0, 0, 0, 0, 0, 0, 0, 0, 0, 0, 0, 0, 0, 0;Europe/Paris;35,0
2023-03-31T12:00:00Z;-1;9000003703;hourly;0,5238888889;9,4939288279;29,2913287661;4,1958041958;3,5573122530;3,8387144770;5,6552143509;8,3674390126;20,9238897535;0,0000000000;4,1958041958;3,5573122530;0,0000000000;1;13.1052930636, 0, 27.3471693885, 26.2572701423, 33.2902674057, 0, 0, 0;7.1621950464, 5.9430980172, 0, 0, 0, 27.3471693885, 14.2418763249, 12.0153938174, 26.2105861271, 7.0796812785, 0, 0, 0, 0, 0, 0, 0, 0, 0, 0, 0, 0, 0, 0, 0;Europe/Paris;41,0
2023-03-31T13:00:00Z;-1;9000003703;hourly;0,5477777778;11,2196359205;41,8718974549;15,1965926945;0,0000000000;9,2284854780;1,9911504425;19,8773927029;21,9945047520;7,5557552242;7,6408374703;0,0000000000;0,0000000000;1;17.8417349871, 4.3687255746, 38.7867899492, 34.8046772573, 0, 0, 0, 4.1980722318;17.8417349871, 0, 0, 4.3687255746, 12.7648700383, 26.0219199109, 8.9208674936, 25.8838097637, 0, 0, 0, 0, 0, 0, 0, 0, 0, 0, 0, 0, 0, 0, 4.1980722318, 0, 0;Europe/Paris;35,5
2023-03-31T14:00:00Z;-1;9000003703;hourly;0,5233333333;23,0125519246;98,5284432715;72,2175114388;3,7697368421;17,2424605022;5,7700914224;24,5595651067;73,9688781649;38,1284426129;34,0890688259;1,8750000000;1,8947368421;1;7.6520783582, 17.3047504339, 42.1815051169, 27.1038597817, 3.8548025291, 1.9030037802, 0, 0;5.7290429592, 1.9230353989, 7.6808417081, 9.6239087258, 19.1285012465, 23.0530038704, 11.498149156, 15.6057106258, 3.8548025291, 0, 0, 1.9030037802, 0, 0, 0, 0, 0, 0, 0, 0, 0, 0, 0, 0, 0;Europe/Paris;34,5
2023-03-31T15:00:00Z;-1;9000003703;hourly;0,5438888889;11,7383634563;117,8509132730;20,6951576963;2,1428571429;8,2430875576;3,4952758987;36,6148599542;81,2360533189;16,0157816131;4,6793760832;2,1428571429;0,0000000000;1;9.7843876336, 15.9099318616, 27.2562778721, 34.7939176586, 10.9319551138, 1.3235298602, 0, 0;6.3237941596, 3.460593474, 8.6368201534, 7.2731117082, 8.4608577734, 18.7954200987, 20.5843709624, 14.2095466961, 6.1076531945, 4.8243019193, 1.3235298602, 0, 0, 0, 0, 0, 0, 0, 0, 0, 0, 0, 0, 0, 0;Europe/Paris;36,5
2023-03-31T16:00:00Z;-1;9000003703;hourly;0,5802777778;10,0335422675;95,0694407836;8,5936128258;1,6274864376;0,0000000000;10,0335422675;28,1847369327;66,8847038509;3,6437246964;4,9498881295;0,0000000000;1,6274864376;1;14.5201380633, 9.4482144556, 33.2181345244, 35.6833885588, 7.1301243979, 0, 0, 0;10.891896688, 3.6282413753, 7.5318653815, 1.9163490741, 13.0824801536, 20.1356543708, 17.9439226658, 17.739465893, 3.4947104606, 3.6354139374, 0, 0, 0, 0, 0, 0, 0, 0, 0, 0, 0, 0, 0, 0, 0;Europe/Paris;35,5
2023-03-31T17:00:00Z;-1;9000003703;hourly;0,5752777778;6,9161663462;116,9052471830;14,0298338026;3,5902733630;3,4580831731;3,4580831731;67,8738450311;49,0314021519;12,2441195168;1,7857142857;3,5902733630;0,0000000000;1;0, 4.4884664065, 33.161080171, 54.6206074253, 6.1392380671, 1.59060793, 0, 0;0, 0, 1.5274885677, 2.9609778388, 8.976932813, 24.184147358, 24.4895357187, 30.1310717066, 4.7718237899, 1.3674142773, 1.59060793, 0, 0, 0, 0, 0, 0, 0, 0, 0, 0, 0, 0, 0, 0;Europe/Paris;36,5
2023-03-31T18:00:00Z;-1;9000003703;hourly;0,3836111111;0,0000000000;24,5190394806;0,0000000000;0,0000000000;0,0000000000;0,0000000000;8,0562536262;16,4627858544;0,0000000000;0,0000000000;0,0000000000;0,0000000000;1;0, 22.4881596575, 32.8571338719, 44.6547064706, 0, 0, 0, 0;0, 0, 0, 22.4881596575, 10.3689742144, 22.4881596575, 35.7237651765, 8.9309412941, 0, 0, 0, 0, 0, 0, 0, 0, 0, 0, 0, 0, 0, 0, 0, 0, 0;Europe/Paris;31,5
2023-03-31T19:00:00Z;-1;9000003703;hourly;0,0000000000;0,0000000000;0,0000000000;0,0000000000;0,0000000000;0,0000000000;0,0000000000;0,0000000000;0,0000000000;0,0000000000;0,0000000000;0,0000000000;0,0000000000;1;0, 0, 0, 0, 0, 0, 0, 0;0, 0, 0, 0, 0, 0, 0, 0, 0, 0, 0, 0, 0, 0, 0, 0, 0, 0, 0, 0, 0, 0, 0, 0, 0;Europe/Paris;NA
2023-03-31T20:00:00Z;-1;9000003703;hourly;0,0000000000;0,0000000000;0,0000000000;0,0000000000;0,0000000000;0,0000000000;0,0000000000;0,0000000000;0,0000000000;0,0000000000;0,0000000000;0,0000000000;0,0000000000;1;0, 0, 0, 0, 0, 0, 0, 0;0, 0, 0, 0, 0, 0, 0, 0, 0, 0, 0, 0, 0, 0, 0, 0, 0, 0, 0, 0, 0, 0, 0, 0, 0;Europe/Paris;NA
2023-03-31T21:00:00Z;-1;9000003703;hourly;0,0000000000;0,0000000000;0,0000000000;0,0000000000;0,0000000000;0,0000000000;0,0000000000;0,0000000000;0,0000000000;0,0000000000;0,0000000000;0,0000000000;0,0000000000;1;0, 0, 0, 0, 0, 0, 0, 0;0, 0, 0, 0, 0, 0, 0, 0, 0, 0, 0, 0, 0, 0, 0, 0, 0, 0, 0, 0, 0, 0, 0, 0, 0;Europe/Paris;NA
2023-03-31T23:00:00Z;-1;9000003703;hourly;0,0000000000;0,0000000000;0,0000000000;0,0000000000;0,0000000000;0,0000000000;0,0000000000;0,0000000000;0,0000000000;0,0000000000;0,0000000000;0,0000000000;0,0000000000;1;0, 0, 0, 0, 0, 0, 0, 0;0, 0, 0, 0, 0, 0, 0, 0, 0, 0, 0, 0, 0, 0, 0, 0, 0, 0, 0, 0, 0, 0, 0, 0, 0;Europe/Paris;NA
2023-04-01T00:00:00Z;-1;9000003703;hourly;0,0000000000;0,0000000000;0,0000000000;0,0000000000;0,0000000000;0,0000000000;0,0000000000;0,0000000000;0,0000000000;0,0000000000;0,0000000000;0,0000000000;0,0000000000;1;0, 0, 0, 0, 0, 0, 0, 0;0, 0, 0, 0, 0, 0, 0, 0, 0, 0, 0, 0, 0, 0, 0, 0, 0, 0, 0, 0, 0, 0, 0, 0, 0;Europe/Paris;NA
2023-04-01T01:00:00Z;-1;9000003703;hourly;0,0000000000;0,0000000000;0,0000000000;0,0000000000;0,0000000000;0,0000000000;0,0000000000;0,0000000000;0,0000000000;0,0000000000;0,0000000000;0,0000000000;0,0000000000;1;0, 0, 0, 0, 0, 0, 0, 0;0, 0, 0, 0, 0, 0, 0, 0, 0, 0, 0, 0, 0, 0, 0, 0, 0, 0, 0, 0, 0, 0, 0, 0, 0;Europe/Paris;NA
2023-04-01T02:00:00Z;-1;9000003703;hourly;0,0000000000;0,0000000000;0,0000000000;0,0000000000;0,0000000000;0,0000000000;0,0000000000;0,0000000000;0,0000000000;0,0000000000;0,0000000000;0,0000000000;0,0000000000;1;0, 0, 0, 0, 0, 0, 0, 0;0, 0, 0, 0, 0, 0, 0, 0, 0, 0, 0, 0, 0, 0, 0, 0, 0, 0, 0, 0, 0, 0, 0, 0, 0;Europe/Paris;NA
2023-04-01T03:00:00Z;-1;9000003703;hourly;0,0000000000;0,0000000000;0,0000000000;0,0000000000;0,0000000000;0,0000000000;0,0000000000;0,0000000000;0,0000000000;0,0000000000;0,0000000000;0,0000000000;0,0000000000;1;0, 0, 0, 0, 0, 0, 0, 0;0, 0, 0, 0, 0, 0, 0, 0, 0, 0, 0, 0, 0, 0, 0, 0, 0, 0, 0, 0, 0, 0, 0, 0, 0;Europe/Paris;NA
2023-04-01T04:00:00Z;-1;9000003703;hourly;0,0000000000;0,0000000000;0,0000000000;0,0000000000;0,0000000000;0,0000000000;0,0000000000;0,0000000000;0,0000000000;0,0000000000;0,0000000000;0,0000000000;0,0000000000;1;0, 0, 0, 0, 0, 0, 0, 0;0, 0, 0, 0, 0, 0, 0, 0, 0, 0, 0, 0, 0, 0, 0, 0, 0, 0, 0, 0, 0, 0, 0, 0, 0;Europe/Paris;NA
2023-04-01T05:00:00Z;-1;9000003703;hourly;0,1400000000;0,0000000000;4,5340050378;0,0000000000;0,0000000000;0,0000000000;0,0000000000;4,5340050378;0,0000000000;0,0000000000;0,0000000000;0,0000000000;0,0000000000;1;0, 0, 0, 100, 0, 0, 0, 0;0, 0, 0, 0, 0, 0, 0, 100, 0, 0, 0, 0, 0, 0, 0, 0, 0, 0, 0, 0, 0, 0, 0, 0, 0;Europe/Paris;36,5
2023-04-01T06:00:00Z;-1;9000003703;hourly;0,6441666667;1,5202702703;17,1113240648;6,1852203614;0,0000000000;1,5202702703;0,0000000000;10,8970201263;6,2143039385;3,0926101807;3,0926101807;0,0000000000;0,0000000000;1;0, 0, 36.3169087032, 36.7250345532, 26.9580567436, 0, 0, 0;0, 0, 0, 0, 8.7807592676, 27.5361494356, 27.4323228902, 9.292711663, 26.9580567436, 0, 0, 0, 0, 0, 0, 0, 0, 0, 0, 0, 0, 0, 0, 0, 0;Europe/Paris;39,5
2023-04-01T07:00:00Z;-1;9000003703;hourly;0,6386111111;0,0000000000;31,3342661468;4,5978738310;1,5873015873;0,0000000000;0,0000000000;15,5355061092;15,7987600375;3,0724501022;1,5254237288;0,0000000000;1,5873015873;1;14.8380737099, 5.358684546, 25.8814535403, 29.6402363749, 19.4133231566, 4.8682286723, 0, 0;4.7396945819, 10.0983791279, 0, 5.358684546, 0, 25.8814535403, 5.0657053204, 24.5745310545, 9.4793891639, 9.9339339927, 0, 4.8682286723, 0, 0, 0, 0, 0, 0, 0, 0, 0, 0, 0, 0, 0;Europe/Paris;42,5
2023-04-01T08:00:00Z;-1;9000003703;hourly;0,6394444444;6,2348178138;76,7877400966;10,9688946872;7,7705141204;3,1174089069;3,1174089069;31,3510705524;45,4366695442;6,2753036437;4,6935910435;4,6531052135;3,1174089069;1;16.4213728643, 4.0597742595, 24.4140534376, 28.5569395182, 18.3336661307, 8.2141937897, 0, 0;14.365123564, 2.0562493003, 0, 4.0597742595, 8.182158674, 16.2318947637, 16.2766867923, 12.280252726, 14.2247686673, 4.1088974634, 4.1052963263, 4.1088974634, 0, 0, 0, 0, 0, 0, 0, 0, 0, 0, 0, 0, 0;Europe/Paris;41,5
2023-04-01T09:00:00Z;-1;9000003703;hourly;0,6177777778;11,7596947334;57,7053363526;4,7011058930;3,2072885132;1,6393442623;10,1203504712;30,3517981042;27,3535382484;1,5679442509;3,1331616422;1,5679442509;1,6393442623;1;5.8059983531, 2.8408884965, 30.741647249, 38.7599334501, 13.7000631941, 8.1514692573, 0, 0;2.8408884965, 2.9651098566, 0, 2.8408884965, 22.2232179662, 8.5184292828, 16.788905128, 21.9710283221, 8.2752013347, 5.4248618594, 2.7171564191, 5.4343128382, 0, 0, 0, 0, 0, 0, 0, 0, 0, 0, 0, 0, 0;Europe/Paris;41,5
2023-04-01T10:00:00Z;-1;9000003703;hourly;0,6177777778;1,6544117647;83,0055658824;1,5358361775;1,6544117647;1,6544117647;0,0000000000;32,7181596697;50,2874062128;0,0000000000;1,5358361775;0,0000000000;1,6544117647;1;13.7290391756, 9.800912506, 9.9438183707, 43.3884382922, 19.1733738725, 3.9644177831, 0, 0;13.7290391756, 0, 1.9858326738, 7.8150798322, 1.9931335292, 7.9506848415, 27.6226736185, 15.7657646737, 11.3655416048, 7.8078322677, 3.9644177831, 0, 0, 0, 0, 0, 0, 0, 0, 0, 0, 0, 0, 0, 0;Europe/Paris;41,0
2023-04-01T11:00:00Z;-1;9000003703;hourly;0,5619444444;7,4272272110;47,0990465258;1,8108651911;1,8108651911;1,8108651911;5,6163620199;21,3792178908;25,7198286350;0,0000000000;1,8108651911;1,8108651911;0,0000000000;1;7.3133719228, 0, 36.5733489314, 45.4592311595, 10.6540479863, 0, 0, 0;3.3406760635, 3.9726958593, 0, 0, 14.4988502163, 22.074498715, 27.4246197771, 18.0346113824, 10.6540479863, 0, 0, 0, 0, 0, 0, 0, 0, 0, 0, 0, 0, 0, 0, 0, 0;Europe/Paris;36,5
2023-04-01T12:00:00Z;-1;9000003703;hourly;0,6005555556;8,3735736821;76,1045469625;12,4949152542;1,6157989228;6,8056294313;1,5679442509;35,8755748206;40,2289721419;10,8000000000;1,6949152542;1,6157989228;0,0000000000;1;17.2804780344, 2.0602504232, 20.1802803622, 47.7620105126, 8.4707194722, 4.2462611954, 0, 0;13.159977188, 4.1205008464, 0, 2.0602504232, 13.0847779047, 7.0955024575, 17.1423985766, 30.619611936, 4.2873384513, 4.1833810209, 4.2462611954, 0, 0, 0, 0, 0, 0, 0, 0, 0, 0, 0, 0, 0, 0;Europe/Paris;37,0
2023-04-01T13:00:00Z;-1;9000003703;hourly;0,6447222222;5,9695564262;50,2695536128;11,1686885944;0,0000000000;2,9780315864;2,9915248398;18,3935538562;31,8759997565;6,3560108211;4,8126777733;0,0000000000;0,0000000000;1;3.1136488765, 6.1736141518, 29.3979823451, 36.84948717, 14.9350586413, 3.3464450542, 0, 6.183763761;3.1136488765, 0, 3.0868070759, 3.0868070759, 14.6855702722, 14.7124120729, 18.2916533048, 18.5578338652, 9.0109328586, 5.9241257827, 3.3464450542, 0, 0, 0, 0, 0, 3.3464450542, 0, 0, 2.8373187068, 0, 0, 0, 0, 0;Europe/Paris;43,0
2023-04-01T14:00:00Z;-1;9000003703;hourly;0,5683333333;0,0000000000;81,4380632478;29,7921108742;3,2862473348;0,0000000000;0,0000000000;46,5600660936;34,8779971541;21,0607675906;8,7313432836;1,6791044776;1,6071428571;1;8.3063027204, 10.6626659114, 44.5950306946, 27.5698167511, 8.8661839225, 0, 0, 0;2.0618177921, 6.2444849283, 4.0352719646, 6.6273939468, 13.9030327154, 30.6919979792, 19.175150411, 8.3946663401, 4.2710307558, 4.5951531667, 0, 0, 0, 0, 0, 0, 0, 0, 0, 0, 0, 0, 0, 0, 0;Europe/Paris;34,0
2023-04-01T15:00:00Z;-1;9000003703;hourly;0,5919444444;1,6949152542;63,7453919911;27,3261873715;0,0000000000;0,0000000000;1,6949152542;33,5528319539;30,1925600372;18,7918433406;8,5343440309;0,0000000000;0,0000000000;1;10.727222778, 7.870870018, 34.3408534176, 36.5756022629, 10.4854515235, 0, 0, 0;5.3943499183, 5.3328728597, 5.3177655711, 2.5531044469, 7.8859773066, 26.4548761111, 31.3485077419, 5.227094521, 7.7650916793, 2.7203598442, 0, 0, 0, 0, 0, 0, 0, 0, 0, 0, 0, 0, 0, 0, 0;Europe/Paris;33,0
2023-04-01T16:00:00Z;-1;9000003703;hourly;0,5825000000;3,5302905518;91,0138117918;3,3586527827;0,0000000000;1,8789144050;1,6513761468;39,3352181592;51,6785936325;3,3586527827;0,0000000000;0,0000000000;0,0000000000;1;5.634322722, 9.6040701484, 19.4876205905, 52.4114453223, 11.0481175439, 1.8144236729, 0, 0;5.634322722, 0, 1.9053196565, 7.6987504918, 6.1932833095, 13.294337281, 26.345462808, 26.0659825143, 11.0481175439, 0, 1.8144236729, 0, 0, 0, 0, 0, 0, 0, 0, 0, 0, 0, 0, 0, 0;Europe/Paris;37,0
2023-04-01T17:00:00Z;-1;9000003703;hourly;0,6291666667;3,7037037037;69,9485665320;4,5847071754;0,0000000000;3,7037037037;0,0000000000;19,0811568203;50,8674097116;3,0303030303;1,5544041451;0,0000000000;0,0000000000;1;4.4444202995, 2.6474478945, 23.9390292959, 41.1363469681, 18.2485652347, 5.2948957889, 0, 4.2892945185;2.2222101497, 2.2222101497, 2.6474478945, 0, 7.4609895207, 16.4780397751, 29.329946511, 11.8064004571, 16.0824715029, 2.1660937318, 5.2948957889, 0, 0, 0, 0, 0, 0, 2.1232007866, 0, 2.1660937318, 0, 0, 0, 0, 0;Europe/Paris;41,5
2023-04-01T18:00:00Z;-1;9000003703;hourly;0,4047222222;0,0000000000;76,6466838608;0,0000000000;0,0000000000;0,0000000000;0,0000000000;28,2864994072;48,3601844535;0,0000000000;0,0000000000;0,0000000000;0,0000000000;1;3.4869164014, 0, 27.0426124676, 47.2385972372, 15.3852461959, 6.846627698, 0, 0;3.4869164014, 0, 0, 0, 6.9738328027, 20.0687796649, 23.682901171, 23.5556960662, 9.1369270317, 6.2483191642, 6.846627698, 0, 0, 0, 0, 0, 0, 0, 0, 0, 0, 0, 0, 0, 0;Europe/Paris;41,5
2023-04-02T03:00:00Z;-1;9000003703;hourly;0,0000000000;0,0000000000;0,0000000000;0,0000000000;0,0000000000;0,0000000000;0,0000000000;0,0000000000;0,0000000000;0,0000000000;0,0000000000;0,0000000000;0,0000000000;1;0, 0, 0, 0, 0, 0, 0, 0;0, 0, 0, 0, 0, 0, 0, 0, 0, 0, 0, 0, 0, 0, 0, 0, 0, 0, 0, 0, 0, 0, 0, 0, 0;Europe/Paris;NA
2023-04-02T04:00:00Z;-1;9000003703;hourly;0,0000000000;0,0000000000;0,0000000000;0,0000000000;0,0000000000;0,0000000000;0,0000000000;0,0000000000;0,0000000000;0,0000000000;0,0000000000;0,0000000000;0,0000000000;1;0, 0, 0, 0, 0, 0, 0, 0;0, 0, 0, 0, 0, 0, 0, 0, 0, 0, 0, 0, 0, 0, 0, 0, 0, 0, 0, 0, 0, 0, 0, 0, 0;Europe/Paris;NA
2023-04-02T05:00:00Z;-1;9000003703;hourly;0,1736111111;0,0000000000;53,4579439252;0,0000000000;0,0000000000;0,0000000000;0,0000000000;3,3644859813;50,0934579439;0,0000000000;0,0000000000;0,0000000000;0,0000000000;1;0, 0, 0, 12.5874125874, 87.4125874126, 0, 0, 0;0, 0, 0, 0, 0, 0, 6.2937062937, 6.2937062937, 87.4125874126, 0, 0, 0, 0, 0, 0, 0, 0, 0, 0, 0, 0, 0, 0, 0, 0;Europe/Paris;41,5
2023-04-02T06:00:00Z;-1;9000003703;hourly;0,6733333333;0,0000000000;10,2299791023;6,0507605076;1,6605166052;0,0000000000;0,0000000000;7,3559061609;2,8740729414;2,9268292683;3,1239312393;0,0000000000;1,6605166052;1;0, 0, 58.1159335154, 41.8840664846, 0, 0, 0, 0;0, 0, 0, 0, 0, 58.1159335154, 28.0946120477, 13.7894544368, 0, 0, 0, 0, 0, 0, 0, 0, 0, 0, 0, 0, 0, 0, 0, 0, 0;Europe/Paris;32,5
2023-04-02T07:00:00Z;-1;9000003703;hourly;0,5686111111;1,5050167224;27,3200308238;12,6289095520;1,8480492813;0,0000000000;1,5050167224;5,0553125804;22,2647182434;12,6289095520;0,0000000000;0,0000000000;1,8480492813;1;0, 6.7644480097, 34.7157799829, 45.2577181186, 13.2620538889, 0, 0, 0;0, 0, 0, 6.7644480097, 0, 34.7157799829, 13.2620538889, 31.9956642297, 13.2620538889, 0, 0, 0, 0, 0, 0, 0, 0, 0, 0, 0, 0, 0, 0, 0, 0;Europe/Paris;37,0
2023-04-02T08:00:00Z;-1;9000003703;hourly;0,6113888889;0,0000000000;71,7015772362;29,1440703118;11,8372711230;0,0000000000;0,0000000000;33,9353416387;37,7662355975;17,3067991889;11,8372711230;7,1694254063;4,6678457167;1;2.1493193732, 9.4496862065, 37.1702741488, 33.7525460083, 15.32885489, 0, 0, 2.1493193732;2.1493193732, 0, 0, 9.4496862065, 10.1778074299, 26.9924667189, 23.421949196, 10.3305968123, 9.4496862065, 5.8791686835, 0, 0, 0, 0, 0, 0, 0, 2.1493193732, 0, 0, 0, 0, 0, 0, 0;Europe/Paris;39,0
2023-04-02T09:00:00Z;-1;9000003703;hourly;0,6333333333;0,0000000000;62,6782194608;7,9860712112;0,0000000000;0,0000000000;0,0000000000;23,7439845938;38,9342348670;3,2352561204;4,7508150908;0,0000000000;0,0000000000;1;7.5796905715, 4.8104036822, 44.9043511168, 25.1537692043, 14.9315199159, 2.6202655094, 0, 0;7.5796905715, 0, 0, 4.8104036822, 2.4052018411, 42.4991492757, 7.4880531655, 17.6657160388, 7.3295361368, 7.601983779, 2.6202655094, 0, 0, 0, 0, 0, 0, 0, 0, 0, 0, 0, 0, 0, 0;Europe/Paris;39,0
2023-04-02T10:00:00Z;-1;9000003703;hourly;0,6794444444;3,0821917808;69,6035610350;7,6587008247;2,8369234744;1,5410958904;1,5410958904;32,2921638681;37,3113971668;3,0588024671;4,5998983576;2,8369234744;0,0000000000;1;0, 6.4405513646, 29.9052436289, 50.9909249869, 12.6632800196, 0, 0, 0;0, 0, 2.1805013338, 4.2600500308, 4.0918901612, 25.8133534677, 34.0997133836, 16.8912116033, 10.6333941625, 2.029885857, 0, 0, 0, 0, 0, 0, 0, 0, 0, 0, 0, 0, 0, 0, 0;Europe/Paris;37,0
2023-04-02T11:00:00Z;-1;9000003703;hourly;0,6080555556;0,0000000000;6,1224489796;5,6962025316;0,0000000000;0,0000000000;0,0000000000;3,0612244898;3,0612244898;3,7974683544;1,8987341772;0,0000000000;0,0000000000;1;25, 0, 25, 25, 25, 0, 0, 0;25, 0, 0, 0, 0, 25, 0, 25, 25, 0, 0, 0, 0, 0, 0, 0, 0, 0, 0, 0, 0, 0, 0, 0, 0;Europe/Paris;39,5
2023-04-02T12:00:00Z;-1;9000003703;hourly;0,5852777778;9,6522703160;30,1374942723;7,2798364431;0,0000000000;8,0536912752;1,5985790409;15,3305464409;14,8069478314;7,2798364431;0,0000000000;0,0000000000;0,0000000000;1;13.3615807645, 0, 21.8688444108, 48.4861953045, 16.2833795203, 0, 0, 0;13.3615807645, 0, 0, 0, 5.400204884, 16.4686395268, 21.3130643912, 27.1731309132, 10.7938330113, 5.4895465089, 0, 0, 0, 0, 0, 0, 0, 0, 0, 0, 0, 0, 0, 0, 0;Europe/Paris;38,0
2023-04-02T13:00:00Z;-1;9000003703;hourly;0,6250000000;2,9411764706;36,6206482593;19,7166866747;3,4285714286;2,9411764706;0,0000000000;19,0456182473;17,5750300120;14,9411764706;4,7755102041;1,7142857143;1,7142857143;1;4.0157351254, 4.6811998033, 40.2983117522, 46.8251106376, 0, 0, 0, 4.1796426815;4.0157351254, 0, 4.6811998033, 0, 4.6811998033, 35.6171119489, 33.4469759056, 13.378134732, 0, 0, 0, 0, 0, 0, 0, 0, 0, 0, 0, 4.1796426815, 0, 0, 0, 0, 0;Europe/Paris;33,5
2023-04-02T14:00:00Z;-1;9000003703;hourly;0,6141666667;3,3471036383;79,9431386322;8,4267656864;0,0000000000;1,8789144050;1,4681892333;30,9072356721;49,0359029600;6,8696722608;1,5570934256;0,0000000000;0,0000000000;1;4.4312750507, 0, 12.8941941338, 54.9594498405, 23.4170162638, 1.9477511795, 2.3503135318, 0;4.4312750507, 0, 0, 0, 5.8432535384, 7.0509405954, 28.631414964, 26.3280348765, 15.4928012065, 7.9242150573, 1.9477511795, 0, 2.3503135318, 0, 0, 0, 0, 0, 0, 0, 0, 0, 0, 0, 0;Europe/Paris;41,5
2023-04-02T15:00:00Z;-1;9000003703;hourly;0,6383333333;3,1954306885;67,2494081506;10,7798507108;1,5761821366;0,0000000000;3,1954306885;34,4759282259;32,7734799247;6,1274864376;4,6523642732;1,5761821366;0,0000000000;1;16.5223311351, 6.7925419368, 28.2808009035, 41.5995343358, 6.8047916888, 0, 0, 0;11.7707195204, 4.7516116147, 2.3315361339, 4.4610058029, 11.6821801736, 16.59862073, 23.0487667641, 18.5507675716, 4.5742887874, 2.2305029014, 0, 0, 0, 0, 0, 0, 0, 0, 0, 0, 0, 0, 0, 0, 0;Europe/Paris;35,5
2023-04-02T16:00:00Z;-1;9000003703;hourly;0,6036111111;1,6981132075;95,0997205875;6,6474607811;3,3962264151;1,6981132075;0,0000000000;44,5380078997;50,5617126878;5,1089992427;1,5384615385;1,6981132075;1,6981132075;1;1.7856132458, 5.10852854, 37.2321847052, 39.8597694399, 12.4426775774, 3.5712264916, 0, 0;0, 1.7856132458, 5.10852854, 0, 12.5951407478, 24.6370439574, 18.6569038018, 21.2028656381, 5.5485357917, 6.8941417858, 3.5712264916, 0, 0, 0, 0, 0, 0, 0, 0, 0, 0, 0, 0, 0, 0;Europe/Paris;38,5
2023-04-02T17:00:00Z;-1;9000003703;hourly;0,6686111111;1,5358361775;43,3255592962;1,4754098361;0,0000000000;1,5358361775;0,0000000000;22,4170356380;20,9085236582;1,4754098361;0,0000000000;0,0000000000;0,0000000000;1;0, 0, 38.1192916192, 48.2020687459, 6.9442371811, 3.4054028616, 0, 3.3289995922;0, 0, 0, 0, 20.9018176647, 17.2174739544, 17.0900814629, 31.111987283, 3.5388343195, 3.4054028616, 3.4054028616, 0, 0, 0, 0, 0, 0, 0, 0, 3.3289995922, 0, 0, 0, 0, 0;Europe/Paris;37,5
2023-04-02T18:00:00Z;-1;9000003703;hourly;0,3022222222;2,5531914894;21,0753752268;0,0000000000;0,0000000000;2,5531914894;0,0000000000;2,5531914894;18,5221837374;0,0000000000;0,0000000000;0,0000000000;0,0000000000;1;0, 0, 15.816246674, 34.183753326, 50, 0, 0, 0;0, 0, 0, 0, 0, 15.816246674, 34.183753326, 0, 22.0691814055, 27.9308185945, 0, 0, 0, 0, 0, 0, 0, 0, 0, 0, 0, 0, 0, 0, 0;Europe/Paris;45,0
2023-04-03T03:00:00Z;-1;9000003703;hourly;0,0000000000;0,0000000000;0,0000000000;0,0000000000;0,0000000000;0,0000000000;0,0000000000;0,0000000000;0,0000000000;0,0000000000;0,0000000000;0,0000000000;0,0000000000;1;0, 0, 0, 0, 0, 0, 0, 0;0, 0, 0, 0, 0, 0, 0, 0, 0, 0, 0, 0, 0, 0, 0, 0, 0, 0, 0, 0, 0, 0, 0, 0, 0;Europe/Paris;NA
2023-04-03T04:00:00Z;-1;9000003703;hourly;0,0000000000;0,0000000000;0,0000000000;0,0000000000;0,0000000000;0,0000000000;0,0000000000;0,0000000000;0,0000000000;0,0000000000;0,0000000000;0,0000000000;0,0000000000;1;0, 0, 0, 0, 0, 0, 0, 0;0, 0, 0, 0, 0, 0, 0, 0, 0, 0, 0, 0, 0, 0, 0, 0, 0, 0, 0, 0, 0, 0, 0, 0, 0;Europe/Paris;NA
2023-04-03T05:00:00Z;-1;9000003703;hourly;0,1325000000;15,5172413793;69,2862870890;31,0344827586;0,0000000000;5,1724137931;10,3448275862;64,1138732959;5,1724137931;25,8620689655;5,1724137931;0,0000000000;0,0000000000;1;0, 0, 22.3958333333, 62.6736111111, 14.9305555556, 0, 0, 0;0, 0, 0, 0, 0, 22.3958333333, 62.6736111111, 0, 14.9305555556, 0, 0, 0, 0, 0, 0, 0, 0, 0, 0, 0, 0, 0, 0, 0, 0;Europe/Paris;32,5
2023-04-03T06:00:00Z;-1;9000003703;hourly;0,6283333333;25,7474385531;160,9813746406;33,4721329193;6,3842137568;11,1044697279;14,6429688252;101,3690369696;59,6123376710;28,7011933445;4,7709395747;3,3413600204;3,0428537364;1;3.0662023083, 7.5253302154, 31.7153660851, 44.7020262491, 7.9832809115, 3.9857267944, 1.0220674361, 0;2.0441348722, 1.0220674361, 3.0662023083, 4.459127907, 12.3476953646, 19.3676707205, 29.0593880308, 15.6426382183, 3.0465454896, 4.9367354219, 1.9415919222, 2.0441348722, 1.0220674361, 0, 0, 0, 0, 0, 0, 0, 0, 0, 0, 0, 0;Europe/Paris;37,0
2023-04-03T07:00:00Z;-1;9000003703;hourly;0,6519444444;4,4954768818;36,7444098386;1,5463917526;1,4876033058;4,4954768818;0,0000000000;15,2734245105;21,4709853281;1,5463917526;0,0000000000;1,4876033058;0,0000000000;1;4.2085088844, 4.2085088844, 28.9411349902, 46.0388942803, 16.6029529608, 0, 0, 0;0, 4.2085088844, 0, 4.2085088844, 16.5318632837, 12.4092717065, 16.6177805909, 29.4211136894, 12.4655337535, 4.1374192073, 0, 0, 0, 0, 0, 0, 0, 0, 0, 0, 0, 0, 0, 0, 0;Europe/Paris;38,0
2023-04-03T08:00:00Z;-1;9000003703;hourly;0,6477777778;7,7978021196;46,9749525506;4,7599404007;0,0000000000;4,6552827416;3,1425193780;15,7120917544;31,2628607962;3,1585169132;1,6014234875;0,0000000000;0,0000000000;1;0, 3.4091008092, 29.8499676564, 53.3613783584, 9.9704523668, 3.4091008092, 0, 0;0, 0, 3.4091008092, 0, 10.0045078247, 19.8454598317, 33.7397884589, 19.6215898995, 6.5613515575, 3.4091008092, 0, 3.4091008092, 0, 0, 0, 0, 0, 0, 0, 0, 0, 0, 0, 0, 0;Europe/Paris;37,0
2023-04-03T09:00:00Z;-1;9000003703;hourly;0,5963888889;8,4038007484;45,7980098322;5,1307209611;0,0000000000;5,0756867819;3,3281139664;25,3784339097;20,4195759225;3,3831481455;1,7475728155;0,0000000000;0,0000000000;1;3.8010655605, 3.8158269801, 37.4288421895, 43.7660923702, 11.1881728997, 0, 0, 0;3.8010655605, 0, 0, 3.8158269801, 11.0827671345, 26.346075055, 22.3004628735, 21.4656294967, 11.1881728997, 0, 0, 0, 0, 0, 0, 0, 0, 0, 0, 0, 0, 0, 0, 0, 0;Europe/Paris;36,5
2023-04-03T10:00:00Z;-1;9000003703;hourly;0,6033333333;4,9653664958;63,0537254448;1,6187050360;1,7013232514;4,9653664958;0,0000000000;25,0213976999;38,0323277449;0,0000000000;1,6187050360;0,0000000000;1,7013232514;1;0, 0, 29.1645963941, 49.9175729325, 20.9178306734, 0, 0, 0;0, 0, 0, 0, 7.8325797382, 21.332016656, 29.054705839, 20.8628670935, 15.6524347527, 5.2653959207, 0, 0, 0, 0, 0, 0, 0, 0, 0, 0, 0, 0, 0, 0, 0;Europe/Paris;39,5
2023-04-03T11:00:00Z;-1;9000003703;hourly;0,5663888889;12,6481341475;44,4702745592;3,6511156187;0,0000000000;10,7126502765;1,9354838710;33,9378438836;10,5324306756;1,8255578093;1,8255578093;0,0000000000;0,0000000000;1;23.662129859, 3.7899322078, 30.9268072148, 34.1313378177, 7.4897929007, 0, 0, 0;23.662129859, 0, 0, 3.7899322078, 11.2797251085, 19.6470821063, 11.1896535935, 22.9416842243, 7.4897929007, 0, 0, 0, 0, 0, 0, 0, 0, 0, 0, 0, 0, 0, 0, 0, 0;Europe/Paris;36,0
2023-04-03T12:00:00Z;-1;9000003703;hourly;0,5666666667;9,1178626274;52,0686678273;26,1780616896;1,7241379310;7,2960002792;1,8218623482;26,0551978714;26,0134699559;10,2865111562;15,8915505334;1,7241379310;0,0000000000;1;10.5989358411, 6.9979218759, 29.9090384501, 42.9620080424, 9.5320957905, 0, 0, 0;10.5989358411, 0, 0, 6.9979218759, 16.4762458838, 13.4327925663, 19.8094359572, 23.1525720852, 0, 9.5320957905, 0, 0, 0, 0, 0, 0, 0, 0, 0, 0, 0, 0, 0, 0, 0;Europe/Paris;36,5
2023-04-03T13:00:00Z;-1;9000003703;hourly;0,6802777778;4,4714139088;33,9028698589;20,7649942515;0,0000000000;4,4714139088;0,0000000000;13,2106996546;20,6921702043;10,2526600254;10,5123342261;0,0000000000;0,0000000000;1;0, 0, 34.7406688674, 60.7599370248, 4.4993941078, 0, 0, 0;0, 0, 0, 0, 8.8441445556, 25.8965243117, 34.7406688674, 26.0192681575, 0, 4.4993941078, 0, 0, 0, 0, 0, 0, 0, 0, 0, 0, 0, 0, 0, 0, 0;Europe/Paris;35,5
2023-04-03T14:00:00Z;-1;9000003703;hourly;0,6288888889;21,7243851082;123,4486333470;54,1194128334;7,9185520362;14,1920164867;7,5323686215;33,4196233974;90,0290099495;15,6312731648;38,4881396686;7,9185520362;0,0000000000;1;2.4492859672, 16.2658052068, 42.7444922978, 30.9229157944, 4.9417583369, 2.6757423969, 0, 0;2.4492859672, 0, 3.6955221521, 12.5702830547, 17.4688549892, 25.2756373087, 17.9107438644, 13.01217193, 1.2462361848, 3.6955221521, 0, 2.6757423969, 0, 0, 0, 0, 0, 0, 0, 0, 0, 0, 0, 0, 0;Europe/Paris;34,5
2023-04-03T15:00:00Z;-1;9000003703;hourly;0,6566666667;13,4339912746;126,4750945250;32,7958665381;0,0000000000;10,4389829552;2,9950083195;38,3721028852;88,1029916398;14,8389311320;17,9569354061;0,0000000000;0,0000000000;1;2.3336311134, 7.1670037363, 38.1603712749, 48.8256584188, 2.3293045885, 1.1840308682, 0, 0;1.1840308682, 1.1496002452, 1.1840308682, 5.9829728681, 14.6210721179, 23.539299157, 31.6704141683, 17.1552442505, 1.1646522942, 1.1646522942, 1.1840308682, 0, 0, 0, 0, 0, 0, 0, 0, 0, 0, 0, 0, 0, 0;Europe/Paris;34,0
2023-04-03T16:00:00Z;-1;9000003703;hourly;0,6366666667;7,8153218411;105,5365726952;14,3289250646;1,5845070423;3,0050083472;4,8103134939;22,3310597364;83,2055129588;3,1154073994;11,2135176651;1,5845070423;0,0000000000;1;35.8951348595, 13.1803938616, 14.8155669983, 28.4943686365, 6.086247218, 1.5282884261, 0, 0;26.9346190791, 8.9605157804, 7.4053208679, 5.7750729937, 5.933122737, 8.8824442612, 10.5176173979, 17.9767512386, 1.5282884261, 4.5579587919, 0, 1.5282884261, 0, 0, 0, 0, 0, 0, 0, 0, 0, 0, 0, 0, 0;Europe/Paris;35,5
2023-04-03T17:00:00Z;-1;9000003703;hourly;0,6241666667;4,7368421053;65,3702635151;21,1903819288;3,2212831348;1,5789473684;3,1578947368;24,1036650106;41,2665985045;8,1180756995;13,0723062293;1,5789473684;1,6423357664;1;2.5123591035, 0, 14.6446369668, 65.7368050215, 17.1061989082, 0, 0, 0;2.5123591035, 0, 0, 0, 2.5123591035, 12.1322778633, 26.6474045741, 39.0894004473, 12.1830251933, 4.9231737149, 0, 0, 0, 0, 0, 0, 0, 0, 0, 0, 0, 0, 0, 0, 0;Europe/Paris;38,5
2023-04-03T18:00:00Z;-1;9000003703;hourly;0,5119444444;0,0000000000;41,8533981945;6,0975552714;0,0000000000;0,0000000000;0,0000000000;11,0395997118;30,8137984827;0,0000000000;6,0975552714;0,0000000000;0,0000000000;1;7.1440632101, 0, 26.0961149076, 51.9221521383, 10.9908664771, 0, 0, 3.846803267;0, 7.1440632101, 0, 0, 15.1052484305, 10.9908664771, 27.8785342224, 24.0436179158, 7.1440632101, 3.846803267, 0, 0, 0, 0, 0, 3.846803267, 0, 0, 0, 0, 0, 0, 0, 0, 0;Europe/Paris;37,5
2023-04-04T03:00:00Z;-1;9000003703;hourly;0,0000000000;0,0000000000;0,0000000000;0,0000000000;0,0000000000;0,0000000000;0,0000000000;0,0000000000;0,0000000000;0,0000000000;0,0000000000;0,0000000000;0,0000000000;1;0, 0, 0, 0, 0, 0, 0, 0;0, 0, 0, 0, 0, 0, 0, 0, 0, 0, 0, 0, 0, 0, 0, 0, 0, 0, 0, 0, 0, 0, 0, 0, 0;Europe/Paris;NA
2023-04-04T04:00:00Z;-1;9000003703;hourly;0,0000000000;0,0000000000;0,0000000000;0,0000000000;0,0000000000;0,0000000000;0,0000000000;0,0000000000;0,0000000000;0,0000000000;0,0000000000;0,0000000000;0,0000000000;1;0, 0, 0, 0, 0, 0, 0, 0;0, 0, 0, 0, 0, 0, 0, 0, 0, 0, 0, 0, 0, 0, 0, 0, 0, 0, 0, 0, 0, 0, 0, 0, 0;Europe/Paris;NA
2023-04-04T05:00:00Z;-1;9000003703;hourly;0,2669444444;6,8571428571;44,0204081633;5,1428571429;1,7142857143;3,4285714286;3,4285714286;32,0204081633;12,0000000000;3,4285714286;1,7142857143;0,0000000000;1,7142857143;1;0, 0, 19.471488178, 64.9513212796, 15.5771905424, 0, 0, 0;0, 0, 0, 0, 15.5771905424, 3.8942976356, 23.3657858136, 41.5855354659, 11.6828929068, 3.8942976356, 0, 0, 0, 0, 0, 0, 0, 0, 0, 0, 0, 0, 0, 0, 0;Europe/Paris;37,5
2023-04-04T06:00:00Z;-1;9000003703;hourly;0,6541666667;15,5172413793;118,4465379500;55,0241953196;3,0033370412;1,5517241379;13,9655172414;78,0696777694;40,3768601806;52,1394613973;2,8847339223;1,5517241379;1,4516129032;1;2.4510854067, 3.9301886694, 30.6123153417, 47.9926455721, 11.3839729269, 2.4198613888, 1.2099306944, 0;2.4510854067, 0, 0, 3.9301886694, 9.0013998557, 21.610915486, 29.2021202565, 18.7905253156, 7.3220322022, 4.0619407247, 2.4198613888, 0, 1.2099306944, 0, 0, 0, 0, 0, 0, 0, 0, 0, 0, 0, 0;Europe/Paris;37,5
2023-04-04T07:00:00Z;-1;9000003703;hourly;0,6425000000;1,3931888545;35,2653775740;11,3929544289;0,0000000000;0,0000000000;1,3931888545;21,2473953554;14,0179822186;9,6721131288;1,7208413002;0,0000000000;0,0000000000;1;13.6718472993, 9.4369729924, 27.7042219351, 31.3323991998, 17.8545585735, 0, 0, 0;13.6718472993, 0, 0, 9.4369729924, 0, 27.7042219351, 17.3381437742, 13.9942554255, 13.2972761404, 4.5572824331, 0, 0, 0, 0, 0, 0, 0, 0, 0, 0, 0, 0, 0, 0, 0;Europe/Paris;38,5
2023-04-04T08:00:00Z;-1;9000003703;hourly;0,6325000000;0,0000000000;29,9899305542;11,0289595983;0,0000000000;0,0000000000;0,0000000000;11,0647550816;18,9251754726;7,8846605283;3,1442990700;0,0000000000;0,0000000000;1;0, 5.201052483, 42.2469092291, 31.6654173132, 20.8866209747, 0, 0, 0;0, 0, 5.201052483, 0, 5.3589415762, 36.8879676529, 10.5299797543, 21.1354375589, 20.8866209747, 0, 0, 0, 0, 0, 0, 0, 0, 0, 0, 0, 0, 0, 0, 0, 0;Europe/Paris;39,0
2023-04-04T09:00:00Z;-1;9000003703;hourly;0,5975000000;4,8230940044;38,8912031836;14,7924293594;0,0000000000;3,2686898594;1,5544041451;11,8698256437;27,0213775399;8,0852656672;6,7071636922;0,0000000000;0,0000000000;1;0, 0, 34.5003121128, 56.6922660286, 8.8074218586, 0, 0, 0;0, 0, 0, 0, 4.3995209094, 30.1007912034, 39.8573995625, 16.8348664661, 8.8074218586, 0, 0, 0, 0, 0, 0, 0, 0, 0, 0, 0, 0, 0, 0, 0, 0;Europe/Paris;35,5
2023-04-04T10:00:00Z;-1;9000003703;hourly;0,5716666667;3,5594714338;58,9564043017;5,0693055111;1,5901060071;3,5594714338;0,0000000000;18,8883085758;40,0680957259;0,0000000000;5,0693055111;1,5901060071;0,0000000000;1;0, 2.9021895691, 23.644460409, 56.763689842, 10.9934530675, 0, 0, 5.6962071125;0, 0, 2.9021895691, 0, 0, 23.644460409, 38.3772503742, 18.3864394678, 5.5992774019, 5.3941756656, 0, 0, 0, 0, 0, 2.6970878328, 0, 0, 0, 0, 0, 2.9991192797, 0, 0, 0;Europe/Paris;39,0
2023-04-04T11:00:00Z;-1;9000003703;hourly;0,5886111111;6,5514482740;49,4577408135;10,3563139543;1,5679442509;3,2757241370;3,2757241370;30,4593862507;18,9983545629;3,5402949087;6,8160190457;0,0000000000;1,5679442509;1;0, 0, 34.7780147966, 48.2636488774, 13.7880656563, 3.1702706696, 0, 0;0, 0, 0, 0, 7.3972982291, 27.3807165675, 27.078284992, 21.1853638854, 10.3284927202, 3.4595729361, 3.1702706696, 0, 0, 0, 0, 0, 0, 0, 0, 0, 0, 0, 0, 0, 0;Europe/Paris;38,5
2023-04-04T12:00:00Z;-1;9000003703;hourly;0,6050000000;3,0644241321;18,7246989757;7,6115500763;4,4481054366;1,4827018122;1,5817223199;4,5471259442;14,1775730315;2,9654036244;4,6461464519;2,9654036244;1,4827018122;1;18.4510012057, 0, 40.6497860722, 32.9807846923, 7.9184280298, 0, 0, 0;18.4510012057, 0, 0, 0, 16.8945019828, 23.7552840894, 23.7552840894, 9.2255006029, 7.9184280298, 0, 0, 0, 0, 0, 0, 0, 0, 0, 0, 0, 0, 0, 0, 0, 0;Europe/Paris;33,5
2023-04-04T13:00:00Z;-1;9000003703;hourly;0,4916666667;3,2678640268;46,0261669217;9,1963653325;0,0000000000;1,6635859519;1,6042780749;23,1134776319;22,9126892898;3,3271719039;5,8691934286;0,0000000000;0,0000000000;1;3.6144351424, 3.4855782746, 48.6987405762, 27.8705580678, 16.330687939, 0, 0, 0;3.6144351424, 0, 0, 3.4855782746, 25.432505593, 23.2662349831, 10.5855916917, 17.2849663761, 16.330687939, 0, 0, 0, 0, 0, 0, 0, 0, 0, 0, 0, 0, 0, 0, 0, 0;Europe/Paris;38,0
2023-04-04T14:00:00Z;-1;9000003703;hourly;0,7916666667;11,4138444716;115,2266010047;59,4936490705;1,2640449438;2,5387870240;8,8750574476;24,0442504873;91,1823505174;12,6304060158;46,8632430548;1,2640449438;0,0000000000;1;2.2032994134, 13.1936821558, 43.9737199468, 27.4263327632, 7.7115479468, 1.1016497067, 1.1016497067, 3.2881183606;1.1016497067, 1.1016497067, 4.4019570443, 8.7917251116, 18.6926471243, 25.2810728225, 19.7316155758, 7.6947171874, 5.5082485334, 2.2032994134, 1.1016497067, 0, 0, 1.1016497067, 1.0848189473, 0, 0, 0, 0, 0, 0, 1.1016497067, 0, 0, 1.1016497067;Europe/Paris;36,5
2023-04-04T15:00:00Z;-1;9000003703;hourly;0,7869444444;23,9999856817;119,6194838111;36,6595990492;1,2857142857;16,3504575378;7,6495281440;43,3680768683;76,2514069428;23,9397790334;12,7198200158;1,2857142857;0,0000000000;1;3.2066046838, 4.2509004415, 47.8654921654, 40.5240432672, 3.1208801671, 1.032079275, 0, 0;2.1193419794, 1.0872627044, 0, 4.2509004415, 17.9434294098, 29.9220627556, 32.0041271565, 8.5199161107, 3.1208801671, 0, 1.032079275, 0, 0, 0, 0, 0, 0, 0, 0, 0, 0, 0, 0, 0, 0;Europe/Paris;32,0
2023-04-04T16:00:00Z;-1;9000003703;hourly;0,7583333333;6,5687136392;93,2346260643;23,8709299956;2,6849952614;5,2548450261;1,3138686131;39,5686479843;53,6659780801;6,6353680308;17,2355619648;0,0000000000;2,6849952614;1;22.8163391236, 15.2219183254, 22.3293647544, 33.923210298, 5.7091674985, 0, 0, 0;22.8163391236, 0, 4.202040073, 11.0198782525, 8.3155625213, 14.0138022332, 18.1917869307, 15.7314233672, 2.8798262778, 2.8293412207, 0, 0, 0, 0, 0, 0, 0, 0, 0, 0, 0, 0, 0, 0, 0;Europe/Paris;34,5
2023-04-04T17:00:00Z;-1;9000003703;hourly;0,7611111111;2,7308488613;90,2497497684;10,6777431240;1,3333333333;1,3333333333;1,3975155280;23,5017863323;66,7479634361;1,3333333333;9,3444097906;0,0000000000;1,3333333333;1;2.8662852076, 0, 13.3036199002, 57.9073757143, 24.5338157213, 1.3889034566, 0, 0;1.3889034566, 1.4773817509, 0, 0, 2.8959204165, 10.4076994837, 30.1660620577, 27.7413136567, 17.3704335237, 7.1633821976, 1.3889034566, 0, 0, 0, 0, 0, 0, 0, 0, 0, 0, 0, 0, 0, 0;Europe/Paris;40,5
2023-04-04T18:00:00Z;-1;9000003703;hourly;0,6288888889;2,5569471601;73,8692852400;5,0957341840;0,0000000000;2,5569471601;0,0000000000;24,7915070078;49,0777782322;1,2693935120;3,8263406720;0,0000000000;0,0000000000;1;0, 4.1027146104, 34.1619117633, 37.920248886, 14.4133072298, 9.4018175104, 0, 0;0, 0, 0, 4.1027146104, 13.0686325251, 21.0932792383, 15.7743879485, 22.1458609375, 6.8737284129, 7.5395788169, 7.0175350032, 2.3842825072, 0, 0, 0, 0, 0, 0, 0, 0, 0, 0, 0, 0, 0;Europe/Paris;44,0
2023-04-05T03:00:00Z;-1;9000003703;hourly;0,0000000000;0,0000000000;0,0000000000;0,0000000000;0,0000000000;0,0000000000;0,0000000000;0,0000000000;0,0000000000;0,0000000000;0,0000000000;0,0000000000;0,0000000000;1;0, 0, 0, 0, 0, 0, 0, 0;0, 0, 0, 0, 0, 0, 0, 0, 0, 0, 0, 0, 0, 0, 0, 0, 0, 0, 0, 0, 0, 0, 0, 0, 0;Europe/Paris;NA
2023-04-05T04:00:00Z;-1;9000003703;hourly;0,0000000000;0,0000000000;0,0000000000;0,0000000000;0,0000000000;0,0000000000;0,0000000000;0,0000000000;0,0000000000;0,0000000000;0,0000000000;0,0000000000;0,0000000000;1;0, 0, 0, 0, 0, 0, 0, 0;0, 0, 0, 0, 0, 0, 0, 0, 0, 0, 0, 0, 0, 0, 0, 0, 0, 0, 0, 0, 0, 0, 0, 0, 0;Europe/Paris;NA
2023-04-05T05:00:00Z;-1;9000003703;hourly;0,1480555556;4,7619047619;96,1597542243;4,7619047619;0,0000000000;4,7619047619;0,0000000000;79,7849462366;16,3748079877;4,7619047619;0,0000000000;0,0000000000;0,0000000000;1;0, 0, 26.9329073482, 51.0862619808, 17.0287539936, 0, 0, 4.9520766773;0, 0, 0, 0, 9.9041533546, 17.0287539936, 34.0575079872, 17.0287539936, 0, 17.0287539936, 0, 0, 0, 0, 0, 0, 4.9520766773, 0, 0, 0, 0, 0, 0, 0, 0;Europe/Paris;44,5
2023-04-05T06:00:00Z;-1;9000003703;hourly;0,6116666667;21,6418928606;82,9337266002;22,1625359004;3,3400316648;3,2579212202;18,3839716404;68,0282239478;14,9055026524;22,1625359004;0,0000000000;3,3400316648;0,0000000000;1;4.2457890529, 2.2798400362, 26.7267433336, 52.9180665205, 12.0820508197, 0, 1.7475102371, 0;4.2457890529, 0, 0, 2.2798400362, 15.3275431528, 11.3992001809, 38.7577453289, 14.1603211917, 4.0273502732, 8.0547005465, 0, 0, 0, 1.7475102371, 0, 0, 0, 0, 0, 0, 0, 0, 0, 0, 0;Europe/Paris;37,0
2023-04-05T07:00:00Z;-1;9000003703;hourly;0,6122222222;4,7981508292;40,4121749085;0,0000000000;0,0000000000;3,1736020927;1,6245487365;20,6008145622;19,8113603463;0,0000000000;0,0000000000;0,0000000000;0,0000000000;1;0, 11.4684276812, 37.280936418, 39.1037200268, 12.1469158739, 0, 0, 0;0, 0, 7.8530841261, 3.6153435551, 18.3640298462, 18.9169065719, 18.5123013364, 20.5914186904, 12.1469158739, 0, 0, 0, 0, 0, 0, 0, 0, 0, 0, 0, 0, 0, 0, 0, 0;Europe/Paris;37,0
2023-04-05T08:00:00Z;-1;9000003703;hourly;0,4969444444;6,7484557310;48,0682827702;7,6583034648;3,3034647551;6,7484557310;0,0000000000;27,2771198369;20,7911629333;7,6583034648;0,0000000000;0,0000000000;3,3034647551;1;0, 3.0198975698, 35.8427313344, 45.1462157923, 9.9513601639, 0, 0, 6.0397951396;0, 0, 0, 3.0198975698, 22.9304944001, 12.9122369343, 24.5288904083, 20.617325384, 6.098815939, 3.8525442249, 0, 0, 0, 0, 3.0198975698, 0, 3.0198975698, 0, 0, 0, 0, 0, 0, 0, 0;Europe/Paris;38,5
2023-04-05T09:00:00Z;-1;9000003703;hourly;0,6102777778;9,7789765876;59,3221494788;6,5054506986;1,7241379310;4,5865146790;5,1924619086;27,2016426907;32,1205067881;1,6453382084;4,8601124902;1,7241379310;0,0000000000;1;0, 2.940193607, 43.1795818501, 42.7810811721, 8.1589497637, 0, 0, 2.940193607;0, 0, 0, 2.940193607, 5.679962997, 37.4996188531, 21.6042463418, 21.1768348303, 5.2525514855, 2.9063982782, 0, 0, 0, 0, 0, 0, 0, 0, 0, 0, 2.940193607, 0, 0, 0, 0;Europe/Paris;36,5
2023-04-05T10:00:00Z;-1;9000003703;hourly;0,5577777778;23,6331000492;106,2292262775;49,4306162708;5,6594965675;11,2497623658;12,3833376834;30,1993050034;76,0299212742;7,7189931350;41,7116231358;1,8000000000;3,8594965675;1;1.6944489413, 15.2003791886, 28.643678726, 37.2281794278, 11.6614072435, 3.6331777071, 1.9387287658, 0;1.6944489413, 0, 1.6292778282, 13.5711013604, 18.4324405993, 10.2112381267, 18.3698098894, 18.8583695384, 9.7226784777, 1.9387287658, 3.6331777071, 0, 0, 1.9387287658, 0, 0, 0, 0, 0, 0, 0, 0, 0, 0, 0;Europe/Paris;38,5
2023-04-05T11:00:00Z;-1;9000003703;hourly;0,6111111111;8,1020430351;79,2790151734;11,5649108125;3,0927835052;5,0092595300;3,0927835052;38,1950757299;41,0839394435;3,4628677774;8,1020430351;0,0000000000;3,0927835052;1;5.9126617425, 2.2887722874, 36.7922241149, 36.1184389169, 14.9461284433, 1.9708872475, 1.9708872475, 0;1.9708872475, 3.941774495, 2.2887722874, 0, 10.2806117856, 26.5116123293, 20.0740927474, 16.0443461695, 10.9163818654, 4.0297465779, 1.9708872475, 0, 1.9708872475, 0, 0, 0, 0, 0, 0, 0, 0, 0, 0, 0, 0;Europe/Paris;39,5
2023-04-05T12:00:00Z;-1;9000003703;hourly;0,6536111111;0,0000000000;91,3805792659;32,4562144239;0,0000000000;0,0000000000;0,0000000000;36,8540042309;54,5265750350;4,7325857044;27,7236287195;0,0000000000;0,0000000000;1;0, 5.3463139915, 39.5515984976, 46.7767456816, 6.7212832237, 1.6040586056, 0, 0;0, 0, 1.7874627656, 3.5588512258, 8.5248202947, 31.0267782029, 33.4094753558, 13.3672703259, 4.933820458, 1.7874627656, 1.6040586056, 0, 0, 0, 0, 0, 0, 0, 0, 0, 0, 0, 0, 0, 0;Europe/Paris;35,0
2023-04-05T13:00:00Z;-1;9000003703;hourly;0,6197222222;1,6666666667;114,3752446996;8,9349930844;1,4400000000;0,0000000000;1,6666666667;73,3186725781;41,0565721215;8,9349930844;0,0000000000;1,4400000000;0,0000000000;1;1.4571917822, 6.8453726315, 49.2408184046, 39.1915401593, 1.6325385112, 1.6325385112, 0, 0;1.4571917822, 0, 2.6064170601, 4.2389555713, 27.7978128602, 21.4430055444, 27.9974235345, 11.1941166247, 1.6325385112, 0, 1.6325385112, 0, 0, 0, 0, 0, 0, 0, 0, 0, 0, 0, 0, 0, 0;Europe/Paris;32,5
2023-04-05T14:00:00Z;-1;9000003703;hourly;0,6486111111;10,6453132360;143,1022072141;15,2601233085;1,5151515152;4,5454545455;6,0998586905;52,3447641415;90,7574430726;6,1692142176;9,0909090909;1,5151515152;0,0000000000;1;2.2145109752, 11.8195143228, 47.2003073681, 30.1984178036, 7.5084597711, 0, 1.0587897592, 0;2.2145109752, 0, 5.4183100393, 6.4012042835, 20.3026200855, 26.8976872827, 20.4141936396, 9.7842241639, 7.5084597711, 0, 0, 0, 1.0587897592, 0, 0, 0, 0, 0, 0, 0, 0, 0, 0, 0, 0;Europe/Paris;34,0
2023-04-05T15:00:00Z;-1;9000003703;hourly;0,6002777778;24,5944092743;165,8598443331;27,9074556030;4,8395775209;14,9006570664;9,6937522080;76,6116769403;89,2481673928;13,1977607884;14,7096948146;0,0000000000;4,8395775209;1;5.1112317766, 5.1932564706, 37.2305361159, 48.4215660893, 4.0434095476, 0, 0, 0;3.0242055434, 2.0870262332, 1.0435131166, 4.149743354, 14.2340600002, 22.9964761157, 32.6978686892, 15.7236974001, 4.0434095476, 0, 0, 0, 0, 0, 0, 0, 0, 0, 0, 0, 0, 0, 0, 0, 0;Europe/Paris;34,0
2023-04-05T16:00:00Z;-1;9000003703;hourly;0,5947222222;6,8593741824;136,1816995909;18,8111872756;7,8344104056;3,8975829924;2,9617911901;44,9943588609;91,1873407301;6,7547258495;12,0564614261;3,3393994540;4,4950109516;1;1.0490186515, 1.1258632886, 37.3277157401, 52.8199567573, 7.6774455625, 0, 0, 0;1.0490186515, 0, 0, 1.1258632886, 6.363229348, 30.9644863921, 27.1711691054, 25.6487876519, 6.2185454512, 1.4589001113, 0, 0, 0, 0, 0, 0, 0, 0, 0, 0, 0, 0, 0, 0, 0;Europe/Paris;36,0
2023-04-05T17:00:00Z;-1;9000003703;hourly;0,5891666667;0,0000000000;89,9462978573;18,3058064140;6,5428742242;0,0000000000;0,0000000000;31,1097123526;58,8365855047;11,7123998206;6,5934065934;4,9884700791;1,5544041451;1;0, 1.8325953237, 26.750032423, 53.211384185, 18.2059880683, 0, 0, 0;0, 0, 0, 1.8325953237, 10.6744682625, 16.0755641605, 28.5987620583, 24.6126221267, 14.6452458591, 3.5607422092, 0, 0, 0, 0, 0, 0, 0, 0, 0, 0, 0, 0, 0, 0, 0;Europe/Paris;38,5
2023-04-05T18:00:00Z;-1;9000003703;hourly;0,4944444444;5,6962025316;59,7731862568;9,0326967904;0,0000000000;5,6962025316;0,0000000000;24,0855735762;35,6876126806;7,3721801853;1,6605166052;0,0000000000;0,0000000000;1;2.8038954565, 2.8038954565, 49.7419274138, 30.734269168, 13.9160125053, 0, 0, 0;0, 2.8038954565, 0, 2.8038954565, 8.4116863694, 41.3302410445, 16.7975065445, 13.9367626235, 8.3340877866, 5.5819247187, 0, 0, 0, 0, 0, 0, 0, 0, 0, 0, 0, 0, 0, 0, 0;Europe/Paris;37,0
2023-04-05T19:00:00Z;-1;9000003703;hourly;0,0000000000;0,0000000000;0,0000000000;0,0000000000;0,0000000000;0,0000000000;0,0000000000;0,0000000000;0,0000000000;0,0000000000;0,0000000000;0,0000000000;0,0000000000;1;0, 0, 0, 0, 0, 0, 0, 0;0, 0, 0, 0, 0, 0, 0, 0, 0, 0, 0, 0, 0, 0, 0, 0, 0, 0, 0, 0, 0, 0, 0, 0, 0;Europe/Paris;NA
2023-04-06T03:00:00Z;-1;9000003703;hourly;0,0000000000;0,0000000000;0,0000000000;0,0000000000;0,0000000000;0,0000000000;0,0000000000;0,0000000000;0,0000000000;0,0000000000;0,0000000000;0,0000000000;0,0000000000;1;0, 0, 0, 0, 0, 0, 0, 0;0, 0, 0, 0, 0, 0, 0, 0, 0, 0, 0, 0, 0, 0, 0, 0, 0, 0, 0, 0, 0, 0, 0, 0, 0;Europe/Paris;NA
2023-04-06T04:00:00Z;-1;9000003703;hourly;0,0000000000;0,0000000000;0,0000000000;0,0000000000;0,0000000000;0,0000000000;0,0000000000;0,0000000000;0,0000000000;0,0000000000;0,0000000000;0,0000000000;0,0000000000;1;0, 0, 0, 0, 0, 0, 0, 0;0, 0, 0, 0, 0, 0, 0, 0, 0, 0, 0, 0, 0, 0, 0, 0, 0, 0, 0, 0, 0, 0, 0, 0, 0;Europe/Paris;NA
2023-04-06T05:00:00Z;-1;9000003703;hourly;0,1952777778;4,5454545455;85,1791530945;0,0000000000;0,0000000000;4,5454545455;0,0000000000;76,0882440036;9,0909090909;0,0000000000;0,0000000000;0,0000000000;0,0000000000;1;0, 0, 36.6591343647, 52.6681731271, 5.3363462541, 5.3363462541, 0, 0;0, 0, 0, 0, 20.6500956023, 16.0090387624, 10.6726925083, 41.9954806188, 0, 5.3363462541, 5.3363462541, 0, 0, 0, 0, 0, 0, 0, 0, 0, 0, 0, 0, 0, 0;Europe/Paris;37,0
2023-04-06T06:00:00Z;-1;9000003703;hourly;0,5608333333;16,5220858757;96,4272393642;19,1533424991;3,8054968288;3,5041719019;13,0179139738;59,0722224672;37,3550168970;12,1449986953;7,0083438038;1,9027484144;1,9027484144;1;7.8875213677, 0, 26.9895509013, 53.1583891117, 10.3745109761, 1.5900276432, 0, 0;5.9142735314, 1.9732478363, 0, 0, 7.1972817262, 19.7922691751, 28.7753609129, 24.3830281988, 6.362754514, 4.0117564621, 1.5900276432, 0, 0, 0, 0, 0, 0, 0, 0, 0, 0, 0, 0, 0, 0;Europe/Paris;37,0
2023-04-06T07:00:00Z;-1;9000003703;hourly;0,6244444444;9,2589763178;40,2351872843;0,0000000000;1,5126050420;4,7211611917;4,5378151261;23,9569456475;16,2782416368;0,0000000000;0,0000000000;1,5126050420;0,0000000000;1;0, 3.7594084783, 16.0108674192, 47.2289537783, 24.4468581079, 8.5539122163, 0, 0;0, 0, 3.7594084783, 0, 7.7466598946, 8.2642075245, 23.3557030742, 23.8732507041, 20.5156664654, 3.9311916425, 4.2769561082, 4.2769561082, 0, 0, 0, 0, 0, 0, 0, 0, 0, 0, 0, 0, 0;Europe/Paris;42,0
2023-04-06T08:00:00Z;-1;9000003703;hourly;0,6080555556;3,1136773341;39,5748259220;6,9391355484;0,0000000000;1,6759776536;1,4376996805;16,7536704578;22,8211554642;3,4303636185;3,5087719298;0,0000000000;0,0000000000;1;4.2349590038, 0, 23.9997230657, 54.8331965146, 16.9321214159, 0, 0, 0;4.2349590038, 0, 0, 0, 3.6328641934, 20.3668588723, 16.9321214159, 37.9010750987, 12.4990356751, 4.4330857408, 0, 0, 0, 0, 0, 0, 0, 0, 0, 0, 0, 0, 0, 0, 0;Europe/Paris;38,5
2023-04-06T09:00:00Z;-1;9000003703;hourly;0,6313888889;0,0000000000;38,0748719662;2,9556650246;1,6187050360;0,0000000000;0,0000000000;20,5945294087;17,4803425575;1,4778325123;1,4778325123;0,0000000000;1,6187050360;1;17.2607931092, 12.3841324757, 16.2655178514, 41.6590698863, 12.4304866774, 0, 0, 0;17.2607931092, 0, 4.25137355, 8.1327589257, 12.3841324757, 3.8813853757, 28.8578215151, 12.8012483712, 12.4304866774, 0, 0, 0, 0, 0, 0, 0, 0, 0, 0, 0, 0, 0, 0, 0, 0;Europe/Paris;36,5
2023-04-06T10:00:00Z;-1;9000003703;hourly;0,6197222222;1,7716535433;68,2888772574;3,1333515135;3,1333515135;0,0000000000;1,7716535433;13,1876912369;55,1011860205;3,1333515135;0,0000000000;0,0000000000;3,1333515135;1;12.0768420429, 2.2960463165, 12.6734525031, 47.079459232, 18.9736634329, 6.9005364727, 0, 0;9.4824904962, 2.5943515466, 2.2960463165, 0, 2.5943515466, 10.0791009564, 20.6768143719, 26.4026448601, 14.067152964, 4.9065104689, 4.5883775504, 2.3121589223, 0, 0, 0, 0, 0, 0, 0, 0, 0, 0, 0, 0, 0;Europe/Paris;41,5
2023-04-06T11:00:00Z;-1;9000003703;hourly;0,6425000000;3,1921316094;71,7731629270;4,7480297480;4,6309138542;1,5734265734;1,6187050360;40,6886538915;31,0845090355;3,1607281607;1,5873015873;1,5873015873;3,0436122669;1;2.2115530688, 4.4475281278, 30.4681567564, 43.7181434118, 19.1546186352, 0, 0, 0;2.2115530688, 0, 0, 4.4475281278, 13.1549873442, 17.3131694122, 34.9105946517, 8.8075487601, 14.7315124975, 4.4231061376, 0, 0, 0, 0, 0, 0, 0, 0, 0, 0, 0, 0, 0, 0, 0;Europe/Paris;39,0
2023-04-06T12:00:00Z;-1;9000003703;hourly;0,6372222222;4,5949752161;47,0928324969;4,7709415269;3,1864364520;2,9435990693;1,6513761468;18,8583550271;28,2344774697;4,7709415269;0,0000000000;1,7110266160;1,4754098361;1;0, 9.7572708468, 44.0826938171, 43.0423863109, 3.1176490252, 0, 0, 0;0, 0, 6.6396218216, 3.1176490252, 10.1309292177, 33.9517645994, 13.0015855789, 30.040800732, 0, 3.1176490252, 0, 0, 0, 0, 0, 0, 0, 0, 0, 0, 0, 0, 0, 0, 0;Europe/Paris;35,5
2023-04-06T13:00:00Z;-1;9000003703;hourly;0,6344444444;3,1034482759;61,1433201608;14,0591313119;4,6551724138;1,5517241379;1,5517241379;22,0344973146;39,1088228461;9,4039588981;4,6551724138;0,0000000000;4,6551724138;1;0, 5.2331838459, 46.0357550019, 40.9644131001, 2.5378473623, 5.2288006898, 0, 0;0, 0, 0, 5.2331838459, 15.542077583, 30.4936774189, 25.5710734928, 15.3933396073, 2.5378473623, 0, 5.2288006898, 0, 0, 0, 0, 0, 0, 0, 0, 0, 0, 0, 0, 0, 0;Europe/Paris;35,0
2023-04-06T14:00:00Z;-1;9000003703;hourly;0,5733333333;8,4004082677;124,6818116506;34,1268055255;10,3719529486;1,5817223199;6,8186859479;43,6777327427;81,0040789079;3,6552413082;30,4715642173;1,9823788546;8,3895740940;1;2.6834105655, 4.1184750627, 39.6939668673, 39.9647849688, 10.8559519702, 0, 1.3417052827, 1.3417052827;1.3417052827, 1.3417052827, 1.3417052827, 2.77676978, 19.177571852, 20.5163950153, 21.1590814336, 18.8057035353, 9.5142466874, 1.3417052827, 0, 0, 1.3417052827, 0, 0, 0, 0, 0, 0, 0, 0, 1.3417052827, 0, 0, 0;Europe/Paris;37,0
2023-04-06T15:00:00Z;-1;9000003703;hourly;0,6072222222;13,3326787117;88,3011299586;13,5286022360;5,0373134328;13,3326787117;0,0000000000;39,3704033455;48,9307266131;11,8494977584;1,6791044776;0,0000000000;5,0373134328;1;5.813153071, 5.5294882237, 37.124667622, 32.9602165491, 14.7693420524, 1.9015662409, 0, 1.9015662409;3.8754353807, 1.9377176903, 0, 5.5294882237, 14.9087795369, 22.2158880851, 25.5808051021, 7.3794114471, 12.8677758115, 1.9015662409, 1.9015662409, 0, 0, 0, 0, 0, 0, 0, 0, 1.9015662409, 0, 0, 0, 0, 0;Europe/Paris;39,0
2023-04-06T16:00:00Z;-1;9000003703;hourly;0,6375000000;6,1706110720;68,7373899094;27,0014493272;0,0000000000;1,5100671141;4,6605439579;17,0273684551;51,7100214544;15,9179298707;11,0835194565;0,0000000000;0,0000000000;1;15.8902038873, 4.5266347846, 24.8729551083, 36.2049479556, 4.5266347846, 0, 2.32977058, 11.6488528998;15.8902038873, 0, 0, 4.5266347846, 15.9153452964, 8.9576098119, 29.2982597728, 6.9066881828, 4.5266347846, 0, 0, 0, 0, 2.32977058, 0, 0, 2.32977058, 0, 2.32977058, 0, 0, 4.6595411599, 2.32977058, 0, 0;Europe/Paris;41,5
2023-04-06T17:00:00Z;-1;9000003703;hourly;0,6411111111;11,2208623141;120,4618446741;6,2306617129;7,8464606357;7,9892644685;3,2315978456;39,5907445758;80,8711000983;4,7576666229;1,4729950900;6,3734655457;1,4729950900;1;1.3633659445, 8.0396194731, 30.0425467929, 48.6101972989, 9.3188698541, 0, 0, 2.6254006364;1.3633659445, 0, 0, 8.0396194731, 7.7977120266, 22.2448347663, 28.8550005382, 19.7551967607, 5.3521325254, 3.9667373287, 0, 0, 0, 0, 0, 1.2620346919, 0, 1.3633659445, 0, 0, 0, 0, 0, 0, 0;Europe/Paris;36,5
2023-04-06T18:00:00Z;-1;9000003703;hourly;0,3061111111;0,0000000000;54,3895002332;0,0000000000;0,0000000000;0,0000000000;0,0000000000;19,4362292052;34,9532710280;0,0000000000;0,0000000000;0,0000000000;0,0000000000;1;0, 0, 22.4641052964, 61.4697096503, 16.0661850533, 0, 0, 0;0, 0, 0, 0, 0, 22.4641052964, 29.3373395438, 32.1323701065, 16.0661850533, 0, 0, 0, 0, 0, 0, 0, 0, 0, 0, 0, 0, 0, 0, 0, 0;Europe/Paris;38,0
2023-04-07T03:00:00Z;-1;9000003703;hourly;0,0000000000;0,0000000000;0,0000000000;0,0000000000;0,0000000000;0,0000000000;0,0000000000;0,0000000000;0,0000000000;0,0000000000;0,0000000000;0,0000000000;0,0000000000;1;0, 0, 0, 0, 0, 0, 0, 0;0, 0, 0, 0, 0, 0, 0, 0, 0, 0, 0, 0, 0, 0, 0, 0, 0, 0, 0, 0, 0, 0, 0, 0, 0;Europe/Paris;NA
2023-04-07T04:00:00Z;-1;9000003703;hourly;0,0000000000;0,0000000000;0,0000000000;0,0000000000;0,0000000000;0,0000000000;0,0000000000;0,0000000000;0,0000000000;0,0000000000;0,0000000000;0,0000000000;0,0000000000;1;0, 0, 0, 0, 0, 0, 0, 0;0, 0, 0, 0, 0, 0, 0, 0, 0, 0, 0, 0, 0, 0, 0, 0, 0, 0, 0, 0, 0, 0, 0, 0, 0;Europe/Paris;NA
2023-04-07T05:00:00Z;-1;9000003703;hourly;0,2830555556;0,0000000000;83,2943481144;9,8159509202;0,0000000000;0,0000000000;0,0000000000;54,1309070931;29,1634410213;4,9079754601;4,9079754601;0,0000000000;0,0000000000;1;0, 2.946163558, 19.0607854437, 58.4032619667, 16.6436254735, 0, 2.946163558, 0;0, 0, 0, 2.946163558, 16.1146218857, 2.946163558, 26.1740181953, 32.2292437714, 16.6436254735, 0, 0, 0, 2.946163558, 0, 0, 0, 0, 0, 0, 0, 0, 0, 0, 0, 0;Europe/Paris;39,0
2023-04-07T06:00:00Z;-1;9000003703;hourly;0,6180555556;19,0779291131;134,5177097644;28,6321076384;4,8295306897;0,0000000000;19,0779291131;85,6741250812;48,8435846832;23,8175266279;4,8145810105;3,1690140845;1,6605166052;1;1.2344222988, 0, 38.4441052791, 49.4034145507, 8.4492132738, 1.2344222988, 0, 1.2344222988;0, 1.2344222988, 0, 0, 11.8810674796, 26.5630377995, 24.1486282949, 25.2547862558, 5.989412063, 2.4598012108, 1.2344222988, 0, 0, 0, 0, 0, 0, 0, 0, 0, 0, 0, 0, 0, 1.2344222988;Europe/Paris;36,5
2023-04-07T07:00:00Z;-1;9000003703;hourly;0,6363888889;3,3275811991;51,7967972762;12,8632551088;3,0664395230;1,6453382084;1,6822429907;20,4070890144;31,3897082618;6,5061391690;6,3571159398;3,0664395230;0,0000000000;1;0, 9.4556150194, 27.698826922, 50.0682089484, 12.7773491102, 0, 0, 0;0, 0, 0, 9.4556150194, 6.2078408729, 21.4909860491, 26.0954917563, 23.9727171921, 9.6008241223, 3.1765249879, 0, 0, 0, 0, 0, 0, 0, 0, 0, 0, 0, 0, 0, 0, 0;Europe/Paris;37,0
2023-04-07T08:00:00Z;-1;9000003703;hourly;0,6427777778;15,3172557927;96,1160026796;23,0881995269;0,0000000000;6,0716440528;9,2456117399;58,7327432616;37,3832594180;16,8883598570;6,1998396698;0,0000000000;0,0000000000;1;6.5972058867, 1.6631767825, 42.1692073901, 30.3740090408, 12.7746141825, 4.8740701412, 1.5477165761, 0;5.0074460759, 1.5897598108, 0, 1.6631767825, 11.4757337475, 30.6934736426, 17.6173105866, 12.7566984542, 11.2268976064, 1.5477165761, 1.5477165761, 3.326353565, 0, 1.5477165761, 0, 0, 0, 0, 0, 0, 0, 0, 0, 0, 0;Europe/Paris;39,5
2023-04-07T09:00:00Z;-1;9000003703;hourly;0,6466666667;17,1823905088;63,6839663140;6,2832893418;0,0000000000;10,8632742386;6,3191162702;34,2972753358;29,3866909782;4,7261959162;1,5570934256;0,0000000000;0,0000000000;1;14.8126815388, 7.3650704554, 21.6914238235, 36.5940277342, 7.2217135238, 4.9200383449, 2.4750062344, 4.9200383449;12.3676494283, 2.4450321105, 2.4450321105, 4.9200383449, 11.8250638817, 9.8663599419, 21.9472955071, 14.6467322271, 4.9200383449, 2.3016751789, 2.4450321105, 2.4750062344, 0, 2.4750062344, 0, 2.4750062344, 0, 0, 0, 0, 0, 0, 0, 0, 2.4450321105;Europe/Paris;42,0
2023-04-07T10:00:00Z;-1;9000003703;hourly;0,5616666667;16,3659209894;63,2031699389;12,3698068971;3,3551054442;16,3659209894;0,0000000000;30,5227747948;32,6803951441;5,0279678977;7,3418389994;3,3551054442;0,0000000000;1;16.8402745794, 2.9666233542, 22.6373843765, 54.5195146835, 3.0362030064, 0, 0, 0;16.8402745794, 0, 0, 2.9666233542, 11.3112712494, 11.326113127, 28.9155069529, 25.6040077307, 3.0362030064, 0, 0, 0, 0, 0, 0, 0, 0, 0, 0, 0, 0, 0, 0, 0, 0;Europe/Paris;35,0
2023-04-07T11:00:00Z;-1;9000003703;hourly;0,5866666667;13,2801186712;54,2998572540;13,6349839481;0,0000000000;9,9742638576;3,3058548136;38,8391466110;15,4607106430;3,4321701485;10,2028137996;0,0000000000;0,0000000000;1;6.0601934945, 3.0300967472, 43.9841541871, 40.6491312986, 6.2764242726, 0, 0, 0;6.0601934945, 0, 0, 3.0300967472, 21.5107667749, 22.4733874121, 24.933813994, 15.7153173046, 6.2764242726, 0, 0, 0, 0, 0, 0, 0, 0, 0, 0, 0, 0, 0, 0, 0, 0;Europe/Paris;34,5
2023-04-07T12:00:00Z;-1;9000003703;hourly;0,6425000000;12,5930551823;55,1547116459;9,2453737832;1,6187050360;9,3527285247;3,2403266576;31,7004942301;23,4542174158;6,2443085132;3,0010652700;0,0000000000;1,6187050360;1;5.8696890535, 5.5384980713, 27.0534709691, 55.6633648445, 5.8749770616, 0, 0, 0;2.9348445267, 2.9348445267, 2.9401325349, 2.5983655364, 5.5332100631, 21.520260906, 27.9814505044, 27.6819143401, 5.8749770616, 0, 0, 0, 0, 0, 0, 0, 0, 0, 0, 0, 0, 0, 0, 0, 0;Europe/Paris;36,0
2023-04-07T13:00:00Z;-1;9000003703;hourly;0,5788888889;15,7054288995;46,0265926087;29,6179490135;0,0000000000;14,0263244218;1,6791044776;32,3240251076;13,7025675011;20,8142662098;8,8036828037;0,0000000000;0,0000000000;1;7.2477825249, 10.8959006724, 37.1156696757, 29.7429966196, 4.1781865962, 3.6481181475, 3.6481181475, 3.5232276163;3.7245549086, 3.5232276163, 3.6481181475, 7.2477825249, 11.5508596523, 25.5648100234, 15.1505240298, 14.5924725898, 4.1781865962, 0, 0, 3.6481181475, 3.6481181475, 0, 0, 0, 0, 0, 0, 0, 0, 0, 0, 0, 3.5232276163;Europe/Paris;37,5
2023-04-07T14:00:00Z;-1;9000003703;hourly;0,6336111111;12,6753561107;107,1579732208;55,9729435869;0,0000000000;6,4568949463;6,2184611645;23,9703441233;83,1876290975;19,3979384044;36,5750051825;0,0000000000;0,0000000000;1;1.6533100525, 17.7413969687, 30.1907019178, 32.8158355204, 9.5547120825, 3.306620105, 1.4308032482, 3.306620105;0, 1.6533100525, 6.61324021, 11.1281567588, 10.9855153307, 19.2051865871, 21.7802444951, 11.0355910252, 6.2480919775, 3.306620105, 1.6533100525, 1.6533100525, 0, 1.4308032482, 0, 0, 0, 1.6533100525, 1.6533100525, 0, 0, 0, 0, 0, 0;Europe/Paris;39,5
2023-04-07T15:00:00Z;-1;9000003703;hourly;0,6138888889;23,4700904493;143,0644429605;41,2039100017;0,0000000000;13,4865471048;9,9835433445;57,6984369783;85,3660059822;17,9502799664;23,2536300353;0,0000000000;0,0000000000;1;2.2104147566, 5.7578985792, 52.224268416, 33.7717881635, 6.0356300847, 0, 0, 0;2.2104147566, 0, 2.2104147566, 3.5474838226, 15.8216489349, 36.4026194811, 24.5830193603, 9.1887688031, 3.6098802772, 2.4257498076, 0, 0, 0, 0, 0, 0, 0, 0, 0, 0, 0, 0, 0, 0, 0;Europe/Paris;32,5
2023-04-07T16:00:00Z;-1;9000003703;hourly;0,6491666667;10,8739718861;103,7441788242;17,0411642952;0,0000000000;1,4900662252;9,3839056610;35,7578041601;67,9863746641;6,2827416486;10,7584226466;0,0000000000;0,0000000000;1;36.1474721565, 16.2453746031, 20.6994881572, 23.8796678887, 3.0279971945, 0, 0, 0;24.1411816372, 12.0062905193, 5.9058596508, 10.3395149523, 5.8283481944, 14.8711399627, 13.4784948685, 10.4011730202, 1.5166408287, 1.5113563659, 0, 0, 0, 0, 0, 0, 0, 0, 0, 0, 0, 0, 0, 0, 0;Europe/Paris;32,0
2023-04-07T17:00:00Z;-1;9000003703;hourly;0,6272222222;3,0867390423;73,1957169160;0,0000000000;4,9866414806;0,0000000000;3,0867390423;35,2943341959;37,9013827201;0,0000000000;0,0000000000;0,0000000000;4,9866414806;1;0, 2.378298147, 28.3735308727, 40.8746401077, 23.6169345786, 4.756596294, 0, 0;0, 0, 0, 2.378298147, 8.7375271966, 19.6360036761, 21.3888372964, 19.4858028113, 19.399831212, 4.2171033666, 4.756596294, 0, 0, 0, 0, 0, 0, 0, 0, 0, 0, 0, 0, 0, 0;Europe/Paris;41,0
2023-04-07T18:00:00Z;-1;9000003703;hourly;0,5866666667;0,0000000000;55,2849314836;12,0186344243;1,5280135823;0,0000000000;0,0000000000;10,3878837248;44,8970477588;4,4934172067;7,5252172176;0,0000000000;1,5280135823;1;0, 0, 27.0213345258, 59.5528007743, 7.9800491517, 2.6819275568, 0, 2.7638879914;0, 0, 0, 0, 8.0238714974, 18.9974630284, 46.0099754241, 13.5428253501, 2.6600163839, 5.3200327678, 2.6819275568, 0, 0, 0, 0, 0, 0, 0, 0, 0, 0, 0, 0, 2.7638879914, 0;Europe/Paris;37,0
2023-04-08T03:00:00Z;-1;9000003703;hourly;0,0000000000;0,0000000000;0,0000000000;0,0000000000;0,0000000000;0,0000000000;0,0000000000;0,0000000000;0,0000000000;0,0000000000;0,0000000000;0,0000000000;0,0000000000;1;0, 0, 0, 0, 0, 0, 0, 0;0, 0, 0, 0, 0, 0, 0, 0, 0, 0, 0, 0, 0, 0, 0, 0, 0, 0, 0, 0, 0, 0, 0, 0, 0;Europe/Paris;NA
2023-04-08T04:00:00Z;-1;9000003703;hourly;0,0000000000;0,0000000000;0,0000000000;0,0000000000;0,0000000000;0,0000000000;0,0000000000;0,0000000000;0,0000000000;0,0000000000;0,0000000000;0,0000000000;0,0000000000;1;0, 0, 0, 0, 0, 0, 0, 0;0, 0, 0, 0, 0, 0, 0, 0, 0, 0, 0, 0, 0, 0, 0, 0, 0, 0, 0, 0, 0, 0, 0, 0, 0;Europe/Paris;NA
2023-04-08T05:00:00Z;-1;9000003703;hourly;0,3441666667;0,0000000000;6,4400715564;2,1052631579;0,0000000000;0,0000000000;0,0000000000;4,2933810376;2,1466905188;2,1052631579;0,0000000000;0,0000000000;0,0000000000;1;0, 0, 33.3333333333, 33.3333333333, 33.3333333333, 0, 0, 0;0, 0, 0, 0, 0, 33.3333333333, 33.3333333333, 0, 33.3333333333, 0, 0, 0, 0, 0, 0, 0, 0, 0, 0, 0, 0, 0, 0, 0, 0;Europe/Paris;40,5
2023-04-08T06:00:00Z;-1;9000003703;hourly;0,6200000000;0,0000000000;19,6840656938;7,7785126451;1,4062500000;0,0000000000;0,0000000000;6,3953489671;13,2887167267;4,6773473908;3,1011652542;0,0000000000;1,4062500000;1;0, 0, 0, 49.8284549043, 34.4168463334, 8.6105953953, 7.144103367, 0;0, 0, 0, 0, 0, 0, 33.8136522601, 16.0148026441, 0, 34.4168463334, 8.6105953953, 0, 7.144103367, 0, 0, 0, 0, 0, 0, 0, 0, 0, 0, 0, 0;Europe/Paris;48,0
2023-04-08T07:00:00Z;-1;9000003703;hourly;0,6791666667;2,9700465218;68,1611112363;8,6612598772;0,0000000000;1,5254237288;1,4446227929;31,1887201787;36,9723910575;4,2889345439;4,3723253333;0,0000000000;0,0000000000;1;0, 6.5991589963, 21.6703103648, 52.3679106693, 17.3091191792, 2.0535007904, 0, 0;0, 0, 0, 6.5991589963, 8.6000387242, 13.0702716406, 30.6373800304, 21.7305306389, 10.7758831617, 6.5332360174, 0, 2.0535007904, 0, 0, 0, 0, 0, 0, 0, 0, 0, 0, 0, 0, 0;Europe/Paris;39,5
2023-04-08T08:00:00Z;-1;9000003703;hourly;0,6225000000;6,7657481356;112,8515337420;16,2234643984;0,0000000000;6,7657481356;0,0000000000;58,5463536913;54,3051800507;6,7657481356;9,4577162628;0,0000000000;0,0000000000;1;0, 5.9952646732, 32.1201191477, 46.483553373, 6.8685279366, 2.7705767395, 0, 5.76195813;0, 0, 2.9976323366, 2.9976323366, 6.9985085476, 25.1216106001, 22.4543597928, 24.0291935802, 5.4863650399, 1.3821628967, 1.3336254037, 1.4369513358, 0, 0, 0, 1.5606810008, 0, 1.3821628967, 1.3821628967, 0, 0, 0, 0, 0, 1.4369513358;Europe/Paris;38,0
2023-04-08T09:00:00Z;-1;9000003703;hourly;0,6380555556;0,0000000000;118,5297781142;6,0249883744;0,0000000000;0,0000000000;0,0000000000;50,8977506520;67,6320274622;3,0246386250;3,0003497493;0,0000000000;0,0000000000;1;5.3082624282, 3.9344240811, 37.2768041541, 42.7168066569, 8.2119062678, 0, 0, 2.551796412;3.8564405083, 1.4518219198, 0, 3.9344240811, 7.7703727974, 29.5064313567, 30.7828647865, 11.9339418703, 6.8867703794, 1.3251358884, 0, 0, 0, 0, 1.2266605235, 1.3251358884, 0, 0, 0, 0, 0, 0, 0, 0, 0;Europe/Paris;35,5
2023-04-08T10:00:00Z;-1;9000003703;hourly;0,5811111111;8,6086751302;107,2600694824;9,2624356775;0,0000000000;3,5324679253;5,0762072049;54,3079141305;52,9521553519;3,0874785592;6,1749571184;0,0000000000;0,0000000000;1;2.8784976311, 8.2809358613, 32.9877785345, 38.9510204967, 15.1202769043, 1.7814905721, 0, 0;2.8784976311, 0, 1.7814905721, 6.4994452892, 13.6084002966, 19.3793782379, 25.6415567211, 13.3094637756, 8.6061703368, 6.5141065674, 1.7814905721, 0, 0, 0, 0, 0, 0, 0, 0, 0, 0, 0, 0, 0, 0;Europe/Paris;38,5
2023-04-08T11:00:00Z;-1;9000003703;hourly;0,5766666667;8,8453430499;29,1639537432;0,0000000000;1,8828451883;3,4673522305;5,3779908194;15,2389580200;13,9249957232;0,0000000000;0,0000000000;1,8828451883;0,0000000000;1;0, 0, 11.4253365203, 71.7162260287, 11.4253365203, 5.4331009307, 0, 0;0, 0, 0, 0, 0, 11.4253365203, 35.3942788787, 36.3219471499, 11.4253365203, 0, 0, 5.4331009307, 0, 0, 0, 0, 0, 0, 0, 0, 0, 0, 0, 0, 0;Europe/Paris;38,5
2023-04-08T12:00:00Z;-1;9000003703;hourly;0,6544444444;4,5871819412;53,3339980450;2,9704992498;0,0000000000;0,0000000000;4,5871819412;15,1132947673;38,2207032778;2,9704992498;0,0000000000;0,0000000000;0,0000000000;1;11.0473254885, 8.6627567631, 28.4289823799, 39.9971867677, 11.8637486008, 0, 0, 0;5.5236627443, 5.5236627443, 0, 8.6627567631, 11.3428697014, 17.0861126784, 16.7746245797, 23.222562188, 5.9628232098, 5.900925391, 0, 0, 0, 0, 0, 0, 0, 0, 0, 0, 0, 0, 0, 0, 0;Europe/Paris;37,0
2023-04-08T13:00:00Z;-1;9000003703;hourly;0,6261111111;1,6697588126;85,6804633099;12,7420980528;4,8555995206;1,6697588126;0,0000000000;30,0661932349;55,6142700750;7,9348919845;4,8072060683;4,8555995206;0,0000000000;1;10.9351121476, 10.8397355295, 33.4682629489, 37.2306463712, 5.667102316, 1.8591406867, 0, 0;7.2956079219, 3.6395042257, 1.780363539, 9.0593719905, 11.1932498069, 22.275013142, 31.6366248406, 5.5940215306, 5.667102316, 0, 1.8591406867, 0, 0, 0, 0, 0, 0, 0, 0, 0, 0, 0, 0, 0, 0;Europe/Paris;32,0
2023-04-08T14:00:00Z;-1;9000003703;hourly;0,5775000000;0,0000000000;79,5332000455;34,1963344133;0,0000000000;0,0000000000;0,0000000000;34,6872370041;44,8459630414;19,8041907232;14,3921436901;0,0000000000;0,0000000000;1;2.3380225254, 2.3380225254, 56.6052101864, 30.151024896, 6.2536035022, 0, 2.3141163646, 0;0, 2.3380225254, 0, 2.3380225254, 10.169184479, 46.4360257075, 17.4823272259, 12.6686976701, 6.2536035022, 0, 0, 0, 2.3141163646, 0, 0, 0, 0, 0, 0, 0, 0, 0, 0, 0, 0;Europe/Paris;35,0
2023-04-08T15:00:00Z;-1;9000003703;hourly;0,6330555556;1,5202702703;61,5352351541;7,8252788269;1,5761821366;1,5202702703;0,0000000000;26,7642391987;34,7709959555;4,7288264200;3,0964524069;0,0000000000;1,5761821366;1;0, 15.1416552412, 41.1883049058, 41.062951295, 2.607088558, 0, 0, 0;0, 0, 5.0319989826, 10.1096562586, 18.1126450258, 23.07565988, 25.6089054033, 15.4540458917, 2.607088558, 0, 0, 0, 0, 0, 0, 0, 0, 0, 0, 0, 0, 0, 0, 0, 0;Europe/Paris;33,5
2023-04-08T16:00:00Z;-1;9000003703;hourly;0,6519444444;0,0000000000;53,2220247177;21,7319896261;2,9801324503;0,0000000000;0,0000000000;19,7274051868;33,4946195309;9,3067076489;12,4252819773;1,4900662252;1,4900662252;1;28.0443819672, 3.0414194961, 28.8064661365, 25.8858629589, 11.4221521568, 2.7997172845, 0, 0;25.2630838753, 2.7812980918, 3.0414194961, 0, 11.663923943, 17.1425421935, 8.7618095327, 17.1240534262, 11.4221521568, 0, 0, 2.7997172845, 0, 0, 0, 0, 0, 0, 0, 0, 0, 0, 0, 0, 0;Europe/Paris;37,5
2023-04-08T17:00:00Z;-1;9000003703;hourly;0,6116666667;3,3160417847;49,2399574666;4,7638070508;0,0000000000;1,6885553471;1,6274864376;27,9569652694;21,2829921972;1,5280135823;3,2357934685;0,0000000000;0,0000000000;1;0, 6.5324364498, 40.5698751926, 26.8529230751, 22.615527253, 3.4292380294, 0, 0;0, 0, 3.1031984205, 3.4292380294, 13.2668894334, 27.3029857592, 23.547708121, 3.3052149542, 16.0830908032, 6.5324364498, 0, 3.4292380294, 0, 0, 0, 0, 0, 0, 0, 0, 0, 0, 0, 0, 0;Europe/Paris;41,0
2023-04-08T18:00:00Z;-1;9000003703;hourly;0,5786111111;0,0000000000;33,2733981257;2,9032258065;1,4516129032;0,0000000000;0,0000000000;11,7657045840;21,5076935417;1,4516129032;1,4516129032;1,4516129032;0,0000000000;1;21.2981377689, 15.0117519436, 23.9667329597, 17.6803471343, 13.3176640752, 0, 0, 8.7253661182;10.6490688845, 10.6490688845, 10.6490688845, 4.3626830591, 4.3626830591, 19.6040499006, 13.3176640752, 4.3626830591, 13.3176640752, 0, 0, 0, 0, 0, 4.3626830591, 4.3626830591, 0, 0, 0, 0, 0, 0, 0, 0, 0;Europe/Paris;40,0
2023-04-09T03:00:00Z;-1;9000003703;hourly;0,0000000000;0,0000000000;0,0000000000;0,0000000000;0,0000000000;0,0000000000;0,0000000000;0,0000000000;0,0000000000;0,0000000000;0,0000000000;0,0000000000;0,0000000000;1;0, 0, 0, 0, 0, 0, 0, 0;0, 0, 0, 0, 0, 0, 0, 0, 0, 0, 0, 0, 0, 0, 0, 0, 0, 0, 0, 0, 0, 0, 0, 0, 0;Europe/Paris;NA
2023-04-09T04:00:00Z;-1;9000003703;hourly;0,0000000000;0,0000000000;0,0000000000;0,0000000000;0,0000000000;0,0000000000;0,0000000000;0,0000000000;0,0000000000;0,0000000000;0,0000000000;0,0000000000;0,0000000000;1;0, 0, 0, 0, 0, 0, 0, 0;0, 0, 0, 0, 0, 0, 0, 0, 0, 0, 0, 0, 0, 0, 0, 0, 0, 0, 0, 0, 0, 0, 0, 0, 0;Europe/Paris;NA
2023-04-09T05:00:00Z;-1;9000003703;hourly;0,3041666667;0,0000000000;28,0454638868;0,0000000000;0,0000000000;0,0000000000;0,0000000000;0,0000000000;28,0454638868;0,0000000000;0,0000000000;0,0000000000;0,0000000000;1;0, 0, 0, 0, 62.7933321025, 0, 37.2066678975, 0;0, 0, 0, 0, 0, 0, 0, 0, 37.2066678975, 25.586664205, 0, 0, 37.2066678975, 0, 0, 0, 0, 0, 0, 0, 0, 0, 0, 0, 0;Europe/Paris;60,5
2023-04-09T06:00:00Z;-1;9000003703;hourly;0,6419444444;0,0000000000;18,8705389036;4,4334975369;0,0000000000;0,0000000000;0,0000000000;3,2688259615;15,6017129422;4,4334975369;0,0000000000;0,0000000000;0,0000000000;1;0, 0, 0, 35.7724321184, 48.1279709812, 8.0973500023, 8.0022468982, 0;0, 0, 0, 0, 0, 0, 9.225027372, 26.5474047463, 24.1018437987, 24.0261271824, 0, 8.0973500023, 8.0022468982, 0, 0, 0, 0, 0, 0, 0, 0, 0, 0, 0, 0;Europe/Paris;53,0
2023-04-09T07:00:00Z;-1;9000003703;hourly;0,6238888889;0,0000000000;45,5296836311;6,5564440994;3,0930117892;0,0000000000;0,0000000000;17,9165991035;27,6130845276;3,2281350157;3,3283090836;3,0930117892;0,0000000000;1;17.9376804223, 0, 14.10359212, 46.5184064301, 17.8527849431, 3.5875360845, 0, 0;14.3501443378, 3.5875360845, 0, 0, 10.3809322659, 3.7226598541, 24.9429616329, 21.5754447972, 10.5425890046, 7.3101959386, 3.5875360845, 0, 0, 0, 0, 0, 0, 0, 0, 0, 0, 0, 0, 0, 0;Europe/Paris;40,5
2023-04-09T08:00:00Z;-1;9000003703;hourly;0,6169444444;0,0000000000;55,8244532867;14,5277136942;1,5306122449;0,0000000000;0,0000000000;29,9176635056;25,9067897811;4,3478260870;10,1798876072;1,5306122449;0,0000000000;1;0, 5.8205233926, 39.2149629143, 43.1777657363, 9.190617987, 0, 0, 2.5961299699;0, 0, 2.5961299699, 3.2243934226, 7.9340910815, 31.2808718328, 24.8375272574, 18.3402384789, 6.4487868453, 2.7418311417, 0, 0, 0, 0, 2.5961299699, 0, 0, 0, 0, 0, 0, 0, 0, 0, 0;Europe/Paris;36,5
2023-04-09T09:00:00Z;-1;9000003703;hourly;0,5858333333;1,7441860465;47,6305969476;18,8435562864;1,7441860465;0,0000000000;1,7441860465;27,2207936334;20,4098033142;6,9432665268;11,9002897596;0,0000000000;1,7441860465;1;0, 3.492683398, 32.0663237861, 50.2046319222, 10.6779019139, 3.5584589798, 0, 0;0, 0, 3.492683398, 0, 17.8299628924, 14.2363608938, 35.6956082965, 14.5090236256, 0, 10.6779019139, 3.5584589798, 0, 0, 0, 0, 0, 0, 0, 0, 0, 0, 0, 0, 0, 0;Europe/Paris;37,0
2023-04-09T10:00:00Z;-1;9000003703;hourly;0,5905555556;5,5574477975;72,8242212281;11,9717082909;4,8784574436;1,9438444924;3,6136033051;27,8342423353;44,9899788928;1,6697588126;10,3019494783;1,5358361775;3,3426212661;1;0, 2.6692279844, 27.9078015252, 62.9121817891, 2.1089634075, 4.4018252939, 0, 0;0, 0, 2.6692279844, 0, 14.1420610666, 13.7657404586, 25.2598826661, 37.652299123, 0, 2.1089634075, 2.2928618864, 2.1089634075, 0, 0, 0, 0, 0, 0, 0, 0, 0, 0, 0, 0, 0;Europe/Paris;36,5
2023-04-09T11:00:00Z;-1;9000003703;hourly;0,5786111111;3,1304347826;23,6606614671;0,0000000000;0,0000000000;3,1304347826;0,0000000000;12,0276397879;11,6330216793;0,0000000000;0,0000000000;0,0000000000;0,0000000000;1;0, 0, 22.5827782406, 50.0092112249, 19.8458195281, 0, 0, 7.5621910064;0, 0, 0, 0, 7.4583962279, 15.1243820128, 50.0092112249, 0, 19.8458195281, 0, 0, 0, 0, 0, 0, 0, 0, 0, 0, 0, 0, 0, 0, 0, 7.5621910064;Europe/Paris;40,5
2023-04-09T12:00:00Z;-1;9000003703;hourly;0,6355555556;0,0000000000;26,5665082923;12,3180387283;3,2130163947;0,0000000000;0,0000000000;13,9703996910;12,5961086013;7,4626865672;4,8553521611;1,6423357664;1,5706806283;1;0, 5.6181162274, 29.725558899, 59.0382086461, 0, 5.6181162274, 0, 0;0, 0, 0, 5.6181162274, 11.800094485, 17.925464414, 41.6199979336, 17.4182107125, 0, 0, 5.6181162274, 0, 0, 0, 0, 0, 0, 0, 0, 0, 0, 0, 0, 0, 0;Europe/Paris;35,0
2023-04-09T13:00:00Z;-1;9000003703;hourly;0,6375000000;0,0000000000;31,3371911779;4,6837648018;1,5177065767;0,0000000000;0,0000000000;16,0246815839;15,3125095941;3,1660582251;1,5177065767;1,5177065767;0,0000000000;1;0, 10.453515337, 54.5543800321, 20.1260768748, 5.2600491186, 4.8431480923, 4.7628305452, 0;0, 0, 10.453515337, 0, 24.9026420669, 29.6517379652, 10.0228796638, 10.103197211, 0, 5.2600491186, 4.8431480923, 0, 4.7628305452, 0, 0, 0, 0, 0, 0, 0, 0, 0, 0, 0, 0;Europe/Paris;37,5
2023-04-09T14:00:00Z;-1;9000003703;hourly;0,6263888889;0,0000000000;39,3039271452;23,2287008715;1,5202702703;0,0000000000;0,0000000000;17,2189199932;22,0850071520;13,8009977048;9,4277031666;1,5202702703;0,0000000000;1;0, 7.8562266785, 51.5041884689, 24.2074792132, 8.4950258562, 3.9685398916, 0, 3.9685398916;0, 0, 0, 7.8562266785, 11.7045112344, 39.7996772345, 12.3827126431, 11.8247665701, 4.6073390693, 3.8876867869, 3.9685398916, 0, 0, 0, 0, 0, 3.9685398916, 0, 0, 0, 0, 0, 0, 0, 0;Europe/Paris;39,0
2023-04-09T15:00:00Z;-1;9000003703;hourly;0,6336111111;1,5957446809;45,6574975973;1,6071428571;0,0000000000;0,0000000000;1,5957446809;23,6666077371;21,9908898602;1,6071428571;0,0000000000;0,0000000000;0,0000000000;1;0, 3.4950331596, 20.6625160282, 65.6112545373, 10.2311962749, 0, 0, 0;0, 0, 0, 3.4950331596, 6.8149073633, 13.8476086649, 45.0451532169, 20.5661013204, 6.8149073633, 3.4162889116, 0, 0, 0, 0, 0, 0, 0, 0, 0, 0, 0, 0, 0, 0, 0;Europe/Paris;36,5
2023-04-09T16:00:00Z;-1;9000003703;hourly;0,6277777778;1,6157989228;44,7766374097;4,8421131062;3,1490186843;0,0000000000;1,6157989228;9,6384690747;35,1381683350;1,5929203540;3,2491927522;0,0000000000;3,1490186843;1;0, 0, 42.9654503515, 39.105660213, 17.9288894356, 0, 0, 0;0, 0, 0, 0, 10.4057833426, 32.5596670088, 24.8282866894, 14.2773735236, 14.3714084675, 3.557480968, 0, 0, 0, 0, 0, 0, 0, 0, 0, 0, 0, 0, 0, 0, 0;Europe/Paris;38,5
2023-04-09T17:00:00Z;-1;9000003703;hourly;0,6250000000;0,0000000000;46,3601604716;4,8500315797;1,5228426396;0,0000000000;0,0000000000;11,1000315797;35,2601288919;1,5228426396;3,3271889401;1,5228426396;0,0000000000;1;0, 0, 35.0594873327, 61.5701619522, 3.3703507152, 0, 0, 0;0, 0, 0, 0, 3.3703507152, 31.6891366175, 33.9061870459, 27.6639749063, 3.3703507152, 0, 0, 0, 0, 0, 0, 0, 0, 0, 0, 0, 0, 0, 0, 0, 0;Europe/Paris;35,5
2023-04-09T18:00:00Z;-1;9000003703;hourly;0,5747222222;0,0000000000;11,8722325302;0,0000000000;3,1883976186;0,0000000000;0,0000000000;4,8277418809;7,0444906493;0,0000000000;0,0000000000;0,0000000000;3,1883976186;1;0, 0, 40.6641452531, 59.3358547469, 0, 0, 0, 0;0, 0, 0, 0, 40.6641452531, 0, 13.8082223215, 45.5276324254, 0, 0, 0, 0, 0, 0, 0, 0, 0, 0, 0, 0, 0, 0, 0, 0, 0;Europe/Paris;36,0
2023-04-10T03:00:00Z;-1;9000003703;hourly;0,0000000000;0,0000000000;0,0000000000;0,0000000000;0,0000000000;0,0000000000;0,0000000000;0,0000000000;0,0000000000;0,0000000000;0,0000000000;0,0000000000;0,0000000000;1;0, 0, 0, 0, 0, 0, 0, 0;0, 0, 0, 0, 0, 0, 0, 0, 0, 0, 0, 0, 0, 0, 0, 0, 0, 0, 0, 0, 0, 0, 0, 0, 0;Europe/Paris;NA
2023-04-10T04:00:00Z;-1;9000003703;hourly;0,0000000000;0,0000000000;0,0000000000;0,0000000000;0,0000000000;0,0000000000;0,0000000000;0,0000000000;0,0000000000;0,0000000000;0,0000000000;0,0000000000;0,0000000000;1;0, 0, 0, 0, 0, 0, 0, 0;0, 0, 0, 0, 0, 0, 0, 0, 0, 0, 0, 0, 0, 0, 0, 0, 0, 0, 0, 0, 0, 0, 0, 0, 0;Europe/Paris;NA
2023-04-10T05:00:00Z;-1;9000003703;hourly;0,3147222222;0,0000000000;3,1331592689;0,0000000000;0,0000000000;0,0000000000;0,0000000000;3,1331592689;0,0000000000;0,0000000000;0,0000000000;0,0000000000;0,0000000000;1;0, 0, 0, 100, 0, 0, 0, 0;0, 0, 0, 0, 0, 0, 100, 0, 0, 0, 0, 0, 0, 0, 0, 0, 0, 0, 0, 0, 0, 0, 0, 0, 0;Europe/Paris;31,5
2023-04-10T06:00:00Z;-1;9000003703;hourly;0,5652777778;0,0000000000;7,3845560177;3,2028469751;0,0000000000;0,0000000000;0,0000000000;0,0000000000;7,3845560177;3,2028469751;0,0000000000;0,0000000000;0,0000000000;1;0, 0, 24.4730883121, 21.6861174011, 0, 29.3677059746, 24.4730883121, 0;0, 0, 0, 0, 0, 24.4730883121, 21.6861174011, 0, 0, 0, 29.3677059746, 0, 24.4730883121, 0, 0, 0, 0, 0, 0, 0, 0, 0, 0, 0, 0;Europe/Paris;59,5
2023-04-10T07:00:00Z;-1;9000003703;hourly;0,6122222222;1,5706806283;8,2732102514;6,3810717898;3,3962264151;0,0000000000;1,5706806283;3,5294117647;4,7437984867;3,3353865106;3,0456852792;1,6981132075;1,6981132075;1;21.3303642567, 0, 18.4069133179, 39.7372775746, 20.5254448508, 0, 0, 0;21.3303642567, 0, 0, 0, 0, 18.4069133179, 39.7372775746, 0, 20.5254448508, 0, 0, 0, 0, 0, 0, 0, 0, 0, 0, 0, 0, 0, 0, 0, 0;Europe/Paris;39,0
2023-04-10T08:00:00Z;-1;9000003703;hourly;0,6269444444;0,0000000000;23,4687691149;1,7110266160;6,1833249937;0,0000000000;0,0000000000;6,2872087526;17,1815603623;0,0000000000;1,7110266160;3,0000000000;3,1833249937;1;6.3914728236, 7.2906534109, 40.2218496402, 26.0224250673, 13.6821262345, 0, 0, 6.3914728236;0, 6.3914728236, 0, 7.2906534109, 0, 40.2218496402, 12.7829456471, 13.2394794202, 7.2906534109, 6.3914728236, 0, 0, 0, 0, 6.3914728236, 0, 0, 0, 0, 0, 0, 0, 0, 0, 0;Europe/Paris;41,0
2023-04-10T09:00:00Z;-1;9000003703;hourly;0,6144444444;1,6100178891;48,2802880362;6,2608695652;0,0000000000;1,6100178891;0,0000000000;16,4491115153;31,8311765209;4,6956521739;1,5652173913;0,0000000000;0,0000000000;1;10.1478959888, 7.5931356857, 31.910837487, 16.3290043265, 19.7565281756, 0, 7.5931356857, 6.6694626506;10.1478959888, 0, 0, 7.5931356857, 14.5653676015, 17.3454698855, 6.5103953983, 9.8186089282, 13.087065525, 6.6694626506, 0, 0, 7.5931356857, 0, 0, 0, 0, 0, 0, 0, 6.6694626506, 0, 0, 0, 0;Europe/Paris;47,0
2023-04-10T10:00:00Z;-1;9000003703;hourly;0,5758333333;3,6148942336;35,4712357680;5,1377368731;3,4135989421;1,8907563025;1,7241379310;8,1521699820;27,3190657859;0,0000000000;5,1377368731;3,4135989421;0,0000000000;1;0, 4.2931761655, 33.7410277593, 47.9512899718, 0, 14.0145061034, 0, 0;0, 0, 0, 4.2931761655, 4.860664969, 28.8803627904, 23.9315921504, 24.0196978214, 0, 0, 14.0145061034, 0, 0, 0, 0, 0, 0, 0, 0, 0, 0, 0, 0, 0, 0;Europe/Paris;37,5
2023-04-10T11:00:00Z;-1;9000003703;hourly;0,6141666667;3,2358289904;11,1293336170;1,7408123791;1,4950166113;3,2358289904;0,0000000000;4,8401070653;6,2892265517;0,0000000000;1,7408123791;0,0000000000;1,4950166113;1;26.8662376877, 0, 15.2292609115, 29.0747775363, 28.8297238645, 0, 0, 0;26.8662376877, 0, 0, 0, 15.2292609115, 0, 29.0747775363, 0, 28.8297238645, 0, 0, 0, 0, 0, 0, 0, 0, 0, 0, 0, 0, 0, 0, 0, 0;Europe/Paris;40,0
2023-04-10T12:00:00Z;-1;9000003703;hourly;0,5936111111;0,0000000000;30,1760761403;1,7045454545;0,0000000000;0,0000000000;0,0000000000;21,9050781068;8,2709980334;1,7045454545;0,0000000000;0,0000000000;0,0000000000;1;5.6486650107, 16.9422113013, 26.9958067359, 27.8224406399, 12.1239639255, 5.6486650107, 0, 4.8182473759;0, 5.6486650107, 0, 16.9422113013, 16.5288943493, 10.4669123866, 16.9422113013, 10.8802293386, 12.1239639255, 0, 5.6486650107, 0, 0, 0, 0, 0, 0, 0, 0, 0, 0, 0, 4.8182473759, 0, 0;Europe/Paris;40,5
2023-04-10T13:00:00Z;-1;9000003703;hourly;0,6155555556;3,2086479067;40,9501357447;5,0050550923;0,0000000000;1,5957446809;1,6129032258;13,1681477387;27,7819880060;1,5957446809;3,4093104114;0,0000000000;0,0000000000;1;15.3966293509, 4.3868161923, 24.0215941962, 35.8376958755, 15.9704481928, 0, 0, 4.3868161923;15.3966293509, 0, 0, 4.3868161923, 11.7992779541, 12.2223162421, 15.5223325602, 20.3153633153, 0, 15.9704481928, 0, 0, 0, 0, 0, 4.3868161923, 0, 0, 0, 0, 0, 0, 0, 0, 0;Europe/Paris;44,0
2023-04-10T14:00:00Z;-1;9000003703;hourly;0,5866666667;1,7543859649;27,5883060162;20,7367089658;0,0000000000;1,7543859649;0,0000000000;10,5960726867;16,9922333295;19,0092617489;1,7274472169;0,0000000000;0,0000000000;1;6.3591652343, 0, 38.3101953867, 36.8124028235, 18.5182365555, 0, 0, 0;0, 6.3591652343, 0, 0, 6.4855899905, 31.8246053962, 36.8124028235, 0, 6.3591652343, 12.1590713212, 0, 0, 0, 0, 0, 0, 0, 0, 0, 0, 0, 0, 0, 0, 0;Europe/Paris;40,5
2023-04-10T15:00:00Z;-1;9000003703;hourly;0,5700000000;6,9838727789;33,5815858051;26,4307258691;0,0000000000;5,2728461630;1,7110266160;19,5738941005;14,0076917045;15,9717924396;10,4589334294;0,0000000000;0,0000000000;1;10.3092194595, 5.4918856596, 58.1880757604, 26.0108191206, 0, 0, 0, 0;10.3092194595, 0, 0, 5.4918856596, 37.3913426356, 20.7967331247, 15.7015996611, 10.3092194595, 0, 0, 0, 0, 0, 0, 0, 0, 0, 0, 0, 0, 0, 0, 0, 0, 0;Europe/Paris;31,0
2023-04-10T16:00:00Z;-1;9000003703;hourly;0,5702777778;1,7274472169;21,1394866704;15,5262073092;0,0000000000;1,7274472169;0,0000000000;7,1358760289;14,0036106415;12,1382434872;3,3879638221;0,0000000000;0,0000000000;1;0, 16.8780731059, 8.1716611374, 74.9502657567, 0, 0, 0, 0;0, 0, 0, 16.8780731059, 8.1716611374, 0, 66.4523906019, 8.4978751549, 0, 0, 0, 0, 0, 0, 0, 0, 0, 0, 0, 0, 0, 0, 0, 0, 0;Europe/Paris;32,0
2023-04-10T17:00:00Z;-1;9000003703;hourly;0,6630555556;0,0000000000;41,5690699084;2,9775575825;4,5138065602;0,0000000000;0,0000000000;7,4913641427;34,0777057657;2,9775575825;0,0000000000;1,4539579968;3,0598485634;1;0, 0, 28.1153277439, 61.0429721388, 6.9616440339, 3.8800560834, 0, 0;0, 0, 0, 0, 6.9616440339, 21.15368371, 32.7634221432, 28.2795499956, 6.9616440339, 0, 3.8800560834, 0, 0, 0, 0, 0, 0, 0, 0, 0, 0, 0, 0, 0, 0;Europe/Paris;37,0
2023-04-10T18:00:00Z;-1;9000003703;hourly;0,3241666667;0,0000000000;37,3230945921;2,2304832714;0,0000000000;0,0000000000;0,0000000000;16,6019654477;20,7211291444;2,2304832714;0,0000000000;0,0000000000;0,0000000000;1;14.6893387368, 0, 29.3786774736, 43.5659550188, 0, 0, 0, 12.3660287707;5.9761477331, 8.7131910038, 0, 0, 14.6893387368, 14.6893387368, 26.1395730113, 17.4263820075, 0, 0, 0, 0, 0, 0, 0, 12.3660287707, 0, 0, 0, 0, 0, 0, 0, 0, 0;Europe/Paris;36,5
2023-04-11T03:00:00Z;-1;9000003703;hourly;0,0000000000;0,0000000000;0,0000000000;0,0000000000;0,0000000000;0,0000000000;0,0000000000;0,0000000000;0,0000000000;0,0000000000;0,0000000000;0,0000000000;0,0000000000;1;0, 0, 0, 0, 0, 0, 0, 0;0, 0, 0, 0, 0, 0, 0, 0, 0, 0, 0, 0, 0, 0, 0, 0, 0, 0, 0, 0, 0, 0, 0, 0, 0;Europe/Paris;NA
2023-04-11T04:00:00Z;-1;9000003703;hourly;0,0000000000;0,0000000000;0,0000000000;0,0000000000;0,0000000000;0,0000000000;0,0000000000;0,0000000000;0,0000000000;0,0000000000;0,0000000000;0,0000000000;0,0000000000;1;0, 0, 0, 0, 0, 0, 0, 0;0, 0, 0, 0, 0, 0, 0, 0, 0, 0, 0, 0, 0, 0, 0, 0, 0, 0, 0, 0, 0, 0, 0, 0, 0;Europe/Paris;NA
2023-04-11T05:00:00Z;-1;9000003703;hourly;0,3552777778;8,2362082362;59,5918701182;18,6480186480;0,0000000000;2,0202020202;6,2160062160;53,5312640576;6,0606060606;12,4320124320;6,2160062160;0,0000000000;0,0000000000;1;0, 3.3900631348, 20.601152896, 64.1817967923, 11.826987177, 0, 0, 0;0, 0, 0, 3.3900631348, 3.3900631348, 17.2110897612, 21.9971765813, 42.184620211, 11.826987177, 0, 0, 0, 0, 0, 0, 0, 0, 0, 0, 0, 0, 0, 0, 0, 0;Europe/Paris;37,0
2023-04-11T06:00:00Z;-1;9000003703;hourly;0,6688888889;14,8295535137;142,9041788178;47,1231097190;6,0708263069;4,2056074766;10,6239460371;92,5483564623;50,3558223555;36,4041420528;10,7189676663;6,0708263069;0,0000000000;1;2.0430303437, 6.2101505345, 35.518664647, 39.7176786071, 15.4484309442, 0, 1.0620449236, 0;2.0430303437, 0, 2.1240898472, 4.0860606873, 11.4393156489, 24.0793489981, 25.1423143407, 14.5753642664, 10.3481382131, 5.1002927311, 0, 0, 0, 1.0620449236, 0, 0, 0, 0, 0, 0, 0, 0, 0, 0, 0;Europe/Paris;38,0
2023-04-11T07:00:00Z;-1;9000003703;hourly;0,6158333333;11,1935507685;56,6437404181;6,6250853201;1,5817223199;9,5391390038;1,6544117647;41,9323056233;14,7114347949;5,0433630002;1,5817223199;0,0000000000;1,5817223199;1;14.3048384762, 2.7924044355, 23.4914112096, 48.1555666575, 8.6338681259, 0, 0, 2.6219110954;11.6829273808, 2.6219110954, 0, 2.7924044355, 2.6219110954, 20.8695001142, 22.4534898941, 25.7020767634, 5.8414636904, 2.7924044355, 0, 0, 0, 0, 0, 0, 0, 0, 0, 2.6219110954, 0, 0, 0, 0, 0;Europe/Paris;37,0
2023-04-11T08:00:00Z;-1;9000003703;hourly;0,5983333333;8,5262621362;54,2266701886;4,9192187971;0,0000000000;1,7964071856;6,7298549506;20,4507121300;33,7759580586;1,7821782178;3,1370405793;0,0000000000;0,0000000000;1;6.1236283636, 6.5993087737, 25.2444001542, 52.1468194462, 9.8858432624, 0, 0, 0;6.1236283636, 0, 3.2865344887, 3.312774285, 12.8600402822, 12.384359872, 28.4463110906, 23.7005083556, 6.5993087737, 3.2865344887, 0, 0, 0, 0, 0, 0, 0, 0, 0, 0, 0, 0, 0, 0, 0;Europe/Paris;36,5
2023-04-11T09:00:00Z;-1;9000003703;hourly;0,6322222222;5,9358060850;49,7501649459;9,1099271739;3,1931298188;4,4555429271;1,4802631579;23,0925154737;26,6576494722;3,1741210889;5,9358060850;0,0000000000;3,1931298188;1;2.9753934675, 2.9753934675, 28.9508751014, 51.5216284638, 13.5767094997, 0, 0, 0;2.9753934675, 0, 0, 2.9753934675, 6.7883547498, 22.1625203516, 42.1279048816, 9.3937235823, 10.2016363126, 3.3750731871, 0, 0, 0, 0, 0, 0, 0, 0, 0, 0, 0, 0, 0, 0, 0;Europe/Paris;36,5
2023-04-11T10:00:00Z;-1;9000003703;hourly;0,6333333333;1,6333938294;52,8456479748;3,1246249130;0,0000000000;1,6333938294;0,0000000000;25,0326579047;27,8129900701;1,4610389610;1,6635859519;0,0000000000;0,0000000000;1;0, 0, 32.681561115, 53.2821223635, 14.0363165215, 0, 0, 0;0, 0, 0, 0, 11.5977352153, 21.0838258998, 26.7831037531, 26.4990186104, 8.2941870354, 5.7421294861, 0, 0, 0, 0, 0, 0, 0, 0, 0, 0, 0, 0, 0, 0, 0;Europe/Paris;37,5
2023-04-11T11:00:00Z;-1;9000003703;hourly;0,6038888889;1,7142857143;64,0261077556;9,7580532326;0,0000000000;0,0000000000;1,7142857143;28,6553502385;35,3707575171;6,3781877984;3,3798654342;0,0000000000;0,0000000000;1;2.8923386362, 2.4489138975, 39.3106420048, 30.8347796823, 21.620987143, 2.8923386362, 0, 0;2.8923386362, 0, 0, 2.4489138975, 13.158830676, 26.1518113288, 17.9805863872, 12.8541932951, 16.0511693122, 5.5698178308, 2.8923386362, 0, 0, 0, 0, 0, 0, 0, 0, 0, 0, 0, 0, 0, 0;Europe/Paris;40,5
2023-04-11T12:00:00Z;-1;9000003703;hourly;0,6508333333;4,6968789076;43,3929948590;0,0000000000;0,0000000000;1,5202702703;3,1766086373;15,7562187302;27,6367761287;0,0000000000;0,0000000000;0,0000000000;0,0000000000;1;0, 3.4510274403, 20.6124948733, 58.1785115468, 14.2544737552, 3.5034923845, 0, 0;0, 0, 0, 3.4510274403, 3.377960084, 17.2345347893, 40.232506134, 17.9460054128, 10.7509813707, 3.5034923845, 0, 3.5034923845, 0, 0, 0, 0, 0, 0, 0, 0, 0, 0, 0, 0, 0;Europe/Paris;39,0
2023-04-11T13:00:00Z;-1;9000003703;hourly;0,6388888889;2,9974065700;38,7329629613;12,3797572144;2,9126213592;1,4563106796;1,5410958904;20,0514415469;18,6815214144;6,3849440744;5,9948131400;0,0000000000;2,9126213592;1;7.9575419621, 4.2634903724, 27.9830420793, 39.6132066637, 11.9404575691, 4.2634903724, 3.9787709811, 0;7.9575419621, 0, 0, 4.2634903724, 4.2634903724, 23.719551707, 15.5431129595, 24.0700937042, 3.9787709811, 7.961686588, 4.2634903724, 0, 0, 3.9787709811, 0, 0, 0, 0, 0, 0, 0, 0, 0, 0, 0;Europe/Paris;43,5
2023-04-11T14:00:00Z;-1;9000003703;hourly;0,6286111111;9,3142054967;123,6994447904;32,9046448489;12,6034507658;3,2419656058;6,0722398910;38,4964307980;85,2030139924;16,3687399750;16,5359048738;0,0000000000;12,6034507658;1;3.9607487145, 6.7272440806, 37.4947942387, 34.8563066381, 14.2810906404, 1.3399078438, 1.3399078438, 0;3.9607487145, 0, 1.3676127053, 5.3596313754, 14.4338753244, 23.0609189143, 19.2317430596, 15.6245635785, 9.28554504, 4.9955456005, 1.3399078438, 0, 1.3399078438, 0, 0, 0, 0, 0, 0, 0, 0, 0, 0, 0, 0;Europe/Paris;38,5
2023-04-11T15:00:00Z;-1;9000003703;hourly;0,6288888889;19,8649478454;150,4561933242;12,7517958787;6,3951202592;18,3024478454;1,5625000000;60,0451003388;90,4110929854;9,6075735588;3,1442223199;1,7241379310;4,6709823282;1;4.274240966, 3.4378204571, 30.1323911054, 46.0045954408, 14.0030340567, 1.1459401524, 0, 1.0019778217;3.2229566785, 1.0512842874, 0, 3.4378204571, 5.5403890319, 24.5920020734, 27.191600595, 18.8129948458, 11.8058096169, 2.1972244398, 1.1459401524, 0, 0, 0, 0, 0, 0, 0, 0, 1.0019778217, 0, 0, 0, 0, 0;Europe/Paris;38,0
2023-04-11T16:00:00Z;-1;9000003703;hourly;0,5877777778;17,0528741248;137,1565097647;10,0083397119;8,2662538700;3,2394639736;13,8134101512;33,8402132295;103,3162965352;5,0857390927;4,9226006192;0,0000000000;8,2662538700;1;5.1122551384, 4.9173480566, 13.0187358757, 57.6099970802, 19.3416638491, 0, 0, 0;3.9015823034, 1.210672835, 1.151201187, 3.7661468696, 4.6048047479, 8.4139311278, 25.6480996848, 31.9618973955, 14.3648441445, 4.9768197046, 0, 0, 0, 0, 0, 0, 0, 0, 0, 0, 0, 0, 0, 0, 0;Europe/Paris;39,0
2023-04-11T17:00:00Z;-1;9000003703;hourly;0,6038888889;4,8977861908;111,5479652249;3,3800796140;0,0000000000;1,6014234875;3,2963627032;24,7607869296;86,7871782952;3,3800796140;0,0000000000;0,0000000000;0,0000000000;1;12.2360015661, 1.4356366647, 16.4984034137, 46.8283226925, 17.113177517, 5.8884581459, 0, 0;12.2360015661, 0, 1.4356366647, 0, 7.7386719384, 8.7597314754, 18.0623827692, 28.7659399232, 15.5404137635, 1.5727637536, 4.5278716272, 1.3605865187, 0, 0, 0, 0, 0, 0, 0, 0, 0, 0, 0, 0, 0;Europe/Paris;40,0
2023-04-11T18:00:00Z;-1;9000003703;hourly;0,3580555556;7,0702882024;68,3076116945;0,0000000000;0,0000000000;7,0702882024;0,0000000000;9,0472239520;59,2603877426;0,0000000000;0,0000000000;0,0000000000;0,0000000000;1;5.5243988365, 0, 4.826260522, 49.6509308428, 32.2779831649, 2.894166112, 4.826260522, 0;5.5243988365, 0, 0, 0, 0, 4.826260522, 4.826260522, 44.8246703208, 18.7692243069, 13.508758858, 2.894166112, 0, 0, 4.826260522, 0, 0, 0, 0, 0, 0, 0, 0, 0, 0, 0;Europe/Paris;45,0
2023-04-11T19:00:00Z;-1;9000003703;hourly;0,0000000000;0,0000000000;0,0000000000;0,0000000000;0,0000000000;0,0000000000;0,0000000000;0,0000000000;0,0000000000;0,0000000000;0,0000000000;0,0000000000;0,0000000000;1;0, 0, 0, 0, 0, 0, 0, 0;0, 0, 0, 0, 0, 0, 0, 0, 0, 0, 0, 0, 0, 0, 0, 0, 0, 0, 0, 0, 0, 0, 0, 0, 0;Europe/Paris;NA
2023-04-12T03:00:00Z;-1;9000003703;hourly;0,0000000000;0,0000000000;0,0000000000;0,0000000000;0,0000000000;0,0000000000;0,0000000000;0,0000000000;0,0000000000;0,0000000000;0,0000000000;0,0000000000;0,0000000000;1;0, 0, 0, 0, 0, 0, 0, 0;0, 0, 0, 0, 0, 0, 0, 0, 0, 0, 0, 0, 0, 0, 0, 0, 0, 0, 0, 0, 0, 0, 0, 0, 0;Europe/Paris;NA
2023-04-12T04:00:00Z;-1;9000003703;hourly;0,0000000000;0,0000000000;0,0000000000;0,0000000000;0,0000000000;0,0000000000;0,0000000000;0,0000000000;0,0000000000;0,0000000000;0,0000000000;0,0000000000;0,0000000000;1;0, 0, 0, 0, 0, 0, 0, 0;0, 0, 0, 0, 0, 0, 0, 0, 0, 0, 0, 0, 0, 0, 0, 0, 0, 0, 0, 0, 0, 0, 0, 0, 0;Europe/Paris;NA
2023-04-12T05:00:00Z;-1;9000003703;hourly;0,3455555556;19,7009390996;58,0784185693;13,6125315564;0,0000000000;15,5414936923;4,1594454073;26,8446706169;31,2337479524;13,6125315564;0,0000000000;0,0000000000;0,0000000000;1;3.5808872811, 0, 7.4213556106, 53.3831960097, 35.6145610985, 0, 0, 0;3.5808872811, 0, 0, 0, 3.8404683294, 3.5808872811, 42.1213720698, 11.26182394, 3.5808872811, 32.0336738174, 0, 0, 0, 0, 0, 0, 0, 0, 0, 0, 0, 0, 0, 0, 0;Europe/Paris;45,0
2023-04-12T06:00:00Z;-1;9000003703;hourly;0,6466666667;17,2454312572;63,8698163272;18,8977955304;3,1523642732;4,6359741643;12,6094570928;43,9263054758;19,9435108513;15,7454312572;3,1523642732;1,5761821366;1,5761821366;1;7.3651196788, 7.1648587702, 31.8046092381, 38.9864964436, 4.8973152804, 7.3137961905, 2.4678043984, 0;7.3651196788, 0, 2.3485271859, 4.8163315843, 19.4655872459, 12.3390219922, 24.3372407821, 14.6492556616, 4.8973152804, 0, 4.8716535362, 2.4421426543, 2.4678043984, 0, 0, 0, 0, 0, 0, 0, 0, 0, 0, 0, 0;Europe/Paris;37,5
2023-04-12T07:00:00Z;-1;9000003703;hourly;0,6136111111;0,0000000000;31,4998018282;1,3595166163;0,0000000000;0,0000000000;0,0000000000;15,0861494181;16,4136524101;1,3595166163;0,0000000000;0,0000000000;0,0000000000;1;16.7880495313, 9.1668202054, 10.9689847003, 35.8540257, 16.7880495313, 10.4340703318, 0, 0;11.9371822443, 4.850867287, 0, 9.1668202054, 0, 10.9689847003, 19.6008905372, 16.2531351628, 6.1181174133, 10.669932118, 6.1181174133, 4.3159529185, 0, 0, 0, 0, 0, 0, 0, 0, 0, 0, 0, 0, 0;Europe/Paris;45,5
2023-04-12T08:00:00Z;-1;9000003703;hourly;0,6294444444;7,8839142768;46,5688006432;12,7926219421;1,4876033058;1,5000000000;6,3839142768;20,8754086332;25,6933920100;11,1472837337;1,6453382084;1,4876033058;0,0000000000;1;13.7085649376, 0, 26.8782008945, 34.9636893119, 17.4685345706, 6.9810102853, 0, 0;13.7085649376, 0, 0, 0, 6.4420813046, 20.4361195899, 24.2227093936, 10.7409799183, 13.9354003999, 3.5331341707, 0, 6.9810102853, 0, 0, 0, 0, 0, 0, 0, 0, 0, 0, 0, 0, 0;Europe/Paris;41,0
2023-04-12T09:00:00Z;-1;9000003703;hourly;0,5355555556;16,7511924218;44,8212147527;16,9052028633;3,8348042482;5,5747573558;11,1764350659;20,2886285032;24,5325862495;1,9867549669;14,9184478964;0,0000000000;3,8348042482;1;4.4326218686, 20.7523724685, 24.9697378432, 33.2843453233, 12.4036187564, 0, 4.1573037401, 0;0, 4.4326218686, 4.1573037401, 16.5950687284, 12.5319728548, 12.4377649883, 21.0618368289, 12.2225084944, 8.2804612482, 4.1231575081, 0, 0, 4.1573037401, 0, 0, 0, 0, 0, 0, 0, 0, 0, 0, 0, 0;Europe/Paris;38,5
2023-04-12T10:00:00Z;-1;9000003703;hourly;0,5422222222;39,4007003320;60,1563073830;37,4439925160;16,3816218459;15,1757004853;24,2249998467;16,0879785931;44,0683287898;24,3489598415;13,0950326744;16,3816218459;0,0000000000;1;15.1223184445, 11.6213087711, 18.8489845989, 39.5617206451, 9.0914272751, 5.7542402653, 0, 0;11.8979596752, 3.2243587693, 2.8771201326, 8.7441886384, 9.133667783, 9.7153168159, 33.6946521393, 5.8670685058, 6.1578930222, 2.9335342529, 5.7542402653, 0, 0, 0, 0, 0, 0, 0, 0, 0, 0, 0, 0, 0, 0;Europe/Paris;37,5
2023-04-12T11:00:00Z;-1;9000003703;hourly;0,5677777778;22,6121270707;68,5561182088;18,6771816487;9,0758577767;1,8711018711;20,7410251996;21,6263597932;46,9297584156;13,1374392521;5,5397423966;1,5517241379;7,5241336388;1;18.3367914127, 13.0153843076, 23.9905296854, 25.932055143, 16.1611903979, 2.5640490534, 0, 0;13.2086933058, 5.1280981069, 0, 13.0153843076, 8.1878988484, 15.802630837, 7.6921471603, 18.2399079827, 16.1611903979, 0, 2.5640490534, 0, 0, 0, 0, 0, 0, 0, 0, 0, 0, 0, 0, 0, 0;Europe/Paris;38,5
2023-04-12T12:00:00Z;-1;9000003703;hourly;0,5272222222;13,6410377998;55,8307941264;8,0575355554;1,7208413002;6,2170447578;7,4239930419;19,1635476912;36,6672464352;5,9146784125;2,1428571429;1,7208413002;0,0000000000;1;10.000757345, 3.4592566742, 29.0286902375, 50.3766167497, 7.1346789934, 0, 0, 0;6.5415006708, 3.4592566742, 3.4592566742, 0, 7.1346789934, 21.8940112441, 33.9454620286, 16.4311547211, 3.8381276433, 3.2965513501, 0, 0, 0, 0, 0, 0, 0, 0, 0, 0, 0, 0, 0, 0, 0;Europe/Paris;35,0
2023-04-12T13:00:00Z;-1;9000003703;hourly;0,5011111111;8,1028758276;82,1227028606;15,8899700544;0,0000000000;2,0408163265;6,0620595010;44,6615093551;37,4611935055;7,9892543619;7,9007156926;0,0000000000;0,0000000000;1;4.7239951718, 11.9673491143, 39.3792705168, 41.5826591474, 2.3467260498, 0, 0, 0;4.7239951718, 0, 4.8966278927, 7.0707212216, 17.0490592519, 22.3302112649, 22.1220537834, 19.460605364, 2.3467260498, 0, 0, 0, 0, 0, 0, 0, 0, 0, 0, 0, 0, 0, 0, 0, 0;Europe/Paris;34,0
2023-04-12T14:00:00Z;-1;9000003703;hourly;0,5138888889;13,3705506556;111,9718258668;23,4176186012;0,0000000000;11,4392201835;1,9313304721;57,8864951493;54,0853307174;15,4265172900;7,9911013112;0,0000000000;0,0000000000;1;1.724836098, 1.724836098, 58.3271152404, 31.2125578834, 7.0106546803, 0, 0, 0;1.724836098, 0, 0, 1.724836098, 32.4405551665, 25.8865600739, 22.6889928326, 8.5235650508, 5.1671371995, 1.8435174809, 0, 0, 0, 0, 0, 0, 0, 0, 0, 0, 0, 0, 0, 0, 0;Europe/Paris;33,0
2023-04-12T15:00:00Z;-1;9000003703;hourly;0,5538888889;3,5342108872;113,5778781941;18,8607701217;1,9271948608;1,9607843137;1,5734265734;54,2222743356;59,3556038585;11,2310799574;7,6296901644;0,0000000000;1,9271948608;1;11.3276798734, 6.2773260125, 48.6695190604, 30.6433419044, 3.0821331494, 0, 0, 0;6.4061082956, 4.9215715777, 1.3853283742, 4.8919976383, 24.3469284778, 24.3225905825, 22.5265774636, 8.1167644408, 3.0821331494, 0, 0, 0, 0, 0, 0, 0, 0, 0, 0, 0, 0, 0, 0, 0, 0;Europe/Paris;31,5
2023-04-12T16:00:00Z;-1;9000003703;hourly;0,5333333333;5,6651453685;87,1126867868;9,1569030076;0,0000000000;0,0000000000;5,6651453685;24,9124811009;62,2002056859;5,5441478439;3,6127551637;0,0000000000;0,0000000000;1;11.2300432786, 10.9954724818, 23.5746848256, 34.3935812489, 17.5796134719, 0, 0, 2.2266046933;6.7283239859, 4.5017192927, 2.2508596463, 8.7446128355, 10.721876611, 12.8528082146, 25.5680654447, 8.8255158042, 13.1021491323, 4.4774643396, 0, 0, 0, 0, 0, 0, 0, 2.2266046933, 0, 0, 0, 0, 0, 0, 0;Europe/Paris;39,5
2023-04-12T17:00:00Z;-1;9000003703;hourly;0,6188888889;4,9445664947;90,7483651397;5,0242681245;0,0000000000;1,7013232514;3,2432432432;34,1458919948;56,6024731450;3,3229448730;1,7013232514;0,0000000000;0,0000000000;1;3.6617132087, 3.443588207, 33.8834952185, 44.6929807056, 14.3182226601, 0, 0, 0;3.6617132087, 0, 0, 3.443588207, 6.9765760013, 26.9069192173, 21.4522325592, 23.2407481464, 12.443452521, 1.8747701392, 0, 0, 0, 0, 0, 0, 0, 0, 0, 0, 0, 0, 0, 0, 0;Europe/Paris;37,5
2023-04-12T18:00:00Z;-1;9000003703;hourly;0,5619444444;0,0000000000;58,6404199896;0,0000000000;0,0000000000;0,0000000000;0,0000000000;11,5259835959;47,1144363937;0,0000000000;0,0000000000;0,0000000000;0,0000000000;1;0, 2.357569198, 17.1185340963, 54.5981044106, 12.3256055758, 2.5368223932, 8.5265419328, 2.5368223932;0, 0, 0, 2.357569198, 14.7609648983, 2.357569198, 29.9582263115, 24.6398780992, 4.8943915913, 7.4312139845, 2.5368223932, 0, 8.5265419328, 0, 0, 0, 0, 0, 0, 0, 0, 0, 0, 0, 2.5368223932;Europe/Paris;46,5
2023-04-13T03:00:00Z;-1;9000003703;hourly;0,0000000000;0,0000000000;0,0000000000;0,0000000000;0,0000000000;0,0000000000;0,0000000000;0,0000000000;0,0000000000;0,0000000000;0,0000000000;0,0000000000;0,0000000000;1;0, 0, 0, 0, 0, 0, 0, 0;0, 0, 0, 0, 0, 0, 0, 0, 0, 0, 0, 0, 0, 0, 0, 0, 0, 0, 0, 0, 0, 0, 0, 0, 0;Europe/Paris;NA
2023-04-13T04:00:00Z;-1;9000003703;hourly;0,0000000000;0,0000000000;0,0000000000;0,0000000000;0,0000000000;0,0000000000;0,0000000000;0,0000000000;0,0000000000;0,0000000000;0,0000000000;0,0000000000;0,0000000000;1;0, 0, 0, 0, 0, 0, 0, 0;0, 0, 0, 0, 0, 0, 0, 0, 0, 0, 0, 0, 0, 0, 0, 0, 0, 0, 0, 0, 0, 0, 0, 0, 0;Europe/Paris;NA
2023-04-13T05:00:00Z;-1;9000003703;hourly;0,2947222222;23,4807692308;74,7692307692;12,3461538462;2,8846153846;13,2115384615;10,2692307692;55,7884615385;18,9807692308;12,3461538462;0,0000000000;0,0000000000;2,8846153846;1;0, 3.8580246914, 30.4012345679, 55.787037037, 9.9537037037, 0, 0, 0;0, 0, 0, 3.8580246914, 0, 30.4012345679, 24.3055555556, 31.4814814815, 5.0154320988, 4.9382716049, 0, 0, 0, 0, 0, 0, 0, 0, 0, 0, 0, 0, 0, 0, 0;Europe/Paris;36,5
2023-04-13T06:00:00Z;-1;9000003703;hourly;0,6533333333;17,6808335999;161,5823274419;43,8604973338;4,3689320388;4,5740374834;13,1067961165;103,4445634403;58,1377640016;37,6038593427;6,2566379911;4,3689320388;0,0000000000;1;0, 6.4172719064, 28.4129637656, 43.1819595413, 13.431988547, 5.8519734939, 2.7038427457, 0;0, 0, 1.9108673303, 4.5064045761, 12.7766090306, 15.636354735, 24.0677126894, 19.1142468519, 5.624296491, 7.8076920561, 3.890735446, 1.9612380479, 0, 2.7038427457, 0, 0, 0, 0, 0, 0, 0, 0, 0, 0, 0;Europe/Paris;43,5
2023-04-13T07:00:00Z;-1;9000003703;hourly;0,6288888889;9,5646653367;40,0837473325;7,7028469751;0,0000000000;6,3618183616;3,2028469751;22,2307541609;17,8529931716;6,1014234875;1,6014234875;0,0000000000;0,0000000000;1;0, 3.9951940477, 27.7440460409, 44.1672398855, 24.0935200258, 0, 0, 0;0, 0, 0, 3.9951940477, 3.7421650914, 24.0018809496, 23.8404910695, 20.326748816, 19.9123299796, 4.1811900462, 0, 0, 0, 0, 0, 0, 0, 0, 0, 0, 0, 0, 0, 0, 0;Europe/Paris;40,0
2023-04-13T08:00:00Z;-1;9000003703;hourly;0,6355555556;6,2900653462;50,4765959427;17,4516161374;0,0000000000;3,0283287078;3,2617366384;22,0833558469;28,3932400958;9,3977312504;8,0538848871;0,0000000000;0,0000000000;1;3.2300806981, 0, 24.6692876834, 56.7662523041, 12.1561180927, 0, 0, 3.1782612217;3.2300806981, 0, 0, 0, 0, 24.6692876834, 25.331571203, 31.4346811012, 6.1048276709, 6.0512904218, 0, 0, 0, 0, 0, 0, 0, 0, 0, 0, 0, 0, 3.1782612217, 0, 0;Europe/Paris;38,0
2023-04-13T09:00:00Z;-1;9000003703;hourly;0,5319444444;11,0985670864;41,9923931534;17,2776570982;1,7307692308;9,1836734694;1,9148936170;17,8097130833;24,1826800702;7,7054349591;9,5722221390;1,7307692308;0,0000000000;1;13.2418184515, 12.8033476418, 21.3651613291, 43.9079505465, 8.6817220311, 0, 0, 0;8.6817220311, 4.5600964204, 4.5600964204, 8.2432512215, 12.6172212573, 8.7479400717, 21.3651613291, 22.5427892174, 8.6817220311, 0, 0, 0, 0, 0, 0, 0, 0, 0, 0, 0, 0, 0, 0, 0, 0;Europe/Paris;36,0
2023-04-13T10:00:00Z;-1;9000003703;hourly;0,5780555556;9,2391719502;57,5121951767;5,4655870445;0,0000000000;1,8218623482;7,4173096020;18,3246347962;39,1875603805;0,0000000000;5,4655870445;0,0000000000;0,0000000000;1;3.1677844022, 0, 21.7904814349, 58.2600788887, 16.7816552742, 0, 0, 0;3.1677844022, 0, 0, 0, 3.1677844022, 18.6226970327, 35.2422362816, 23.0178426072, 10.8928304042, 5.88882487, 0, 0, 0, 0, 0, 0, 0, 0, 0, 0, 0, 0, 0, 0, 0;Europe/Paris;38,5
2023-04-13T11:00:00Z;-1;9000003703;hourly;0,6341666667;4,6202809482;40,8266675171;0,0000000000;0,0000000000;3,1496927129;1,4705882353;23,8049167212;17,0217507959;0,0000000000;0,0000000000;0,0000000000;0,0000000000;1;3.7618455556, 7.7772216859, 23.5577252581, 64.9032075005, 0, 0, 0, 0;3.7618455556, 0, 3.7618455556, 4.0153761303, 0, 23.5577252581, 41.4741545889, 23.4290529116, 0, 0, 0, 0, 0, 0, 0, 0, 0, 0, 0, 0, 0, 0, 0, 0, 0;Europe/Paris;34,5
2023-04-13T12:00:00Z;-1;9000003703;hourly;0,6430555556;7,9945445576;21,9845020147;4,4399164843;1,5789473684;6,4072429703;1,5873015873;12,6085709052;9,3759311095;3,0136090358;1,4263074485;0,0000000000;1,5789473684;1;29.4083513335, 7.2200934378, 13.9718682499, 41.9156047498, 7.484082229, 0, 0, 0;29.4083513335, 0, 0, 7.2200934378, 7.484082229, 6.487786021, 19.4633580629, 22.4522466869, 7.484082229, 0, 0, 0, 0, 0, 0, 0, 0, 0, 0, 0, 0, 0, 0, 0, 0;Europe/Paris;36,0
2023-04-13T13:00:00Z;-1;9000003703;hourly;0,6425000000;0,0000000000;32,6488367787;10,8141598155;3,1251507114;0,0000000000;0,0000000000;13,9682709584;18,6805658203;1,5437392796;9,2704205359;1,5734265734;1,5517241379;1;9.4975288897, 9.4810833185, 19.077552531, 42.8498371587, 19.0939981021, 0, 0, 0;9.4975288897, 0, 0, 9.4810833185, 14.3247824754, 4.7527700556, 33.3442970474, 9.5055401113, 9.5055401113, 9.5884579909, 0, 0, 0, 0, 0, 0, 0, 0, 0, 0, 0, 0, 0, 0, 0;Europe/Paris;39,5
2023-04-13T14:00:00Z;-1;9000003703;hourly;0,6261111111;8,1594244271;77,6848122890;56,7756716970;6,4981949458;3,2199585635;4,9394658635;17,2578108981;60,4270013910;16,2530292000;40,5226424970;0,0000000000;6,4981949458;1;2.0912050742, 10.1019172446, 39.0295342815, 30.5424782984, 14.212199785, 4.0226653163, 0, 0;2.0912050742, 0, 0, 10.1019172446, 14.563417228, 24.4661170535, 16.1984784039, 14.3439998945, 10.1269712838, 4.0852285012, 4.0226653163, 0, 0, 0, 0, 0, 0, 0, 0, 0, 0, 0, 0, 0, 0;Europe/Paris;39,0
2023-04-13T15:00:00Z;-1;9000003703;hourly;0,5727777778;9,4028644074;75,7966354596;23,0807246946;1,6274864376;9,4028644074;0,0000000000;30,9989131025;44,7977223571;14,2206600191;8,8600646755;0,0000000000;1,6274864376;1;7.315822813, 4.7117275172, 31.8976279092, 40.1117633144, 13.6024465238, 0, 0, 2.3606119225;4.7512703356, 2.5645524774, 4.7117275172, 0, 9.4234550344, 22.4741728748, 22.3493179568, 17.7624453576, 8.8812226788, 4.721223845, 0, 0, 0, 0, 0, 0, 0, 0, 0, 2.3606119225, 0, 0, 0, 0, 0;Europe/Paris;38,0
2023-04-13T16:00:00Z;-1;9000003703;hourly;0,6325000000;12,9926764095;112,3088636369;20,9009978260;1,6605166052;1,6605166052;11,3321598043;25,8524658189;86,4563978180;6,5756229206;14,3253749054;0,0000000000;1,6605166052;1;1.462338513, 1.4785267622, 29.8000602818, 47.7283467811, 16.8064025268, 1.2619866222, 1.462338513, 0;1.462338513, 0, 0, 1.4785267622, 10.0633891358, 19.736671146, 23.8373884855, 23.8909582957, 8.3845104829, 8.4218920439, 0, 1.2619866222, 1.462338513, 0, 0, 0, 0, 0, 0, 0, 0, 0, 0, 0, 0;Europe/Paris;40,0
2023-04-13T17:00:00Z;-1;9000003703;hourly;0,6163888889;6,2624372623;91,8547977018;3,0874785592;1,6042780749;4,7186979827;1,5437392796;29,8805753215;61,9742223804;0,0000000000;3,0874785592;0,0000000000;1,6042780749;1;7.5360520175, 3.4564974096, 23.1013323809, 41.6371801512, 19.1318106389, 3.3905903511, 0, 1.7465370509;7.5360520175, 0, 0, 3.4564974096, 0, 23.1013323809, 19.4761413726, 22.1610387786, 13.9287761785, 5.2030344605, 3.3905903511, 0, 0, 0, 0, 0, 0, 0, 1.7465370509, 0, 0, 0, 0, 0, 0;Europe/Paris;41,0
2023-04-13T18:00:00Z;-1;9000003703;hourly;0,6397222222;1,5652173913;35,2713453074;6,1629453349;1,4331210191;1,5652173913;0,0000000000;18,1904711185;17,0808741889;1,4331210191;4,7298243158;0,0000000000;1,4331210191;1;0, 4.6733449886, 16.8627384463, 55.3328907604, 18.6933799546, 4.4376458501, 0, 0;0, 0, 0, 4.6733449886, 0, 16.8627384463, 41.6160400592, 13.7168507012, 9.3466899773, 9.3466899773, 4.4376458501, 0, 0, 0, 0, 0, 0, 0, 0, 0, 0, 0, 0, 0, 0;Europe/Paris;42,0
2023-04-14T03:00:00Z;-1;9000003703;hourly;0,0000000000;0,0000000000;0,0000000000;0,0000000000;0,0000000000;0,0000000000;0,0000000000;0,0000000000;0,0000000000;0,0000000000;0,0000000000;0,0000000000;0,0000000000;1;0, 0, 0, 0, 0, 0, 0, 0;0, 0, 0, 0, 0, 0, 0, 0, 0, 0, 0, 0, 0, 0, 0, 0, 0, 0, 0, 0, 0, 0, 0, 0, 0;Europe/Paris;NA
2023-04-14T04:00:00Z;-1;9000003703;hourly;0,0000000000;0,0000000000;0,0000000000;0,0000000000;0,0000000000;0,0000000000;0,0000000000;0,0000000000;0,0000000000;0,0000000000;0,0000000000;0,0000000000;0,0000000000;1;0, 0, 0, 0, 0, 0, 0, 0;0, 0, 0, 0, 0, 0, 0, 0, 0, 0, 0, 0, 0, 0, 0, 0, 0, 0, 0, 0, 0, 0, 0, 0, 0;Europe/Paris;NA
2023-04-14T05:00:00Z;-1;9000003703;hourly;0,3513888889;10,1798509395;60,7292964095;6,1051480533;0,0000000000;10,1798509395;0,0000000000;42,2059751524;18,5233212572;4,0677966102;2,0373514431;0,0000000000;0,0000000000;1;5.1863046098, 5.1863046098, 18.6055375901, 43.8979472078, 17.0708534785, 3.3548082451, 6.6982442588, 0;0, 5.1863046098, 0, 5.1863046098, 5.1863046098, 13.4192329803, 28.6472178627, 15.2507293451, 11.8845488687, 5.1863046098, 0, 3.3548082451, 0, 6.6982442588, 0, 0, 0, 0, 0, 0, 0, 0, 0, 0, 0;Europe/Paris;42,5
2023-04-14T06:00:00Z;-1;9000003703;hourly;0,6077777778;14,1726139101;155,4391946861;26,7925386852;3,0927835052;4,8942633946;9,2783505155;107,2439722571;48,1952224289;23,5257510264;3,2667876588;0,0000000000;3,0927835052;1;2.0437744429, 3.0386276108, 35.5711334526, 45.5644889902, 11.7922691677, 1.9897063359, 0, 0;1.0489212749, 0.994853168, 0, 3.0386276108, 11.4199914462, 24.1511420064, 25.2462727038, 20.3182162864, 7.5446636405, 4.2476055272, 1.9897063359, 0, 0, 0, 0, 0, 0, 0, 0, 0, 0, 0, 0, 0, 0;Europe/Paris;37,0
2023-04-14T07:00:00Z;-1;9000003703;hourly;0,5880555556;10,3082616001;41,4597931805;1,5000000000;0,0000000000;6,6665325349;3,6417290652;24,7607752779;16,6990179026;0,0000000000;1,5000000000;0,0000000000;0,0000000000;1;4.1191230229, 7.8412662323, 27.3747360531, 40.1290849353, 20.5357897564, 0, 0, 0;4.1191230229, 0, 0, 7.8412662323, 8.1784206876, 19.1963153655, 36.0099619124, 4.1191230229, 20.5357897564, 0, 0, 0, 0, 0, 0, 0, 0, 0, 0, 0, 0, 0, 0, 0, 0;Europe/Paris;39,0
2023-04-14T08:00:00Z;-1;9000003703;hourly;0,5919444444;8,1566706059;51,9515658723;7,9423620442;0,0000000000;1,8072289157;6,3494416902;21,9825291487;29,9690367236;3,1636009823;4,7787610619;0,0000000000;0,0000000000;1;6.9573607083, 10.023524985, 34.9219039462, 38.4651185417, 9.6320918188, 0, 0, 0;6.9573607083, 0, 3.4786803541, 6.5448446309, 18.7877760728, 16.1341278734, 19.6556168039, 18.8095017378, 6.1323285535, 3.4997632654, 0, 0, 0, 0, 0, 0, 0, 0, 0, 0, 0, 0, 0, 0, 0;Europe/Paris;36,0
2023-04-14T09:00:00Z;-1;9000003703;hourly;0,6583333333;9,1532870685;64,9441792817;13,4077457554;0,0000000000;1,5280135823;7,6252734862;31,5817968008;33,3623824809;10,3228018560;3,0849438994;0,0000000000;0,0000000000;1;16.2187884092, 16.2713303217, 34.8589621864, 27.9087886034, 4.7421304793, 0, 0, 0;11.57245641, 4.6463319991, 2.3608270648, 13.9105032569, 20.9484589295, 13.9105032569, 18.4838169937, 9.4249716096, 4.7421304793, 0, 0, 0, 0, 0, 0, 0, 0, 0, 0, 0, 0, 0, 0, 0, 0;Europe/Paris;32,5
2023-04-14T10:00:00Z;-1;9000003703;hourly;0,6255555556;15,4242987017;51,4816950595;3,0478544032;3,3878434544;2,8985507246;12,5257479770;16,2893034898;35,1923915697;1,4492753623;1,5985790409;1,7892644135;1,5985790409;1;12.7799654646, 3.1051406505, 26.8446113865, 44.5013086821, 12.7689738163, 0, 0, 0;12.7799654646, 0, 0, 3.1051406505, 11.5395315443, 15.3050798422, 22.2561501652, 22.2451585169, 12.7689738163, 0, 0, 0, 0, 0, 0, 0, 0, 0, 0, 0, 0, 0, 0, 0, 0;Europe/Paris;37,0
2023-04-14T11:00:00Z;-1;9000003703;hourly;0,6194444444;6,8338443498;70,9265645237;6,3960256904;0,0000000000;3,5928143713;3,2410299786;28,4533139085;42,4732506153;1,4446227929;4,9514028975;0,0000000000;0,0000000000;1;9.5137980084, 6.4587576459, 30.3773692113, 47.0174454579, 6.6326296765, 0, 0, 0;9.5137980084, 0, 2.0367866435, 4.4219710024, 2.5327706166, 27.8445985946, 24.6143788931, 22.4030665648, 4.2474453176, 2.3851843589, 0, 0, 0, 0, 0, 0, 0, 0, 0, 0, 0, 0, 0, 0, 0;Europe/Paris;35,5
2023-04-14T12:00:00Z;-1;9000003703;hourly;0,5655555556;7,7814597386;29,6270597504;8,5029019792;3,4150197628;4,0723981900;3,7090615486;7,1240813114;22,5029784390;6,8665383429;1,6363636364;3,4150197628;0,0000000000;1;24.1690541988, 12.3959743637, 24.0458600058, 39.3891114317, 0, 0, 0, 0;18.5226536865, 5.6464005123, 0, 12.3959743637, 18.5226536865, 5.5232063193, 28.2195046, 11.1696068317, 0, 0, 0, 0, 0, 0, 0, 0, 0, 0, 0, 0, 0, 0, 0, 0, 0;Europe/Paris;32,0
2023-04-14T13:00:00Z;-1;9000003703;hourly;0,6030555556;9,6305857431;36,2670948455;1,8367346939;0,0000000000;6,2834821048;3,3471036383;19,5806468005;16,6864480450;1,8367346939;0,0000000000;0,0000000000;0,0000000000;1;10.1289320344, 9.1127341223, 34.6997985398, 36.7808462839, 9.2776890196, 0, 0, 0;5.0644660172, 5.0644660172, 0, 9.1127341223, 9.1127341223, 25.5870644175, 23.4548891591, 13.3259571247, 9.2776890196, 0, 0, 0, 0, 0, 0, 0, 0, 0, 0, 0, 0, 0, 0, 0, 0;Europe/Paris;35,5
2023-04-14T14:00:00Z;-1;9000003703;hourly;0,5963888889;6,8103689091;124,8552515327;26,0649786996;3,4956201049;0,0000000000;6,8103689091;38,4901406564;86,3651108763;5,2637929929;20,8011857067;0,0000000000;3,4956201049;1;13.7482562899, 16.6353373357, 28.4128598136, 33.4241243232, 5.1975002246, 0, 0, 2.581922013;10.9811364521, 2.7671198379, 9.6849194325, 6.9504179032, 15.0599027578, 13.3529570558, 13.2733288806, 20.1507954426, 2.5426268704, 2.6548733541, 0, 0, 0, 0, 0, 1.3106085778, 0, 0, 0, 0, 0, 1.2713134352, 0, 0, 0;Europe/Paris;35,5
2023-04-14T15:00:00Z;-1;9000003703;hourly;0,5827777778;17,1658671103;132,4205683427;10,3336606198;3,4038628589;5,1823799083;11,9834872020;48,1225129250;84,2980554177;3,4582419773;6,8754186426;1,6697588126;1,7341040462;1;18.2826541985, 2.6140876088, 25.917852252, 42.7090633728, 6.5477141049, 3.928628463, 0, 0;16.9806374857, 1.3020167128, 1.3020167128, 1.3120708959, 12.9296032493, 12.9882490027, 29.7233424451, 12.9857209278, 6.5477141049, 0, 2.619085642, 1.309542821, 0, 0, 0, 0, 0, 0, 0, 0, 0, 0, 0, 0, 0;Europe/Paris;36,0
2023-04-14T16:00:00Z;-1;9000003703;hourly;0,5994444444;18,4476238733;84,3081973591;26,4287266601;1,7013232514;5,0599626641;13,3876612093;31,4279642871;52,8802330720;21,1824475414;5,2462791188;0,0000000000;1,7013232514;1;11.7024843036, 5.7007397253, 10.1676365705, 64.7904292386, 5.7918038417, 0, 0, 1.8469063204;5.9217341962, 5.7807501074, 1.8469063204, 3.8538334049, 0, 10.1676365705, 36.6865155809, 28.1039136576, 3.8648871392, 1.9269167025, 0, 0, 0, 0, 0, 0, 0, 0, 0, 0, 0, 0, 0, 1.8469063204, 0;Europe/Paris;36,0
2023-04-14T17:00:00Z;-1;9000003703;hourly;0,5950000000;6,8414214917;52,1374789412;8,5788732292;0,0000000000;6,8414214917;0,0000000000;23,4792102143;28,6582687269;3,4387749889;5,1400982403;0,0000000000;0,0000000000;1;6.5955912305, 6.0996658809, 29.0055671677, 48.7230462046, 3.0498329404, 0, 0, 6.5262965758;6.5955912305, 0, 0, 6.0996658809, 16.2410154015, 12.7645517662, 19.6427529989, 29.0802932057, 0, 3.0498329404, 0, 0, 0, 0, 0, 6.5262965758, 0, 0, 0, 0, 0, 0, 0, 0, 0;Europe/Paris;36,5
2023-04-14T18:00:00Z;-1;9000003703;hourly;0,3761111111;0,0000000000;32,0026435526;6,1462186197;0,0000000000;0,0000000000;0,0000000000;15,4823762473;16,5202673054;3,0927835052;3,0534351145;0,0000000000;0,0000000000;1;9.5411965249, 0, 28.746543138, 45.5041482344, 6.5439620144, 0, 0, 9.6641500883;9.5411965249, 0, 0, 0, 9.5411965249, 19.2053466132, 26.1758480577, 19.3283001766, 0, 6.5439620144, 0, 0, 0, 0, 0, 0, 0, 0, 9.6641500883, 0, 0, 0, 0, 0, 0;Europe/Paris;43,5
2023-04-15T03:00:00Z;-1;9000003703;hourly;0,0000000000;0,0000000000;0,0000000000;0,0000000000;0,0000000000;0,0000000000;0,0000000000;0,0000000000;0,0000000000;0,0000000000;0,0000000000;0,0000000000;0,0000000000;1;0, 0, 0, 0, 0, 0, 0, 0;0, 0, 0, 0, 0, 0, 0, 0, 0, 0, 0, 0, 0, 0, 0, 0, 0, 0, 0, 0, 0, 0, 0, 0, 0;Europe/Paris;NA
2023-04-15T04:00:00Z;-1;9000003703;hourly;0,0000000000;0,0000000000;0,0000000000;0,0000000000;0,0000000000;0,0000000000;0,0000000000;0,0000000000;0,0000000000;0,0000000000;0,0000000000;0,0000000000;0,0000000000;1;0, 0, 0, 0, 0, 0, 0, 0;0, 0, 0, 0, 0, 0, 0, 0, 0, 0, 0, 0, 0, 0, 0, 0, 0, 0, 0, 0, 0, 0, 0, 0, 0;Europe/Paris;NA
2023-04-15T05:00:00Z;-1;9000003703;hourly;0,4786111111;1,9169329073;11,7085583421;0,0000000000;0,0000000000;1,9169329073;0,0000000000;5,9577596200;5,7507987220;0,0000000000;0,0000000000;0,0000000000;0,0000000000;1;0, 0, 0, 83.6279339322, 16.3720660678, 0, 0, 0;0, 0, 0, 0, 0, 0, 67.2558678644, 16.3720660678, 16.3720660678, 0, 0, 0, 0, 0, 0, 0, 0, 0, 0, 0, 0, 0, 0, 0, 0;Europe/Paris;38,0
2023-04-15T06:00:00Z;-1;9000003703;hourly;0,6808333333;0,0000000000;19,3031034421;5,9242872519;1,4263074485;0,0000000000;0,0000000000;5,8377264368;13,4653770053;4,3884510745;1,5358361775;1,4263074485;0,0000000000;1;0, 7.5079914826, 7.6059750583, 22.286003244, 46.687188199, 15.9128420161, 0, 0;0, 0, 7.5079914826, 0, 0, 7.6059750583, 14.7780117614, 7.5079914826, 38.7307671909, 7.9564210081, 7.9564210081, 7.9564210081, 0, 0, 0, 0, 0, 0, 0, 0, 0, 0, 0, 0, 0;Europe/Paris;48,0
2023-04-15T07:00:00Z;-1;9000003703;hourly;0,6450000000;4,6453382084;99,7129903086;10,8454296708;0,0000000000;4,6453382084;0,0000000000;38,7991387414;60,9138515672;4,6000457312;6,2453839396;0,0000000000;0,0000000000;1;12.2527237565, 4.2772530894, 27.9712309475, 41.5410835157, 12.2352076942, 0, 0, 1.7225009967;10.7484062194, 1.5043175371, 1.3864677761, 2.8907853133, 7.9404385424, 20.0307924051, 23.9471934424, 17.5938900733, 9.2265726199, 3.0086350742, 0, 0, 0, 0, 0, 0, 0, 1.7225009967, 0, 0, 0, 0, 0, 0, 0;Europe/Paris;37,0
2023-04-15T08:00:00Z;-1;9000003703;hourly;0,5427777778;25,5943160703;49,6824939745;8,5169689174;14,5681694731;16,2900144240;9,3043016463;28,3116315027;21,3708624718;3,4220532319;5,0949156855;2,1428571429;12,4253123303;1;10.6652912578, 7.7085245278, 19.291497277, 46.9742680408, 11.047315887, 0, 0, 4.3131030096;10.6652912578, 0, 3.8542622639, 3.8542622639, 7.6802094483, 11.6112878287, 29.0107919639, 17.9634760769, 11.047315887, 0, 0, 0, 0, 0, 0, 0, 0, 0, 0, 4.3131030096, 0, 0, 0, 0, 0;Europe/Paris;37,5
2023-04-15T09:00:00Z;-1;9000003703;hourly;0,4980555556;5,7613951214;88,2579972571;18,2870761280;4,0050631910;3,8626609442;1,8987341772;37,8706811511;50,3873161060;8,3691695171;9,9179066109;4,0050631910;0,0000000000;1;13.1904672758, 4.6992517015, 25.378974089, 43.3056260309, 8.84059438, 0, 0, 4.5850865229;6.4540355647, 6.7364317111, 2.3496258507, 2.3496258507, 2.3496258507, 23.0293482383, 27.5672522418, 15.738373789, 6.6523162272, 2.1882781528, 0, 0, 0, 0, 0, 2.1513451882, 0, 0, 0, 0, 2.4337413347, 0, 0, 0, 0;Europe/Paris;37,0
2023-04-15T10:00:00Z;-1;9000003703;hourly;0,5011111111;34,1866169545;53,9859053989;28,1897566719;5,9434722886;16,0415031397;18,1451138148;30,0115393147;23,9743660842;10,1093995290;18,0803571429;1,9780219780;3,9654503106;1;11.1081961824, 7.3851693696, 29.7925510227, 40.58846352, 11.1256199052, 0, 0, 0;11.1081961824, 0, 0, 7.3851693696, 14.9439043046, 14.848646718, 25.8959586445, 14.6925048755, 11.1256199052, 0, 0, 0, 0, 0, 0, 0, 0, 0, 0, 0, 0, 0, 0, 0, 0;Europe/Paris;36,0
2023-04-15T11:00:00Z;-1;9000003703;hourly;0,5005555556;26,1559650358;40,5367811421;6,3256483370;4,1878811161;26,1559650358;0,0000000000;24,1790958448;16,3576852973;6,3256483370;0,0000000000;4,1878811161;0,0000000000;1;29.769858124, 10.5472963599, 5.2736481799, 44.3299087153, 10.079288621, 0, 0, 0;24.9642176829, 4.805640441, 5.2736481799, 5.2736481799, 0, 5.2736481799, 33.9988439437, 10.3310647716, 5.2736481799, 4.805640441, 0, 0, 0, 0, 0, 0, 0, 0, 0, 0, 0, 0, 0, 0, 0;Europe/Paris;35,0
2023-04-15T12:00:00Z;-1;9000003703;hourly;0,5355555556;16,6634504244;30,3293149147;21,9507523009;1,8036072144;16,6634504244;0,0000000000;13,3769750231;16,9523398916;14,8598432100;7,0909090909;1,8036072144;0,0000000000;1;18.3126194553, 0, 19.0795074686, 44.0007481221, 18.607124954, 0, 0, 0;11.5989857951, 6.7136336602, 0, 0, 0, 19.0795074686, 31.9255078054, 12.0752403166, 18.607124954, 0, 0, 0, 0, 0, 0, 0, 0, 0, 0, 0, 0, 0, 0, 0, 0;Europe/Paris;38,5
2023-04-15T13:00:00Z;-1;9000003703;hourly;0,5486111111;1,8867924528;52,9019040403;25,5059421208;0,0000000000;0,0000000000;1,8867924528;24,2199908278;28,6819132125;19,6555515523;5,8503905685;0,0000000000;0,0000000000;1;18.5766405636, 10.5631378229, 14.2410033576, 49.3747656823, 7.2444525737, 0, 0, 0;11.1955646961, 7.3810758675, 3.5665870389, 6.996550784, 7.2444525737, 6.996550784, 21.0040374629, 28.3707282194, 7.2444525737, 0, 0, 0, 0, 0, 0, 0, 0, 0, 0, 0, 0, 0, 0, 0, 0;Europe/Paris;36,0
2023-04-15T14:00:00Z;-1;9000003703;hourly;0,5902777778;1,6605166052;54,1842403109;17,2125657707;0,0000000000;1,6605166052;0,0000000000;28,4617365999;25,7225037110;13,5693928827;3,6431728880;0,0000000000;0,0000000000;1;3.4604157763, 9.7171271295, 32.0899248876, 45.4112459962, 9.3212862104, 0, 0, 0;3.4604157763, 0, 0, 9.7171271295, 6.2567113532, 25.8332135344, 36.0884295053, 9.3228164909, 5.8608704341, 3.4604157763, 0, 0, 0, 0, 0, 0, 0, 0, 0, 0, 0, 0, 0, 0, 0;Europe/Paris;34,5
2023-04-15T15:00:00Z;-1;9000003703;hourly;0,6272222222;7,9367052295;115,5544142936;23,8317580979;1,5358361775;6,4008690520;1,5358361775;50,0760090772;65,4784052164;15,8681776270;7,9635804709;1,5358361775;0,0000000000;1;1.3568882335, 8.3880178035, 36.6921894459, 45.1448363778, 7.0912302413, 1.3268378979, 0, 0;1.3568882335, 0, 1.3291021264, 7.0589156772, 14.7993474881, 21.8928419579, 25.9079344441, 19.2369019337, 5.5670544174, 1.524175824, 1.3268378979, 0, 0, 0, 0, 0, 0, 0, 0, 0, 0, 0, 0, 0, 0;Europe/Paris;36,0
2023-04-15T16:00:00Z;-1;9000003703;hourly;0,6211111111;3,2113903655;60,7094695339;9,4238346984;3,0201342282;0,0000000000;3,2113903655;20,5632650127;40,1462045212;6,0402684564;3,3835662421;1,5100671141;1,5100671141;1;21.9156062663, 10.4372355979, 59.5864167164, 8.0607414193, 0, 0, 0, 0;13.5712585532, 8.3443477132, 2.573733574, 7.8635020239, 28.9352126152, 30.6512041012, 5.258339645, 2.8024017744, 0, 0, 0, 0, 0, 0, 0, 0, 0, 0, 0, 0, 0, 0, 0, 0, 0;Europe/Paris;26,5
2023-04-15T17:00:00Z;-1;9000003703;hourly;0,5800000000;0,0000000000;89,6890489558;10,0605135188;0,0000000000;0,0000000000;0,0000000000;29,3929238619;60,2961250939;0,0000000000;10,0605135188;0,0000000000;0,0000000000;1;23.9787145849, 5.707802232, 11.0294776064, 39.5188928152, 9.7704216251, 0, 3.9978764546, 5.9968146818;19.9160951918, 4.0626193931, 0, 5.707802232, 1.8113122565, 9.2181653499, 20.6489168012, 18.869976014, 9.7704216251, 0, 0, 0, 0, 3.9978764546, 1.9989382273, 0, 0, 0, 0, 0, 0, 1.9989382273, 0, 0, 1.9989382273;Europe/Paris;40,0
2023-04-15T18:00:00Z;-1;9000003703;hourly;0,5916666667;1,4876033058;51,4865240512;4,4096812279;1,4876033058;0,0000000000;1,4876033058;14,8313267034;36,6551973477;2,9220779221;1,4876033058;0,0000000000;1,4876033058;1;0, 7.5883121195, 40.0172397821, 36.2414070345, 16.1530410639, 0, 0, 0;0, 0, 2.8893061499, 4.6990059696, 23.8641987182, 16.1530410639, 22.560206198, 13.6812008365, 16.1530410639, 0, 0, 0, 0, 0, 0, 0, 0, 0, 0, 0, 0, 0, 0, 0, 0;Europe/Paris;38,0
2023-04-16T03:00:00Z;-1;9000003703;hourly;0,0000000000;0,0000000000;0,0000000000;0,0000000000;0,0000000000;0,0000000000;0,0000000000;0,0000000000;0,0000000000;0,0000000000;0,0000000000;0,0000000000;0,0000000000;1;0, 0, 0, 0, 0, 0, 0, 0;0, 0, 0, 0, 0, 0, 0, 0, 0, 0, 0, 0, 0, 0, 0, 0, 0, 0, 0, 0, 0, 0, 0, 0, 0;Europe/Paris;NA
2023-04-16T04:00:00Z;-1;9000003703;hourly;0,0000000000;0,0000000000;0,0000000000;0,0000000000;0,0000000000;0,0000000000;0,0000000000;0,0000000000;0,0000000000;0,0000000000;0,0000000000;0,0000000000;0,0000000000;1;0, 0, 0, 0, 0, 0, 0, 0;0, 0, 0, 0, 0, 0, 0, 0, 0, 0, 0, 0, 0, 0, 0, 0, 0, 0, 0, 0, 0, 0, 0, 0, 0;Europe/Paris;NA
2023-04-16T05:00:00Z;-1;9000003703;hourly;0,0000000000;0,0000000000;0,0000000000;0,0000000000;0,0000000000;0,0000000000;0,0000000000;0,0000000000;0,0000000000;0,0000000000;0,0000000000;0,0000000000;0,0000000000;1;0, 0, 0, 0, 0, 0, 0, 0;0, 0, 0, 0, 0, 0, 0, 0, 0, 0, 0, 0, 0, 0, 0, 0, 0, 0, 0, 0, 0, 0, 0, 0, 0;Europe/Paris;NA
2023-04-16T06:00:00Z;-1;9000003703;hourly;0,0000000000;0,0000000000;0,0000000000;0,0000000000;0,0000000000;0,0000000000;0,0000000000;0,0000000000;0,0000000000;0,0000000000;0,0000000000;0,0000000000;0,0000000000;1;0, 0, 0, 0, 0, 0, 0, 0;0, 0, 0, 0, 0, 0, 0, 0, 0, 0, 0, 0, 0, 0, 0, 0, 0, 0, 0, 0, 0, 0, 0, 0, 0;Europe/Paris;NA
2023-04-16T07:00:00Z;-1;9000003703;hourly;0,0000000000;0,0000000000;0,0000000000;0,0000000000;0,0000000000;0,0000000000;0,0000000000;0,0000000000;0,0000000000;0,0000000000;0,0000000000;0,0000000000;0,0000000000;1;0, 0, 0, 0, 0, 0, 0, 0;0, 0, 0, 0, 0, 0, 0, 0, 0, 0, 0, 0, 0, 0, 0, 0, 0, 0, 0, 0, 0, 0, 0, 0, 0;Europe/Paris;NA
2023-04-16T08:00:00Z;-1;9000003703;hourly;0,0000000000;0,0000000000;0,0000000000;0,0000000000;0,0000000000;0,0000000000;0,0000000000;0,0000000000;0,0000000000;0,0000000000;0,0000000000;0,0000000000;0,0000000000;1;0, 0, 0, 0, 0, 0, 0, 0;0, 0, 0, 0, 0, 0, 0, 0, 0, 0, 0, 0, 0, 0, 0, 0, 0, 0, 0, 0, 0, 0, 0, 0, 0;Europe/Paris;NA
2023-04-16T09:00:00Z;-1;9000003703;hourly;0,5738888889;2,9605263158;68,7808421973;17,0001972063;3,1261401155;0,0000000000;2,9605263158;19,8432130041;48,9376291931;4,7787610619;12,2214361443;1,5929203540;1,5332197615;1;0, 4.5450739125, 38.1808454155, 50.6679678637, 6.6061128084, 0, 0, 0;0, 0, 2.229137813, 2.3159360995, 15.8671083784, 22.3137370371, 35.2293532619, 15.4386146018, 6.6061128084, 0, 0, 0, 0, 0, 0, 0, 0, 0, 0, 0, 0, 0, 0, 0, 0;Europe/Paris;35,0
2023-04-16T10:00:00Z;-1;9000003703;hourly;0,5813888889;5,0892471126;47,1356369513;8,5942994491;0,0000000000;3,3382743499;1,7509727626;18,4218702523;28,7137666990;0,0000000000;8,5942994491;0,0000000000;0,0000000000;1;7.7009401006, 3.7147535833, 38.8936400141, 42.7408144568, 6.9498518452, 0, 0, 0;3.7147535833, 3.9861865173, 0, 3.7147535833, 10.6646054284, 28.2290345857, 28.4938763046, 14.2469381523, 3.3675191213, 3.5823327238, 0, 0, 0, 0, 0, 0, 0, 0, 0, 0, 0, 0, 0, 0, 0;Europe/Paris;34,5
2023-04-16T11:00:00Z;-1;9000003703;hourly;0,6491666667;3,0560271647;16,8167198046;3,1153308564;0,0000000000;3,0560271647;0,0000000000;10,5310395994;6,2856802052;1,4729950900;1,6423357664;0,0000000000;0,0000000000;1;27.2588281204, 0, 26.6044972762, 26.6044972762, 19.5321773271, 0, 0, 0;27.2588281204, 0, 0, 0, 17.5182212361, 9.0862760401, 17.8453866582, 8.7591106181, 19.5321773271, 0, 0, 0, 0, 0, 0, 0, 0, 0, 0, 0, 0, 0, 0, 0, 0;Europe/Paris;38,5
2023-04-16T12:00:00Z;-1;9000003703;hourly;0,6500000000;7,7200707626;38,0234308915;4,7250624431;0,0000000000;7,7200707626;0,0000000000;16,7308923311;21,2925385605;3,2275582834;1,4975041597;0,0000000000;0,0000000000;1;12.8313892665, 12.2289554728, 19.4815525624, 43.7142184202, 7.9445880046, 0, 0, 3.7992962735;8.4883404988, 4.3430487677, 0, 12.2289554728, 7.5985925471, 11.8829600153, 23.7567573469, 19.9574610733, 7.9445880046, 0, 0, 0, 0, 0, 0, 0, 0, 0, 0, 0, 0, 0, 0, 0, 3.7992962735;Europe/Paris;36,5
2023-04-16T13:00:00Z;-1;9000003703;hourly;0,6136111111;12,4778421620;38,7647508488;11,1374648035;1,7716535433;9,0885455356;3,3892966265;14,9110497092;23,8537011396;6,1541577169;4,9833070866;0,0000000000;1,7716535433;1;17.7225427457, 18.5780971761, 32.3453471991, 31.3540128791, 0, 0, 0, 0;9.140538786, 8.5820039597, 9.140538786, 9.4375583901, 13.4492929569, 18.8960542422, 31.3540128791, 0, 0, 0, 0, 0, 0, 0, 0, 0, 0, 0, 0, 0, 0, 0, 0, 0, 0;Europe/Paris;30,0
2023-04-16T14:00:00Z;-1;9000003703;hourly;0,6405555556;4,8461045120;44,3843856788;23,5888558690;3,3585012062;3,1511892577;1,6949152542;18,6859906586;25,6983950202;9,6608797216;13,9279761474;1,6949152542;1,6635859519;1;0, 6.4475043889, 54.0809102094, 39.4715854017, 0, 0, 0, 0;0, 0, 0, 6.4475043889, 22.1761777783, 31.9047324312, 21.7090947145, 17.7624906872, 0, 0, 0, 0, 0, 0, 0, 0, 0, 0, 0, 0, 0, 0, 0, 0, 0;Europe/Paris;33,5
2023-04-16T15:00:00Z;-1;9000003703;hourly;0,6813888889;4,3224680557;35,2372032923;23,8431302521;1,3698630137;4,3224680557;0,0000000000;19,2672991251;15,9699041671;13,3502100840;10,4929201681;0,0000000000;1,3698630137;1;4.4342338608, 12.6074137131, 49.7623834599, 33.1959689661, 0, 0, 0, 0;4.4342338608, 0, 8.1731798523, 4.4342338608, 16.9000501902, 32.8623332697, 29.1093790399, 4.0865899262, 0, 0, 0, 0, 0, 0, 0, 0, 0, 0, 0, 0, 0, 0, 0, 0, 0;Europe/Paris;30,5
2023-04-16T16:00:00Z;-1;9000003703;hourly;0,6516666667;3,0201682376;53,9297059500;24,4188000834;3,1787374671;1,5151515152;1,5050167224;27,7865111582;26,1431947918;13,7987687752;10,6200313081;3,1787374671;0,0000000000;1;0, 3.0847302477, 36.8809339189, 45.5610609574, 5.5131136047, 3.0847302477, 3.0847302477, 2.7907007759;0, 0, 3.0847302477, 0, 14.3039111449, 22.577022774, 22.9017549973, 22.65930596, 5.5131136047, 0, 3.0847302477, 0, 3.0847302477, 0, 0, 0, 0, 0, 0, 0, 2.7907007759, 0, 0, 0, 0;Europe/Paris;37,5
2023-04-16T17:00:00Z;-1;9000003703;hourly;0,6352777778;0,0000000000;28,9411419775;6,0935407438;3,1332755622;0,0000000000;0,0000000000;4,7387082769;24,2024337006;4,5173586072;1,5761821366;1,5761821366;1,5570934256;1;16.0747046201, 5.0813068691, 5.9120908819, 44.835180032, 28.0967175969, 0, 0, 0;5.9120908819, 10.1626137382, 0, 5.0813068691, 0, 5.9120908819, 28.0307605901, 16.8044194419, 28.0967175969, 0, 0, 0, 0, 0, 0, 0, 0, 0, 0, 0, 0, 0, 0, 0, 0;Europe/Paris;40,0
2023-04-16T18:00:00Z;-1;9000003703;hourly;0,6300000000;0,0000000000;22,3750238893;9,5514830306;4,5454545455;0,0000000000;0,0000000000;12,8005805036;9,5744433857;4,8160380982;4,7354449325;1,5151515152;3,0303030303;1;7.2344281909, 14.3923574484, 43.4345384892, 27.8068636833, 7.1318121882, 0, 0, 0;7.2344281909, 0, 14.3923574484, 0, 21.7816357806, 21.6529027086, 13.9034318417, 13.9034318417, 0, 7.1318121882, 0, 0, 0, 0, 0, 0, 0, 0, 0, 0, 0, 0, 0, 0, 0;Europe/Paris;34,5
2023-04-17T03:00:00Z;-1;9000003703;hourly;0,0000000000;0,0000000000;0,0000000000;0,0000000000;0,0000000000;0,0000000000;0,0000000000;0,0000000000;0,0000000000;0,0000000000;0,0000000000;0,0000000000;0,0000000000;1;0, 0, 0, 0, 0, 0, 0, 0;0, 0, 0, 0, 0, 0, 0, 0, 0, 0, 0, 0, 0, 0, 0, 0, 0, 0, 0, 0, 0, 0, 0, 0, 0;Europe/Paris;NA
2023-04-17T04:00:00Z;-1;9000003703;hourly;0,0000000000;0,0000000000;0,0000000000;0,0000000000;0,0000000000;0,0000000000;0,0000000000;0,0000000000;0,0000000000;0,0000000000;0,0000000000;0,0000000000;0,0000000000;1;0, 0, 0, 0, 0, 0, 0, 0;0, 0, 0, 0, 0, 0, 0, 0, 0, 0, 0, 0, 0, 0, 0, 0, 0, 0, 0, 0, 0, 0, 0, 0, 0;Europe/Paris;NA
2023-04-17T05:00:00Z;-1;9000003703;hourly;0,4258333333;6,5971980866;22,3577594127;4,9342904831;0,0000000000;4,2805957700;2,3166023166;16,4657790527;5,8919803601;4,9342904831;0,0000000000;0,0000000000;0,0000000000;1;0, 0, 13.2853072388, 55.8605995174, 22.0697002413, 0, 0, 8.7843930024;0, 0, 0, 0, 0, 13.2853072388, 55.8605995174, 0, 8.7843930024, 13.2853072388, 0, 0, 0, 0, 8.7843930024, 0, 0, 0, 0, 0, 0, 0, 0, 0, 0;Europe/Paris;45,0
2023-04-17T06:00:00Z;-1;9000003703;hourly;0,5519444444;4,4098016781;42,7825402955;5,8925034903;0,0000000000;1,4492753623;2,9605263158;30,9926560063;11,7898842892;2,9319771745;2,9605263158;0,0000000000;0,0000000000;1;0, 3.4599702301, 34.5635956108, 37.6478873609, 20.8628764524, 3.4656703458, 0, 0;0, 0, 0, 3.4599702301, 3.3875392913, 31.1760563195, 20.5596289112, 17.0882584497, 6.9313406916, 13.9315357608, 0, 3.4656703458, 0, 0, 0, 0, 0, 0, 0, 0, 0, 0, 0, 0, 0;Europe/Paris;43,5
2023-04-17T07:00:00Z;-1;9000003703;hourly;0,6155555556;11,3903147583;66,6199507278;14,0454931675;0,0000000000;9,6922015508;1,6981132075;25,8659205595;40,7540301683;9,2272590601;4,8182341074;0,0000000000;0,0000000000;1;5.1859756665, 14.6602287523, 21.7209255875, 44.2074538155, 11.8718505664, 2.3535656117, 0, 0;5.1859756665, 0, 2.5929878333, 12.0672409191, 2.5489559644, 19.1719696231, 26.8628693851, 17.3445844304, 9.2788627332, 2.5929878333, 0, 2.3535656117, 0, 0, 0, 0, 0, 0, 0, 0, 0, 0, 0, 0, 0;Europe/Paris;37,5
2023-04-17T08:00:00Z;-1;9000003703;hourly;0,6091666667;1,5437392796;28,5142480936;7,3528814028;0,0000000000;0,0000000000;1,5437392796;6,8599474452;21,6543006484;4,3873411753;2,9655402275;0,0000000000;0,0000000000;1;0, 11.0913439365, 29.8995261195, 52.1475717058, 6.8615582382, 0, 0, 0;0, 0, 11.0913439365, 0, 12.9666197267, 16.9329063927, 39.8720910155, 12.2754806903, 6.8615582382, 0, 0, 0, 0, 0, 0, 0, 0, 0, 0, 0, 0, 0, 0, 0, 0;Europe/Paris;34,0
2023-04-17T09:00:00Z;-1;9000003703;hourly;0,6722222222;1,4308426073;50,8651842197;4,3624386985;1,4308426073;0,0000000000;1,4308426073;19,4802444991;31,3849397206;0,0000000000;4,3624386985;0,0000000000;1,4308426073;1;0, 5.763463037, 29.0146399842, 59.4584339418, 5.763463037, 0, 0, 0;0, 0, 2.8817315185, 2.8817315185, 8.5764728182, 20.4381671661, 38.6042580369, 20.8541759049, 2.8817315185, 2.8817315185, 0, 0, 0, 0, 0, 0, 0, 0, 0, 0, 0, 0, 0, 0, 0;Europe/Paris;35,5
2023-04-17T10:00:00Z;-1;9000003703;hourly;0,6202777778;14,6099107753;43,6384818261;3,0927835052;0,0000000000;11,4389702862;3,1709404890;9,6794089791;33,9590728470;1,5463917526;1,5463917526;0,0000000000;0,0000000000;1;0, 7.4188006246, 14.788787917, 44.6711932063, 29.3984747732, 0, 0, 3.7227434789;0, 0, 0, 7.4188006246, 3.543642418, 11.245145499, 29.7299905617, 14.9412026447, 18.3324303351, 11.0660444381, 0, 0, 0, 0, 0, 0, 0, 0, 3.7227434789, 0, 0, 0, 0, 0, 0;Europe/Paris;42,5
2023-04-17T11:00:00Z;-1;9000003703;hourly;0,5580555556;9,2231282004;42,2091122989;19,6583024612;5,1816989921;5,1690741464;4,0540540541;27,6946342927;14,5144780062;8,8878304967;10,7704719645;3,3708338009;1,8108651911;1;30.3791005888, 8.2981951614, 8.268284924, 34.357162164, 13.8949125574, 0, 0, 4.8023446043;26.4010390136, 3.9780615752, 4.2902233487, 4.0079718126, 0, 8.268284924, 21.5687841718, 12.7883779922, 4.8023446043, 9.0925679531, 0, 0, 0, 0, 0, 0, 4.8023446043, 0, 0, 0, 0, 0, 0, 0, 0;Europe/Paris;41,5
2023-04-17T12:00:00Z;-1;9000003703;hourly;0,5552777778;7,2810494418;29,1621738340;12,6321027226;0,0000000000;5,6050717882;1,6759776536;18,1209217255;11,0412521085;9,0206411980;3,6114615246;0,0000000000;0,0000000000;1;13.2739341174, 0, 17.4406043337, 57.0819033979, 12.203558151, 0, 0, 0;6.6369670587, 6.6369670587, 0, 0, 11.4941887609, 5.9464155728, 44.6978419587, 12.3840614392, 5.7470943805, 6.4564637705, 0, 0, 0, 0, 0, 0, 0, 0, 0, 0, 0, 0, 0, 0, 0;Europe/Paris;36,5
2023-04-17T13:00:00Z;-1;9000003703;hourly;0,6211111111;4,7144407322;28,6051763102;12,0187321569;1,5025041736;0,0000000000;4,7144407322;17,6890651530;10,9161111571;7,0386227103;4,9801094466;1,5025041736;0,0000000000;1;5.1663114965, 5.1663114965, 27.7095907565, 56.7914747539, 0, 5.1663114965, 0, 0;5.1663114965, 0, 5.1663114965, 0, 12.1244073271, 15.5851834294, 22.8677287367, 33.9237460171, 0, 0, 5.1663114965, 0, 0, 0, 0, 0, 0, 0, 0, 0, 0, 0, 0, 0, 0;Europe/Paris;36,0
2023-04-17T14:00:00Z;-1;9000003703;hourly;0,6330555556;1,4802631579;32,0145360964;14,5072665641;1,4802631579;1,4802631579;0,0000000000;15,9480530696;16,0664830268;12,9338399907;1,5734265734;0,0000000000;1,4802631579;1;4.6237220288, 10.1110711572, 45.3146237085, 39.9505831055, 0, 0, 0, 0;4.6237220288, 0, 5.1963456441, 4.9147255131, 24.9691728686, 20.3454508399, 20.0544473556, 19.8961357499, 0, 0, 0, 0, 0, 0, 0, 0, 0, 0, 0, 0, 0, 0, 0, 0, 0;Europe/Paris;33,5
2023-04-17T15:00:00Z;-1;9000003703;hourly;0,6230555556;3,4453578337;68,3470194314;25,8148799020;0,0000000000;1,7408123791;1,7045454545;17,3334931651;51,0135262663;11,3312529439;14,4836269581;0,0000000000;0,0000000000;1;4.7682395322, 2.4939572621, 33.8414743752, 54.4947292189, 4.4015996116, 0, 0, 0;4.7682395322, 0, 0, 2.4939572621, 12.189625088, 21.6518492872, 34.982421106, 19.5123081129, 4.4015996116, 0, 0, 0, 0, 0, 0, 0, 0, 0, 0, 0, 0, 0, 0, 0, 0;Europe/Paris;35,0
2023-04-17T16:00:00Z;-1;9000003703;hourly;0,6669444444;4,5552673938;72,5247343698;1,3953488372;1,4729950900;1,3953488372;3,1599185566;25,7999734018;46,7247609680;1,3953488372;0,0000000000;0,0000000000;1,4729950900;1;18.6484160451, 2.0243979465, 38.7988805253, 40.5283054831, 0, 0, 0, 0;16.3157920955, 2.3326239496, 0, 2.0243979465, 14.5863671378, 24.2125133876, 26.3505995954, 14.1777058877, 0, 0, 0, 0, 0, 0, 0, 0, 0, 0, 0, 0, 0, 0, 0, 0, 0;Europe/Paris;32,5
2023-04-17T17:00:00Z;-1;9000003703;hourly;0,6111111111;1,5025041736;38,4541490622;1,7475728155;1,7716535433;0,0000000000;1,5025041736;10,3431189588;28,1110301034;1,7475728155;0,0000000000;0,0000000000;1,7716535433;1;21.220071983, 4.6071843651, 22.2274706272, 34.7744219023, 13.1216302617, 4.0492208606, 0, 0;21.220071983, 0, 4.6071843651, 0, 8.5937833023, 13.6336873249, 3.9072615316, 30.8671603707, 8.5144458967, 4.6071843651, 4.0492208606, 0, 0, 0, 0, 0, 0, 0, 0, 0, 0, 0, 0, 0, 0;Europe/Paris;39,0
2023-04-17T18:00:00Z;-1;9000003703;hourly;0,6550000000;0,0000000000;26,7452239797;4,2494939271;0,0000000000;0,0000000000;0,0000000000;14,6370966083;12,1081273714;2,7692307692;1,4802631579;0,0000000000;0,0000000000;1;0, 5.8727518209, 34.0196630125, 49.0382207147, 11.0693644519, 0, 0, 0;0, 0, 0, 5.8727518209, 5.8727518209, 28.1469111916, 32.4537300626, 16.5844906521, 11.0693644519, 0, 0, 0, 0, 0, 0, 0, 0, 0, 0, 0, 0, 0, 0, 0, 0;Europe/Paris;36,5
2023-04-17T19:00:00Z;-1;9000003703;hourly;0,0458333333;0,0000000000;0,0000000000;0,0000000000;0,0000000000;0,0000000000;0,0000000000;0,0000000000;0,0000000000;0,0000000000;0,0000000000;0,0000000000;0,0000000000;1;0, 0, 0, 0, 0, 0, 0, 0;0, 0, 0, 0, 0, 0, 0, 0, 0, 0, 0, 0, 0, 0, 0, 0, 0, 0, 0, 0, 0, 0, 0, 0, 0;Europe/Paris;NA
2023-04-17T20:00:00Z;-1;9000003703;hourly;0,0000000000;0,0000000000;0,0000000000;0,0000000000;0,0000000000;0,0000000000;0,0000000000;0,0000000000;0,0000000000;0,0000000000;0,0000000000;0,0000000000;0,0000000000;1;0, 0, 0, 0, 0, 0, 0, 0;0, 0, 0, 0, 0, 0, 0, 0, 0, 0, 0, 0, 0, 0, 0, 0, 0, 0, 0, 0, 0, 0, 0, 0, 0;Europe/Paris;NA
2023-04-18T02:00:00Z;-1;9000003703;hourly;0,0000000000;0,0000000000;0,0000000000;0,0000000000;0,0000000000;0,0000000000;0,0000000000;0,0000000000;0,0000000000;0,0000000000;0,0000000000;0,0000000000;0,0000000000;1;0, 0, 0, 0, 0, 0, 0, 0;0, 0, 0, 0, 0, 0, 0, 0, 0, 0, 0, 0, 0, 0, 0, 0, 0, 0, 0, 0, 0, 0, 0, 0, 0;Europe/Paris;NA
2023-04-18T03:00:00Z;-1;9000003703;hourly;0,0000000000;0,0000000000;0,0000000000;0,0000000000;0,0000000000;0,0000000000;0,0000000000;0,0000000000;0,0000000000;0,0000000000;0,0000000000;0,0000000000;0,0000000000;1;0, 0, 0, 0, 0, 0, 0, 0;0, 0, 0, 0, 0, 0, 0, 0, 0, 0, 0, 0, 0, 0, 0, 0, 0, 0, 0, 0, 0, 0, 0, 0, 0;Europe/Paris;NA
2023-04-18T04:00:00Z;-1;9000003703;hourly;0,0000000000;0,0000000000;0,0000000000;0,0000000000;0,0000000000;0,0000000000;0,0000000000;0,0000000000;0,0000000000;0,0000000000;0,0000000000;0,0000000000;0,0000000000;1;0, 0, 0, 0, 0, 0, 0, 0;0, 0, 0, 0, 0, 0, 0, 0, 0, 0, 0, 0, 0, 0, 0, 0, 0, 0, 0, 0, 0, 0, 0, 0, 0;Europe/Paris;NA
2023-04-18T05:00:00Z;-1;9000003703;hourly;0,5497222222;12,1194328251;34,4336164529;5,9132044426;1,4705882353;12,1194328251;0,0000000000;26,4842129153;7,9494035376;4,4426162073;1,4705882353;1,4705882353;0,0000000000;1;5.9134047038, 0, 18.7207407122, 32.0059276058, 43.3599269781, 0, 0, 0;0, 5.9134047038, 0, 0, 13.9771383908, 4.7436023214, 23.4643430336, 8.5415845722, 37.4465222743, 5.9134047038, 0, 0, 0, 0, 0, 0, 0, 0, 0, 0, 0, 0, 0, 0, 0;Europe/Paris;41,5
2023-04-18T06:00:00Z;-1;9000003703;hourly;0,6625000000;1,4900662252;47,6680908681;7,5519858306;3,1108144192;0,0000000000;1,4900662252;34,0507451637;13,6173457044;2,9801324503;4,5718533803;1,6822429907;1,4285714286;1;3.1259196625, 0, 19.9649859563, 57.0050029638, 16.3750157611, 3.5290756563, 0, 0;0, 3.1259196625, 0, 0, 0, 19.9649859563, 37.6939682874, 19.3110346764, 6.6549953188, 9.7200204424, 0, 3.5290756563, 0, 0, 0, 0, 0, 0, 0, 0, 0, 0, 0, 0, 0;Europe/Paris;41,0
2023-04-18T07:00:00Z;-1;9000003703;hourly;0,6366666667;14,1959768730;46,9920647750;9,2851120212;0,0000000000;7,8568417249;6,3391351482;21,7363863255;25,2556784494;3,1248494339;6,1602625873;0,0000000000;0,0000000000;1;10.1478619469, 3.2297082156, 9.8453108818, 66.8195791, 6.72783164, 3.2297082156, 0, 0;10.1478619469, 0, 0, 3.2297082156, 0, 9.8453108818, 36.7907732982, 30.0288058018, 3.3078013331, 3.4200303069, 3.2297082156, 0, 0, 0, 0, 0, 0, 0, 0, 0, 0, 0, 0, 0, 0;Europe/Paris;36,5
2023-04-18T08:00:00Z;-1;9000003703;hourly;0,6333333333;11,2579780353;39,6129464868;4,5867097933;0,0000000000;6,4546770910;4,8033009443;20,6422328432;18,9707136436;0,0000000000;4,5867097933;0,0000000000;0,0000000000;1;0, 4.0863030386, 55.781610353, 24.21847716, 15.9136094485, 0, 0, 0;0, 0, 0, 4.0863030386, 23.9201999658, 31.8614103871, 8.1726060772, 16.0458710827, 15.9136094485, 0, 0, 0, 0, 0, 0, 0, 0, 0, 0, 0, 0, 0, 0, 0, 0;Europe/Paris;38,0
2023-04-18T09:00:00Z;-1;9000003703;hourly;0,6352777778;0,0000000000;40,8309268042;7,9001755086;0,0000000000;0,0000000000;0,0000000000;18,7796992552;22,0512275490;4,8099898322;3,0901856764;0,0000000000;0,0000000000;1;0, 3.9220845885, 11.6445338991, 61.4387095019, 22.9946720105, 0, 0, 0;0, 0, 0, 3.9220845885, 3.800364722, 7.8441691771, 49.9483772191, 11.4903322828, 15.2722227, 7.7224493105, 0, 0, 0, 0, 0, 0, 0, 0, 0, 0, 0, 0, 0, 0, 0;Europe/Paris;40,0
2023-04-18T10:00:00Z;-1;9000003703;hourly;0,6091666667;6,2439693032;39,5866049597;6,5334916421;1,8072289157;1,6042780749;4,6396912283;8,1698139730;31,4167909867;3,2085561497;3,3249354924;1,8072289157;0,0000000000;1;4.2023961227, 3.8338892114, 8.0362853342, 51.2063910455, 32.7210382861, 0, 0, 0;4.2023961227, 0, 3.8338892114, 0, 4.2023961227, 3.8338892114, 26.3661706353, 24.8402204103, 24.3218954554, 8.3991428307, 0, 0, 0, 0, 0, 0, 0, 0, 0, 0, 0, 0, 0, 0, 0;Europe/Paris;41,0
2023-04-18T11:00:00Z;-1;9000003703;hourly;0,6494444444;4,7424017791;40,2735727613;9,4210077049;0,0000000000;3,1578947368;1,5845070423;21,6358340801;18,6377386812;3,1634544107;6,2575532942;0,0000000000;0,0000000000;1;7.6827027538, 3.9205544981, 31.0145398226, 45.606734662, 11.7754682635, 0, 0, 0;3.9205544981, 3.7621482557, 0, 3.9205544981, 11.5425640359, 19.4719757867, 30.5487313674, 15.0580032947, 7.8549137655, 3.9205544981, 0, 0, 0, 0, 0, 0, 0, 0, 0, 0, 0, 0, 0, 0, 0;Europe/Paris;36,5
2023-04-18T12:00:00Z;-1;9000003703;hourly;0,6169444444;22,4351386789;35,6971637439;11,4476519269;3,1985544539;15,7868882185;6,6482504604;21,1351932235;14,5619705204;8,1985544539;3,2490974729;0,0000000000;3,1985544539;1;27.1639211153, 0, 45.4619792863, 22.7309896432, 4.6431099552, 0, 0, 0;22.8467829206, 4.3171381947, 0, 0, 8.868056436, 36.5939228503, 8.9860432052, 13.7449464379, 0, 4.6431099552, 0, 0, 0, 0, 0, 0, 0, 0, 0, 0, 0, 0, 0, 0, 0;Europe/Paris;33,5
2023-04-18T13:00:00Z;-1;9000003703;hourly;0,6469444444;4,5024603609;17,0771837280;9,2802331640;1,5254237288;2,9770366320;1,5254237288;7,6166472121;9,4605365159;4,5341300576;4,7461031064;0,0000000000;1,5254237288;1;0, 0, 9.7415708494, 63.2754033975, 26.9830257531, 0, 0, 0;0, 0, 0, 0, 0, 9.7415708494, 45.2249027791, 18.0505006184, 18.0505006184, 8.9325251348, 0, 0, 0, 0, 0, 0, 0, 0, 0, 0, 0, 0, 0, 0, 0;Europe/Paris;41,0
2023-04-18T14:00:00Z;-1;9000003703;hourly;0,6111111111;6,1878835019;63,0849944018;20,4928949824;1,6129032258;4,7100509895;1,4778325123;30,8829246686;32,2020697332;6,9703103914;13,5225845910;1,6129032258;0,0000000000;1;10.2370222746, 7.8569804585, 22.5651045187, 51.6707491217, 5.1134290844, 2.5567145422, 0, 0;7.6803077324, 2.5567145422, 0, 7.8569804585, 5.1235931902, 17.4415113284, 31.2988495872, 20.3718995345, 2.5567145422, 2.5567145422, 0, 2.5567145422, 0, 0, 0, 0, 0, 0, 0, 0, 0, 0, 0, 0, 0;Europe/Paris;35,5
2023-04-18T15:00:00Z;-1;9000003703;hourly;0,6247222222;4,7645899812;60,9215438315;17,9416989099;3,2987919356;4,7645899812;0,0000000000;18,1844636808;42,7370801507;8,1636568005;9,7780421094;1,4657980456;1,8329938900;1;2.5081662188, 5.4148199933, 27.8920269771, 53.8450150836, 7.6781520824, 2.6618196448, 0, 0;0, 2.5081662188, 0, 5.4148199933, 14.1963192823, 13.6957076948, 32.0101950284, 21.8348200552, 5.1699858636, 2.5081662188, 2.6618196448, 0, 0, 0, 0, 0, 0, 0, 0, 0, 0, 0, 0, 0, 0;Europe/Paris;36,5
2023-04-18T16:00:00Z;-1;9000003703;hourly;0,6430555556;12,6534177447;82,4977794622;10,9173679235;4,7421234522;6,1995753715;6,4538423731;15,7045436300;66,7932358322;7,6326963907;3,2846715328;0,0000000000;4,7421234522;1;1.8212662006, 3.7279267461, 33.2700402118, 55.3484806417, 5.8322861998, 0, 0, 0;0, 1.8212662006, 1.9907636025, 1.7371631436, 7.1168586885, 26.1531815233, 34.8550038788, 20.4934767629, 5.8322861998, 0, 0, 0, 0, 0, 0, 0, 0, 0, 0, 0, 0, 0, 0, 0, 0;Europe/Paris;35,5
2023-04-18T17:00:00Z;-1;9000003703;hourly;0,6388888889;3,1845959083;74,8802709772;3,1589138352;4,7607780449;1,5332197615;1,6513761468;22,2515379519;52,6287330252;1,6513761468;1,5075376884;3,1094018981;1,6513761468;1;4.0265284, 10.1579932753, 25.124573837, 54.5825168554, 2.0132642, 4.0951234324, 0, 0;2.0132642, 2.0132642, 6.0397926, 4.1182006753, 12.7157073092, 12.4088665278, 28.8698122593, 25.7127045961, 2.0132642, 0, 4.0951234324, 0, 0, 0, 0, 0, 0, 0, 0, 0, 0, 0, 0, 0, 0;Europe/Paris;36,0
2023-04-18T18:00:00Z;-1;9000003703;hourly;0,5447222222;1,4900662252;42,7202908301;8,4186406982;0,0000000000;1,4900662252;0,0000000000;9,3595472033;33,3607436268;5,3677932406;3,0508474576;0,0000000000;0,0000000000;1;0, 0, 21.7701054044, 62.5965437651, 15.6333508305, 0, 0, 0;0, 0, 0, 0, 6.9759179828, 14.7941874215, 32.9846245975, 29.6119191675, 15.6333508305, 0, 0, 0, 0, 0, 0, 0, 0, 0, 0, 0, 0, 0, 0, 0, 0;Europe/Paris;37,5
2023-04-18T19:00:00Z;-1;9000003703;hourly;0,0686111111;0,0000000000;0,0000000000;0,0000000000;0,0000000000;0,0000000000;0,0000000000;0,0000000000;0,0000000000;0,0000000000;0,0000000000;0,0000000000;0,0000000000;1;0, 0, 0, 0, 0, 0, 0, 0;0, 0, 0, 0, 0, 0, 0, 0, 0, 0, 0, 0, 0, 0, 0, 0, 0, 0, 0, 0, 0, 0, 0, 0, 0;Europe/Paris;NA
2023-04-18T20:00:00Z;-1;9000003703;hourly;0,0000000000;0,0000000000;0,0000000000;0,0000000000;0,0000000000;0,0000000000;0,0000000000;0,0000000000;0,0000000000;0,0000000000;0,0000000000;0,0000000000;0,0000000000;1;0, 0, 0, 0, 0, 0, 0, 0;0, 0, 0, 0, 0, 0, 0, 0, 0, 0, 0, 0, 0, 0, 0, 0, 0, 0, 0, 0, 0, 0, 0, 0, 0;Europe/Paris;NA
2023-04-19T03:00:00Z;-1;9000003703;hourly;0,0000000000;0,0000000000;0,0000000000;0,0000000000;0,0000000000;0,0000000000;0,0000000000;0,0000000000;0,0000000000;0,0000000000;0,0000000000;0,0000000000;0,0000000000;1;0, 0, 0, 0, 0, 0, 0, 0;0, 0, 0, 0, 0, 0, 0, 0, 0, 0, 0, 0, 0, 0, 0, 0, 0, 0, 0, 0, 0, 0, 0, 0, 0;Europe/Paris;NA
2023-04-19T04:00:00Z;-1;9000003703;hourly;0,0000000000;0,0000000000;0,0000000000;0,0000000000;0,0000000000;0,0000000000;0,0000000000;0,0000000000;0,0000000000;0,0000000000;0,0000000000;0,0000000000;0,0000000000;1;0, 0, 0, 0, 0, 0, 0, 0;0, 0, 0, 0, 0, 0, 0, 0, 0, 0, 0, 0, 0, 0, 0, 0, 0, 0, 0, 0, 0, 0, 0, 0, 0;Europe/Paris;NA
2023-04-19T05:00:00Z;-1;9000003703;hourly;0,5594444444;14,1075555767;41,4080105734;7,9784581037;1,6245487365;9,2339093673;4,8736462094;35,2789131004;6,1290974729;4,7293606308;3,2490974729;0,0000000000;1,6245487365;1;0, 3.9232716423, 18.3765424261, 36.5018715743, 22.0486007905, 9.5748567834, 0, 9.5748567834;0, 0, 3.9232716423, 0, 7.400859626, 10.9756828001, 10.9756828001, 25.5261887742, 14.5505059741, 7.4980948164, 9.5748567834, 0, 0, 0, 0, 0, 0, 9.5748567834, 0, 0, 0, 0, 0, 0, 0;Europe/Paris;49,5
2023-04-19T06:00:00Z;-1;9000003703;hourly;0,6466666667;0,0000000000;32,6858663284;7,7887135942;0,0000000000;0,0000000000;0,0000000000;24,9487302137;7,7371361147;3,0050083472;4,7837052470;0,0000000000;0,0000000000;1;0, 5.0154529968, 33.006757359, 52.6499171761, 4.5968008268, 4.7310716413, 0, 0;0, 0, 0, 5.0154529968, 9.1936016536, 23.8131557054, 24.089850103, 28.5600670732, 4.5968008268, 0, 0, 4.7310716413, 0, 0, 0, 0, 0, 0, 0, 0, 0, 0, 0, 0, 0;Europe/Paris;36,5
2023-04-19T07:00:00Z;-1;9000003703;hourly;0,6586111111;6,0507236555;54,8564360793;5,9983905756;1,4975041597;4,5406565414;1,5100671141;19,9092898551;34,9471462242;2,9782563474;3,0201342282;1,4975041597;0,0000000000;1;2.9245029199, 11.2781889224, 30.3032349616, 36.2285816718, 16.5127295478, 2.7527619766, 0, 0;2.9245029199, 0, 8.6017678163, 2.6764211061, 11.0072055947, 19.296029367, 19.3723702374, 16.8562114344, 16.5127295478, 0, 2.7527619766, 0, 0, 0, 0, 0, 0, 0, 0, 0, 0, 0, 0, 0, 0;Europe/Paris;39,0
2023-04-19T08:00:00Z;-1;9000003703;hourly;0,6250000000;4,8094241114;46,5826305993;11,1043617490;0,0000000000;3,2277017916;1,5817223199;17,5017224282;29,0809081711;4,6851705957;6,4191911533;0,0000000000;0,0000000000;1;0, 13.9524626292, 24.1824636128, 54.6693545294, 7.1957192287, 0, 0, 0;0, 0, 0, 13.9524626292, 3.5978596143, 20.5846039984, 30.766969053, 23.9023854764, 7.1957192287, 0, 0, 0, 0, 0, 0, 0, 0, 0, 0, 0, 0, 0, 0, 0, 0;Europe/Paris;36,0
2023-04-19T09:00:00Z;-1;9000003703;hourly;0,6288888889;6,1464753538;47,5076925432;11,2589907318;5,1178203240;4,6027360742;1,5437392796;15,8358975144;31,6717950288;6,4169321245;4,8420586073;3,3321060383;1,7857142857;1;0, 0, 30.1550005451, 63.4771673795, 6.3678320754, 0, 0, 0;0, 0, 0, 0, 3.2550344372, 26.899966108, 29.5090084166, 33.9681589629, 6.3678320754, 0, 0, 0, 0, 0, 0, 0, 0, 0, 0, 0, 0, 0, 0, 0, 0;Europe/Paris;36,0
2023-04-19T10:00:00Z;-1;9000003703;hourly;0,6502777778;9,2581638384;58,5298424698;15,2702196759;0,0000000000;7,6956638384;1,5625000000;23,1036163159;35,4262261539;9,1579524776;6,1122671984;0,0000000000;0,0000000000;1;0, 2.6375250888, 31.5322455991, 52.7533607688, 13.0768685433, 0, 0, 0;0, 0, 2.6375250888, 0, 10.4429927375, 21.0892528616, 26.3286005, 26.4247602688, 10.4750459937, 2.6018225495, 0, 0, 0, 0, 0, 0, 0, 0, 0, 0, 0, 0, 0, 0, 0;Europe/Paris;37,0
2023-04-19T11:00:00Z;-1;9000003703;hourly;0,5677777778;7,2220721536;32,7334723680;8,3760245902;3,6885245902;1,9693654267;5,2527067269;19,7300892026;13,0033831653;4,9692622951;3,4067622951;3,6885245902;0,0000000000;1;11.6505443691, 0, 20.5447922694, 57.0148962784, 6.0163657694, 4.7734013136, 0, 0;11.6505443691, 0, 0, 0, 4.7734013136, 15.7713909558, 22.0632631711, 34.9516331073, 6.0163657694, 0, 0, 4.7734013136, 0, 0, 0, 0, 0, 0, 0, 0, 0, 0, 0, 0, 0;Europe/Paris;37,0
2023-04-19T12:00:00Z;-1;9000003703;hourly;0,5863888889;6,8738570642;13,7351834543;16,6919545299;3,2330710792;0,0000000000;6,8738570642;6,8613263901;6,8738570642;1,6822429907;15,0097115393;0,0000000000;3,2330710792;1;0, 0, 12.202076945, 64.2136991745, 23.5842238805, 0, 0, 0;0, 0, 0, 0, 12.202076945, 0, 52.0116222295, 12.202076945, 23.5842238805, 0, 0, 0, 0, 0, 0, 0, 0, 0, 0, 0, 0, 0, 0, 0, 0;Europe/Paris;39,5
2023-04-19T13:00:00Z;-1;9000003703;hourly;0,5500000000;7,2739048008;31,5224805791;17,7420597972;0,0000000000;3,3962264151;3,8776783857;12,1662682040;19,3562123751;2,0594965675;15,6825632297;0,0000000000;0,0000000000;1;5.7678894071, 27.3158536073, 17.0475650237, 39.0947098618, 5.38699105, 5.38699105, 0, 0;5.7678894071, 0, 5.38699105, 21.9288625573, 0, 17.0475650237, 33.5829236523, 5.5117862095, 5.38699105, 0, 5.38699105, 0, 0, 0, 0, 0, 0, 0, 0, 0, 0, 0, 0, 0, 0;Europe/Paris;33,5
2023-04-19T14:00:00Z;-1;9000003703;hourly;0,5788888889;15,4403389487;53,7811897166;30,9491155574;1,6885553471;6,8124253795;8,6279135692;24,4506214461;29,3305682704;6,9815721058;23,9675434516;1,6885553471;0,0000000000;1;12.6966612731, 6.4963417256, 35.4526149359, 32.3129384877, 6.5451018522, 6.4963417256, 0, 0;6.3875765922, 6.3090846809, 0, 6.4963417256, 9.5569848249, 25.895630111, 16.0533265505, 16.2596119372, 0, 6.5451018522, 3.1694082327, 3.3269334928, 0, 0, 0, 0, 0, 0, 0, 0, 0, 0, 0, 0, 0;Europe/Paris;37,0
2023-04-19T15:00:00Z;-1;9000003703;hourly;0,6002777778;3,3918635022;55,6430674119;29,0038297365;0,0000000000;1,6544117647;1,7374517375;15,1591865631;40,4838808487;8,6653010022;20,3385287343;0,0000000000;0,0000000000;1;2.7554551408, 2.9732576611, 29.8178656492, 48.8804105608, 15.5730109881, 0, 0, 0;2.7554551408, 0, 0, 2.9732576611, 6.0957521933, 23.722113456, 15.5364192553, 33.3439913055, 12.4505164559, 3.1224945321, 0, 0, 0, 0, 0, 0, 0, 0, 0, 0, 0, 0, 0, 0, 0;Europe/Paris;37,5
2023-04-19T16:00:00Z;-1;9000003703;hourly;0,5827777778;8,0610304591;59,2050693262;20,4930157827;3,3816543759;3,3816543759;4,6793760832;19,4792470581;39,7258222681;3,5056246255;16,9873911572;1,5597920277;1,8218623482;1;0, 3.07720668, 29.1201803927, 45.579569508, 19.1458367395, 3.07720668, 0, 0;0, 0, 3.07720668, 0, 2.6345582321, 26.4856221606, 25.9910843206, 19.5884851874, 10.8901974858, 8.2556392537, 3.07720668, 0, 0, 0, 0, 0, 0, 0, 0, 0, 0, 0, 0, 0, 0;Europe/Paris;41,0
2023-04-19T17:00:00Z;-1;9000003703;hourly;0,5980555556;1,7241379310;51,4533289866;11,8700938822;1,7241379310;0,0000000000;1,7241379310;14,8724661969;36,5808627897;10,1459559512;1,7241379310;1,7241379310;0,0000000000;1;13.3099093521, 3.2572773942, 19.4258462775, 51.1892754122, 12.817691564, 0, 0, 0;9.9590320328, 3.3508773193, 3.2572773942, 0, 3.3508773193, 16.0749689582, 28.7990605971, 22.3902148151, 9.7597231013, 3.0579684627, 0, 0, 0, 0, 0, 0, 0, 0, 0, 0, 0, 0, 0, 0, 0;Europe/Paris;37,0
2023-04-19T18:00:00Z;-1;9000003703;hourly;0,6491666667;1,5652173913;34,4638414415;8,7919458542;1,3953488372;0,0000000000;1,5652173913;12,6634457403;21,8003957012;5,9611903184;2,8307555358;0,0000000000;1,3953488372;1;0, 0, 36.3674927788, 51.3700773927, 12.2624298285, 0, 0, 0;0, 0, 0, 0, 4.5416219604, 31.8258708184, 21.7568484876, 29.6132289051, 12.2624298285, 0, 0, 0, 0, 0, 0, 0, 0, 0, 0, 0, 0, 0, 0, 0, 0;Europe/Paris;37,0
2023-04-19T19:00:00Z;-1;9000003703;hourly;0,0483333333;0,0000000000;0,0000000000;0,0000000000;0,0000000000;0,0000000000;0,0000000000;0,0000000000;0,0000000000;0,0000000000;0,0000000000;0,0000000000;0,0000000000;1;0, 0, 0, 0, 0, 0, 0, 0;0, 0, 0, 0, 0, 0, 0, 0, 0, 0, 0, 0, 0, 0, 0, 0, 0, 0, 0, 0, 0, 0, 0, 0, 0;Europe/Paris;NA
2023-04-19T20:00:00Z;-1;9000003703;hourly;0,0000000000;0,0000000000;0,0000000000;0,0000000000;0,0000000000;0,0000000000;0,0000000000;0,0000000000;0,0000000000;0,0000000000;0,0000000000;0,0000000000;0,0000000000;1;0, 0, 0, 0, 0, 0, 0, 0;0, 0, 0, 0, 0, 0, 0, 0, 0, 0, 0, 0, 0, 0, 0, 0, 0, 0, 0, 0, 0, 0, 0, 0, 0;Europe/Paris;NA
2023-04-20T03:00:00Z;-1;9000003703;hourly;0,0000000000;0,0000000000;0,0000000000;0,0000000000;0,0000000000;0,0000000000;0,0000000000;0,0000000000;0,0000000000;0,0000000000;0,0000000000;0,0000000000;0,0000000000;1;0, 0, 0, 0, 0, 0, 0, 0;0, 0, 0, 0, 0, 0, 0, 0, 0, 0, 0, 0, 0, 0, 0, 0, 0, 0, 0, 0, 0, 0, 0, 0, 0;Europe/Paris;NA
2023-04-20T04:00:00Z;-1;9000003703;hourly;0,0000000000;0,0000000000;0,0000000000;0,0000000000;0,0000000000;0,0000000000;0,0000000000;0,0000000000;0,0000000000;0,0000000000;0,0000000000;0,0000000000;0,0000000000;1;0, 0, 0, 0, 0, 0, 0, 0;0, 0, 0, 0, 0, 0, 0, 0, 0, 0, 0, 0, 0, 0, 0, 0, 0, 0, 0, 0, 0, 0, 0, 0, 0;Europe/Paris;NA
2023-04-20T05:00:00Z;-1;9000003703;hourly;0,5552777778;2,9446227929;35,2532378420;2,9446227929;0,0000000000;2,9446227929;0,0000000000;31,6818092706;3,5714285714;2,9446227929;0,0000000000;0,0000000000;0,0000000000;1;4.2549283181, 0, 27.7676219904, 38.5889026275, 9.1269836442, 10.1307817099, 0, 10.1307817099;4.2549283181, 0, 0, 0, 4.2549283181, 23.5126936722, 9.7441106522, 28.8447919753, 9.1269836442, 0, 0, 10.1307817099, 0, 0, 10.1307817099, 0, 0, 0, 0, 0, 0, 0, 0, 0, 0;Europe/Paris;55,0
2023-04-20T06:00:00Z;-1;9000003703;hourly;0,6516666667;1,4563106796;32,3620575739;7,6661424860;0,0000000000;1,4563106796;0,0000000000;21,7832937287;10,5787638452;7,6661424860;0,0000000000;0,0000000000;0,0000000000;1;14.2924310469, 4.500055895, 4.8961875759, 30.1069628307, 28.3772181441, 13.3703583805, 4.4567861268, 0;4.8961875759, 9.396243471, 4.500055895, 0, 0, 4.8961875759, 15.5654918459, 14.5414709847, 23.8771622491, 4.500055895, 4.4567861268, 8.9135722536, 0, 4.4567861268, 0, 0, 0, 0, 0, 0, 0, 0, 0, 0, 0;Europe/Paris;50,5
2023-04-20T07:00:00Z;-1;9000003703;hourly;0,5905555556;3,4898069071;42,0206552890;5,2510593533;0,0000000000;3,4898069071;0,0000000000;6,8697643892;35,1508908998;5,2510593533;0,0000000000;0,0000000000;0,0000000000;1;0, 12.0105226774, 15.26203837, 49.3070430485, 7.5577080836, 8.1583575342, 3.8521651432, 3.8521651432;0, 0, 3.7055429405, 8.3049797369, 0, 15.26203837, 23.7136403096, 25.5934027389, 3.8521651432, 3.7055429405, 4.4528145938, 3.7055429405, 0, 3.8521651432, 0, 3.8521651432, 0, 0, 0, 0, 0, 0, 0, 0, 0;Europe/Paris;48,5
2023-04-20T08:00:00Z;-1;9000003703;hourly;0,5838888889;4,5826342282;42,7219545029;3,3625000000;1,5625000000;3,0725671141;1,5100671141;19,4422272514;23,2797272514;0,0000000000;3,3625000000;0,0000000000;1,5625000000;1;0, 14.3840194104, 32.8544109813, 44.3277551636, 8.4338144447, 0, 0, 0;0, 0, 3.5346395821, 10.8493798283, 9.1124652444, 23.7419457369, 21.1964161312, 23.1313390324, 8.4338144447, 0, 0, 0, 0, 0, 0, 0, 0, 0, 0, 0, 0, 0, 0, 0, 0;Europe/Paris;36,0
2023-04-20T09:00:00Z;-1;9000003703;hourly;0,5736111111;6,7848262078;47,5467825257;5,0406401613;0,0000000000;5,1119637543;1,6728624535;19,5717095170;27,9750730087;1,6728624535;3,3677777078;0,0000000000;0,0000000000;1;0, 3.564731753, 22.8570202451, 58.6081967604, 14.9700512415, 0, 0, 0;0, 0, 0, 3.564731753, 7.4618349867, 15.3951852584, 32.7366984138, 25.8714983467, 14.9700512415, 0, 0, 0, 0, 0, 0, 0, 0, 0, 0, 0, 0, 0, 0, 0, 0;Europe/Paris;37,5
2023-04-20T10:00:00Z;-1;9000003703;hourly;0,6169444444;8,2145873634;29,6213486442;8,5619389738;0,0000000000;1,5570934256;6,6574939378;12,8993883973;16,7219602469;3,5433070866;5,0186318871;0,0000000000;0,0000000000;1;0, 0, 27.5477709376, 60.628247595, 11.8239814674, 0, 0, 0;0, 0, 0, 0, 10.7833843195, 16.7643866182, 26.9614512287, 33.6667963663, 11.8239814674, 0, 0, 0, 0, 0, 0, 0, 0, 0, 0, 0, 0, 0, 0, 0, 0;Europe/Paris;37,0
2023-04-20T11:00:00Z;-1;9000003703;hourly;0,6169444444;5,1502002670;32,9472625837;17,8321370159;0,0000000000;3,4679572764;1,6822429907;14,6510738930;18,2961886907;3,4679572764;14,3641797395;0,0000000000;0,0000000000;1;0, 9.340963669, 44.449242236, 36.0170788861, 10.1927152089, 0, 0, 0;0, 0, 0, 9.340963669, 18.9769623436, 25.4722798924, 15.6126322086, 20.4044466775, 5.1058657343, 5.0868494746, 0, 0, 0, 0, 0, 0, 0, 0, 0, 0, 0, 0, 0, 0, 0;Europe/Paris;36,5
2023-04-20T12:00:00Z;-1;9000003703;hourly;0,6508333333;1,5151515152;49,7492679950;7,8662433706;1,5679442509;1,5151515152;0,0000000000;23,4039527028;26,3453152922;1,6917293233;6,1745140473;0,0000000000;1,5679442509;1;0, 6.2139975238, 63.5654612906, 27.0688480772, 0, 3.1516931084, 0, 0;0, 0, 3.4005109854, 2.8134865384, 18.3931746944, 45.1722865962, 8.904637529, 18.1642105481, 0, 0, 3.1516931084, 0, 0, 0, 0, 0, 0, 0, 0, 0, 0, 0, 0, 0, 0;Europe/Paris;34,0
2023-04-20T13:00:00Z;-1;9000003703;hourly;0,5958333333;4,8937758870;42,9099290842;18,4982260887;0,0000000000;4,8937758870;0,0000000000;20,7329025046;22,1770265796;10,7934215719;7,7048045169;0,0000000000;0,0000000000;1;0, 0, 46.1471920715, 42.2739713316, 7.218303007, 0, 0, 4.3605335899;0, 0, 0, 0, 11.5788365969, 34.5683554746, 33.7269773491, 8.5469939825, 7.218303007, 0, 0, 0, 0, 0, 0, 0, 0, 4.3605335899, 0, 0, 0, 0, 0, 0, 0;Europe/Paris;35,5
2023-04-20T14:00:00Z;-1;9000003703;hourly;0,6502777778;12,3056298400;53,9022371243;12,0410255040;3,0150753769;9,2675774669;3,0380523732;15,5200795568;38,3821575675;7,4954354424;4,5455900616;1,5075376884;1,5075376884;1;2.7967998526, 5.9208847943, 37.3112658078, 40.0228422006, 11.151407492, 2.7967998526, 0, 0;2.7967998526, 0, 2.9604423972, 2.9604423972, 8.8813271915, 28.4299386163, 34.2655999509, 5.7572422498, 11.151407492, 0, 2.7967998526, 0, 0, 0, 0, 0, 0, 0, 0, 0, 0, 0, 0, 0, 0;Europe/Paris;36,5
2023-04-20T15:00:00Z;-1;9000003703;hourly;0,5800000000;12,0008453816;79,0710773677;14,2239111957;0,0000000000;8,8374007419;3,1634446397;21,3817752744;57,6893020934;8,8628212791;5,3610899165;0,0000000000;0,0000000000;1;9.1761471622, 6.4141156718, 32.5504203653, 44.7602537802, 7.0990630205, 0, 0, 0;9.1761471622, 0, 4.3815863189, 2.0325293529, 7.128766213, 25.4216541523, 25.9135839151, 18.8466698651, 4.7327086803, 2.3663543402, 0, 0, 0, 0, 0, 0, 0, 0, 0, 0, 0, 0, 0, 0, 0;Europe/Paris;35,5
2023-04-20T16:00:00Z;-1;9000003703;hourly;0,5766666667;5,0881373102;31,1348909334;25,8057795988;0,0000000000;1,6885553471;3,3995819631;6,9273170429;24,2075738905;20,7401135575;5,0656660413;0,0000000000;0,0000000000;1;11.4026619085, 0, 39.1779142671, 32.5212340221, 10.8885272822, 6.0096625201, 0, 0;11.4026619085, 0, 0, 0, 10.8163533699, 28.3615608972, 27.0257061282, 5.4955278939, 5.3929993884, 5.4955278939, 0, 6.0096625201, 0, 0, 0, 0, 0, 0, 0, 0, 0, 0, 0, 0, 0;Europe/Paris;39,5
2023-04-20T17:00:00Z;-1;9000003703;hourly;0,6658333333;1,4563106796;40,7632454227;13,4933239393;7,6164541118;0,0000000000;1,4563106796;12,0970197219;28,6662257007;7,5048205406;5,9885033987;3,0242549305;4,5921991814;1;3.8464656938, 3.5726072949, 18.0632912366, 51.7127000106, 11.5393970815, 3.5726072949, 0, 7.6929313876;3.8464656938, 0, 0, 3.5726072949, 3.8464656938, 14.2168255428, 37.2220160689, 14.4906839417, 7.6929313876, 3.8464656938, 0, 3.5726072949, 0, 0, 0, 0, 0, 3.8464656938, 3.8464656938, 0, 0, 0, 0, 0, 0;Europe/Paris;42,5
2023-04-20T18:00:00Z;-1;9000003703;hourly;0,6536111111;1,4331210191;31,6251098368;4,3563082634;1,4900662252;0,0000000000;1,4331210191;10,5879587153;21,0371511215;0,0000000000;4,3563082634;0,0000000000;1,4900662252;1;0, 0, 52.9256282447, 42.5427795284, 0, 0, 0, 4.5315922269;0, 0, 0, 0, 4.7509848389, 48.1746434058, 27.8084018526, 14.7343776759, 0, 0, 0, 0, 0, 0, 0, 0, 0, 4.5315922269, 0, 0, 0, 0, 0, 0, 0;Europe/Paris;34,0
2023-04-20T19:00:00Z;-1;9000003703;hourly;0,1486111111;11,7647058824;4,7120418848;0,0000000000;0,0000000000;0,0000000000;11,7647058824;0,0000000000;4,7120418848;0,0000000000;0,0000000000;0,0000000000;0,0000000000;1;0, 0, 0, 100, 0, 0, 0, 0;0, 0, 0, 0, 0, 0, 100, 0, 0, 0, 0, 0, 0, 0, 0, 0, 0, 0, 0, 0, 0, 0, 0, 0, 0;Europe/Paris;31,5
2023-04-20T20:00:00Z;-1;9000003703;hourly;0,0000000000;0,0000000000;0,0000000000;0,0000000000;0,0000000000;0,0000000000;0,0000000000;0,0000000000;0,0000000000;0,0000000000;0,0000000000;0,0000000000;0,0000000000;1;0, 0, 0, 0, 0, 0, 0, 0;0, 0, 0, 0, 0, 0, 0, 0, 0, 0, 0, 0, 0, 0, 0, 0, 0, 0, 0, 0, 0, 0, 0, 0, 0;Europe/Paris;NA
2023-04-21T03:00:00Z;-1;9000003703;hourly;0,0000000000;0,0000000000;0,0000000000;0,0000000000;0,0000000000;0,0000000000;0,0000000000;0,0000000000;0,0000000000;0,0000000000;0,0000000000;0,0000000000;0,0000000000;1;0, 0, 0, 0, 0, 0, 0, 0;0, 0, 0, 0, 0, 0, 0, 0, 0, 0, 0, 0, 0, 0, 0, 0, 0, 0, 0, 0, 0, 0, 0, 0, 0;Europe/Paris;NA
2023-04-21T04:00:00Z;-1;9000003703;hourly;0,0000000000;0,0000000000;0,0000000000;0,0000000000;0,0000000000;0,0000000000;0,0000000000;0,0000000000;0,0000000000;0,0000000000;0,0000000000;0,0000000000;0,0000000000;1;0, 0, 0, 0, 0, 0, 0, 0;0, 0, 0, 0, 0, 0, 0, 0, 0, 0, 0, 0, 0, 0, 0, 0, 0, 0, 0, 0, 0, 0, 0, 0, 0;Europe/Paris;NA
2023-04-21T05:00:00Z;-1;9000003703;hourly;0,5183333333;5,5062914416;24,3297952165;0,0000000000;0,0000000000;5,5062914416;0,0000000000;20,9715862613;3,3582089552;0,0000000000;0,0000000000;0,0000000000;0,0000000000;1;0, 0, 20.7042985278, 52.0606370549, 27.2350644173, 0, 0, 0;0, 0, 0, 0, 0, 20.7042985278, 29.5333185309, 22.527318524, 27.2350644173, 0, 0, 0, 0, 0, 0, 0, 0, 0, 0, 0, 0, 0, 0, 0, 0;Europe/Paris;39,5
2023-04-21T06:00:00Z;-1;9000003703;hourly;0,6472222222;1,4827018122;36,0671234102;7,7090713205;0,0000000000;0,0000000000;1,4827018122;25,1722964773;10,8948269329;7,7090713205;0,0000000000;0,0000000000;0,0000000000;1;0, 0, 4.1109511156, 47.4703686415, 31.2350927902, 4.545259248, 12.6383282047, 0;0, 0, 0, 0, 0, 4.1109511156, 21.6305708251, 25.8397978163, 22.193712232, 9.0413805582, 4.545259248, 0, 0, 12.6383282047, 0, 0, 0, 0, 0, 0, 0, 0, 0, 0, 0;Europe/Paris;50,0
2023-04-21T07:00:00Z;-1;9000003703;hourly;0,6600000000;7,5729467176;51,4855318730;6,0738336343;1,5490533563;3,0172425896;4,5557041280;20,9961511234;30,4893807496;1,5075376884;4,5662959458;0,0000000000;1,5490533563;1;0, 14.8865173954, 32.2299295211, 43.857405543, 9.0261475405, 0, 0, 0;0, 0, 2.8516540082, 12.0348633873, 11.72073971, 20.5091898112, 34.9925292037, 8.8648763393, 6.0174316936, 3.0087158468, 0, 0, 0, 0, 0, 0, 0, 0, 0, 0, 0, 0, 0, 0, 0;Europe/Paris;34,0
2023-04-21T08:00:00Z;-1;9000003703;hourly;0,5994444444;8,5136528564;43,3853408502;8,9137148678;1,5679442509;8,5136528564;0,0000000000;24,9410387148;18,4443021354;1,5679442509;7,3457706169;1,5679442509;0,0000000000;1;0, 8.2336237108, 36.2068738823, 46.8616684571, 4.3489169749, 4.3489169749, 0, 0;0, 0, 3.884706736, 4.3489169749, 7.2342980777, 28.9725758046, 38.8924488697, 7.9692195874, 0, 4.3489169749, 0, 4.3489169749, 0, 0, 0, 0, 0, 0, 0, 0, 0, 0, 0, 0, 0;Europe/Paris;33,5
2023-04-21T09:00:00Z;-1;9000003703;hourly;0,5972222222;6,5410802832;67,8230149206;3,3893210750;0,0000000000;4,9310623941;1,6100178891;33,1392306727;34,6837842479;1,6071428571;1,7821782178;0,0000000000;0,0000000000;1;2.6276894649, 4.7477036843, 24.4306676071, 48.6556661682, 14.6416395228, 2.3738518421, 0, 2.5227817106;2.6276894649, 0, 4.7477036843, 0, 9.4911683474, 14.9394992597, 29.2663229611, 19.3893432071, 14.6416395228, 0, 0, 2.3738518421, 0, 0, 0, 0, 0, 0, 0, 0, 2.5227817106, 0, 0, 0, 0;Europe/Paris;39,0
2023-04-21T10:00:00Z;-1;9000003703;hourly;0,6155555556;4,7570215744;66,8907523063;12,8396186703;0,0000000000;4,7570215744;0,0000000000;19,3028143615;47,5879379448;3,3772351673;9,4623835030;0,0000000000;0,0000000000;1;7.2467368078, 2.2804702836, 14.6587046105, 55.6764389867, 17.7220703755, 2.4155789359, 0, 0;7.2467368078, 0, 2.2804702836, 0, 7.4387176652, 7.2199869453, 19.6249711347, 36.051467852, 15.3322347319, 2.3898356435, 0, 2.4155789359, 0, 0, 0, 0, 0, 0, 0, 0, 0, 0, 0, 0, 0;Europe/Paris;39,0
2023-04-21T11:00:00Z;-1;9000003703;hourly;0,6275000000;10,0398360186;47,2100089140;15,8487386313;4,9411080413;4,9358662643;5,1039697543;33,2167186858;13,9932902282;6,5540112671;9,2947273642;3,4026465028;1,5384615385;1;0, 3.6037342304, 40.0771369599, 53.0603674287, 3.258761381, 0, 0, 0;0, 0, 0, 3.6037342304, 6.8624956114, 33.2146413485, 39.7136583709, 13.3467090578, 3.258761381, 0, 0, 0, 0, 0, 0, 0, 0, 0, 0, 0, 0, 0, 0, 0, 0;Europe/Paris;33,0
2023-04-21T12:00:00Z;-1;9000003703;hourly;0,6080555556;9,9613116719;37,7153347465;14,4763618391;1,5734265734;6,6201555454;3,3411561265;24,3288570937;13,3864776528;6,5004125547;7,9759492844;1,5734265734;0,0000000000;1;9.1763712039, 13.381106136, 25.5752442831, 33.803056323, 18.0642220541, 0, 0, 0;9.1763712039, 0, 8.920737424, 4.460368712, 4.1718483582, 21.4033959249, 16.6004799255, 17.2025763975, 13.3482195621, 4.7160024919, 0, 0, 0, 0, 0, 0, 0, 0, 0, 0, 0, 0, 0, 0, 0;Europe/Paris;38,5
2023-04-21T13:00:00Z;-1;9000003703;hourly;0,5844444444;8,6221470837;46,3170031326;20,4263214161;0,0000000000;5,0718512257;3,5502958580;25,6431492715;20,6738538611;10,0169061708;10,4094152454;0,0000000000;0,0000000000;1;15.0566637815, 11.4978159786, 58.9102035065, 10.7027114072, 0, 0, 0, 3.8326053262;7.3914531291, 7.6652106524, 3.8326053262, 7.6652106524, 40.2816079229, 18.6285955836, 10.7027114072, 0, 0, 0, 0, 0, 0, 0, 3.8326053262, 0, 0, 0, 0, 0, 0, 0, 0, 0, 0;Europe/Paris;27,5
2023-04-21T14:00:00Z;-1;9000003703;hourly;0,6394444444;12,7691771263;75,0015132009;15,5841500441;0,0000000000;9,5200796534;3,2490974729;28,0741750139;46,9273381870;2,8985507246;12,6855993195;0,0000000000;0,0000000000;1;0, 10.2512853395, 35.0550520874, 48.3032544893, 6.3904080838, 0, 0, 0;0, 0, 6.1913405288, 4.0599448107, 14.1121625953, 20.9428894921, 33.5554845965, 14.7477698929, 6.3904080838, 0, 0, 0, 0, 0, 0, 0, 0, 0, 0, 0, 0, 0, 0, 0, 0;Europe/Paris;34,5
2023-04-21T15:00:00Z;-1;9000003703;hourly;0,6355555556;1,5437392796;75,5788228667;12,5709069191;3,1144199079;1,5437392796;0,0000000000;28,4606929482;47,1181299184;7,8340648139;4,7368421053;1,5706806283;1,5437392796;1;4.2377571568, 4.131695268, 49.8884691585, 39.6231998382, 2.1188785784, 0, 0, 0;0, 4.2377571568, 0, 4.131695268, 20.8358316089, 29.0526375496, 31.3300706555, 8.2931291828, 2.1188785784, 0, 0, 0, 0, 0, 0, 0, 0, 0, 0, 0, 0, 0, 0, 0, 0;Europe/Paris;32,0
2023-04-21T16:00:00Z;-1;9000003703;hourly;0,6169444444;3,1167162021;53,3525809157;13,8780657060;6,8891038040;0,0000000000;3,1167162021;15,2998666539;38,0527142618;4,8292799936;9,0487857124;1,7408123791;5,1482914249;1;28.1787091377, 3.1238726188, 36.1597412159, 26.7488893785, 5.7887876491, 0, 0, 0;24.9158634623, 3.2628456754, 3.1238726188, 0, 17.0463784154, 19.1133628005, 15.4912986122, 11.2575907662, 2.6649150303, 3.1238726188, 0, 0, 0, 0, 0, 0, 0, 0, 0, 0, 0, 0, 0, 0, 0;Europe/Paris;33,5
2023-04-21T17:00:00Z;-1;9000003703;hourly;0,6322222222;1,5332197615;46,1418163553;3,0456852792;1,5228426396;0,0000000000;1,5332197615;17,5921823693;28,5496339861;1,5228426396;1,5228426396;1,5228426396;0,0000000000;1;0, 3.2781653639, 27.0701770431, 58.5733147962, 11.0783427969, 0, 0, 0;0, 0, 0, 3.2781653639, 3.3003526083, 23.7698244348, 42.0040828769, 16.5692319193, 11.0783427969, 0, 0, 0, 0, 0, 0, 0, 0, 0, 0, 0, 0, 0, 0, 0, 0;Europe/Paris;36,5
2023-04-21T18:00:00Z;-1;9000003703;hourly;0,5997222222;1,7821782178;38,4781960103;3,3973611625;1,7786561265;0,0000000000;1,7821782178;8,6419389589;29,8362570514;1,7786561265;1,6187050360;0,0000000000;1,7786561265;1;0, 8.4136222787, 30.6171169303, 29.9456045336, 26.4011523178, 0, 0, 4.6225039397;0, 0, 4.2068111393, 4.2068111393, 4.6316574128, 25.9854595175, 21.1162894547, 8.829315079, 17.8276568351, 8.5734954827, 0, 0, 0, 0, 0, 0, 0, 0, 4.6225039397, 0, 0, 0, 0, 0, 0;Europe/Paris;42,0
2023-04-21T19:00:00Z;-1;9000003703;hourly;0,1183333333;0,0000000000;14,1732283465;0,0000000000;0,0000000000;0,0000000000;0,0000000000;4,7244094488;9,4488188976;0,0000000000;0,0000000000;0,0000000000;0,0000000000;1;0, 0, 66.6666666667, 33.3333333333, 0, 0, 0, 0;0, 0, 0, 0, 0, 66.6666666667, 33.3333333333, 0, 0, 0, 0, 0, 0, 0, 0, 0, 0, 0, 0, 0, 0, 0, 0, 0, 0;Europe/Paris;30,5
2023-04-21T20:00:00Z;-1;9000003703;hourly;0,0000000000;0,0000000000;0,0000000000;0,0000000000;0,0000000000;0,0000000000;0,0000000000;0,0000000000;0,0000000000;0,0000000000;0,0000000000;0,0000000000;0,0000000000;1;0, 0, 0, 0, 0, 0, 0, 0;0, 0, 0, 0, 0, 0, 0, 0, 0, 0, 0, 0, 0, 0, 0, 0, 0, 0, 0, 0, 0, 0, 0, 0, 0;Europe/Paris;NA
2023-04-22T02:00:00Z;-1;9000003703;hourly;0,0000000000;0,0000000000;0,0000000000;0,0000000000;0,0000000000;0,0000000000;0,0000000000;0,0000000000;0,0000000000;0,0000000000;0,0000000000;0,0000000000;0,0000000000;1;0, 0, 0, 0, 0, 0, 0, 0;0, 0, 0, 0, 0, 0, 0, 0, 0, 0, 0, 0, 0, 0, 0, 0, 0, 0, 0, 0, 0, 0, 0, 0, 0;Europe/Paris;NA
2023-04-22T03:00:00Z;-1;9000003703;hourly;0,0000000000;0,0000000000;0,0000000000;0,0000000000;0,0000000000;0,0000000000;0,0000000000;0,0000000000;0,0000000000;0,0000000000;0,0000000000;0,0000000000;0,0000000000;1;0, 0, 0, 0, 0, 0, 0, 0;0, 0, 0, 0, 0, 0, 0, 0, 0, 0, 0, 0, 0, 0, 0, 0, 0, 0, 0, 0, 0, 0, 0, 0, 0;Europe/Paris;NA
2023-04-22T04:00:00Z;-1;9000003703;hourly;0,0000000000;0,0000000000;0,0000000000;0,0000000000;0,0000000000;0,0000000000;0,0000000000;0,0000000000;0,0000000000;0,0000000000;0,0000000000;0,0000000000;0,0000000000;1;0, 0, 0, 0, 0, 0, 0, 0;0, 0, 0, 0, 0, 0, 0, 0, 0, 0, 0, 0, 0, 0, 0, 0, 0, 0, 0, 0, 0, 0, 0, 0, 0;Europe/Paris;NA
2023-04-22T05:00:00Z;-1;9000003703;hourly;0,4597222222;2,3316062176;5,2921325334;0,0000000000;0,0000000000;0,0000000000;2,3316062176;2,3316062176;2,9605263158;0,0000000000;0,0000000000;0,0000000000;0,0000000000;1;27.9710144928, 0, 72.0289855072, 0, 0, 0, 0, 0;27.9710144928, 0, 0, 0, 27.9710144928, 44.0579710145, 0, 0, 0, 0, 0, 0, 0, 0, 0, 0, 0, 0, 0, 0, 0, 0, 0, 0, 0;Europe/Paris;26,0
2023-04-22T06:00:00Z;-1;9000003703;hourly;0,6750000000;2,9950083195;13,3389035666;0,0000000000;0,0000000000;1,4975041597;1,4975041597;5,8960229687;7,4428805980;0,0000000000;0,0000000000;0,0000000000;0,0000000000;1;0, 0, 44.5632711594, 55.4367288406, 0, 0, 0, 0;0, 0, 0, 0, 10.988894539, 33.5743766204, 22.7177819763, 32.7189468642, 0, 0, 0, 0, 0, 0, 0, 0, 0, 0, 0, 0, 0, 0, 0, 0, 0;Europe/Paris;35,0
2023-04-22T07:00:00Z;-1;9000003703;hourly;0,6241666667;0,0000000000;26,2424556404;10,1782747447;0,0000000000;0,0000000000;0,0000000000;21,1142014291;5,1282542113;5,0656660413;5,1126087034;0,0000000000;0,0000000000;1;25.7377643347, 7.14491062, 12.3969123008, 35.88905936, 12.3969123008, 6.4344410837, 0, 0;19.303323251, 6.4344410837, 0, 7.14491062, 5.2520016808, 7.14491062, 22.8412965927, 13.0477627673, 7.14491062, 5.2520016808, 0, 6.4344410837, 0, 0, 0, 0, 0, 0, 0, 0, 0, 0, 0, 0, 0;Europe/Paris;40,0
2023-04-22T08:00:00Z;-1;9000003703;hourly;0,6152777778;0,0000000000;43,6716624108;17,3706293706;1,5734265734;0,0000000000;0,0000000000;16,1179187073;27,5537437036;6,3566433566;11,0139860140;0,0000000000;1,5734265734;1;4.0408488822, 3.7469689635, 36.8447149599, 44.2706744949, 11.0967926995, 0, 0, 0;4.0408488822, 0, 0, 3.7469689635, 11.1106016434, 25.7341133165, 33.3859743783, 10.8847001167, 11.0967926995, 0, 0, 0, 0, 0, 0, 0, 0, 0, 0, 0, 0, 0, 0, 0, 0;Europe/Paris;35,5
2023-04-22T09:00:00Z;-1;9000003703;hourly;0,6230555556;0,0000000000;58,3123847365;9,9195808921;2,9602624863;0,0000000000;0,0000000000;32,0995204917;26,2128642448;8,0288245896;1,8907563025;1,5384615385;1,4218009479;1;0, 2.8113140454, 32.1826996274, 55.2786034853, 3.2424609473, 3.2424609473, 3.2424609473, 0;0, 0, 0, 2.8113140454, 13.9687053051, 18.2139943223, 33.8221482157, 21.4564552696, 3.2424609473, 0, 3.2424609473, 0, 3.2424609473, 0, 0, 0, 0, 0, 0, 0, 0, 0, 0, 0, 0;Europe/Paris;36,5
2023-04-22T10:00:00Z;-1;9000003703;hourly;0,5697222222;10,2280177752;47,0650459362;1,7374517375;1,6981132075;0,0000000000;10,2280177752;8,6479201574;38,4171257789;0,0000000000;1,7374517375;0,0000000000;1,6981132075;1;7.6623729281, 0, 11.4779412795, 66.0216740904, 11.2703864204, 3.5676252816, 0, 0;4.0947476465, 3.5676252816, 0, 0, 7.786344463, 3.6915968165, 26.077161897, 39.9445121933, 3.5676252816, 7.7027611389, 0, 3.5676252816, 0, 0, 0, 0, 0, 0, 0, 0, 0, 0, 0, 0, 0;Europe/Paris;37,5
2023-04-22T11:00:00Z;-1;9000003703;hourly;0,5388888889;32,3822236443;37,2038792352;19,5890773380;7,5345529073;5,7569642399;26,6252594044;7,1130274447;30,0908517905;11,0501779073;8,5388994307;5,8267730212;1,7077798861;1;21.1764532266, 15.3396144256, 28.7031494513, 24.5202693533, 10.2605135431, 0, 0, 0;5.2135831324, 15.9628700942, 10.7492869618, 4.5903274638, 19.2535300238, 9.4496194275, 9.1806549277, 15.3396144256, 4.7248097138, 5.5357038294, 0, 0, 0, 0, 0, 0, 0, 0, 0, 0, 0, 0, 0, 0, 0;Europe/Paris;36,0
2023-04-22T12:00:00Z;-1;9000003703;hourly;0,5686111111;14,4727707186;39,9049069775;10,6220837302;0,0000000000;1,8672199170;12,6055508016;11,9568289025;27,9480780750;8,8711109676;1,7509727626;0,0000000000;0,0000000000;1;35.6855271407, 8.7757265723, 25.5754415004, 25.5754415004, 4.3878632862, 0, 0, 0;35.6855271407, 0, 4.3878632862, 4.3878632862, 12.9756553044, 12.599786196, 8.5877920182, 16.9876494822, 4.3878632862, 0, 0, 0, 0, 0, 0, 0, 0, 0, 0, 0, 0, 0, 0, 0, 0;Europe/Paris;34,5
2023-04-22T13:00:00Z;-1;9000003703;hourly;0,6277777778;6,5188253394;50,8489131485;17,9460439037;0,0000000000;3,3404489740;3,1783763654;31,4331902988;19,4157228497;6,2451978486;11,7008460550;0,0000000000;0,0000000000;1;3.0835354264, 9.6528970256, 44.0053636941, 33.7149993226, 9.5432045313, 0, 0, 0;3.0835354264, 0, 3.0835354264, 6.5693615992, 19.1333595042, 24.8720041898, 18.8146258313, 14.9003734914, 9.5432045313, 0, 0, 0, 0, 0, 0, 0, 0, 0, 0, 0, 0, 0, 0, 0, 0;Europe/Paris;35,5
2023-04-22T14:00:00Z;-1;9000003703;hourly;0,5677777778;11,1917504242;23,6908975724;13,6685716863;0,0000000000;7,5107688291;3,6809815951;5,1696874946;18,5212100778;5,4422340413;8,2263376450;0,0000000000;0,0000000000;1;14.3871081203, 6.6183404241, 13.2366808482, 44.2709297784, 21.486940829, 0, 0, 0;7.7687676962, 6.6183404241, 0, 6.6183404241, 0, 13.2366808482, 29.5697650916, 14.7011646868, 14.0526406265, 7.4343002024, 0, 0, 0, 0, 0, 0, 0, 0, 0, 0, 0, 0, 0, 0, 0;Europe/Paris;40,0
2023-04-22T15:00:00Z;-1;9000003703;hourly;0,6030555556;8,1969485719;34,4574746480;16,7416434363;1,6759776536;6,5811496491;1,6157989228;13,0700843072;21,3873903408;9,8901461075;6,8514973288;1,6759776536;0,0000000000;1;14.0177913088, 4.6892552031, 52.3411399638, 24.3125326216, 0, 0, 0, 4.6392809026;4.6392809026, 9.3785104063, 0, 4.6892552031, 9.3785104063, 42.9626295576, 19.4486310422, 4.8639015794, 0, 0, 0, 0, 0, 0, 0, 0, 0, 0, 4.6392809026, 0, 0, 0, 0, 0, 0;Europe/Paris;31,0
2023-04-22T16:00:00Z;-1;9000003703;hourly;0,5900000000;10,1788384845;26,6468215687;6,9704752604;0,0000000000;5,2156031904;4,9632352941;7,2361439748;19,4106775939;0,0000000000;6,9704752604;0,0000000000;0,0000000000;1;6.6355864749, 7.155748974, 32.844251026, 46.208664551, 7.155748974, 0, 0, 0;6.6355864749, 0, 0, 7.155748974, 7.155748974, 25.6885020519, 6.208664551, 40, 7.155748974, 0, 0, 0, 0, 0, 0, 0, 0, 0, 0, 0, 0, 0, 0, 0, 0;Europe/Paris;36,5
2023-04-22T17:00:00Z;-1;9000003703;hourly;0,5475000000;0,0000000000;25,4570421808;9,0184989162;1,6885553471;0,0000000000;0,0000000000;11,1025748852;14,3544672956;5,4068666460;3,6116322702;0,0000000000;1,6885553471;1;14.2522862387, 0, 14.6062188706, 36.3475867559, 27.2397040391, 0, 0, 7.5542040958;6.6329596938, 7.6193265449, 0, 0, 7.6193265449, 6.9868923257, 7.6193265449, 28.728260211, 13.2659193877, 13.9737846514, 0, 0, 0, 0, 0, 0, 0, 7.5542040958, 0, 0, 0, 0, 0, 0, 0;Europe/Paris;45,0
2023-04-22T18:00:00Z;-1;9000003703;hourly;0,6327777778;0,0000000000;26,9669513715;7,8409615176;0,0000000000;0,0000000000;0,0000000000;14,1779104104;12,7890409611;6,3799225566;1,4610389610;0,0000000000;0,0000000000;1;0, 0, 41.1530228095, 35.188676077, 17.8134352445, 0, 0, 5.8448658689;0, 0, 0, 0, 24.2047608148, 16.9482619947, 23.2201067014, 11.9685693756, 17.8134352445, 0, 0, 0, 0, 0, 0, 5.8448658689, 0, 0, 0, 0, 0, 0, 0, 0, 0;Europe/Paris;40,0
2023-04-22T19:00:00Z;-1;9000003703;hourly;0,1341666667;7,4534161491;29,8136645963;0,0000000000;0,0000000000;0,0000000000;7,4534161491;0,0000000000;29,8136645963;0,0000000000;0,0000000000;0,0000000000;0,0000000000;1;75, 0, 0, 25, 0, 0, 0, 0;75, 0, 0, 0, 0, 0, 25, 0, 0, 0, 0, 0, 0, 0, 0, 0, 0, 0, 0, 0, 0, 0, 0, 0, 0;Europe/Paris;29,5
2023-04-22T20:00:00Z;-1;9000003703;hourly;0,0000000000;0,0000000000;0,0000000000;0,0000000000;0,0000000000;0,0000000000;0,0000000000;0,0000000000;0,0000000000;0,0000000000;0,0000000000;0,0000000000;0,0000000000;1;0, 0, 0, 0, 0, 0, 0, 0;0, 0, 0, 0, 0, 0, 0, 0, 0, 0, 0, 0, 0, 0, 0, 0, 0, 0, 0, 0, 0, 0, 0, 0, 0;Europe/Paris;NA
2023-04-23T03:00:00Z;-1;9000003703;hourly;0,0000000000;0,0000000000;0,0000000000;0,0000000000;0,0000000000;0,0000000000;0,0000000000;0,0000000000;0,0000000000;0,0000000000;0,0000000000;0,0000000000;0,0000000000;1;0, 0, 0, 0, 0, 0, 0, 0;0, 0, 0, 0, 0, 0, 0, 0, 0, 0, 0, 0, 0, 0, 0, 0, 0, 0, 0, 0, 0, 0, 0, 0, 0;Europe/Paris;NA
2023-04-23T04:00:00Z;-1;9000003703;hourly;0,0000000000;0,0000000000;0,0000000000;0,0000000000;0,0000000000;0,0000000000;0,0000000000;0,0000000000;0,0000000000;0,0000000000;0,0000000000;0,0000000000;0,0000000000;1;0, 0, 0, 0, 0, 0, 0, 0;0, 0, 0, 0, 0, 0, 0, 0, 0, 0, 0, 0, 0, 0, 0, 0, 0, 0, 0, 0, 0, 0, 0, 0, 0;Europe/Paris;NA
2023-04-23T05:00:00Z;-1;9000003703;hourly;0,4222222222;0,0000000000;0,0000000000;0,0000000000;0,0000000000;0,0000000000;0,0000000000;0,0000000000;0,0000000000;0,0000000000;0,0000000000;0,0000000000;0,0000000000;1;0, 0, 0, 0, 0, 0, 0, 0;0, 0, 0, 0, 0, 0, 0, 0, 0, 0, 0, 0, 0, 0, 0, 0, 0, 0, 0, 0, 0, 0, 0, 0, 0;Europe/Paris;NA
2023-04-23T06:00:00Z;-1;9000003703;hourly;0,5558333333;0,0000000000;16,2383065201;0,0000000000;0,0000000000;0,0000000000;0,0000000000;3,3619210978;12,8763854224;0,0000000000;0,0000000000;0,0000000000;0,0000000000;1;11.1968684415, 0, 19.0135501836, 54.8099871086, 14.9795942663, 0, 0, 0;0, 11.1968684415, 0, 0, 9.5067750918, 9.5067750918, 22.3937368829, 32.4162502257, 14.9795942663, 0, 0, 0, 0, 0, 0, 0, 0, 0, 0, 0, 0, 0, 0, 0, 0;Europe/Paris;37,5
2023-04-23T07:00:00Z;-1;9000003703;hourly;0,5702777778;0,0000000000;19,4379598464;0,0000000000;1,9108280255;0,0000000000;0,0000000000;3,4870101621;15,9509496844;0,0000000000;0,0000000000;0,0000000000;1,9108280255;1;0, 0, 28.6322852089, 63.2589310038, 8.1087837873, 0, 0, 0;0, 0, 0, 0, 0, 28.6322852089, 47.237769957, 16.0211610468, 8.1087837873, 0, 0, 0, 0, 0, 0, 0, 0, 0, 0, 0, 0, 0, 0, 0, 0;Europe/Paris;35,5
2023-04-23T08:00:00Z;-1;9000003703;hourly;0,5700000000;8,7985471620;32,6733042008;1,7475728155;0,0000000000;5,3047061766;3,4938409854;22,3352410750;10,3380631258;0,0000000000;1,7475728155;0,0000000000;0,0000000000;1;30.539476035, 0, 22.0963259462, 47.3641980187, 0, 0, 0, 0;30.539476035, 0, 0, 0, 4.8325304313, 17.2637955149, 42.0155721045, 5.3486259143, 0, 0, 0, 0, 0, 0, 0, 0, 0, 0, 0, 0, 0, 0, 0, 0, 0;Europe/Paris;31,5
2023-04-23T09:00:00Z;-1;9000003703;hourly;0,5991666667;1,6453382084;20,1786588337;1,8145161290;0,0000000000;0,0000000000;1,6453382084;8,2003145973;11,9783442364;1,8145161290;0,0000000000;0,0000000000;0,0000000000;1;25.3751797124, 0, 41.0453566536, 33.5794636341, 0, 0, 0, 0;25.3751797124, 0, 0, 0, 8.2290731948, 32.8162834587, 16.789731817, 16.789731817, 0, 0, 0, 0, 0, 0, 0, 0, 0, 0, 0, 0, 0, 0, 0, 0, 0;Europe/Paris;33,0
2023-04-23T10:00:00Z;-1;9000003703;hourly;0,6016666667;4,9883189436;24,9193645415;4,9573968467;0,0000000000;0,0000000000;4,9883189436;8,2851991852;16,6341653564;1,6363636364;3,3210332103;0,0000000000;0,0000000000;1;0, 6.6635591867, 39.8146702537, 46.7961670603, 6.7256034994, 0, 0, 0;0, 0, 0, 6.6635591867, 0, 39.8146702537, 26.6814008748, 20.1147661854, 6.7256034994, 0, 0, 0, 0, 0, 0, 0, 0, 0, 0, 0, 0, 0, 0, 0, 0;Europe/Paris;35,5
2023-04-23T11:00:00Z;-1;9000003703;hourly;0,5847222222;3,2698869449;8,3166159168;3,3067917271;4,8736462094;1,6245487365;1,6453382084;3,3067917271;5,0098241897;0,0000000000;3,3067917271;3,2490974729;1,6245487365;1;40.0112405375, 20.227494061, 0, 19.5337713405, 0, 20.227494061, 0, 0;40.0112405375, 0, 0, 20.227494061, 0, 0, 19.5337713405, 0, 0, 0, 20.227494061, 0, 0, 0, 0, 0, 0, 0, 0, 0, 0, 0, 0, 0, 0;Europe/Paris;49,0
2023-04-23T12:00:00Z;-1;9000003703;hourly;0,6297222222;1,5679442509;23,8372370385;0,0000000000;1,5679442509;0,0000000000;1,5679442509;9,0844612319;14,7527758065;0,0000000000;0,0000000000;1,5679442509;0,0000000000;1;0, 7.9822523529, 18.971432278, 51.9086436331, 21.137671736, 0, 0, 0;0, 0, 0, 7.9822523529, 5.9835267241, 12.9879055539, 19.9493058012, 31.9593378319, 21.137671736, 0, 0, 0, 0, 0, 0, 0, 0, 0, 0, 0, 0, 0, 0, 0, 0;Europe/Paris;39,0
2023-04-23T13:00:00Z;-1;9000003703;hourly;0,6036111111;7,0875932578;20,3121360855;6,2388469458;1,7077798861;7,0875932578;0,0000000000;13,0540715694;7,2580645161;0,0000000000;6,2388469458;0,0000000000;1,7077798861;1;0, 7.1465300209, 48.7131374974, 36.9938024609, 7.1465300209, 0, 0, 0;0, 0, 7.1465300209, 0, 7.8561145619, 40.8570229355, 15.5542123983, 21.4395900626, 7.1465300209, 0, 0, 0, 0, 0, 0, 0, 0, 0, 0, 0, 0, 0, 0, 0, 0;Europe/Paris;35,5
2023-04-23T14:00:00Z;-1;9000003703;hourly;0,5497222222;9,1445699420;23,0724289284;19,0991517531;0,0000000000;0,0000000000;9,1445699420;14,2301162529;8,8423126754;9,7466349960;9,3525167571;0,0000000000;0,0000000000;1;0, 0, 35.7571211171, 32.9781827425, 7.3878023846, 9.265462373, 7.3878023846, 7.2236289982;0, 0, 0, 0, 0, 35.7571211171, 32.9781827425, 0, 0, 7.3878023846, 0, 9.265462373, 0, 7.3878023846, 7.2236289982, 0, 0, 0, 0, 0, 0, 0, 0, 0, 0;Europe/Paris;57,5
2023-04-23T15:00:00Z;-1;9000003703;hourly;0,6216666667;1,5177065767;24,1441071642;12,6388934378;1,5177065767;1,5177065767;0,0000000000;6,2259004085;17,9182067558;9,4484061828;3,1904872550;0,0000000000;1,5177065767;1;6.765186297, 7.2240652125, 26.887582477, 59.1231660135, 0, 0, 0, 0;6.765186297, 0, 0, 7.2240652125, 0, 26.887582477, 45.9088142328, 13.2143517808, 0, 0, 0, 0, 0, 0, 0, 0, 0, 0, 0, 0, 0, 0, 0, 0, 0;Europe/Paris;32,5
2023-04-23T16:00:00Z;-1;9000003703;hourly;0,5933333333;6,7235191007;28,6689539650;8,2148340180;0,0000000000;0,0000000000;6,7235191007;13,2400545289;15,4288994361;4,9518655574;3,2629684606;0,0000000000;0,0000000000;1;6.1796937044, 11.5374396394, 52.7396314266, 17.3725407581, 12.1706944713, 0, 0, 0;6.1796937044, 0, 5.9910007669, 5.5464388725, 34.8338051452, 17.9058262814, 17.3725407581, 0, 12.1706944713, 0, 0, 0, 0, 0, 0, 0, 0, 0, 0, 0, 0, 0, 0, 0, 0;Europe/Paris;31,5
2023-04-23T17:00:00Z;-1;9000003703;hourly;0,5919444444;0,0000000000;22,2019052430;3,4885290148;0,0000000000;0,0000000000;0,0000000000;3,3816543759;18,8202508671;1,8218623482;1,6666666667;0,0000000000;0,0000000000;1;8.2058829107, 8.2058829107, 21.8465633158, 54.2348076076, 7.5068632553, 0, 0, 0;8.2058829107, 0, 8.2058829107, 0, 7.0254872753, 14.8210760404, 22.5205897659, 31.7142178417, 0, 7.5068632553, 0, 0, 0, 0, 0, 0, 0, 0, 0, 0, 0, 0, 0, 0, 0;Europe/Paris;36,5
2023-04-23T18:00:00Z;-1;9000003703;hourly;0,4400000000;2,8213166144;22,2650974909;3,3541709367;0,0000000000;0,0000000000;2,8213166144;13,6659993151;8,5990981759;1,4634146341;1,8907563025;0,0000000000;0,0000000000;1;8.4920189696, 23.2310403995, 0, 51.2929026919, 16.9840379391, 0, 0, 0;0, 8.4920189696, 23.2310403995, 0, 0, 0, 30.1294071408, 21.1634955511, 16.9840379391, 0, 0, 0, 0, 0, 0, 0, 0, 0, 0, 0, 0, 0, 0, 0, 0;Europe/Paris;38,0
2023-04-23T19:00:00Z;-1;9000003703;hourly;0,1544444444;0,0000000000;7,2580645161;0,0000000000;0,0000000000;0,0000000000;0,0000000000;7,2580645161;0,0000000000;0,0000000000;0,0000000000;0,0000000000;0,0000000000;1;0, 0, 100, 0, 0, 0, 0, 0;0, 0, 0, 0, 0, 100, 0, 0, 0, 0, 0, 0, 0, 0, 0, 0, 0, 0, 0, 0, 0, 0, 0, 0, 0;Europe/Paris;26,5
2023-04-23T20:00:00Z;-1;9000003703;hourly;0,0000000000;0,0000000000;0,0000000000;0,0000000000;0,0000000000;0,0000000000;0,0000000000;0,0000000000;0,0000000000;0,0000000000;0,0000000000;0,0000000000;0,0000000000;1;0, 0, 0, 0, 0, 0, 0, 0;0, 0, 0, 0, 0, 0, 0, 0, 0, 0, 0, 0, 0, 0, 0, 0, 0, 0, 0, 0, 0, 0, 0, 0, 0;Europe/Paris;NA
2023-04-24T03:00:00Z;-1;9000003703;hourly;0,0000000000;0,0000000000;0,0000000000;0,0000000000;0,0000000000;0,0000000000;0,0000000000;0,0000000000;0,0000000000;0,0000000000;0,0000000000;0,0000000000;0,0000000000;1;0, 0, 0, 0, 0, 0, 0, 0;0, 0, 0, 0, 0, 0, 0, 0, 0, 0, 0, 0, 0, 0, 0, 0, 0, 0, 0, 0, 0, 0, 0, 0, 0;Europe/Paris;NA
2023-04-24T04:00:00Z;-1;9000003703;hourly;0,0208333333;0,0000000000;0,0000000000;0,0000000000;0,0000000000;0,0000000000;0,0000000000;0,0000000000;0,0000000000;0,0000000000;0,0000000000;0,0000000000;0,0000000000;1;0, 0, 0, 0, 0, 0, 0, 0;0, 0, 0, 0, 0, 0, 0, 0, 0, 0, 0, 0, 0, 0, 0, 0, 0, 0, 0, 0, 0, 0, 0, 0, 0;Europe/Paris;NA
2023-04-24T05:00:00Z;-1;9000003703;hourly;0,5516666667;4,8399056479;25,8438961668;0,0000000000;0,0000000000;1,5679442509;3,2719613970;21,3768706625;4,4670255043;0,0000000000;0,0000000000;0,0000000000;0,0000000000;1;0, 6.6458913193, 29.4186060684, 34.5692884344, 29.3662141779, 0, 0, 0;0, 0, 6.6458913193, 0, 0, 29.4186060684, 17.2846442172, 17.2846442172, 18.0961589957, 11.2700551822, 0, 0, 0, 0, 0, 0, 0, 0, 0, 0, 0, 0, 0, 0, 0;Europe/Paris;41,5
2023-04-24T06:00:00Z;-1;9000003703;hourly;0,6658333333;4,4742274036;32,2793553826;4,4516552731;1,3867488444;4,4742274036;0,0000000000;17,2910127649;14,9883426177;4,4516552731;0,0000000000;0,0000000000;1,3867488444;1;4.5042968781, 4.5042968781, 18.6194103551, 45.6927090684, 26.6792868203, 0, 0, 0;0, 4.5042968781, 4.5042968781, 0, 4.5042968781, 14.115113477, 27.281509663, 18.4111994054, 22.3832008919, 4.2960859284, 0, 0, 0, 0, 0, 0, 0, 0, 0, 0, 0, 0, 0, 0, 0;Europe/Paris;40,0
2023-04-24T07:00:00Z;-1;9000003703;hourly;0,6391666667;6,2062563851;27,0807764771;6,2673565480;0,0000000000;1,6216216216;4,5846347635;9,3154813125;17,7652951646;3,0970314577;3,1703250903;0,0000000000;0,0000000000;1;0, 17.6950122386, 41.4681683681, 40.8368193933, 0, 0, 0, 0;0, 0, 11.7069209333, 5.9880913053, 6.2587394999, 35.2094288683, 5.9880913053, 34.848728088, 0, 0, 0, 0, 0, 0, 0, 0, 0, 0, 0, 0, 0, 0, 0, 0, 0;Europe/Paris;35,5
2023-04-24T08:00:00Z;-1;9000003703;hourly;0,6425000000;9,8299020648;16,9065560060;7,3650936282;0,0000000000;4,9149510324;4,9149510324;5,8752266491;11,0313293569;2,9556650246;4,4094286035;0,0000000000;0,0000000000;1;29.0712728877, 0, 8.6699978699, 44.7763690054, 17.4823602369, 0, 0, 0;29.0712728877, 0, 0, 0, 0, 8.6699978699, 26.0811758584, 18.6951931471, 8.7411801185, 8.7411801185, 0, 0, 0, 0, 0, 0, 0, 0, 0, 0, 0, 0, 0, 0, 0;Europe/Paris;39,0
2023-04-24T09:00:00Z;-1;9000003703;hourly;0,5763888889;7,5379344102;34,2634518888;0,0000000000;1,6605166052;1,8518518519;5,6860825583;12,4949181744;21,7685337145;0,0000000000;0,0000000000;0,0000000000;1,6605166052;1;4.4295203579, 0, 23.1228254073, 61.6381662833, 10.8094879515, 0, 0, 0;4.4295203579, 0, 0, 0, 8.8590407158, 14.2637846915, 30.1589201585, 31.4792461248, 5.4047439758, 5.4047439758, 0, 0, 0, 0, 0, 0, 0, 0, 0, 0, 0, 0, 0, 0, 0;Europe/Paris;37,0
2023-04-24T10:00:00Z;-1;9000003703;hourly;0,6594444444;10,5930783385;37,7510409436;0,0000000000;4,6875283063;3,0679442509;7,5251340876;9,1447181431;28,6063228005;0,0000000000;0,0000000000;0,0000000000;4,6875283063;1;0, 0, 40.2757375447, 36.1655467637, 23.5587156917, 0, 0, 0;0, 0, 0, 0, 0, 40.2757375447, 7.9800900015, 28.1854567621, 23.5587156917, 0, 0, 0, 0, 0, 0, 0, 0, 0, 0, 0, 0, 0, 0, 0, 0;Europe/Paris;39,5
2023-04-24T11:00:00Z;-1;9000003703;hourly;0,5927777778;8,0884557721;49,6514242879;7,0258620690;0,0000000000;3,2608695652;4,8275862069;21,6444902549;28,0069340330;5,3017241379;1,7241379310;0,0000000000;0,0000000000;1;16.6075337812, 3.1252359025, 40.1336151581, 26.968370197, 10.0400090587, 0, 0, 3.1252359025;10.0400090587, 6.5675247226, 0, 3.1252359025, 23.1920434815, 16.9415716766, 13.1520344229, 13.8163357741, 10.0400090587, 0, 0, 0, 0, 0, 3.1252359025, 0, 0, 0, 0, 0, 0, 0, 0, 0, 0;Europe/Paris;37,0
2023-04-24T12:00:00Z;-1;9000003703;hourly;0,6119444444;4,8568273302;30,6027300246;3,1914893617;0,0000000000;3,2610826494;1,5957446809;15,9029853911;14,6997446335;1,5957446809;1,5957446809;0,0000000000;0,0000000000;1;0, 5.2143866889, 38.3452015363, 36.569370609, 14.9032808744, 0, 4.9677602915, 0;0, 0, 0, 5.2143866889, 16.4517030456, 21.8934984906, 20.9454281836, 15.6239424254, 9.9355205829, 4.9677602915, 0, 0, 4.9677602915, 0, 0, 0, 0, 0, 0, 0, 0, 0, 0, 0, 0;Europe/Paris;40,0
2023-04-24T13:00:00Z;-1;9000003703;hourly;0,6216666667;6,6414218590;24,5407572880;6,4946194001;0,0000000000;1,7821782178;4,8592436412;6,4960088081;18,0447484799;3,1251395949;3,3694798051;0,0000000000;0,0000000000;1;14.1324411948, 0, 58.6031783294, 20.7963584476, 6.4680220283, 0, 0, 0;14.1324411948, 0, 0, 0, 13.5342426257, 45.0689357037, 20.7963584476, 0, 6.4680220283, 0, 0, 0, 0, 0, 0, 0, 0, 0, 0, 0, 0, 0, 0, 0, 0;Europe/Paris;30,5
2023-04-24T14:00:00Z;-1;9000003703;hourly;0,6025000000;19,6813325409;46,7678407187;9,6315127272;1,5625000000;11,5272637434;8,1540687975;18,3343578555;28,4334828632;1,5625000000;8,0690127272;0,0000000000;1,5625000000;1;0, 17.2355508015, 31.8084106743, 40.0701018297, 7.0977490936, 3.7881876009, 0, 0;0, 0, 6.9472898962, 10.2882609053, 10.6028035581, 21.2056071162, 25.3959775344, 14.6741242953, 7.0977490936, 0, 3.7881876009, 0, 0, 0, 0, 0, 0, 0, 0, 0, 0, 0, 0, 0, 0;Europe/Paris;36,0
2023-04-24T15:00:00Z;-1;9000003703;hourly;0,6416666667;9,3749023020;68,6897838997;6,1998132586;6,0916496070;6,2543809532;3,1205213488;29,7042461608;38,9855377389;3,0252100840;3,1746031746;0,0000000000;6,0916496070;1;0, 4.6463673067, 34.0406444723, 38.5055375287, 20.471909679, 2.3355410132, 0, 0;0, 0, 0, 4.6463673067, 6.8484488335, 27.1921956389, 15.850257092, 22.6552804367, 16.037735293, 4.4341743861, 2.3355410132, 0, 0, 0, 0, 0, 0, 0, 0, 0, 0, 0, 0, 0, 0;Europe/Paris;40,0
2023-04-24T16:00:00Z;-1;9000003703;hourly;0,6105555556;7,8347713228;53,2666910035;18,4767747723;0,0000000000;2,8938906752;4,9408806476;16,9970359071;36,2696550964;3,3337377905;15,1430369818;0,0000000000;0,0000000000;1;11.5847112497, 6.6768766718, 42.8514748541, 35.3447752894, 3.5421619351, 0, 0, 0;5.8511315261, 5.7335797235, 3.1347147367, 3.5421619351, 11.1664133025, 31.6850615516, 18.4447822634, 16.899993026, 3.5421619351, 0, 0, 0, 0, 0, 0, 0, 0, 0, 0, 0, 0, 0, 0, 0, 0;Europe/Paris;34,0
2023-04-24T17:00:00Z;-1;9000003703;hourly;0,6169444444;0,0000000000;43,6254192151;7,9412428246;1,5679442509;0,0000000000;0,0000000000;19,0219450095;24,6034742056;0,0000000000;7,9412428246;0,0000000000;1,5679442509;1;0, 7.0966832845, 29.2264652933, 36.8552780026, 19.5170034139, 7.3045700057, 0, 0;0, 0, 0, 7.0966832845, 0, 29.2264652933, 29.4343520146, 7.4209259881, 15.4074069503, 4.1095964635, 7.3045700057, 0, 0, 0, 0, 0, 0, 0, 0, 0, 0, 0, 0, 0, 0;Europe/Paris;41,5
2023-04-24T18:00:00Z;-1;9000003703;hourly;0,5444444444;3,1144199079;23,5372140328;0,0000000000;0,0000000000;1,5706806283;1,5437392796;4,9449684710;18,5922455619;0,0000000000;0,0000000000;0,0000000000;0,0000000000;1;6.6731798678, 0, 26.8727960157, 40.6853007173, 25.7687233992, 0, 0, 0;0, 6.6731798678, 0, 0, 12.5368264401, 14.3359695756, 27.3389409818, 13.3463597355, 13.2318969591, 12.5368264401, 0, 0, 0, 0, 0, 0, 0, 0, 0, 0, 0, 0, 0, 0, 0;Europe/Paris;41,5
2023-04-24T19:00:00Z;-1;9000003703;hourly;0,1680555556;0,0000000000;7,2874493927;19,8599409126;0,0000000000;0,0000000000;0,0000000000;7,2874493927;0,0000000000;19,8599409126;0,0000000000;0,0000000000;0,0000000000;1;0, 0, 50, 0, 50, 0, 0, 0;0, 0, 0, 0, 0, 50, 0, 0, 0, 50, 0, 0, 0, 0, 0, 0, 0, 0, 0, 0, 0, 0, 0, 0, 0;Europe/Paris;46,0
2023-04-24T20:00:00Z;-1;9000003703;hourly;0,0000000000;0,0000000000;0,0000000000;0,0000000000;0,0000000000;0,0000000000;0,0000000000;0,0000000000;0,0000000000;0,0000000000;0,0000000000;0,0000000000;0,0000000000;1;0, 0, 0, 0, 0, 0, 0, 0;0, 0, 0, 0, 0, 0, 0, 0, 0, 0, 0, 0, 0, 0, 0, 0, 0, 0, 0, 0, 0, 0, 0, 0, 0;Europe/Paris;NA
2023-04-25T03:00:00Z;-1;9000003703;hourly;0,0000000000;0,0000000000;0,0000000000;0,0000000000;0,0000000000;0,0000000000;0,0000000000;0,0000000000;0,0000000000;0,0000000000;0,0000000000;0,0000000000;0,0000000000;1;0, 0, 0, 0, 0, 0, 0, 0;0, 0, 0, 0, 0, 0, 0, 0, 0, 0, 0, 0, 0, 0, 0, 0, 0, 0, 0, 0, 0, 0, 0, 0, 0;Europe/Paris;NA
2023-04-25T04:00:00Z;-1;9000003703;hourly;0,0822222222;0,0000000000;0,0000000000;0,0000000000;0,0000000000;0,0000000000;0,0000000000;0,0000000000;0,0000000000;0,0000000000;0,0000000000;0,0000000000;0,0000000000;1;0, 0, 0, 0, 0, 0, 0, 0;0, 0, 0, 0, 0, 0, 0, 0, 0, 0, 0, 0, 0, 0, 0, 0, 0, 0, 0, 0, 0, 0, 0, 0, 0;Europe/Paris;NA
2023-04-25T05:00:00Z;-1;9000003703;hourly;0,5011111111;4,1239843695;28,9717631484;0,0000000000;0,0000000000;2,5139664804;1,6100178891;25,6731899122;3,2985732362;0,0000000000;0,0000000000;0,0000000000;0,0000000000;1;0, 5.557196781, 17.4848386525, 65.5724882347, 11.3854763318, 0, 0, 0;0, 0, 0, 5.557196781, 0, 17.4848386525, 48.6298151218, 16.9426731129, 11.3854763318, 0, 0, 0, 0, 0, 0, 0, 0, 0, 0, 0, 0, 0, 0, 0, 0;Europe/Paris;36,5
2023-04-25T06:00:00Z;-1;9000003703;hourly;0,6444444444;4,4117647059;49,3245444245;1,6071428571;0,0000000000;2,9411764706;1,4705882353;25,6341233122;23,6904211123;1,6071428571;0,0000000000;0,0000000000;0,0000000000;1;3.2583024859, 0, 15.9023921018, 58.4799374038, 15.625542871, 6.7338251375, 0, 0;3.2583024859, 0, 0, 0, 3.2583024859, 12.6440896159, 36.3974186262, 22.0825187777, 9.6626363608, 5.9629065101, 3.4755226516, 3.2583024859, 0, 0, 0, 0, 0, 0, 0, 0, 0, 0, 0, 0, 0;Europe/Paris;41,5
2023-04-25T07:00:00Z;-1;9000003703;hourly;0,6452777778;7,5469250810;38,2150081366;4,6351624370;0,0000000000;6,0240824415;1,5228426396;19,9155629845;18,2994451522;4,6351624370;0,0000000000;0,0000000000;0,0000000000;1;20.7955631705, 11.8837620367, 39.6022184148, 19.7485894915, 7.9698668866, 0, 0, 0;20.7955631705, 0, 0, 11.8837620367, 15.7296549096, 23.8725635052, 4.0189345819, 15.7296549096, 7.9698668866, 0, 0, 0, 0, 0, 0, 0, 0, 0, 0, 0, 0, 0, 0, 0, 0;Europe/Paris;35,5
2023-04-25T08:00:00Z;-1;9000003703;hourly;0,6569444444;2,8757589446;28,2002253969;5,7836749382;0,0000000000;2,8757589446;0,0000000000;7,2054758860;20,9947495109;4,3618739903;1,4218009479;0,0000000000;0,0000000000;1;5.1558382116, 0, 37.0533888826, 42.3232582711, 5.1558382116, 0, 10.3116764232, 0;0, 5.1558382116, 0, 0, 20.3952904926, 16.65809839, 26.9697748132, 15.3534834579, 0, 5.1558382116, 0, 0, 0, 10.3116764232, 0, 0, 0, 0, 0, 0, 0, 0, 0, 0, 0;Europe/Paris;43,0
2023-04-25T09:00:00Z;-1;9000003703;hourly;0,6238888889;9,2457305663;40,2054283450;2,9032258065;1,7274472169;6,0666704462;3,1790601201;16,1406006326;24,0648277123;0,0000000000;2,9032258065;1,7274472169;0,0000000000;1;7.7868027023, 0, 48.4962198173, 39.7828760792, 3.9341014012, 0, 0, 0;7.7868027023, 0, 0, 0, 8.2306536032, 40.2655662141, 23.7654197738, 16.0174563055, 3.9341014012, 0, 0, 0, 0, 0, 0, 0, 0, 0, 0, 0, 0, 0, 0, 0, 0;Europe/Paris;34,0
2023-04-25T10:00:00Z;-1;9000003703;hourly;0,6100000000;8,1841707726;37,8415975604;8,1222332083;1,6605166052;3,3005263901;4,8836443825;3,1971580817;34,6444394787;6,5236541674;1,5985790409;0,0000000000;1,6605166052;1;8.6533257198, 0, 26.2609077831, 56.4732980599, 8.6124684372, 0, 0, 0;8.6533257198, 0, 0, 0, 21.9678841234, 4.2930236597, 39.179733809, 17.2935642508, 8.6124684372, 0, 0, 0, 0, 0, 0, 0, 0, 0, 0, 0, 0, 0, 0, 0, 0;Europe/Paris;35,5
2023-04-25T11:00:00Z;-1;9000003703;hourly;0,6494444444;4,6361556641;46,3954200501;6,2152122607;0,0000000000;2,9997920277;1,6363636364;24,9801671801;21,4152528700;3,0956282052;3,1195840555;0,0000000000;0,0000000000;1;0, 3.1037546345, 39.847313319, 50.4282950275, 3.3103185095, 3.3103185095, 0, 0;0, 0, 0, 3.1037546345, 13.3445422064, 26.5027711126, 33.8564794434, 16.5718155842, 3.3103185095, 0, 0, 3.3103185095, 0, 0, 0, 0, 0, 0, 0, 0, 0, 0, 0, 0, 0;Europe/Paris;35,0
2023-04-25T12:00:00Z;-1;9000003703;hourly;0,6130555556;9,9664877296;34,1781460395;14,6754121692;1,5517241379;4,9832438648;4,9832438648;14,6769112948;19,5012347446;11,3108733403;3,3645388289;0,0000000000;1,5517241379;1;9.5408029489, 14.8835256382, 32.3686710416, 38.1332785718, 5.0737217994, 0, 0, 0;4.7704014745, 4.7704014745, 0, 14.8835256382, 9.2761882703, 23.0924827714, 19.1203115441, 19.0129670277, 5.0737217994, 0, 0, 0, 0, 0, 0, 0, 0, 0, 0, 0, 0, 0, 0, 0, 0;Europe/Paris;35,0
2023-04-25T13:00:00Z;-1;9000003703;hourly;0,6272222222;6,3155907422;33,2570581888;20,4171500484;4,6526483897;1,5570934256;4,7584973166;11,0186938333;22,2383643555;14,0138408304;6,4033092179;1,5570934256;3,0955549641;1;4.6819938696, 19.1493642329, 33.1879195621, 18.9902266953, 19.3645256288, 4.6259700113, 0, 0;0, 4.6819938696, 9.6822628144, 9.4671014185, 13.9899577505, 19.1979618116, 0, 18.9902266953, 14.5233942216, 4.8411314072, 4.6259700113, 0, 0, 0, 0, 0, 0, 0, 0, 0, 0, 0, 0, 0, 0;Europe/Paris;40,5
2023-04-25T14:00:00Z;-1;9000003703;hourly;0,5930555556;8,4881351123;48,5880869681;15,3495890549;1,6822429907;5,1792109519;3,3089241604;21,7433073828;26,8447795853;11,9095335642;3,4400554907;0,0000000000;1,6822429907;1;10.6594255405, 0, 44.4383807147, 41.2844087902, 3.6177849545, 0, 0, 0;3.6177849545, 7.0416405861, 0, 0, 13.6587089007, 30.779671814, 23.9695165541, 17.3148922361, 3.6177849545, 0, 0, 0, 0, 0, 0, 0, 0, 0, 0, 0, 0, 0, 0, 0, 0;Europe/Paris;34,0
2023-04-25T15:00:00Z;-1;9000003703;hourly;0,6502777778;4,9650826094;83,4130629123;13,9508905846;9,3977708544;4,9650826094;0,0000000000;30,7624478675;52,6506150448;7,7024204776;6,2484701070;1,4563106796;7,9414601748;1;1.7459024148, 9.4442089687, 31.4947360968, 50.1786742237, 5.3877462177, 1.7487320783, 0, 0;1.7459024148, 0, 1.7459024148, 7.698306554, 7.4881674164, 24.0065686804, 25.5366726304, 24.6420015933, 5.3877462177, 0, 0, 1.7487320783, 0, 0, 0, 0, 0, 0, 0, 0, 0, 0, 0, 0, 0;Europe/Paris;36,0
2023-04-25T16:00:00Z;-1;9000003703;hourly;0,6072222222;12,8356881816;95,5726305094;10,9458576732;9,2533354708;3,1949152542;9,6407729274;32,6585371984;62,9140933111;3,1949152542;7,7509424189;5,3906745265;3,8626609442;1;1.5694869881, 6.3658818582, 36.3387879951, 48.9672721953, 6.7585709633, 0, 0, 0;0, 1.5694869881, 1.5987982901, 4.7670835682, 11.7589104703, 24.5798775248, 39.5619574911, 9.4053147043, 5.1597726732, 1.5987982901, 0, 0, 0, 0, 0, 0, 0, 0, 0, 0, 0, 0, 0, 0, 0;Europe/Paris;33,0
2023-04-25T17:00:00Z;-1;9000003703;hourly;0,6538888889;0,0000000000;54,8525673601;4,5779431061;0,0000000000;0,0000000000;0,0000000000;23,1646730616;31,6878942985;1,4610389610;3,1169041451;0,0000000000;0,0000000000;1;0, 5.4779172339, 16.5215986495, 64.1766619845, 13.8238221321, 0, 0, 0;0, 0, 2.6635744348, 2.814342799, 0, 16.5215986495, 33.6804728386, 30.4961891459, 13.8238221321, 0, 0, 0, 0, 0, 0, 0, 0, 0, 0, 0, 0, 0, 0, 0, 0;Europe/Paris;37,5
2023-04-25T18:00:00Z;-1;9000003703;hourly;0,5927777778;0,0000000000;28,0655137237;1,4563106796;2,9365738375;0,0000000000;0,0000000000;12,2731862414;15,7923274823;0,0000000000;1,4563106796;2,9365738375;0,0000000000;1;5.1889685468, 0, 34.5322846197, 55.0044334094, 0, 0, 0, 5.2743134242;5.1889685468, 0, 0, 0, 5.2743134242, 29.2579711955, 33.99252459, 21.0119088193, 0, 0, 0, 0, 0, 0, 0, 0, 0, 0, 0, 5.2743134242, 0, 0, 0, 0, 0;Europe/Paris;35,0
2023-04-25T19:00:00Z;-1;9000003703;hourly;0,1025000000;5,0561797753;10,1123595506;0,0000000000;0,0000000000;5,0561797753;0,0000000000;10,1123595506;0,0000000000;0,0000000000;0,0000000000;0,0000000000;0,0000000000;1;0, 0, 50, 50, 0, 0, 0, 0;0, 0, 0, 0, 0, 50, 0, 50, 0, 0, 0, 0, 0, 0, 0, 0, 0, 0, 0, 0, 0, 0, 0, 0, 0;Europe/Paris;36,0
2023-04-25T20:00:00Z;-1;9000003703;hourly;0,0000000000;0,0000000000;0,0000000000;0,0000000000;0,0000000000;0,0000000000;0,0000000000;0,0000000000;0,0000000000;0,0000000000;0,0000000000;0,0000000000;0,0000000000;1;0, 0, 0, 0, 0, 0, 0, 0;0, 0, 0, 0, 0, 0, 0, 0, 0, 0, 0, 0, 0, 0, 0, 0, 0, 0, 0, 0, 0, 0, 0, 0, 0;Europe/Paris;NA
2023-04-26T03:00:00Z;-1;9000003703;hourly;0,0000000000;0,0000000000;0,0000000000;0,0000000000;0,0000000000;0,0000000000;0,0000000000;0,0000000000;0,0000000000;0,0000000000;0,0000000000;0,0000000000;0,0000000000;1;0, 0, 0, 0, 0, 0, 0, 0;0, 0, 0, 0, 0, 0, 0, 0, 0, 0, 0, 0, 0, 0, 0, 0, 0, 0, 0, 0, 0, 0, 0, 0, 0;Europe/Paris;NA
2023-04-26T04:00:00Z;-1;9000003703;hourly;0,0091666667;0,0000000000;0,0000000000;0,0000000000;0,0000000000;0,0000000000;0,0000000000;0,0000000000;0,0000000000;0,0000000000;0,0000000000;0,0000000000;0,0000000000;1;0, 0, 0, 0, 0, 0, 0, 0;0, 0, 0, 0, 0, 0, 0, 0, 0, 0, 0, 0, 0, 0, 0, 0, 0, 0, 0, 0, 0, 0, 0, 0, 0;Europe/Paris;NA
2023-04-26T05:00:00Z;-1;9000003703;hourly;0,3919444444;2,1857923497;41,9971267038;6,2813554897;0,0000000000;0,0000000000;2,1857923497;31,4978450279;10,4992816760;6,2813554897;0,0000000000;0,0000000000;0,0000000000;1;10.043368481, 14.7736922024, 20.086736962, 44.6869552404, 10.4092471142, 0, 0, 0;10.043368481, 0, 5.0216842405, 9.7520079619, 0, 20.086736962, 19.9783157595, 24.7086394809, 5.2046235571, 5.2046235571, 0, 0, 0, 0, 0, 0, 0, 0, 0, 0, 0, 0, 0, 0, 0;Europe/Paris;36,5
2023-04-26T06:00:00Z;-1;9000003703;hourly;0,6280555556;6,2117522816;36,4030463868;8,2331853702;1,4851485149;3,0752545219;3,1364977596;15,8876841209;20,5153622659;4,9116456886;3,3215396816;1,4851485149;0,0000000000;1;8.6160309945, 0, 21.1435623124, 43.6438312115, 8.6160309945, 4.8763719117, 4.3680575251, 8.7361150502;8.6160309945, 0, 0, 0, 0, 21.1435623124, 22.4485117143, 21.1953194972, 4.3680575251, 4.2479734694, 4.8763719117, 0, 0, 4.3680575251, 4.3680575251, 0, 0, 4.3680575251, 0, 0, 0, 0, 0, 0, 0;Europe/Paris;50,5
2023-04-26T07:00:00Z;-1;9000003703;hourly;0,6155555556;3,2162222152;38,1928345493;3,0543572045;1,5789473684;1,7408123791;1,4754098361;16,4818445396;21,7109900098;0,0000000000;3,0543572045;1,5789473684;0,0000000000;1;0, 0, 22.3659672964, 55.7270040498, 13.2149276702, 8.6921009836, 0, 0;0, 0, 0, 0, 4.5579554376, 17.8080118588, 33.8024110204, 21.9245930293, 4.5403910621, 8.6745366081, 8.6921009836, 0, 0, 0, 0, 0, 0, 0, 0, 0, 0, 0, 0, 0, 0;Europe/Paris;44,0
2023-04-26T08:00:00Z;-1;9000003703;hourly;0,6041666667;4,9969192853;47,9113672607;9,9451192088;1,6666666667;3,3333333333;1,6635859519;13,2270886257;34,6842786350;1,6544117647;8,2907074441;0,0000000000;1,6666666667;1;0, 0, 44.9436802114, 48.187854977, 3.4153974932, 3.4530673185, 0, 0;0, 0, 0, 0, 3.4786455949, 41.4650346165, 27.5377340181, 20.6501209589, 3.4153974932, 0, 3.4530673185, 0, 0, 0, 0, 0, 0, 0, 0, 0, 0, 0, 0, 0, 0;Europe/Paris;35,5
2023-04-26T09:00:00Z;-1;9000003703;hourly;0,6150000000;6,3173211276;55,9441844836;7,9266715853;0,0000000000;3,0929296031;3,2243915246;29,8027381344;26,1414463491;1,5358361775;6,3908354078;0,0000000000;0,0000000000;1;0, 14.4418777921, 34.9377418227, 50.6203803852, 0, 0, 0, 0;0, 0, 8.6402939408, 5.8015838512, 5.8569958376, 29.0807459851, 39.0552099265, 11.5651704587, 0, 0, 0, 0, 0, 0, 0, 0, 0, 0, 0, 0, 0, 0, 0, 0, 0;Europe/Paris;32,0
2023-04-26T10:00:00Z;-1;9000003703;hourly;0,6422222222;3,0880600309;48,1025296268;7,7899818212;1,6635859519;1,5228426396;1,5652173913;10,8077772074;37,2947524194;1,4876033058;6,3023785155;0,0000000000;1,6635859519;1;3.2539190838, 6.4197456035, 26.1459578851, 57.6293929323, 6.5509844954, 0, 0, 0;3.2539190838, 0, 0, 6.4197456035, 6.346486808, 19.7994710771, 28.4488474193, 29.180545513, 3.0925677242, 3.4584167711, 0, 0, 0, 0, 0, 0, 0, 0, 0, 0, 0, 0, 0, 0, 0;Europe/Paris;36,0
2023-04-26T11:00:00Z;-1;9000003703;hourly;0,6091666667;4,9642558428;21,1120414842;4,8824593128;0,0000000000;3,3367694052;1,6274864376;11,3581597795;9,7538817047;4,8824593128;0,0000000000;0,0000000000;0,0000000000;1;0, 0, 38.6016844269, 31.0028073781, 30.395508195, 0, 0, 0;0, 0, 0, 0, 15.8050532807, 22.7966311462, 15.4208403962, 15.581966982, 22.7966311462, 7.5988770487, 0, 0, 0, 0, 0, 0, 0, 0, 0, 0, 0, 0, 0, 0, 0;Europe/Paris;41,0
2023-04-26T12:00:00Z;-1;9000003703;hourly;0,6386111111;1,4925373134;46,4461947077;9,2021990003;1,6728624535;1,4925373134;0,0000000000;13,8876603258;32,5585343819;6,0643234785;3,1378755218;1,6728624535;0,0000000000;1;0, 6.8151972124, 23.5156571838, 66.1266848732, 3.5424607307, 0, 0, 0;0, 0, 0, 6.8151972124, 13.1408137172, 10.3748434665, 53.3148559004, 12.8118289728, 0, 3.5424607307, 0, 0, 0, 0, 0, 0, 0, 0, 0, 0, 0, 0, 0, 0, 0;Europe/Paris;33,0
2023-04-26T13:00:00Z;-1;9000003703;hourly;0,5808333333;5,3677932406;41,1600523538;3,4911464586;0,0000000000;3,5785288270;1,7892644135;17,1187427465;24,0413096072;1,6544117647;1,8367346939;0,0000000000;0,0000000000;1;12.5013403265, 0, 46.0958711361, 37.4558821475, 3.94690639, 0, 0, 0;12.5013403265, 0, 0, 0, 16.9637610204, 29.1321101157, 16.0052858387, 21.4505963088, 3.94690639, 0, 0, 0, 0, 0, 0, 0, 0, 0, 0, 0, 0, 0, 0, 0, 0;Europe/Paris;35,0
2023-04-26T14:00:00Z;-1;9000003703;hourly;0,6091666667;3,1433682596;71,5174279046;11,5423025965;3,1433682596;1,4950166113;1,6483516484;30,1399374266;41,3774904780;1,4950166113;10,0472859852;1,6483516484;1,4950166113;1;7.348650855, 11.9609865086, 44.0195067457, 29.5392927731, 7.1315631176, 0, 0, 0;5.0438257283, 2.3048251268, 2.5219128641, 9.4390736444, 4.8267379909, 39.1927687548, 20.7487969408, 8.7904958323, 7.1315631176, 0, 0, 0, 0, 0, 0, 0, 0, 0, 0, 0, 0, 0, 0, 0, 0;Europe/Paris;33,0
2023-04-26T15:00:00Z;-1;9000003703;hourly;0,6011111111;8,2465221903;64,2980665782;30,0362793060;1,7786561265;3,3065909152;4,9399312751;14,5734114697;49,7246551085;16,3978317140;13,6384475920;0,0000000000;1,7786561265;1;0, 12.8163546847, 15.1373631611, 49.2351620429, 20.1996815922, 0, 0, 2.611438519;0, 0, 2.5311592155, 10.2851954691, 4.9199685279, 10.2173946332, 30.800264039, 18.4348980039, 12.6773788972, 7.5223026951, 0, 0, 0, 0, 0, 2.611438519, 0, 0, 0, 0, 0, 0, 0, 0, 0;Europe/Paris;40,5
2023-04-26T16:00:00Z;-1;9000003703;hourly;0,6016666667;3,4762572631;67,6884165648;14,7029986187;9,6156226871;1,8633540373;1,6129032258;23,4472095610;44,2412070039;8,2648157834;6,4381828353;3,2374519623;6,3781707248;1;2.7528403408, 7.4100098141, 31.499864059, 50.7843664394, 7.5529193467, 0, 0, 0;2.7528403408, 0, 4.6571694733, 2.7528403408, 10.1628501549, 21.337013904, 34.2500679705, 16.5342984689, 5.1528798438, 2.4000395029, 0, 0, 0, 0, 0, 0, 0, 0, 0, 0, 0, 0, 0, 0, 0;Europe/Paris;35,0
2023-04-26T17:00:00Z;-1;9000003703;hourly;0,6341666667;3,0795574289;61,3074336430;11,0198917424;3,1256029327;1,5410958904;1,5384615385;22,0832847454;39,2241488976;6,3584616233;4,6614301192;1,5845070423;1,5410958904;1;0, 12.7059101008, 20.7719057741, 48.755508876, 15.2529574194, 0, 0, 2.5137178297;0, 0, 0, 12.7059101008, 5.2731920071, 15.498713767, 25.6620204812, 23.0934883949, 15.2529574194, 0, 0, 0, 0, 0, 0, 0, 0, 0, 0, 0, 0, 0, 0, 0, 2.5137178297;Europe/Paris;38,5
2023-04-26T18:00:00Z;-1;9000003703;hourly;0,6644444444;1,4827018122;19,8100333234;1,5025041736;0,0000000000;1,4827018122;0,0000000000;10,9396016502;8,8704316732;1,5025041736;0,0000000000;0,0000000000;0,0000000000;1;7.4846002931, 0, 45.7750306604, 39.6857846087, 7.0545844378, 0, 0, 0;7.4846002931, 0, 0, 0, 29.8082691353, 15.9667615251, 39.6857846087, 0, 7.0545844378, 0, 0, 0, 0, 0, 0, 0, 0, 0, 0, 0, 0, 0, 0, 0, 0;Europe/Paris;31,5
2023-04-26T19:00:00Z;-1;9000003703;hourly;0,1275000000;5,9016393443;0,0000000000;0,0000000000;0,0000000000;0,0000000000;5,9016393443;0,0000000000;0,0000000000;0,0000000000;0,0000000000;0,0000000000;0,0000000000;1;0, 0, 0, 0, 0, 0, 0, 0;0, 0, 0, 0, 0, 0, 0, 0, 0, 0, 0, 0, 0, 0, 0, 0, 0, 0, 0, 0, 0, 0, 0, 0, 0;Europe/Paris;NA
2023-04-26T20:00:00Z;-1;9000003703;hourly;0,0000000000;0,0000000000;0,0000000000;0,0000000000;0,0000000000;0,0000000000;0,0000000000;0,0000000000;0,0000000000;0,0000000000;0,0000000000;0,0000000000;0,0000000000;1;0, 0, 0, 0, 0, 0, 0, 0;0, 0, 0, 0, 0, 0, 0, 0, 0, 0, 0, 0, 0, 0, 0, 0, 0, 0, 0, 0, 0, 0, 0, 0, 0;Europe/Paris;NA
2023-04-27T02:00:00Z;-1;9000003703;hourly;0,0000000000;0,0000000000;0,0000000000;0,0000000000;0,0000000000;0,0000000000;0,0000000000;0,0000000000;0,0000000000;0,0000000000;0,0000000000;0,0000000000;0,0000000000;1;0, 0, 0, 0, 0, 0, 0, 0;0, 0, 0, 0, 0, 0, 0, 0, 0, 0, 0, 0, 0, 0, 0, 0, 0, 0, 0, 0, 0, 0, 0, 0, 0;Europe/Paris;NA
2023-04-27T03:00:00Z;-1;9000003703;hourly;0,0000000000;0,0000000000;0,0000000000;0,0000000000;0,0000000000;0,0000000000;0,0000000000;0,0000000000;0,0000000000;0,0000000000;0,0000000000;0,0000000000;0,0000000000;1;0, 0, 0, 0, 0, 0, 0, 0;0, 0, 0, 0, 0, 0, 0, 0, 0, 0, 0, 0, 0, 0, 0, 0, 0, 0, 0, 0, 0, 0, 0, 0, 0;Europe/Paris;NA
2023-04-27T04:00:00Z;-1;9000003703;hourly;0,1255555556;7,9646017699;7,9646017699;7,9646017699;0,0000000000;7,9646017699;0,0000000000;7,9646017699;0,0000000000;7,9646017699;0,0000000000;0,0000000000;0,0000000000;1;0, 0, 0, 100, 0, 0, 0, 0;0, 0, 0, 0, 0, 0, 0, 100, 0, 0, 0, 0, 0, 0, 0, 0, 0, 0, 0, 0, 0, 0, 0, 0, 0;Europe/Paris;36,5
2023-04-27T05:00:00Z;-1;9000003703;hourly;0,5933333333;5,0656660413;42,1016470919;0,0000000000;0,0000000000;3,3771106942;1,6885553471;25,7157826028;16,3858644891;0,0000000000;0,0000000000;0,0000000000;0,0000000000;1;0, 0, 15.7525762519, 64.0505988732, 20.1968248748, 0, 0, 0;0, 0, 0, 0, 0, 15.7525762519, 35.5158158952, 28.534782978, 16.1861614834, 4.0106633914, 0, 0, 0, 0, 0, 0, 0, 0, 0, 0, 0, 0, 0, 0, 0;Europe/Paris;39,0
2023-04-27T06:00:00Z;-1;9000003703;hourly;0,6283333333;4,5690462010;32,7365079914;3,0279503106;0,0000000000;4,5690462010;0,0000000000;23,4120060456;9,3245019458;3,0279503106;0,0000000000;0,0000000000;0,0000000000;1;4.2689816773, 4.2689816773, 17.9531147252, 44.3139289692, 29.194992951, 0, 0, 0;4.2689816773, 0, 0, 4.2689816773, 8.9765573626, 8.9765573626, 9.6880543088, 34.6258746604, 19.9455326501, 9.2494603009, 0, 0, 0, 0, 0, 0, 0, 0, 0, 0, 0, 0, 0, 0, 0;Europe/Paris;41,0
2023-04-27T07:00:00Z;-1;9000003703;hourly;0,6105555556;1,4018691589;30,3286941776;4,9122007848;1,6274864376;0,0000000000;1,4018691589;18,1404713903;12,1882227872;3,2847143472;1,6274864376;1,6274864376;0,0000000000;1;5.3661606005, 10.274609434, 34.4532956783, 44.5397736866, 5.3661606005, 0, 0, 0;5.3661606005, 0, 4.6222536014, 5.6523558326, 0, 34.4532956783, 27.3131258475, 17.2266478392, 5.3661606005, 0, 0, 0, 0, 0, 0, 0, 0, 0, 0, 0, 0, 0, 0, 0, 0;Europe/Paris;34,5
2023-04-27T08:00:00Z;-1;9000003703;hourly;0,5775000000;1,6100178891;33,7235980425;6,5280506760;0,0000000000;1,6100178891;0,0000000000;15,9905406668;17,7330573757;4,8887064137;1,6393442623;0,0000000000;0,0000000000;1;0, 11.308281273, 27.1717461708, 51.0916738151, 10.4282987411, 0, 0, 0;0, 0, 0, 11.308281273, 5.6541406365, 21.5176055343, 30.8469472636, 20.2447265515, 4.7741581045, 5.6541406365, 0, 0, 0, 0, 0, 0, 0, 0, 0, 0, 0, 0, 0, 0, 0;Europe/Paris;36,5
2023-04-27T09:00:00Z;-1;9000003703;hourly;0,6463888889;6,2768211036;40,8472613160;5,9396139251;1,6333938294;1,5050167224;4,7718043812;18,5628661562;22,2843951598;1,4354066986;4,5042072265;1,6333938294;0,0000000000;1;3.6844984802, 3.9987841945, 26.3935157042, 57.925633232, 7.9975683891, 0, 0, 0;3.6844984802, 0, 3.9987841945, 0, 3.9987841945, 22.3947315096, 45.9292806484, 11.9963525836, 7.9975683891, 0, 0, 0, 0, 0, 0, 0, 0, 0, 0, 0, 0, 0, 0, 0, 0;Europe/Paris;34,5
2023-04-27T10:00:00Z;-1;9000003703;hourly;0,6086111111;3,0843927794;63,9378898043;1,4539579968;0,0000000000;1,6304347826;1,4539579968;21,9775632277;41,9603265766;0,0000000000;1,4539579968;0,0000000000;0,0000000000;1;0, 0, 23.4225128274, 50.3676158269, 23.6598422665, 2.5500290792, 0, 0;0, 0, 0, 0, 7.7404863423, 15.6820264852, 15.8652324579, 34.502383369, 18.5984675097, 5.0613747568, 2.5500290792, 0, 0, 0, 0, 0, 0, 0, 0, 0, 0, 0, 0, 0, 0;Europe/Paris;40,5
2023-04-27T11:00:00Z;-1;9000003703;hourly;0,6100000000;3,3785496957;68,7684365856;1,6100178891;0,0000000000;3,3785496957;0,0000000000;39,1053776188;29,6630589668;1,6100178891;0,0000000000;0,0000000000;0,0000000000;1;35.7945077145, 0, 7.0390022381, 42.7964138856, 4.7469883218, 0, 4.81154392, 4.81154392;21.3598759545, 14.43463176, 0, 0, 2.40577196, 4.6332302781, 21.5626613304, 21.2337525552, 4.7469883218, 0, 0, 0, 4.81154392, 0, 0, 0, 0, 0, 0, 0, 4.81154392, 0, 0, 0, 0;Europe/Paris;37,5
2023-04-27T12:00:00Z;-1;9000003703;hourly;0,6636111111;5,8842305658;50,1731694154;3,1021594684;0,0000000000;1,6071428571;4,2770877087;28,9362524818;21,2369169336;1,4950166113;1,6071428571;0,0000000000;0,0000000000;1;3.092736927, 6.1829051355, 36.6855108164, 47.8559419856, 2.9797133183, 3.2031918172, 0, 0;3.092736927, 0, 3.2031918172, 2.9797133183, 9.0683977049, 27.6171131115, 30.1661035734, 17.6898384121, 0, 2.9797133183, 0, 3.2031918172, 0, 0, 0, 0, 0, 0, 0, 0, 0, 0, 0, 0, 0;Europe/Paris;35,0
2023-04-27T13:00:00Z;-1;9000003703;hourly;0,6336111111;4,6157006714;31,8793072819;1,5706806283;0,0000000000;1,4492753623;3,1664253091;14,4403619952;17,4389452866;0,0000000000;1,5706806283;0,0000000000;0,0000000000;1;15.4091512041, 10.011162832, 29.8994034044, 44.6802825595, 0, 0, 0, 0;10.011162832, 5.3979883721, 0, 10.011162832, 20.8071395763, 9.0922638281, 30.2016095111, 14.4786730484, 0, 0, 0, 0, 0, 0, 0, 0, 0, 0, 0, 0, 0, 0, 0, 0, 0;Europe/Paris;32,5
2023-04-27T14:00:00Z;-1;9000003703;hourly;0,6583333333;7,9785330948;51,7766830266;6,1696427782;0,0000000000;4,7584973166;3,2200357782;19,6964285152;32,0802545114;3,0769230769;3,0927197013;0,0000000000;0,0000000000;1;0, 3.1095423557, 40.8525868791, 38.2043246122, 14.7240037973, 3.1095423557, 0, 0;0, 0, 0, 3.1095423557, 20.4262934395, 20.4262934395, 32.532544117, 5.6717804952, 14.7240037973, 0, 3.1095423557, 0, 0, 0, 0, 0, 0, 0, 0, 0, 0, 0, 0, 0, 0;Europe/Paris;38,5
2023-04-27T15:00:00Z;-1;9000003703;hourly;0,6266666667;6,3985286040;86,9970284288;8,0717184279;1,7274472169;4,8574327136;1,5410958904;28,3996933353;58,5973350935;4,7371283539;3,3345900740;0,0000000000;1,7274472169;1;14.3782552101, 9.4788067243, 21.7325595583, 45.2081429761, 7.3548817926, 1.8473537386, 0, 0;10.6835477329, 3.6947074772, 3.9712786703, 5.507528054, 7.2375776608, 14.4949818975, 25.2679999742, 19.9401430018, 7.3548817926, 0, 1.8473537386, 0, 0, 0, 0, 0, 0, 0, 0, 0, 0, 0, 0, 0, 0;Europe/Paris;36,0
2023-04-27T16:00:00Z;-1;9000003703;hourly;0,6250000000;4,6682381691;85,1630401750;8,4058394916;6,3802807168;1,4900662252;3,1781719439;25,9082247095;59,2548154655;4,8902144916;3,5156250000;3,4001482664;2,9801324503;1;1.8034069408, 0, 28.8183844918, 61.778878379, 5.6708694817, 1.9284607067, 0, 0;1.8034069408, 0, 0, 0, 5.5633816508, 23.2550028411, 42.6951895263, 19.0836888528, 3.8674625409, 1.8034069408, 1.9284607067, 0, 0, 0, 0, 0, 0, 0, 0, 0, 0, 0, 0, 0, 0;Europe/Paris;35,5
2023-04-27T17:00:00Z;-1;9000003703;hourly;0,6088888889;3,2593306328;85,1993986664;4,9229165847;1,5957446809;1,5957446809;1,6635859519;24,5757840696;60,6236145968;0,0000000000;4,9229165847;1,5957446809;0,0000000000;1;1.9346986882, 3.8693973764, 28.9425277998, 49.8017708044, 15.4516053312, 0, 0, 0;1.9346986882, 0, 1.9346986882, 1.9346986882, 7.6331841114, 21.3093436885, 28.880782097, 20.9209887073, 11.5822079548, 3.8693973764, 0, 0, 0, 0, 0, 0, 0, 0, 0, 0, 0, 0, 0, 0, 0;Europe/Paris;37,5
2023-04-27T18:00:00Z;-1;9000003703;hourly;0,5808333333;1,4802631579;37,1139929417;0,0000000000;0,0000000000;0,0000000000;1,4802631579;14,4570443187;22,6569486230;0,0000000000;0,0000000000;0,0000000000;0,0000000000;1;15.65854421, 0, 20.3416478946, 35.9177838221, 19.9054117973, 0, 0, 8.176612276;15.65854421, 0, 0, 0, 3.9884233427, 16.3532245519, 11.9652700281, 23.952513794, 19.9054117973, 0, 0, 0, 0, 0, 0, 0, 0, 0, 0, 0, 3.9884233427, 0, 0, 0, 4.1881889333;Europe/Paris;41,0
2023-04-27T19:00:00Z;-1;9000003703;hourly;0,0711111111;0,0000000000;0,0000000000;0,0000000000;0,0000000000;0,0000000000;0,0000000000;0,0000000000;0,0000000000;0,0000000000;0,0000000000;0,0000000000;0,0000000000;1;0, 0, 0, 0, 0, 0, 0, 0;0, 0, 0, 0, 0, 0, 0, 0, 0, 0, 0, 0, 0, 0, 0, 0, 0, 0, 0, 0, 0, 0, 0, 0, 0;Europe/Paris;NA
2023-04-27T20:00:00Z;-1;9000003703;hourly;0,0000000000;0,0000000000;0,0000000000;0,0000000000;0,0000000000;0,0000000000;0,0000000000;0,0000000000;0,0000000000;0,0000000000;0,0000000000;0,0000000000;0,0000000000;1;0, 0, 0, 0, 0, 0, 0, 0;0, 0, 0, 0, 0, 0, 0, 0, 0, 0, 0, 0, 0, 0, 0, 0, 0, 0, 0, 0, 0, 0, 0, 0, 0;Europe/Paris;NA
2023-04-28T03:00:00Z;-1;9000003703;hourly;0,0000000000;0,0000000000;0,0000000000;0,0000000000;0,0000000000;0,0000000000;0,0000000000;0,0000000000;0,0000000000;0,0000000000;0,0000000000;0,0000000000;0,0000000000;1;0, 0, 0, 0, 0, 0, 0, 0;0, 0, 0, 0, 0, 0, 0, 0, 0, 0, 0, 0, 0, 0, 0, 0, 0, 0, 0, 0, 0, 0, 0, 0, 0;Europe/Paris;NA
2023-04-28T04:00:00Z;-1;9000003703;hourly;0,0186111111;53,7313432836;53,7313432836;0,0000000000;0,0000000000;0,0000000000;53,7313432836;53,7313432836;0,0000000000;0,0000000000;0,0000000000;0,0000000000;0,0000000000;1;0, 0, 0, 100, 0, 0, 0, 0;0, 0, 0, 0, 0, 0, 100, 0, 0, 0, 0, 0, 0, 0, 0, 0, 0, 0, 0, 0, 0, 0, 0, 0, 0;Europe/Paris;31,5
2023-04-28T05:00:00Z;-1;9000003703;hourly;0,5186111111;3,8953469985;22,3405899070;0,0000000000;0,0000000000;2,3136246787;1,5817223199;17,5954229474;4,7451669596;0,0000000000;0,0000000000;0,0000000000;0,0000000000;1;0, 0, 35.4001914552, 57.5197702538, 7.080038291, 0, 0, 0;0, 0, 0, 0, 7.080038291, 28.3201531642, 21.4934257243, 36.0263445295, 0, 7.080038291, 0, 0, 0, 0, 0, 0, 0, 0, 0, 0, 0, 0, 0, 0, 0;Europe/Paris;36,5
2023-04-28T06:00:00Z;-1;9000003703;hourly;0,5761111111;3,5542919458;45,1691571939;0,0000000000;1,7578125000;1,7175572519;1,8367346939;27,2769317207;17,8922254732;0,0000000000;0,0000000000;1,7578125000;0,0000000000;1;11.6713472759, 0, 30.5454103118, 34.8592183173, 19.0324028888, 3.8916212062, 0, 0;7.8688471661, 3.8025001098, 0, 0, 11.5048144244, 19.0405958874, 11.9351942223, 22.924024095, 15.1407816827, 3.8916212062, 3.8916212062, 0, 0, 0, 0, 0, 0, 0, 0, 0, 0, 0, 0, 0, 0;Europe/Paris;40,0
2023-04-28T07:00:00Z;-1;9000003703;hourly;0,6152777778;4,9009960239;33,2082598496;12,9656196652;0,0000000000;3,2374100719;1,6635859519;20,0051467815;13,2031130682;9,7281679278;3,2374517375;0,0000000000;0,0000000000;1;0, 4.5169485146, 35.9566109748, 49.4200489423, 10.1063915683, 0, 0, 0;0, 0, 0, 4.5169485146, 10.2415414261, 25.7150695487, 24.7775994001, 24.6424495422, 10.1063915683, 0, 0, 0, 0, 0, 0, 0, 0, 0, 0, 0, 0, 0, 0, 0, 0;Europe/Paris;36,5
2023-04-28T08:00:00Z;-1;9000003703;hourly;0,6408333333;9,3059839292;37,7008667644;15,5966826992;1,4975041597;6,2405355186;3,0654484106;17,3219541000;20,3789126644;9,3506648581;6,2460178412;1,4975041597;0,0000000000;1;0, 4.2628803926, 33.2320197518, 49.9098624274, 8.3323570355, 0, 0, 4.2628803926;0, 0, 0, 4.2628803926, 12.5058063709, 20.7262133809, 20.9196171306, 28.9902452968, 4.1734493354, 4.1589077001, 0, 0, 0, 0, 4.2628803926, 0, 0, 0, 0, 0, 0, 0, 0, 0, 0;Europe/Paris;37,0
2023-04-28T09:00:00Z;-1;9000003703;hourly;0,6688888889;7,6041493675;63,1286223092;4,4477318805;4,4915347214;4,6581591874;2,9459901800;25,1763749880;37,9522473211;2,8770512523;1,5706806283;0,0000000000;4,4915347214;1;7.4215155737, 4.9334514107, 34.9903033218, 45.2758910354, 7.3788386584, 0, 0, 0;4.9334514107, 2.488064163, 4.9334514107, 0, 14.0910151936, 20.8992881282, 28.8486925103, 16.4271985251, 7.3788386584, 0, 0, 0, 0, 0, 0, 0, 0, 0, 0, 0, 0, 0, 0, 0, 0;Europe/Paris;35,0
2023-04-28T10:00:00Z;-1;9000003703;hourly;0,6158333333;8,2581958699;87,7594698439;6,6037082159;0,0000000000;8,2581958699;0,0000000000;14,9254572365;72,8340126074;1,5544041451;5,0493040709;0,0000000000;0,0000000000;1;5.4403700612, 3.6057898251, 20.0282446611, 60.0334145086, 9.1451104977, 0, 0, 1.7470704463;3.6057898251, 1.8345802361, 1.8345802361, 1.7712095889, 7.3739009088, 12.6543437523, 35.4114966504, 24.6219178582, 5.6026913198, 3.5424191779, 0, 0, 0, 0, 0, 0, 0, 0, 0, 1.7470704463, 0, 0, 0, 0, 0;Europe/Paris;36,5
2023-04-28T11:00:00Z;-1;9000003703;hourly;0,6025000000;5,1052174224;64,0483692058;4,6508638420;0,0000000000;3,3370445344;1,7681728880;34,4896666451;29,5587025606;1,4423076923;3,2085561497;0,0000000000;0,0000000000;1;0, 2.5047914487, 32.1916806882, 56.8238699335, 5.7189742308, 0, 0, 2.7606836988;0, 0, 0, 2.5047914487, 7.7732712481, 24.4184094401, 28.8639317241, 27.9599382094, 5.7189742308, 0, 0, 0, 0, 0, 0, 0, 2.7606836988, 0, 0, 0, 0, 0, 0, 0, 0;Europe/Paris;36,5
2023-04-28T12:00:00Z;-1;9000003703;hourly;0,6063888889;6,4203253646;37,8037952821;3,0927835052;1,5463917526;6,4203253646;0,0000000000;14,8804209081;22,9233743740;0,0000000000;3,0927835052;1,5463917526;0,0000000000;1;8.5483423595, 8.3647439411, 35.6569296122, 30.5601037209, 12.5255129445, 0, 0, 4.3443674218;4.2741711798, 4.2741711798, 0, 8.3647439411, 9.0739964764, 26.5829331359, 25.7602784243, 4.7998252966, 12.5255129445, 0, 0, 0, 0, 0, 0, 0, 0, 0, 4.3443674218, 0, 0, 0, 0, 0, 0;Europe/Paris;38,0
2023-04-28T13:00:00Z;-1;9000003703;hourly;0,6416666667;9,2386497846;53,2732516475;14,3090528535;4,7053611996;4,5332885850;4,7053611996;29,5923804218;23,6808712257;9,3963797054;4,9126731481;1,4876033058;3,2177578938;1;2.7924019274, 5.79555117, 32.4837616813, 46.8088590026, 8.937876, 3.1815502186, 0, 0;2.7924019274, 0, 0, 5.79555117, 11.5587560007, 20.9250056806, 32.0754318326, 14.7334271701, 3.1815502186, 5.7563257814, 0, 3.1815502186, 0, 0, 0, 0, 0, 0, 0, 0, 0, 0, 0, 0, 0;Europe/Paris;36,5
2023-04-28T14:00:00Z;-1;9000003703;hourly;0,5780555556;13,8043678857;64,4616488810;17,5982946154;0,0000000000;12,2391504944;1,5652173913;32,2184943087;32,2431545723;12,3472753599;5,2510192555;0,0000000000;0,0000000000;1;0, 5.0774333798, 36.9634710227, 49.8131369591, 5.4966626371, 0, 0, 2.6492960013;0, 0, 5.0774333798, 0, 9.2055757758, 27.7578952469, 29.7971388185, 20.0159981406, 3.0685252586, 2.4281373785, 0, 0, 0, 0, 2.6492960013, 0, 0, 0, 0, 0, 0, 0, 0, 0, 0;Europe/Paris;36,0
2023-04-28T15:00:00Z;-1;9000003703;hourly;0,5975000000;17,0302062342;118,2870913460;8,5492340564;6,7021979985;13,6078437631;3,4223624711;49,6123219290;68,6747694170;6,8511208489;1,6981132075;1,5817223199;5,1204756787;1;4.3315577158, 4.3261506113, 34.1299388817, 47.5622440045, 6.8773332538, 2.7727755329, 0, 0;4.3315577158, 0, 1.4328826882, 2.8932679231, 9.8441991303, 24.2857397514, 36.5474433786, 11.0148006259, 4.1072612731, 2.7700719806, 2.7727755329, 0, 0, 0, 0, 0, 0, 0, 0, 0, 0, 0, 0, 0, 0;Europe/Paris;35,0
2023-04-28T16:00:00Z;-1;9000003703;hourly;0,6219444444;8,0398848227;71,6014841492;16,5565605892;8,3302251984;1,4778325123;6,5620523103;22,0695404871;49,5319436621;1,5817223199;14,9748382693;3,5363457760;4,7938794223;1;2.4694640188, 2.2090635951, 31.6900336467, 49.6729176311, 7.0028971437, 0, 0, 6.9556239646;2.4694640188, 0, 2.2090635951, 0, 15.9752170352, 15.7148166115, 22.5163171093, 27.1566005218, 7.0028971437, 0, 0, 0, 0, 0, 0, 0, 0, 2.2770963507, 0, 0, 2.2090635951, 2.4694640188, 0, 0, 0;Europe/Paris;37,5
2023-04-28T17:00:00Z;-1;9000003703;hourly;0,6183333333;0,0000000000;56,0688341370;6,1622044574;4,5750575755;0,0000000000;0,0000000000;21,8876826113;34,1811515257;4,5860223208;1,5761821366;3,0098401842;1,5652173913;1;0, 5.3681162281, 32.9321701903, 38.1403854696, 20.9828115583, 0, 0, 2.5765165536;0, 0, 2.7915996746, 2.5765165536, 5.3876720928, 27.5444980976, 22.9363005168, 15.2040849528, 18.1912118837, 2.7915996746, 0, 0, 0, 0, 0, 0, 0, 2.5765165536, 0, 0, 0, 0, 0, 0, 0;Europe/Paris;40,0
2023-04-28T18:00:00Z;-1;9000003703;hourly;0,6169444444;0,0000000000;33,3238875529;1,4610389610;0,0000000000;0,0000000000;0,0000000000;14,6224097688;18,7014777841;0,0000000000;1,4610389610;0,0000000000;0,0000000000;1;0, 5.0957836322, 24.0560694847, 41.7453906216, 18.4498423307, 0, 0, 10.6529139308;0, 0, 0, 5.0957836322, 4.384359294, 19.6717101907, 31.8039010291, 9.9414895925, 13.3540586984, 5.0957836322, 0, 0, 0, 0, 0, 0, 0, 0, 5.5571302985, 0, 0, 0, 5.0957836322, 0, 0;Europe/Paris;43,0
2023-04-28T19:00:00Z;-1;9000003703;hourly;0,1583333333;0,0000000000;58,9382639778;0,0000000000;0,0000000000;0,0000000000;0,0000000000;3,4155597723;55,5227042055;0,0000000000;0,0000000000;0,0000000000;0,0000000000;1;5.795148248, 0, 71.0242587601, 17.3854447439, 5.795148248, 0, 0, 0;5.795148248, 0, 0, 0, 71.0242587601, 0, 17.3854447439, 0, 5.795148248, 0, 0, 0, 0, 0, 0, 0, 0, 0, 0, 0, 0, 0, 0, 0, 0;Europe/Paris;30,0
2023-04-28T20:00:00Z;-1;9000003703;hourly;0,0000000000;0,0000000000;0,0000000000;0,0000000000;0,0000000000;0,0000000000;0,0000000000;0,0000000000;0,0000000000;0,0000000000;0,0000000000;0,0000000000;0,0000000000;1;0, 0, 0, 0, 0, 0, 0, 0;0, 0, 0, 0, 0, 0, 0, 0, 0, 0, 0, 0, 0, 0, 0, 0, 0, 0, 0, 0, 0, 0, 0, 0, 0;Europe/Paris;NA
2023-04-29T03:00:00Z;-1;9000003703;hourly;0,0000000000;0,0000000000;0,0000000000;0,0000000000;0,0000000000;0,0000000000;0,0000000000;0,0000000000;0,0000000000;0,0000000000;0,0000000000;0,0000000000;0,0000000000;1;0, 0, 0, 0, 0, 0, 0, 0;0, 0, 0, 0, 0, 0, 0, 0, 0, 0, 0, 0, 0, 0, 0, 0, 0, 0, 0, 0, 0, 0, 0, 0, 0;Europe/Paris;NA
2023-04-29T04:00:00Z;-1;9000003703;hourly;0,0666666667;0,0000000000;15,0000000000;0,0000000000;0,0000000000;0,0000000000;0,0000000000;15,0000000000;0,0000000000;0,0000000000;0,0000000000;0,0000000000;0,0000000000;1;0, 0, 100, 0, 0, 0, 0, 0;0, 0, 0, 0, 0, 100, 0, 0, 0, 0, 0, 0, 0, 0, 0, 0, 0, 0, 0, 0, 0, 0, 0, 0, 0;Europe/Paris;26,5
2023-04-29T05:00:00Z;-1;9000003703;hourly;0,4497222222;0,0000000000;11,6075847461;5,3571428571;0,0000000000;0,0000000000;0,0000000000;7,5616048730;4,0459798730;0,0000000000;5,3571428571;0,0000000000;0,0000000000;1;0, 0, 43.7250051476, 56.2749948524, 0, 0, 0, 0;0, 0, 0, 0, 30.2873084876, 13.43769666, 13.43769666, 42.8372981924, 0, 0, 0, 0, 0, 0, 0, 0, 0, 0, 0, 0, 0, 0, 0, 0, 0;Europe/Paris;35,5
2023-04-29T06:00:00Z;-1;9000003703;hourly;0,5900000000;3,4149429234;6,9491666840;3,6370909803;0,0000000000;1,5706806283;1,8442622951;3,5856573705;3,3635093135;3,6370909803;0,0000000000;0,0000000000;0,0000000000;1;0, 0, 22.6024313372, 77.3975686628, 0, 0, 0, 0;0, 0, 0, 0, 0, 22.6024313372, 25.7991895543, 51.5983791085, 0, 0, 0, 0, 0, 0, 0, 0, 0, 0, 0, 0, 0, 0, 0, 0, 0;Europe/Paris;36,0
2023-04-29T07:00:00Z;-1;9000003703;hourly;0,6263888889;0,0000000000;32,1085353767;4,9035920319;4,6063124499;0,0000000000;0,0000000000;17,7519388483;14,3565965284;4,9035920319;0,0000000000;4,6063124499;0,0000000000;1;0, 15.2014495494, 30.2599081669, 54.5386422837, 0, 0, 0, 0;0, 0, 0, 15.2014495494, 5.1620497294, 25.0978584374, 35.2077355474, 19.3309067363, 0, 0, 0, 0, 0, 0, 0, 0, 0, 0, 0, 0, 0, 0, 0, 0, 0;Europe/Paris;33,5
2023-04-29T08:00:00Z;-1;9000003703;hourly;0,6280555556;3,0769230769;43,8391664440;6,6894099755;6,4060091658;3,0769230769;0,0000000000;22,5314946875;21,3076717565;5,1665673360;1,5228426396;3,3447049878;3,0613041781;1;0, 14.5768972937, 40.2569884257, 29.1894223151, 11.820905038, 0, 0, 4.1557869274;0, 0, 3.4737034554, 11.1031938383, 21.5243042045, 18.7326842211, 13.8948138217, 15.2946084935, 11.820905038, 0, 0, 0, 0, 0, 0, 4.1557869274, 0, 0, 0, 0, 0, 0, 0, 0, 0;Europe/Paris;38,0
2023-04-29T09:00:00Z;-1;9000003703;hourly;0,5861111111;3,3581156198;66,1423589321;4,9739145426;3,3581156198;3,3581156198;0,0000000000;36,9728381816;29,1695207505;1,7509727626;3,2229417799;1,7509727626;1,6071428571;1;0, 0, 49.8196532772, 34.5119751892, 10.3847478706, 0, 2.4429109407, 2.8407127223;0, 0, 0, 0, 15.8618052793, 33.957847998, 24.1643356547, 10.3476395346, 10.3847478706, 0, 0, 0, 2.4429109407, 0, 0, 2.8407127223, 0, 0, 0, 0, 0, 0, 0, 0, 0;Europe/Paris;38,0
2023-04-29T10:00:00Z;-1;9000003703;hourly;0,6177777778;8,5635600629;70,8959011255;4,5579774735;0,0000000000;5,0751879699;3,4883720930;31,9026437336;38,9932573919;3,0629608622;1,4950166113;0,0000000000;0,0000000000;1;11.8304699343, 2.1087490074, 24.0308958348, 52.3370389085, 7.2326391395, 2.4602071753, 0, 0;11.8304699343, 0, 0, 2.1087490074, 8.537861835, 15.4930339999, 20.619179961, 31.7178589475, 7.2326391395, 0, 2.4602071753, 0, 0, 0, 0, 0, 0, 0, 0, 0, 0, 0, 0, 0, 0;Europe/Paris;36,5
2023-04-29T11:00:00Z;-1;9000003703;hourly;0,5927777778;11,5126873714;52,3209528456;1,5254237288;0,0000000000;8,2531595964;3,2595277751;33,6075198788;18,7134329667;0,0000000000;1,5254237288;0,0000000000;0,0000000000;1;16.0353697326, 3.3143586879, 38.9520606221, 38.2231560907, 3.4750548667, 0, 0, 0;16.0353697326, 0, 3.3143586879, 0, 6.2298708219, 32.7221898002, 19.4416360228, 18.7815200679, 0, 3.4750548667, 0, 0, 0, 0, 0, 0, 0, 0, 0, 0, 0, 0, 0, 0, 0;Europe/Paris;34,5
2023-04-29T12:00:00Z;-1;9000003703;hourly;0,6013888889;8,3981723453;41,5265633680;15,3479792951;0,0000000000;6,6089079318;1,7892644135;26,6998195941;14,8267437739;12,2657875143;3,0821917808;0,0000000000;0,0000000000;1;32.4273989816, 8.0541088001, 19.0326858551, 28.1229749807, 12.3628313825, 0, 0, 0;28.2434463582, 4.1839526234, 0, 8.0541088001, 0, 19.0326858551, 28.1229749807, 0, 8.0541088001, 4.3087225824, 0, 0, 0, 0, 0, 0, 0, 0, 0, 0, 0, 0, 0, 0, 0;Europe/Paris;32,0
2023-04-29T13:00:00Z;-1;9000003703;hourly;0,5575000000;5,0804770727;48,3376840912;13,6409237195;1,6544117647;3,4260653080;1,6544117647;19,4850795636;28,8526045276;10,3321001901;3,3088235294;1,6544117647;0,0000000000;1;10.5103857751, 3.6651601677, 17.9630881138, 52.6018978725, 15.259468071, 0, 0, 0;10.5103857751, 0, 0, 3.6651601677, 0, 17.9630881138, 30.508070168, 22.0938277044, 11.8368552673, 3.4226128037, 0, 0, 0, 0, 0, 0, 0, 0, 0, 0, 0, 0, 0, 0, 0;Europe/Paris;37,5
2023-04-29T14:00:00Z;-1;9000003703;hourly;0,5833333333;3,5856573705;55,2188591810;28,9740520637;6,8575409366;0,0000000000;3,5856573705;31,3880343744;23,8308248065;11,9679046742;17,0061473895;3,4026465028;3,4548944338;1;12.868670918, 0, 49.4018224937, 12.3120135991, 6.1025943551, 6.3278234801, 0, 12.987075154;12.868670918, 0, 0, 0, 18.7582413152, 30.6435811785, 9.1836490466, 3.1283645525, 3.1283645525, 2.9742298026, 6.3278234801, 0, 0, 0, 0, 0, 0, 0, 0, 6.493537577, 0, 6.493537577, 0, 0, 0;Europe/Paris;51,0
2023-04-29T15:00:00Z;-1;9000003703;hourly;0,5844444444;5,0923454681;40,6612656585;12,3435103560;1,6333938294;1,6333938294;3,4589516387;20,8146253589;19,8466402996;8,6923947374;3,6511156187;0,0000000000;1,6333938294;1;0, 0, 40.7755449131, 46.2996392741, 3.9454700902, 0, 0, 8.9793457226;0, 0, 0, 0, 15.8534859887, 24.9220589244, 20.9049832064, 25.3946560677, 0, 3.9454700902, 0, 0, 0, 0, 0, 0, 0, 0, 0, 0, 0, 0, 0, 8.9793457226, 0;Europe/Paris;37,0
2023-04-29T16:00:00Z;-1;9000003703;hourly;0,6002777778;1,5706806283;31,9920110343;10,6001587469;1,3824884793;1,5706806283;0,0000000000;5,2295283099;26,7624827244;7,1295032143;3,4706555326;0,0000000000;1,3824884793;1;18.6139915581, 0, 28.8693687018, 48.1952843936, 0, 0, 0, 4.3213553464;18.6139915581, 0, 0, 0, 4.9096026711, 23.9597660307, 38.314240647, 9.8810437467, 0, 0, 0, 0, 0, 0, 0, 0, 4.3213553464, 0, 0, 0, 0, 0, 0, 0, 0;Europe/Paris;32,5
2023-04-29T17:00:00Z;-1;9000003703;hourly;0,0000000000;0,0000000000;0,0000000000;0,0000000000;0,0000000000;0,0000000000;0,0000000000;0,0000000000;0,0000000000;0,0000000000;0,0000000000;0,0000000000;0,0000000000;1;0, 0, 0, 0, 0, 0, 0, 0;0, 0, 0, 0, 0, 0, 0, 0, 0, 0, 0, 0, 0, 0, 0, 0, 0, 0, 0, 0, 0, 0, 0, 0, 0;Europe/Paris;NA
2023-04-29T18:00:00Z;-1;9000003703;hourly;0,0000000000;0,0000000000;0,0000000000;0,0000000000;0,0000000000;0,0000000000;0,0000000000;0,0000000000;0,0000000000;0,0000000000;0,0000000000;0,0000000000;0,0000000000;1;0, 0, 0, 0, 0, 0, 0, 0;0, 0, 0, 0, 0, 0, 0, 0, 0, 0, 0, 0, 0, 0, 0, 0, 0, 0, 0, 0, 0, 0, 0, 0, 0;Europe/Paris;NA
2023-04-29T19:00:00Z;-1;9000003703;hourly;0,0000000000;0,0000000000;0,0000000000;0,0000000000;0,0000000000;0,0000000000;0,0000000000;0,0000000000;0,0000000000;0,0000000000;0,0000000000;0,0000000000;0,0000000000;1;0, 0, 0, 0, 0, 0, 0, 0;0, 0, 0, 0, 0, 0, 0, 0, 0, 0, 0, 0, 0, 0, 0, 0, 0, 0, 0, 0, 0, 0, 0, 0, 0;Europe/Paris;NA
2023-04-29T20:00:00Z;-1;9000003703;hourly;0,0000000000;0,0000000000;0,0000000000;0,0000000000;0,0000000000;0,0000000000;0,0000000000;0,0000000000;0,0000000000;0,0000000000;0,0000000000;0,0000000000;0,0000000000;1;0, 0, 0, 0, 0, 0, 0, 0;0, 0, 0, 0, 0, 0, 0, 0, 0, 0, 0, 0, 0, 0, 0, 0, 0, 0, 0, 0, 0, 0, 0, 0, 0;Europe/Paris;NA
2023-04-30T02:00:00Z;-1;9000003703;hourly;0,0000000000;0,0000000000;0,0000000000;0,0000000000;0,0000000000;0,0000000000;0,0000000000;0,0000000000;0,0000000000;0,0000000000;0,0000000000;0,0000000000;0,0000000000;1;0, 0, 0, 0, 0, 0, 0, 0;0, 0, 0, 0, 0, 0, 0, 0, 0, 0, 0, 0, 0, 0, 0, 0, 0, 0, 0, 0, 0, 0, 0, 0, 0;Europe/Paris;NA
2023-04-30T03:00:00Z;-1;9000003703;hourly;0,0000000000;0,0000000000;0,0000000000;0,0000000000;0,0000000000;0,0000000000;0,0000000000;0,0000000000;0,0000000000;0,0000000000;0,0000000000;0,0000000000;0,0000000000;1;0, 0, 0, 0, 0, 0, 0, 0;0, 0, 0, 0, 0, 0, 0, 0, 0, 0, 0, 0, 0, 0, 0, 0, 0, 0, 0, 0, 0, 0, 0, 0, 0;Europe/Paris;NA
2023-04-30T04:00:00Z;-1;9000003703;hourly;0,0000000000;0,0000000000;0,0000000000;0,0000000000;0,0000000000;0,0000000000;0,0000000000;0,0000000000;0,0000000000;0,0000000000;0,0000000000;0,0000000000;0,0000000000;1;0, 0, 0, 0, 0, 0, 0, 0;0, 0, 0, 0, 0, 0, 0, 0, 0, 0, 0, 0, 0, 0, 0, 0, 0, 0, 0, 0, 0, 0, 0, 0, 0;Europe/Paris;NA
2023-04-30T05:00:00Z;-1;9000003703;hourly;0,0000000000;0,0000000000;0,0000000000;0,0000000000;0,0000000000;0,0000000000;0,0000000000;0,0000000000;0,0000000000;0,0000000000;0,0000000000;0,0000000000;0,0000000000;1;0, 0, 0, 0, 0, 0, 0, 0;0, 0, 0, 0, 0, 0, 0, 0, 0, 0, 0, 0, 0, 0, 0, 0, 0, 0, 0, 0, 0, 0, 0, 0, 0;Europe/Paris;NA
2023-04-30T06:00:00Z;-1;9000003703;hourly;0,0000000000;0,0000000000;0,0000000000;0,0000000000;0,0000000000;0,0000000000;0,0000000000;0,0000000000;0,0000000000;0,0000000000;0,0000000000;0,0000000000;0,0000000000;1;0, 0, 0, 0, 0, 0, 0, 0;0, 0, 0, 0, 0, 0, 0, 0, 0, 0, 0, 0, 0, 0, 0, 0, 0, 0, 0, 0, 0, 0, 0, 0, 0;Europe/Paris;NA
2023-04-30T07:00:00Z;-1;9000003703;hourly;0,0000000000;0,0000000000;0,0000000000;0,0000000000;0,0000000000;0,0000000000;0,0000000000;0,0000000000;0,0000000000;0,0000000000;0,0000000000;0,0000000000;0,0000000000;1;0, 0, 0, 0, 0, 0, 0, 0;0, 0, 0, 0, 0, 0, 0, 0, 0, 0, 0, 0, 0, 0, 0, 0, 0, 0, 0, 0, 0, 0, 0, 0, 0;Europe/Paris;NA
2023-04-30T08:00:00Z;-1;9000003703;hourly;0,0000000000;0,0000000000;0,0000000000;0,0000000000;0,0000000000;0,0000000000;0,0000000000;0,0000000000;0,0000000000;0,0000000000;0,0000000000;0,0000000000;0,0000000000;1;0, 0, 0, 0, 0, 0, 0, 0;0, 0, 0, 0, 0, 0, 0, 0, 0, 0, 0, 0, 0, 0, 0, 0, 0, 0, 0, 0, 0, 0, 0, 0, 0;Europe/Paris;NA
2023-04-30T09:00:00Z;-1;9000003703;hourly;0,0000000000;0,0000000000;0,0000000000;0,0000000000;0,0000000000;0,0000000000;0,0000000000;0,0000000000;0,0000000000;0,0000000000;0,0000000000;0,0000000000;0,0000000000;1;0, 0, 0, 0, 0, 0, 0, 0;0, 0, 0, 0, 0, 0, 0, 0, 0, 0, 0, 0, 0, 0, 0, 0, 0, 0, 0, 0, 0, 0, 0, 0, 0;Europe/Paris;NA
2023-04-30T10:00:00Z;-1;9000003703;hourly;0,0000000000;0,0000000000;0,0000000000;0,0000000000;0,0000000000;0,0000000000;0,0000000000;0,0000000000;0,0000000000;0,0000000000;0,0000000000;0,0000000000;0,0000000000;1;0, 0, 0, 0, 0, 0, 0, 0;0, 0, 0, 0, 0, 0, 0, 0, 0, 0, 0, 0, 0, 0, 0, 0, 0, 0, 0, 0, 0, 0, 0, 0, 0;Europe/Paris;NA
2023-04-30T11:00:00Z;-1;9000003703;hourly;0,0000000000;0,0000000000;0,0000000000;0,0000000000;0,0000000000;0,0000000000;0,0000000000;0,0000000000;0,0000000000;0,0000000000;0,0000000000;0,0000000000;0,0000000000;1;0, 0, 0, 0, 0, 0, 0, 0;0, 0, 0, 0, 0, 0, 0, 0, 0, 0, 0, 0, 0, 0, 0, 0, 0, 0, 0, 0, 0, 0, 0, 0, 0;Europe/Paris;NA
2023-04-30T12:00:00Z;-1;9000003703;hourly;0,0000000000;0,0000000000;0,0000000000;0,0000000000;0,0000000000;0,0000000000;0,0000000000;0,0000000000;0,0000000000;0,0000000000;0,0000000000;0,0000000000;0,0000000000;1;0, 0, 0, 0, 0, 0, 0, 0;0, 0, 0, 0, 0, 0, 0, 0, 0, 0, 0, 0, 0, 0, 0, 0, 0, 0, 0, 0, 0, 0, 0, 0, 0;Europe/Paris;NA
2023-04-30T13:00:00Z;-1;9000003703;hourly;0,0000000000;0,0000000000;0,0000000000;0,0000000000;0,0000000000;0,0000000000;0,0000000000;0,0000000000;0,0000000000;0,0000000000;0,0000000000;0,0000000000;0,0000000000;1;0, 0, 0, 0, 0, 0, 0, 0;0, 0, 0, 0, 0, 0, 0, 0, 0, 0, 0, 0, 0, 0, 0, 0, 0, 0, 0, 0, 0, 0, 0, 0, 0;Europe/Paris;NA
2023-04-30T14:00:00Z;-1;9000003703;hourly;0,0000000000;0,0000000000;0,0000000000;0,0000000000;0,0000000000;0,0000000000;0,0000000000;0,0000000000;0,0000000000;0,0000000000;0,0000000000;0,0000000000;0,0000000000;1;0, 0, 0, 0, 0, 0, 0, 0;0, 0, 0, 0, 0, 0, 0, 0, 0, 0, 0, 0, 0, 0, 0, 0, 0, 0, 0, 0, 0, 0, 0, 0, 0;Europe/Paris;NA
2023-04-30T15:00:00Z;-1;9000003703;hourly;0,0000000000;0,0000000000;0,0000000000;0,0000000000;0,0000000000;0,0000000000;0,0000000000;0,0000000000;0,0000000000;0,0000000000;0,0000000000;0,0000000000;0,0000000000;1;0, 0, 0, 0, 0, 0, 0, 0;0, 0, 0, 0, 0, 0, 0, 0, 0, 0, 0, 0, 0, 0, 0, 0, 0, 0, 0, 0, 0, 0, 0, 0, 0;Europe/Paris;NA
2023-04-30T16:00:00Z;-1;9000003703;hourly;0,1069444444;0,0000000000;37,4025974026;9,3506493506;0,0000000000;0,0000000000;0,0000000000;0,0000000000;37,4025974026;9,3506493506;0,0000000000;0,0000000000;0,0000000000;1;0, 0, 75, 25, 0, 0, 0, 0;0, 0, 0, 0, 50, 25, 0, 25, 0, 0, 0, 0, 0, 0, 0, 0, 0, 0, 0, 0, 0, 0, 0, 0, 0;Europe/Paris;34,5
2023-04-30T17:00:00Z;-1;9000003703;hourly;0,6186111111;1,5957446809;29,2680543210;7,9699953241;0,0000000000;0,0000000000;1,5957446809;8,0174827978;21,2505715231;3,2144497168;4,7555456072;0,0000000000;0,0000000000;1;0, 11.1450428335, 10.7960744221, 78.0588827445, 0, 0, 0, 0;0, 0, 11.1450428335, 0, 5.5306205811, 5.2654538409, 49.9730097562, 28.0858729883, 0, 0, 0, 0, 0, 0, 0, 0, 0, 0, 0, 0, 0, 0, 0, 0, 0;Europe/Paris;35,0
2023-04-30T18:00:00Z;-1;9000003703;hourly;0,6394444444;3,1522338665;20,3459311334;7,7648473589;3,0354131535;0,0000000000;3,1522338665;6,3604240283;13,9855071051;7,7648473589;0,0000000000;3,0354131535;0,0000000000;1;7.8153513675, 0, 46.0148748883, 46.1697737442, 0, 0, 0, 0;0, 7.8153513675, 0, 0, 15.3382916294, 30.6765832589, 46.1697737442, 0, 0, 0, 0, 0, 0, 0, 0, 0, 0, 0, 0, 0, 0, 0, 0, 0, 0;Europe/Paris;31,0
2023-04-30T19:00:00Z;-1;9000003703;hourly;0,2655555556;0,0000000000;35,5844155844;0,0000000000;3,2142857143;0,0000000000;0,0000000000;20,0649350649;15,5194805195;0,0000000000;0,0000000000;0,0000000000;3,2142857143;1;0, 0, 52.6459854015, 47.3540145985, 0, 0, 0, 0;0, 0, 0, 0, 12.7737226277, 39.8722627737, 34.5802919708, 12.7737226277, 0, 0, 0, 0, 0, 0, 0, 0, 0, 0, 0, 0, 0, 0, 0, 0, 0;Europe/Paris;32,0
2023-04-30T20:00:00Z;-1;9000003703;hourly;0,0000000000;0,0000000000;0,0000000000;0,0000000000;0,0000000000;0,0000000000;0,0000000000;0,0000000000;0,0000000000;0,0000000000;0,0000000000;0,0000000000;0,0000000000;1;0, 0, 0, 0, 0, 0, 0, 0;0, 0, 0, 0, 0, 0, 0, 0, 0, 0, 0, 0, 0, 0, 0, 0, 0, 0, 0, 0, 0, 0, 0, 0, 0;Europe/Paris;NA
2023-05-01T02:00:00Z;-1;9000003703;hourly;0,0000000000;0,0000000000;0,0000000000;0,0000000000;0,0000000000;0,0000000000;0,0000000000;0,0000000000;0,0000000000;0,0000000000;0,0000000000;0,0000000000;0,0000000000;1;0, 0, 0, 0, 0, 0, 0, 0;0, 0, 0, 0, 0, 0, 0, 0, 0, 0, 0, 0, 0, 0, 0, 0, 0, 0, 0, 0, 0, 0, 0, 0, 0;Europe/Paris;NA
2023-05-01T03:00:00Z;-1;9000003703;hourly;0,0000000000;0,0000000000;0,0000000000;0,0000000000;0,0000000000;0,0000000000;0,0000000000;0,0000000000;0,0000000000;0,0000000000;0,0000000000;0,0000000000;0,0000000000;1;0, 0, 0, 0, 0, 0, 0, 0;0, 0, 0, 0, 0, 0, 0, 0, 0, 0, 0, 0, 0, 0, 0, 0, 0, 0, 0, 0, 0, 0, 0, 0, 0;Europe/Paris;NA
2023-05-01T04:00:00Z;-1;9000003703;hourly;0,1122222222;0,0000000000;0,0000000000;0,0000000000;0,0000000000;0,0000000000;0,0000000000;0,0000000000;0,0000000000;0,0000000000;0,0000000000;0,0000000000;0,0000000000;1;0, 0, 0, 0, 0, 0, 0, 0;0, 0, 0, 0, 0, 0, 0, 0, 0, 0, 0, 0, 0, 0, 0, 0, 0, 0, 0, 0, 0, 0, 0, 0, 0;Europe/Paris;NA
2023-05-01T05:00:00Z;-1;9000003703;hourly;0,5944444444;0,0000000000;2,8737653283;1,6129032258;1,4586709887;0,0000000000;0,0000000000;1,4150943396;1,4586709887;0,0000000000;1,6129032258;1,4586709887;0,0000000000;1;0, 0, 49.2418196329, 50.7581803671, 0, 0, 0, 0;0, 0, 0, 0, 0, 49.2418196329, 50.7581803671, 0, 0, 0, 0, 0, 0, 0, 0, 0, 0, 0, 0, 0, 0, 0, 0, 0, 0;Europe/Paris;31,0
2023-05-01T06:00:00Z;-1;9000003703;hourly;0,6527777778;0,0000000000;15,2723146140;3,0562474056;0,0000000000;0,0000000000;0,0000000000;9,2036199982;6,0686946158;0,0000000000;3,0562474056;0,0000000000;0,0000000000;1;0, 0, 20.1258707276, 79.8741292724, 0, 0, 0, 0;0, 0, 0, 0, 10.3205190335, 9.8053516941, 19.8961331464, 59.977996126, 0, 0, 0, 0, 0, 0, 0, 0, 0, 0, 0, 0, 0, 0, 0, 0, 0;Europe/Paris;36,0
2023-05-01T07:00:00Z;-1;9000003703;hourly;0,5975000000;0,0000000000;15,1768684389;3,3200282874;3,2942436054;0,0000000000;0,0000000000;6,6835711450;8,4932972939;0,0000000000;3,3200282874;1,5929203540;1,7013232514;1;0, 10.4957116839, 23.0464568572, 55.2478558419, 11.209975617, 0, 0, 0;0, 0, 0, 10.4957116839, 11.209975617, 11.8364812403, 44.037880225, 11.209975617, 11.209975617, 0, 0, 0, 0, 0, 0, 0, 0, 0, 0, 0, 0, 0, 0, 0, 0;Europe/Paris;36,0
2023-05-01T08:00:00Z;-1;9000003703;hourly;0,6577777778;0,0000000000;22,8043155751;9,4513608699;6,2020640650;0,0000000000;0,0000000000;13,9328931812;8,8714223939;6,4121362508;3,0392246190;4,6286374915;1,5734265734;1;0, 6.4277221597, 47.7001040757, 45.8721737645, 0, 0, 0, 0;0, 0, 0, 6.4277221597, 27.2998959243, 20.4002081514, 19.0771497434, 26.7950240212, 0, 0, 0, 0, 0, 0, 0, 0, 0, 0, 0, 0, 0, 0, 0, 0, 0;Europe/Paris;34,5
2023-05-01T09:00:00Z;-1;9000003703;hourly;0,6277777778;3,2634169206;26,3990593354;5,9742647059;7,4448529412;1,7928286853;1,4705882353;14,0335407596;12,3655185759;2,9411764706;3,0330882353;7,4448529412;0,0000000000;1;0, 11.489379969, 35.2890716816, 47.2404739923, 5.9810743571, 0, 0, 0;0, 0, 0, 11.489379969, 5.9187714992, 29.3703001824, 29.7700196662, 17.4704543261, 5.9810743571, 0, 0, 0, 0, 0, 0, 0, 0, 0, 0, 0, 0, 0, 0, 0, 0;Europe/Paris;35,0
2023-05-01T10:00:00Z;-1;9000003703;hourly;0,6108333333;3,2258064516;29,8154026853;3,1566425054;0,0000000000;1,6129032258;1,6129032258;8,4516518253;21,3637508600;1,5437392796;1,6129032258;0,0000000000;0,0000000000;1;17.6802569692, 0, 28.1910836038, 38.131740715, 10.5872878482, 5.4096308637, 0, 0;17.6802569692, 0, 0, 0, 5.3331696501, 22.8579139537, 15.9204574983, 22.2112832167, 10.5872878482, 0, 5.4096308637, 0, 0, 0, 0, 0, 0, 0, 0, 0, 0, 0, 0, 0, 0;Europe/Paris;38,0
2023-05-01T11:00:00Z;-1;9000003703;hourly;0,5983333333;6,6030175473;32,1902328418;14,9535330113;6,3766269952;4,8655658099;1,7374517375;25,8136058466;6,3766269952;11,5514711556;3,4020618557;1,5463917526;4,8302352426;1;26.1674313589, 0, 32.7763844911, 31.4483521086, 9.6078320413, 0, 0, 0;21.3635153383, 4.8039160207, 0, 0, 16.3333144703, 16.4430700208, 15.3725312662, 16.0758208424, 9.6078320413, 0, 0, 0, 0, 0, 0, 0, 0, 0, 0, 0, 0, 0, 0, 0, 0;Europe/Paris;36,0
2023-05-01T12:00:00Z;-1;9000003703;hourly;0,5883333333;8,5574960704;29,1010596398;11,8180635891;0,0000000000;8,5574960704;0,0000000000;13,7946239577;15,3064356821;8,3251217483;3,4929418408;0,0000000000;0,0000000000;1;6.1119978052, 5.9935482354, 23.1913878575, 53.2932816329, 11.4097844691, 0, 0, 0;6.1119978052, 0, 5.9935482354, 0, 5.4162362337, 17.7751516237, 23.9898959702, 29.3033856627, 5.9935482354, 5.4162362337, 0, 0, 0, 0, 0, 0, 0, 0, 0, 0, 0, 0, 0, 0, 0;Europe/Paris;37,0
2023-05-01T13:00:00Z;-1;9000003703;hourly;0,6052777778;9,6095028447;8,0710413062;18,4949031587;0,0000000000;9,6095028447;0,0000000000;6,5735371465;1,4975041597;18,4949031587;0,0000000000;0,0000000000;0,0000000000;1;40.72298045, 0, 18.5540391, 40.72298045, 0, 0, 0, 0;40.72298045, 0, 0, 0, 18.5540391, 0, 40.72298045, 0, 0, 0, 0, 0, 0, 0, 0, 0, 0, 0, 0, 0, 0, 0, 0, 0, 0;Europe/Paris;30,5
2023-05-01T14:00:00Z;-1;9000003703;hourly;0,5658333333;9,0019561595;12,3055707574;24,7065266051;0,0000000000;7,2233000330;1,7786561265;5,2876276701;7,0179430873;22,8735327151;1,8329938900;0,0000000000;0,0000000000;1;14.4540725623, 14.8956430072, 57.0306182918, 13.6196661388, 0, 0, 0, 0;14.4540725623, 0, 14.8956430072, 0, 42.1349752847, 14.8956430072, 13.6196661388, 0, 0, 0, 0, 0, 0, 0, 0, 0, 0, 0, 0, 0, 0, 0, 0, 0, 0;Europe/Paris;27,0
2023-05-01T15:00:00Z;-1;9000003703;hourly;0,6022222222;3,6363636364;36,0055062942;26,7307962904;0,0000000000;3,6363636364;0,0000000000;16,9198767334;19,0856295607;24,9307962904;1,8000000000;0,0000000000;0,0000000000;1;12.7099203912, 4.9992353539, 43.7207857946, 33.5708231064, 0, 0, 4.9992353539, 0;12.7099203912, 0, 0, 4.9992353539, 24.3850735263, 19.3357122683, 23.5723523987, 9.9984707078, 0, 0, 0, 0, 0, 4.9992353539, 0, 0, 0, 0, 0, 0, 0, 0, 0, 0, 0;Europe/Paris;32,5
2023-05-01T16:00:00Z;-1;9000003703;hourly;0,5480555556;7,2539104419;19,2179073431;17,9415289336;7,4659332208;7,2539104419;0,0000000000;11,3789766991;7,8389306441;9,3164435705;8,6250853631;1,5706806283;5,8952525925;1;10.247553969, 0, 28.534449712, 40.7897202548, 20.4282760642, 0, 0, 0;10.247553969, 0, 0, 0, 20.3614441905, 8.1730055215, 20.4282760642, 20.3614441905, 20.4282760642, 0, 0, 0, 0, 0, 0, 0, 0, 0, 0, 0, 0, 0, 0, 0, 0;Europe/Paris;39,0
2023-05-01T17:00:00Z;-1;9000003703;hourly;0,5994444444;0,0000000000;26,6676318812;10,3195783093;3,1451930143;0,0000000000;0,0000000000;4,6628995911;22,0047322901;3,4985883087;6,8209900006;0,0000000000;3,1451930143;1;13.3720802103, 0, 35.8840059674, 26.0796519322, 12.4585554002, 0, 6.1028532449, 6.1028532449;13.3720802103, 0, 0, 0, 5.6911936669, 30.1928123006, 20.3884582653, 5.6911936669, 12.4585554002, 0, 0, 0, 0, 6.1028532449, 0, 6.1028532449, 0, 0, 0, 0, 0, 0, 0, 0, 0;Europe/Paris;41,5
2023-05-01T18:00:00Z;-1;9000003703;hourly;0,6263888889;0,0000000000;12,8950796813;3,2822168415;1,6949152542;0,0000000000;0,0000000000;4,9496225362;7,9454571451;1,6949152542;1,5873015873;0,0000000000;1,6949152542;1;0, 0, 62.7266248936, 25.2399160176, 12.0334590889, 0, 0, 0;0, 0, 0, 0, 13.1438912835, 49.58273361, 13.1438912835, 12.096024734, 0, 12.0334590889, 0, 0, 0, 0, 0, 0, 0, 0, 0, 0, 0, 0, 0, 0, 0;Europe/Paris;36,5
2023-05-01T19:00:00Z;-1;9000003703;hourly;0,3008333333;0,0000000000;6,3604240283;0,0000000000;0,0000000000;0,0000000000;0,0000000000;0,0000000000;6,3604240283;0,0000000000;0,0000000000;0,0000000000;0,0000000000;1;0, 0, 50, 50, 0, 0, 0, 0;0, 0, 0, 0, 0, 50, 50, 0, 0, 0, 0, 0, 0, 0, 0, 0, 0, 0, 0, 0, 0, 0, 0, 0, 0;Europe/Paris;31,0
2023-05-01T20:00:00Z;-1;9000003703;hourly;0,0000000000;0,0000000000;0,0000000000;0,0000000000;0,0000000000;0,0000000000;0,0000000000;0,0000000000;0,0000000000;0,0000000000;0,0000000000;0,0000000000;0,0000000000;1;0, 0, 0, 0, 0, 0, 0, 0;0, 0, 0, 0, 0, 0, 0, 0, 0, 0, 0, 0, 0, 0, 0, 0, 0, 0, 0, 0, 0, 0, 0, 0, 0;Europe/Paris;NA
2023-05-02T03:00:00Z;-1;9000003703;hourly;0,0000000000;0,0000000000;0,0000000000;0,0000000000;0,0000000000;0,0000000000;0,0000000000;0,0000000000;0,0000000000;0,0000000000;0,0000000000;0,0000000000;0,0000000000;1;0, 0, 0, 0, 0, 0, 0, 0;0, 0, 0, 0, 0, 0, 0, 0, 0, 0, 0, 0, 0, 0, 0, 0, 0, 0, 0, 0, 0, 0, 0, 0, 0;Europe/Paris;NA
2023-05-02T04:00:00Z;-1;9000003703;hourly;0,1288888889;0,0000000000;17,7324840764;5,7324840764;0,0000000000;0,0000000000;0,0000000000;12,0000000000;5,7324840764;5,7324840764;0,0000000000;0,0000000000;0,0000000000;1;0, 0, 67.6724137931, 0, 32.3275862069, 0, 0, 0;0, 0, 0, 0, 67.6724137931, 0, 0, 0, 0, 32.3275862069, 0, 0, 0, 0, 0, 0, 0, 0, 0, 0, 0, 0, 0, 0, 0;Europe/Paris;45,0
2023-05-02T05:00:00Z;-1;9000003703;hourly;0,5119444444;7,8297274141;77,4010012670;7,7357637830;1,9650655022;5,8646619119;1,9650655022;61,7415464387;15,6594548282;5,8450074805;1,8907563025;1,9650655022;0,0000000000;1;0, 4.9562244809, 19.836234041, 59.9575668908, 12.5332090366, 2.7167655507, 0, 0;0, 0, 2.4174130056, 2.5388114753, 5.255577026, 14.5806570149, 37.4865158985, 22.4710509922, 9.8164434859, 2.7167655507, 2.7167655507, 0, 0, 0, 0, 0, 0, 0, 0, 0, 0, 0, 0, 0, 0;Europe/Paris;37,5
2023-05-02T06:00:00Z;-1;9000003703;hourly;0,6202777778;15,9948979592;134,4814738708;32,1130132801;7,9591836735;4,8214285714;11,1734693878;83,9585513067;50,5229225642;28,9647745326;3,1482387476;6,3520408163;1,6071428571;1;11.8368477745, 8.3923850469, 33.9440420216, 33.8713328269, 7.3458506488, 2.3332248017, 0, 2.2763168797;9.4467150508, 2.3901327237, 2.3332248017, 6.0591602452, 17.5276399737, 16.4164020479, 23.0540989365, 10.8172338903, 3.6690275215, 3.6768231273, 0, 2.3332248017, 0, 0, 1.1381584399, 0, 0, 0, 0, 1.1381584399, 0, 0, 0, 0, 0;Europe/Paris;36,0
2023-05-02T07:00:00Z;-1;9000003703;hourly;0,6458333333;3,2846715328;48,4558641808;4,9270072993;0,0000000000;0,0000000000;3,2846715328;26,5091595598;21,9467046210;4,9270072993;0,0000000000;0,0000000000;0,0000000000;1;12.9305782563, 0, 22.424223263, 48.7703238451, 9.5249247814, 3.1749749271, 3.1749749271, 0;6.5697552002, 6.3608230561, 0, 0, 6.7786873444, 15.6455359186, 35.8818985653, 12.8884252798, 3.1749749271, 6.3499498542, 3.1749749271, 0, 3.1749749271, 0, 0, 0, 0, 0, 0, 0, 0, 0, 0, 0, 0;Europe/Paris;39,0
2023-05-02T08:00:00Z;-1;9000003703;hourly;0,6044444444;12,1402893488;48,3319708636;13,1476175986;5,0561797753;5,4210683889;6,7192209599;19,0954970059;29,2364738578;10,0059136606;3,1417039380;3,3707865169;1,6853932584;1;3.4871188332, 3.4871188332, 25.3052880348, 61.2202139496, 6.5002603492, 0, 0, 0;3.4871188332, 0, 0, 3.4871188332, 10.1278721442, 15.1774158906, 40.6309853059, 20.5892286437, 3.013141516, 3.4871188332, 0, 0, 0, 0, 0, 0, 0, 0, 0, 0, 0, 0, 0, 0, 0;Europe/Paris;35,5
2023-05-02T09:00:00Z;-1;9000003703;hourly;0,6494444444;3,1338452867;47,9336357614;10,6396959746;0,0000000000;1,5901060071;1,5437392796;29,3152163826;18,6184193788;3,0301060071;7,6095899675;0,0000000000;0,0000000000;1;3.0041535075, 3.3290708195, 45.0544760869, 42.2790752591, 0, 3.0041535075, 0, 3.3290708195;3.0041535075, 0, 0, 3.3290708195, 6.008307015, 39.0461690719, 19.5292495145, 22.7498257447, 0, 0, 0, 3.0041535075, 0, 0, 0, 0, 3.3290708195, 0, 0, 0, 0, 0, 0, 0, 0;Europe/Paris;35,5
2023-05-02T10:00:00Z;-1;9000003703;hourly;0,5116666667;19,2208557262;70,0811976649;5,6749163515;0,0000000000;13,5459393748;5,6749163515;24,6834117636;45,3977859013;0,0000000000;5,6749163515;0,0000000000;0,0000000000;1;14.2018161672, 2.6155287739, 26.4538893327, 33.4472467802, 20.4149461157, 0, 0, 2.8665728303;11.5862873933, 2.6155287739, 0, 2.6155287739, 13.2767115986, 13.1771777341, 22.0439836988, 11.4032630815, 17.4283772134, 2.9865689023, 0, 0, 0, 0, 2.8665728303, 0, 0, 0, 0, 0, 0, 0, 0, 0, 0;Europe/Paris;40,0
2023-05-02T11:00:00Z;-1;9000003703;hourly;0,5513888889;16,3008804413;23,6089493312;17,9630321824;12,6760563380;9,0352909779;7,2655894635;10,8170898204;12,7918595108;3,5584380067;14,4045941757;5,4325955734;7,2434607646;1;15.0724115536, 0, 45.911481986, 31.2521273679, 7.7639790925, 0, 0, 0;15.0724115536, 0, 0, 0, 15.434228055, 30.477253931, 15.6729287489, 15.579198619, 7.7639790925, 0, 0, 0, 0, 0, 0, 0, 0, 0, 0, 0, 0, 0, 0, 0, 0;Europe/Paris;35,0
2023-05-02T12:00:00Z;-1;9000003703;hourly;0,5802777778;8,8492731439;43,6227798608;35,9516306899;1,8595041322;3,6072144289;5,2420587151;15,7018305176;27,9209493432;5,3422158243;30,6094148656;0,0000000000;1,8595041322;1;8.3972441884, 4.26269059, 23.6923669209, 60.0281505015, 3.6195477992, 0, 0, 0;4.26269059, 4.1345535983, 0, 4.26269059, 7.6982919611, 15.9940749598, 35.764968345, 24.2631821565, 3.6195477992, 0, 0, 0, 0, 0, 0, 0, 0, 0, 0, 0, 0, 0, 0, 0, 0;Europe/Paris;35,0
2023-05-02T13:00:00Z;-1;9000003703;hourly;0,5927777778;5,1028383381;23,4872840996;12,1522790190;0,0000000000;1,7647058824;3,3381324558;8,4409707939;15,0463133057;6,4140632028;5,7382158161;0,0000000000;0,0000000000;1;14.2125093801, 0, 35.6365102011, 43.4519233173, 0, 6.6990571015, 0, 0;14.2125093801, 0, 0, 0, 15.0269045571, 20.609605644, 22.5403568357, 20.9115664816, 0, 0, 6.6990571015, 0, 0, 0, 0, 0, 0, 0, 0, 0, 0, 0, 0, 0, 0;Europe/Paris;35,5
2023-05-02T14:00:00Z;-1;9000003703;hourly;0,6586111111;12,1660939926;86,7353694991;43,9816812284;16,4949324324;2,9907570423;9,1753369503;27,1966680211;59,5387014780;12,3443510349;31,6373301936;7,6013513514;8,8935810811;1;5.322768213, 27.8458439614, 26.0905429618, 28.1491521245, 12.5916927392, 0, 0, 0;1.8172311315, 3.5055370815, 8.6323850631, 19.2134588983, 13.8236956356, 12.2668473262, 13.9073543299, 14.2417977946, 7.2044619354, 5.3872308038, 0, 0, 0, 0, 0, 0, 0, 0, 0, 0, 0, 0, 0, 0, 0;Europe/Paris;36,5
2023-05-02T15:00:00Z;-1;9000003703;hourly;0,5977777778;14,5701058201;93,2467744078;30,8766897736;3,2950663383;11,1111111111;3,4589947090;27,5508292969;65,6959451109;6,7540610473;24,1226287263;0,0000000000;3,2950663383;1;7.6814436298, 9.1018179456, 28.5588327875, 44.1192012021, 10.538704435, 0, 0, 0;7.6814436298, 0, 5.1298803347, 3.971937611, 8.8151672217, 19.7436655658, 27.8226100629, 16.2965911392, 10.538704435, 0, 0, 0, 0, 0, 0, 0, 0, 0, 0, 0, 0, 0, 0, 0, 0;Europe/Paris;36,0
2023-05-02T16:00:00Z;-1;9000003703;hourly;0,5955555556;4,8150753769;57,6689562983;35,5079963594;8,5525474732;3,0150753769;1,8000000000;12,7780453660;44,8909109323;18,6973985945;16,8105977649;5,0300425808;3,5225048924;1;2.9116262638, 11.0514993529, 33.2090797674, 47.1595974707, 5.6681971453, 0, 0, 0;0, 2.9116262638, 5.8232525275, 5.2282468254, 2.6141234127, 30.5949563547, 27.8257775598, 19.3338199109, 5.6681971453, 0, 0, 0, 0, 0, 0, 0, 0, 0, 0, 0, 0, 0, 0, 0, 0;Europe/Paris;35,0
2023-05-02T17:00:00Z;-1;9000003703;hourly;0,6202777778;3,1478152401;49,9818342863;17,5872338082;7,9786928830;0,0000000000;3,1478152401;16,1657540883;33,8160801981;4,8175740527;12,7696597555;1,5463917526;6,4323011304;1;35.9976287266, 0, 16.4363982942, 38.2842502813, 9.2817226978, 0, 0, 0;32.656897366, 3.3407313606, 0, 0, 3.2739167334, 13.1624815608, 12.8859498475, 25.3983004338, 6.1878151319, 3.0939075659, 0, 0, 0, 0, 0, 0, 0, 0, 0, 0, 0, 0, 0, 0, 0;Europe/Paris;36,5
2023-05-02T18:00:00Z;-1;9000003703;hourly;0,6327777778;6,5799487335;54,2133825866;1,4827018122;0,0000000000;1,5332197615;5,0467289720;22,7457066759;31,4676759107;1,4827018122;0,0000000000;0,0000000000;0,0000000000;1;2.7349369131, 0, 20.1742956984, 54.1024053696, 22.9883620189, 0, 0, 0;2.7349369131, 0, 0, 0, 0, 20.1742956984, 22.4479827949, 31.6544225748, 17.0572383761, 5.9311236428, 0, 0, 0, 0, 0, 0, 0, 0, 0, 0, 0, 0, 0, 0, 0;Europe/Paris;40,0
2023-05-02T19:00:00Z;-1;9000003703;hourly;0,3533333333;0,0000000000;37,7362294028;2,0033388982;0,0000000000;0,0000000000;0,0000000000;6,0544593663;31,6817700365;2,0033388982;0,0000000000;0,0000000000;0,0000000000;1;36.5513557305, 0, 5.3087945719, 16.1619275021, 5.4265664651, 0, 0, 36.5513557305;36.5513557305, 0, 0, 0, 0, 5.3087945719, 5.4265664651, 10.735361037, 5.4265664651, 0, 0, 0, 0, 0, 0, 0, 0, 0, 36.5513557305, 0, 0, 0, 0, 0, 0;Europe/Paris;90,5
2023-05-02T20:00:00Z;-1;9000003703;hourly;0,0000000000;0,0000000000;0,0000000000;0,0000000000;0,0000000000;0,0000000000;0,0000000000;0,0000000000;0,0000000000;0,0000000000;0,0000000000;0,0000000000;0,0000000000;1;0, 0, 0, 0, 0, 0, 0, 0;0, 0, 0, 0, 0, 0, 0, 0, 0, 0, 0, 0, 0, 0, 0, 0, 0, 0, 0, 0, 0, 0, 0, 0, 0;Europe/Paris;NA
2023-05-03T03:00:00Z;-1;9000003703;hourly;0,0000000000;0,0000000000;0,0000000000;0,0000000000;0,0000000000;0,0000000000;0,0000000000;0,0000000000;0,0000000000;0,0000000000;0,0000000000;0,0000000000;0,0000000000;1;0, 0, 0, 0, 0, 0, 0, 0;0, 0, 0, 0, 0, 0, 0, 0, 0, 0, 0, 0, 0, 0, 0, 0, 0, 0, 0, 0, 0, 0, 0, 0, 0;Europe/Paris;NA
2023-05-03T04:00:00Z;-1;9000003703;hourly;0,1563888889;0,0000000000;10,8651911469;0,0000000000;3,6217303823;0,0000000000;0,0000000000;7,2434607646;3,6217303823;0,0000000000;0,0000000000;3,6217303823;0,0000000000;1;0, 33.3333333333, 0, 33.3333333333, 0, 33.3333333333, 0, 0;0, 0, 0, 33.3333333333, 0, 0, 33.3333333333, 0, 0, 0, 33.3333333333, 0, 0, 0, 0, 0, 0, 0, 0, 0, 0, 0, 0, 0, 0;Europe/Paris;50,0
2023-05-03T05:00:00Z;-1;9000003703;hourly;0,5816666667;16,1867847914;50,2631360252;14,6588087304;3,7099430967;9,6806939830;6,5060908084;41,3100300702;8,9531059550;10,0050676201;4,6537411103;3,7099430967;0,0000000000;1;0, 4.2230582437, 39.2026469904, 49.9462013017, 3.1579835896, 3.4701098746, 0, 0;0, 0, 0, 4.2230582437, 7.2734444367, 31.9292025537, 23.6876149548, 26.2585863469, 3.1579835896, 0, 3.4701098746, 0, 0, 0, 0, 0, 0, 0, 0, 0, 0, 0, 0, 0, 0;Europe/Paris;36,0
2023-05-03T06:00:00Z;-1;9000003703;hourly;0,6430555556;12,6315789474;56,4505779068;37,7645143787;6,3157894737;0,0000000000;12,6315789474;36,1411958171;20,3093820897;33,0602278893;4,7042864894;1,5789473684;4,7368421053;1;5.5940875256, 0, 27.8170874855, 50.0178389951, 8.287950856, 0, 2.8019594812, 5.4810756564;2.7970437628, 2.7970437628, 0, 0, 8.3383760014, 19.4787114841, 30.5993840932, 19.4184549019, 8.287950856, 0, 0, 0, 2.8019594812, 0, 2.7970437628, 0, 2.6840318936, 0, 0, 0, 0, 0, 0, 0, 0;Europe/Paris;38,5
2023-05-03T07:00:00Z;-1;9000003703;hourly;0,5980555556;1,6666666667;51,3133242499;1,5358361775;0,0000000000;0,0000000000;1,6666666667;28,7503153232;22,5630089267;1,5358361775;0,0000000000;0,0000000000;0,0000000000;1;2.9727634121, 5.986110625, 21.1251835568, 63.6951597106, 3.2480192835, 2.9727634121, 0, 0;2.9727634121, 0, 2.9930553125, 2.9930553125, 5.9658187245, 15.1593648322, 29.172616936, 34.5225427746, 3.2480192835, 0, 0, 2.9727634121, 0, 0, 0, 0, 0, 0, 0, 0, 0, 0, 0, 0, 0;Europe/Paris;36,0
2023-05-03T08:00:00Z;-1;9000003703;hourly;0,5722222222;10,2571554030;76,8296366640;14,5263157895;3,2843000279;3,2843000279;6,9728553750;33,8702793669;42,9593572971;7,5087719298;7,0175438596;1,6885553471;1,5957446809;1;0, 4.800953782, 24.3198112373, 55.3309241091, 13.3505192115, 0, 0, 2.1977916601;0, 0, 4.800953782, 0, 12.6684308189, 11.6513804184, 33.166189292, 22.1647348171, 8.9549358913, 4.3955833202, 0, 0, 0, 0, 0, 2.1977916601, 0, 0, 0, 0, 0, 0, 0, 0, 0;Europe/Paris;38,0
2023-05-03T09:00:00Z;-1;9000003703;hourly;0,6205555556;4,7798312045;45,1772467481;15,6463436635;0,0000000000;3,2946826896;1,4851485149;12,9876863449;32,1895604032;4,5890020657;11,0573415978;0,0000000000;0,0000000000;1;0, 7.433433611, 21.1603475135, 49.655092183, 21.7511266926, 0, 0, 0;0, 0, 0, 7.433433611, 10.1577727639, 11.0025747495, 17.7318478687, 31.9232443142, 21.7511266926, 0, 0, 0, 0, 0, 0, 0, 0, 0, 0, 0, 0, 0, 0, 0, 0;Europe/Paris;39,0
2023-05-03T10:00:00Z;-1;9000003703;hourly;0,6327777778;18,4567963158;110,9533695316;31,1557804923;0,0000000000;8,1376918382;10,3191044776;43,5969341190;67,3564354126;9,8105542917;21,3452262006;0,0000000000;0,0000000000;1;2.5956850271, 1.2978425136, 29.7069880911, 48.8979092087, 13.6080476189, 3.8935275407, 0, 0;0, 2.5956850271, 1.2978425136, 0, 8.3099135169, 21.3970745742, 24.7093978851, 24.1885113236, 9.7145200782, 3.8935275407, 2.5956850271, 1.2978425136, 0, 0, 0, 0, 0, 0, 0, 0, 0, 0, 0, 0, 0;Europe/Paris;39,0
2023-05-03T11:00:00Z;-1;9000003703;hourly;0,6191666667;7,8842417776;66,6951511154;26,5089567286;1,6216216216;3,2374100719;4,6468317057;26,1091614287;40,5859896867;19,9330474646;6,5759092640;1,6216216216;0,0000000000;1;0, 7.5917126468, 26.7218942718, 45.9611476359, 17.1450859116, 2.580159534, 0, 0;0, 0, 0, 7.5917126468, 4.8627871577, 21.8591071142, 15.0259133183, 30.9352343175, 9.7168282953, 7.4282576163, 0, 2.580159534, 0, 0, 0, 0, 0, 0, 0, 0, 0, 0, 0, 0, 0;Europe/Paris;40,0
2023-05-03T12:00:00Z;-1;9000003703;hourly;0,5858333333;3,3392716434;80,9086004367;20,0609784551;1,5570934256;3,3392716434;0,0000000000;30,0180072431;50,8905931936;6,4778303917;13,5831480633;1,5570934256;0,0000000000;1;1.9245091587, 4.1272146909, 40.9151853279, 48.6421375534, 2.4664441103, 1.9245091587, 0, 0;1.9245091587, 0, 0, 4.1272146909, 10.9946529876, 29.9205323403, 24.186387468, 24.4557500855, 2.4664441103, 0, 0, 1.9245091587, 0, 0, 0, 0, 0, 0, 0, 0, 0, 0, 0, 0, 0;Europe/Paris;35,5
2023-05-03T13:00:00Z;-1;9000003703;hourly;0,5855555556;6,0294486440;94,6811645400;9,1578839222;7,1500126428;4,5731379644;1,4563106796;56,2721350758;38,4090294643;7,4973673171;1,6605166052;1,6605166052;5,4894960376;1;1.7537982483, 6.1647432626, 49.7087273892, 38.4134603445, 1.7537982483, 2.2054725071, 0, 0;1.7537982483, 0, 2.2054725071, 3.9592707554, 18.3104600378, 31.3982673514, 28.8719915482, 9.5414687964, 0, 1.7537982483, 0, 2.2054725071, 0, 0, 0, 0, 0, 0, 0, 0, 0, 0, 0, 0, 0;Europe/Paris;32,0
2023-05-03T14:00:00Z;-1;9000003703;hourly;0,6344444444;9,5483564728;110,6118321309;14,3102612347;3,1578947368;3,2508875392;6,2974689336;47,3269436654;63,2848884655;3,0724501022;11,2378111326;1,5789473684;1,5789473684;1;1.4274669699, 8.7171102229, 41.3356570526, 36.9933004925, 10.0224797302, 1.503985532, 0, 0;1.4274669699, 0, 0, 8.7171102229, 18.6762531884, 22.6594038641, 21.1629710674, 15.8303294252, 8.587460025, 1.4350197051, 1.503985532, 0, 0, 0, 0, 0, 0, 0, 0, 0, 0, 0, 0, 0, 0;Europe/Paris;36,5
2023-05-03T15:00:00Z;-1;9000003703;hourly;0,6102777778;6,6069281825;160,8324061216;24,2796419660;4,8605575168;3,3034640912;3,3034640912;52,4697005484;108,3627055733;9,7211150337;14,5585269323;3,2330710792;1,6274864376;1;2.9919755706, 6.014101294, 45.8433073601, 39.9690747957, 3.0658936515, 2.1156473281, 0, 0;2.9919755706, 0, 3.0221257233, 2.9919755706, 17.3719708702, 28.4713364899, 24.6755828867, 15.293491909, 3.0658936515, 0, 1.0578236641, 1.0578236641, 0, 0, 0, 0, 0, 0, 0, 0, 0, 0, 0, 0, 0;Europe/Paris;34,5
2023-05-03T16:00:00Z;-1;9000003703;hourly;0,6225000000;11,2583577969;89,5888977327;23,9867133973;3,1366596336;6,4181053242;4,8402524727;38,3106862468;51,2782114859;6,3839917523;17,6027216450;1,5437392796;1,5929203540;1;14.1937735432, 3.5560664196, 39.3470468088, 35.7223430778, 7.1807701506, 0, 0, 0;5.2243068411, 8.9694667021, 1.7780332098, 1.7780332098, 17.9007882279, 21.4462585809, 24.9855065076, 10.7368365702, 5.4027369408, 1.7780332098, 0, 0, 0, 0, 0, 0, 0, 0, 0, 0, 0, 0, 0, 0, 0;Europe/Paris;34,0
2023-05-03T17:00:00Z;-1;9000003703;hourly;0,6047222222;6,5228577212;102,1917924033;14,2970211462;1,6981132075;1,6853932584;4,8374644627;38,0009724981;64,1908199052;6,0472672487;8,2497538974;0,0000000000;1,6981132075;1;6.6343223087, 3.3233847212, 36.8350961854, 43.2619368886, 6.6218751749, 1.6616923606, 0, 1.6616923606;4.9726299481, 1.6616923606, 1.6616923606, 1.6616923606, 10.6512778135, 26.1838183719, 27.3709448797, 15.8909920088, 3.3233847212, 3.2984904537, 0, 1.6616923606, 0, 0, 0, 0, 0, 0, 1.6616923606, 0, 0, 0, 0, 0, 0;Europe/Paris;36,0
2023-05-03T18:00:00Z;-1;9000003703;hourly;0,6363888889;0,0000000000;33,5783621577;3,1688185050;3,4285714286;0,0000000000;0,0000000000;13,0885231841;20,4898389736;1,6885553471;1,4802631579;3,4285714286;0,0000000000;1;0, 10.1340293055, 32.436542066, 42.8870152841, 14.5424133444, 0, 0, 0;0, 0, 10.1340293055, 0, 9.4370847813, 22.9994572847, 24.0561259465, 18.8308893375, 9.5137126021, 5.0287007423, 0, 0, 0, 0, 0, 0, 0, 0, 0, 0, 0, 0, 0, 0, 0;Europe/Paris;37,5
2023-05-03T19:00:00Z;-1;9000003703;hourly;0,2200000000;0,0000000000;16,9912622381;0,0000000000;0,0000000000;0,0000000000;0,0000000000;11,1801242236;5,8111380145;0,0000000000;0,0000000000;0,0000000000;0,0000000000;1;0, 0, 39.0334572491, 43.8661710037, 17.1003717472, 0, 0, 0;0, 0, 0, 0, 0, 39.0334572491, 43.8661710037, 0, 17.1003717472, 0, 0, 0, 0, 0, 0, 0, 0, 0, 0, 0, 0, 0, 0, 0, 0;Europe/Paris;38,0
2023-05-03T20:00:00Z;-1;9000003703;hourly;0,0000000000;0,0000000000;0,0000000000;0,0000000000;0,0000000000;0,0000000000;0,0000000000;0,0000000000;0,0000000000;0,0000000000;0,0000000000;0,0000000000;0,0000000000;1;0, 0, 0, 0, 0, 0, 0, 0;0, 0, 0, 0, 0, 0, 0, 0, 0, 0, 0, 0, 0, 0, 0, 0, 0, 0, 0, 0, 0, 0, 0, 0, 0;Europe/Paris;NA
2023-05-04T03:00:00Z;-1;9000003703;hourly;0,0000000000;0,0000000000;0,0000000000;0,0000000000;0,0000000000;0,0000000000;0,0000000000;0,0000000000;0,0000000000;0,0000000000;0,0000000000;0,0000000000;0,0000000000;1;0, 0, 0, 0, 0, 0, 0, 0;0, 0, 0, 0, 0, 0, 0, 0, 0, 0, 0, 0, 0, 0, 0, 0, 0, 0, 0, 0, 0, 0, 0, 0, 0;Europe/Paris;NA
2023-05-04T04:00:00Z;-1;9000003703;hourly;0,1461111111;5,8064516129;8,3333333333;5,8064516129;0,0000000000;0,0000000000;5,8064516129;0,0000000000;8,3333333333;5,8064516129;0,0000000000;0,0000000000;0,0000000000;1;0, 0, 0, 100, 0, 0, 0, 0;0, 0, 0, 0, 0, 0, 100, 0, 0, 0, 0, 0, 0, 0, 0, 0, 0, 0, 0, 0, 0, 0, 0, 0, 0;Europe/Paris;31,5
2023-05-04T05:00:00Z;-1;9000003703;hourly;0,5080555556;8,2811992200;70,0569646200;15,5682143600;0,0000000000;1,6544117647;6,6267874553;52,0959975788;17,9609670412;4,8429307094;10,7252836506;0,0000000000;0,0000000000;1;11.8293632369, 4.5469742561, 30.7172031406, 41.4553362679, 7.088919881, 2.1811016087, 0, 2.1811016087;7.0976179422, 4.7317452948, 0, 4.5469742561, 4.7230472336, 25.9941559071, 22.7218241887, 18.7335120792, 2.3658726474, 4.7230472336, 2.1811016087, 0, 0, 0, 2.1811016087, 0, 0, 0, 0, 0, 0, 0, 0, 0, 0;Europe/Paris;36,5
2023-05-04T06:00:00Z;-1;9000003703;hourly;0,6477777778;15,3219760742;134,5553676856;30,9007910420;2,9934308749;3,1914893617;12,1304867125;79,6398557358;54,9155119498;24,5991873405;6,3016037015;0,0000000000;2,9934308749;1;9.2707927572, 17.3535474336, 31.3680964847, 33.8552836043, 5.9275963602, 2.22468336, 0, 0;8.0848536837, 1.1859390735, 3.5557182132, 13.7978292204, 19.6733446301, 11.6947518546, 19.8428335604, 14.0124500439, 4.7437562939, 1.1838400663, 1.1317591158, 1.0929242442, 0, 0, 0, 0, 0, 0, 0, 0, 0, 0, 0, 0, 0;Europe/Paris;35,0
2023-05-04T07:00:00Z;-1;9000003703;hourly;0,6411111111;10,3525602541;34,9222751623;6,1978632104;4,8524472169;5,9243739903;4,4281862638;17,4329349743;17,4893401880;1,5625000000;4,6353632104;3,1250000000;1,7274472169;1;19.192941725, 0, 22.7225100606, 49.5678400296, 8.5167081847, 0, 0, 0;19.192941725, 0, 0, 0, 9.2998450761, 13.4226649845, 31.6709533836, 17.896886646, 8.5167081847, 0, 0, 0, 0, 0, 0, 0, 0, 0, 0, 0, 0, 0, 0, 0, 0;Europe/Paris;35,5
2023-05-04T08:00:00Z;-1;9000003703;hourly;0,5794444444;10,6285714286;20,9379682404;0,0000000000;0,0000000000;0,0000000000;10,6285714286;6,8540339541;14,0839342863;0,0000000000;0,0000000000;0,0000000000;0,0000000000;1;16.4838159422, 8.5968226684, 41.7750363998, 33.1443249895, 0, 0, 0, 0;16.4838159422, 0, 8.5968226684, 0, 24.990763571, 16.7842728288, 16.6605090473, 16.4838159422, 0, 0, 0, 0, 0, 0, 0, 0, 0, 0, 0, 0, 0, 0, 0, 0, 0;Europe/Paris;33,0
2023-05-04T09:00:00Z;-1;9000003703;hourly;0,5636111111;28,6370476115;16,7397246068;3,8348656294;6,2997078396;3,1195840555;25,5174635560;4,9638463505;11,7758782563;1,6071428571;2,2277227723;6,2997078396;0,0000000000;1;0, 20.618052168, 18.9186797229, 28.2365870623, 18.9186797229, 0, 13.3080013238, 0;0, 0, 0, 20.618052168, 0, 18.9186797229, 18.9186797229, 9.3179073394, 9.3179073394, 9.6007723836, 0, 0, 0, 13.3080013238, 0, 0, 0, 0, 0, 0, 0, 0, 0, 0, 0;Europe/Paris;46,5
2023-05-04T10:00:00Z;-1;9000003703;hourly;0,5466666667;20,3378215892;37,8624659354;16,7736103332;3,6475100191;1,8145161290;18,5233054602;8,9983719241;28,8640940113;9,4416347731;7,3319755601;1,8145161290;1,8329938900;1;9.8772582785, 0, 4.7923876171, 61.6868103945, 23.6435437099, 0, 0, 0;5.0360683434, 4.841189935, 0, 0, 0, 4.7923876171, 28.5084108376, 33.1783995569, 18.9735549907, 4.6699887193, 0, 0, 0, 0, 0, 0, 0, 0, 0, 0, 0, 0, 0, 0, 0;Europe/Paris;40,0
2023-05-04T11:00:00Z;-1;9000003703;hourly;0,5155555556;21,5446593674;40,9107881671;13,4387708158;0,0000000000;7,1860625010;14,3585968664;22,9298175597;17,9809706074;7,6786298539;5,7601409619;0,0000000000;0,0000000000;1;14.7315820148, 19.7139325986, 9.2630597767, 38.1242220178, 18.1672035921, 0, 0, 0;4.5736148212, 10.1579671935, 15.3834036045, 4.3305289941, 0, 9.2630597767, 28.5682566127, 9.5559654051, 18.1672035921, 0, 0, 0, 0, 0, 0, 0, 0, 0, 0, 0, 0, 0, 0, 0, 0;Europe/Paris;38,5
2023-05-04T12:00:00Z;-1;9000003703;hourly;0,5372222222;13,2824847581;23,7305048731;12,0620430238;0,0000000000;5,1023950017;8,1800897563;11,4603702386;12,2701346345;1,7441860465;10,3178569772;0,0000000000;0,0000000000;1;18.0170395222, 9.0085197611, 32.8122331302, 31.93533813, 8.2268694564, 0, 0, 0;18.0170395222, 0, 9.0085197611, 0, 7.3499744562, 25.462258674, 8.2268694564, 23.7084686736, 0, 8.2268694564, 0, 0, 0, 0, 0, 0, 0, 0, 0, 0, 0, 0, 0, 0, 0;Europe/Paris;36,0
2023-05-04T13:00:00Z;-1;9000003703;hourly;0,5180555556;25,0382353373;32,2068379394;24,9200049928;0,0000000000;5,8381670534;19,2000682839;11,3212025316;20,8856354078;3,7500000000;21,1700049928;0,0000000000;0,0000000000;1;17.4652352105, 11.7171831159, 41.4877773959, 23.5080592074, 5.8217450702, 0, 0, 0;5.8217450702, 11.6434901404, 5.8954380458, 5.8217450702, 29.1824183265, 12.3053590695, 23.5080592074, 0, 0, 5.8217450702, 0, 0, 0, 0, 0, 0, 0, 0, 0, 0, 0, 0, 0, 0, 0;Europe/Paris;30,5
2023-05-04T14:00:00Z;-1;9000003703;hourly;0,5025000000;10,0455388767;38,3134839858;44,3803106880;0,0000000000;1,8595041322;8,1860347445;14,0032409373;24,3102430485;13,9029594454;30,4773512426;0,0000000000;0,0000000000;1;26.1621968503, 26.6331342679, 15.5066471833, 21.3088033742, 10.3892183243, 0, 0, 0;20.8355699967, 5.3266268536, 15.9798805608, 10.6532537072, 10.1800203297, 5.3266268536, 10.6532537072, 10.655549667, 5.0625914708, 5.3266268536, 0, 0, 0, 0, 0, 0, 0, 0, 0, 0, 0, 0, 0, 0, 0;Europe/Paris;35,5
2023-05-04T15:00:00Z;-1;9000003703;hourly;0,5369444444;26,4250764692;75,5040308799;47,1706975466;5,5960694887;9,2616033755;17,1634730936;26,3820123950;49,1220184849;13,5980722497;33,5726252969;3,9294028220;1,6666666667;1;7.6619391808, 7.5442363345, 28.7578593013, 49.4138021787, 6.6221630047, 0, 0, 0;2.7465192185, 4.9154199623, 0, 7.5442363345, 11.959011671, 16.7988476304, 26.7822454068, 22.6315567719, 6.6221630047, 0, 0, 0, 0, 0, 0, 0, 0, 0, 0, 0, 0, 0, 0, 0, 0;Europe/Paris;35,5
2023-05-04T16:00:00Z;-1;9000003703;hourly;0,5750000000;5,3825562483;88,2476470287;33,0662103295;7,0369680130;3,7281444836;1,6544117647;18,6510640528;69,5965829760;7,4562889672;25,6099213623;1,6544117647;5,3825562483;1;10.7620224026, 3.7983509137, 27.1971332563, 47.4433140645, 10.7991793628, 0, 0, 0;6.5373834359, 4.2246389667, 1.8991754569, 1.8991754569, 4.2246389667, 22.9724942896, 31.9712500354, 15.4720640291, 8.4492779335, 2.3499014293, 0, 0, 0, 0, 0, 0, 0, 0, 0, 0, 0, 0, 0, 0, 0;Europe/Paris;36,0
2023-05-04T17:00:00Z;-1;9000003703;hourly;0,5455555556;1,9230769231;99,1483452434;24,2130559387;0,0000000000;1,9230769231;0,0000000000;29,6399464410;69,5083988024;9,1665376877;15,0465182511;0,0000000000;0,0000000000;1;36.0011986654, 3.7063105457, 17.1703040162, 30.5196473939, 10.4915376765, 2.1110017022, 0, 0;27.5571918565, 8.4440068089, 2.1110017022, 1.5953088435, 1.8264199838, 15.3438840323, 17.2834796134, 13.2361677805, 8.6651176927, 1.8264199838, 2.1110017022, 0, 0, 0, 0, 0, 0, 0, 0, 0, 0, 0, 0, 0, 0;Europe/Paris;36,5
2023-05-04T18:00:00Z;-1;9000003703;hourly;0,5661111111;5,4545454545;53,3037407882;7,0276131635;5,2800403480;5,4545454545;0,0000000000;23,0133219094;30,2904188787;7,0276131635;0,0000000000;3,5324675325;1,7475728155;1;0, 0, 20.1467201745, 56.108860508, 23.7444193174, 0, 0, 0;0, 0, 0, 0, 10.1004852048, 10.0462349697, 30.0522920348, 26.0565684732, 20.3334357893, 3.4109835282, 0, 0, 0, 0, 0, 0, 0, 0, 0, 0, 0, 0, 0, 0, 0;Europe/Paris;39,5
2023-05-04T19:00:00Z;-1;9000003703;hourly;0,2922222222;2,8776978417;27,8383608669;2,8776978417;0,0000000000;0,0000000000;2,8776978417;13,4498716583;14,3884892086;2,8776978417;0,0000000000;0,0000000000;0,0000000000;1;10.33716696, 0, 0, 70.4743342068, 8.8513318733, 0, 10.33716696, 0;10.33716696, 0, 0, 0, 0, 0, 70.4743342068, 0, 0, 8.8513318733, 0, 0, 0, 10.33716696, 0, 0, 0, 0, 0, 0, 0, 0, 0, 0, 0;Europe/Paris;45,0
2023-05-04T20:00:00Z;-1;9000003703;hourly;0,0000000000;0,0000000000;0,0000000000;0,0000000000;0,0000000000;0,0000000000;0,0000000000;0,0000000000;0,0000000000;0,0000000000;0,0000000000;0,0000000000;0,0000000000;1;0, 0, 0, 0, 0, 0, 0, 0;0, 0, 0, 0, 0, 0, 0, 0, 0, 0, 0, 0, 0, 0, 0, 0, 0, 0, 0, 0, 0, 0, 0, 0, 0;Europe/Paris;NA
2023-05-05T03:00:00Z;-1;9000003703;hourly;0,0000000000;0,0000000000;0,0000000000;0,0000000000;0,0000000000;0,0000000000;0,0000000000;0,0000000000;0,0000000000;0,0000000000;0,0000000000;0,0000000000;0,0000000000;1;0, 0, 0, 0, 0, 0, 0, 0;0, 0, 0, 0, 0, 0, 0, 0, 0, 0, 0, 0, 0, 0, 0, 0, 0, 0, 0, 0, 0, 0, 0, 0, 0;Europe/Paris;NA
2023-05-05T04:00:00Z;-1;9000003703;hourly;0,1138888889;0,0000000000;44,6712505372;10,0558659218;0,0000000000;0,0000000000;0,0000000000;10,0558659218;34,6153846154;5,0279329609;5,0279329609;0,0000000000;0,0000000000;1;0, 11.2554112554, 0, 88.7445887446, 0, 0, 0, 0;0, 0, 11.2554112554, 0, 0, 0, 11.2554112554, 77.4891774892, 0, 0, 0, 0, 0, 0, 0, 0, 0, 0, 0, 0, 0, 0, 0, 0, 0;Europe/Paris;36,5
2023-05-05T05:00:00Z;-1;9000003703;hourly;0,6266666667;11,1298250501;60,8544960277;6,8880354134;3,3655305211;7,7951460304;3,3346790196;43,9624235555;16,8920724722;3,3655305211;3,5225048924;1,6042780749;1,7612524462;1;0, 5.4797578442, 41.184911361, 35.7434161486, 10.1732301797, 5.0021198226, 2.416564644, 0;0, 0, 0, 5.4797578442, 8.3739605098, 32.8109508512, 19.1644856636, 16.578930485, 10.1732301797, 0, 5.0021198226, 0, 0, 2.416564644, 0, 0, 0, 0, 0, 0, 0, 0, 0, 0, 0;Europe/Paris;39,0
2023-05-05T06:00:00Z;-1;9000003703;hourly;0,1261111111;55,5066079295;63,4361233480;79,2951541850;23,7885462555;0,0000000000;55,5066079295;47,5770925110;15,8590308370;63,4361233480;15,8590308370;23,7885462555;0,0000000000;1;12.5, 0, 62.5, 25, 0, 0, 0, 0;12.5, 0, 0, 0, 12.5, 50, 12.5, 12.5, 0, 0, 0, 0, 0, 0, 0, 0, 0, 0, 0, 0, 0, 0, 0, 0, 0;Europe/Paris;31,5
2023-05-05T07:00:00Z;-1;9000003703;hourly;0,0000000000;0,0000000000;0,0000000000;0,0000000000;0,0000000000;0,0000000000;0,0000000000;0,0000000000;0,0000000000;0,0000000000;0,0000000000;0,0000000000;0,0000000000;1;0, 0, 0, 0, 0, 0, 0, 0;0, 0, 0, 0, 0, 0, 0, 0, 0, 0, 0, 0, 0, 0, 0, 0, 0, 0, 0, 0, 0, 0, 0, 0, 0;Europe/Paris;NA
2023-05-05T08:00:00Z;-1;9000003703;hourly;0,0000000000;0,0000000000;0,0000000000;0,0000000000;0,0000000000;0,0000000000;0,0000000000;0,0000000000;0,0000000000;0,0000000000;0,0000000000;0,0000000000;0,0000000000;1;0, 0, 0, 0, 0, 0, 0, 0;0, 0, 0, 0, 0, 0, 0, 0, 0, 0, 0, 0, 0, 0, 0, 0, 0, 0, 0, 0, 0, 0, 0, 0, 0;Europe/Paris;NA
2023-05-05T09:00:00Z;-1;9000003703;hourly;0,0000000000;0,0000000000;0,0000000000;0,0000000000;0,0000000000;0,0000000000;0,0000000000;0,0000000000;0,0000000000;0,0000000000;0,0000000000;0,0000000000;0,0000000000;1;0, 0, 0, 0, 0, 0, 0, 0;0, 0, 0, 0, 0, 0, 0, 0, 0, 0, 0, 0, 0, 0, 0, 0, 0, 0, 0, 0, 0, 0, 0, 0, 0;Europe/Paris;NA
2023-05-05T10:00:00Z;-1;9000003703;hourly;0,0000000000;0,0000000000;0,0000000000;0,0000000000;0,0000000000;0,0000000000;0,0000000000;0,0000000000;0,0000000000;0,0000000000;0,0000000000;0,0000000000;0,0000000000;1;0, 0, 0, 0, 0, 0, 0, 0;0, 0, 0, 0, 0, 0, 0, 0, 0, 0, 0, 0, 0, 0, 0, 0, 0, 0, 0, 0, 0, 0, 0, 0, 0;Europe/Paris;NA
2023-05-05T11:00:00Z;-1;9000003703;hourly;0,0000000000;0,0000000000;0,0000000000;0,0000000000;0,0000000000;0,0000000000;0,0000000000;0,0000000000;0,0000000000;0,0000000000;0,0000000000;0,0000000000;0,0000000000;1;0, 0, 0, 0, 0, 0, 0, 0;0, 0, 0, 0, 0, 0, 0, 0, 0, 0, 0, 0, 0, 0, 0, 0, 0, 0, 0, 0, 0, 0, 0, 0, 0;Europe/Paris;NA
2023-05-05T12:00:00Z;-1;9000003703;hourly;0,0000000000;0,0000000000;0,0000000000;0,0000000000;0,0000000000;0,0000000000;0,0000000000;0,0000000000;0,0000000000;0,0000000000;0,0000000000;0,0000000000;0,0000000000;1;0, 0, 0, 0, 0, 0, 0, 0;0, 0, 0, 0, 0, 0, 0, 0, 0, 0, 0, 0, 0, 0, 0, 0, 0, 0, 0, 0, 0, 0, 0, 0, 0;Europe/Paris;NA
2023-05-05T13:00:00Z;-1;9000003703;hourly;0,0000000000;0,0000000000;0,0000000000;0,0000000000;0,0000000000;0,0000000000;0,0000000000;0,0000000000;0,0000000000;0,0000000000;0,0000000000;0,0000000000;0,0000000000;1;0, 0, 0, 0, 0, 0, 0, 0;0, 0, 0, 0, 0, 0, 0, 0, 0, 0, 0, 0, 0, 0, 0, 0, 0, 0, 0, 0, 0, 0, 0, 0, 0;Europe/Paris;NA
2023-05-05T14:00:00Z;-1;9000003703;hourly;0,0000000000;0,0000000000;0,0000000000;0,0000000000;0,0000000000;0,0000000000;0,0000000000;0,0000000000;0,0000000000;0,0000000000;0,0000000000;0,0000000000;0,0000000000;1;0, 0, 0, 0, 0, 0, 0, 0;0, 0, 0, 0, 0, 0, 0, 0, 0, 0, 0, 0, 0, 0, 0, 0, 0, 0, 0, 0, 0, 0, 0, 0, 0;Europe/Paris;NA
2023-05-05T15:00:00Z;-1;9000003703;hourly;0,5269444444;11,7114138240;116,8730852946;15,0890059700;1,7408123791;6,7781294077;4,9332844163;41,4322019971;75,4408832975;3,3921885259;11,6968174441;0,0000000000;1,7408123791;1;4.4684686163, 4.5574819354, 35.5502978233, 41.4419618073, 13.9817898177, 0, 0, 0;4.4684686163, 0, 0, 4.5574819354, 6.0469714742, 29.5033263492, 23.8083513723, 17.633610435, 12.5688245121, 1.4129653056, 0, 0, 0, 0, 0, 0, 0, 0, 0, 0, 0, 0, 0, 0, 0;Europe/Paris;37,0
2023-05-05T16:00:00Z;-1;9000003703;hourly;0,5861111111;8,2705755783;74,0667995747;23,4790090781;3,5242508261;3,3485745024;4,9220010758;18,8693730884;55,1974264863;13,5960193653;9,8829897128;1,5929203540;1,9313304721;1;16.2584135423, 11.3772407742, 27.846521458, 32.56956311, 9.5515760431, 2.3966850724, 0, 0;13.8617284699, 2.3966850724, 4.2486689919, 7.1285717823, 9.4637734198, 18.3827480382, 21.1660031473, 11.4035599627, 6.9440238292, 2.6075522139, 2.3966850724, 0, 0, 0, 0, 0, 0, 0, 0, 0, 0, 0, 0, 0, 0;Europe/Paris;36,0
2023-05-05T17:00:00Z;-1;9000003703;hourly;0,5927777778;0,0000000000;49,6561510490;20,1525877605;1,7892644135;0,0000000000;0,0000000000;27,5060534862;22,1500975628;6,7951305602;13,3574572003;0,0000000000;1,7892644135;1;10.0316023498, 3.6033087054, 24.2104211776, 44.3725402339, 14.4132348216, 0, 3.3688927116, 0;6.4777508227, 3.5538515271, 3.6033087054, 0, 3.6033087054, 20.6071124722, 34.1065218902, 10.2660183437, 7.2066174108, 7.2066174108, 0, 0, 3.3688927116, 0, 0, 0, 0, 0, 0, 0, 0, 0, 0, 0, 0;Europe/Paris;39,5
2023-05-05T18:00:00Z;-1;9000003703;hourly;0,6586111111;3,0597012779;41,6807381315;3,2667876588;2,9556650246;0,0000000000;3,0597012779;14,2562270751;27,4245110563;1,6333938294;1,6333938294;0,0000000000;2,9556650246;1;3.5456006265, 0, 26.2421320804, 44.3970179573, 22.2696487093, 3.5456006265, 0, 0;3.5456006265, 0, 0, 0, 0, 26.2421320804, 30.0886311435, 14.3083868138, 18.7240480828, 3.5456006265, 0, 3.5456006265, 0, 0, 0, 0, 0, 0, 0, 0, 0, 0, 0, 0, 0;Europe/Paris;40,5
2023-05-05T19:00:00Z;-1;9000003703;hourly;0,3386111111;0,0000000000;38,4889551041;0,0000000000;4,6679368536;0,0000000000;0,0000000000;24,4851445434;14,0038105607;0,0000000000;0,0000000000;4,6679368536;0,0000000000;1;0, 0, 34.7604549718, 59.0164361536, 6.2231088746, 0, 0, 0;0, 0, 0, 0, 12.1279905909, 22.6324643809, 40.9835638464, 18.0328723072, 0, 6.2231088746, 0, 0, 0, 0, 0, 0, 0, 0, 0, 0, 0, 0, 0, 0, 0;Europe/Paris;35,0
2023-05-05T20:00:00Z;-1;9000003703;hourly;0,0000000000;0,0000000000;0,0000000000;0,0000000000;0,0000000000;0,0000000000;0,0000000000;0,0000000000;0,0000000000;0,0000000000;0,0000000000;0,0000000000;0,0000000000;1;0, 0, 0, 0, 0, 0, 0, 0;0, 0, 0, 0, 0, 0, 0, 0, 0, 0, 0, 0, 0, 0, 0, 0, 0, 0, 0, 0, 0, 0, 0, 0, 0;Europe/Paris;NA
2023-05-06T03:00:00Z;-1;9000003703;hourly;0,0000000000;0,0000000000;0,0000000000;0,0000000000;0,0000000000;0,0000000000;0,0000000000;0,0000000000;0,0000000000;0,0000000000;0,0000000000;0,0000000000;0,0000000000;1;0, 0, 0, 0, 0, 0, 0, 0;0, 0, 0, 0, 0, 0, 0, 0, 0, 0, 0, 0, 0, 0, 0, 0, 0, 0, 0, 0, 0, 0, 0, 0, 0;Europe/Paris;NA
2023-05-06T04:00:00Z;-1;9000003703;hourly;0,0819444444;0,0000000000;12,2033898305;0,0000000000;0,0000000000;0,0000000000;0,0000000000;0,0000000000;12,2033898305;0,0000000000;0,0000000000;0,0000000000;0,0000000000;1;0, 0, 0, 0, 100, 0, 0, 0;0, 0, 0, 0, 0, 0, 0, 0, 100, 0, 0, 0, 0, 0, 0, 0, 0, 0, 0, 0, 0, 0, 0, 0, 0;Europe/Paris;41,5
2023-05-06T05:00:00Z;-1;9000003703;hourly;0,6513888889;1,5100671141;12,2473556058;1,5734265734;1,5100671141;0,0000000000;1,5100671141;9,1638619183;3,0834936875;1,5734265734;0,0000000000;1,5100671141;0,0000000000;1;0, 0, 12.7800436411, 62.0431444269, 12.847071842, 0, 12.32974009, 0;0, 0, 0, 0, 0, 12.7800436411, 49.1960725849, 12.847071842, 12.847071842, 0, 0, 0, 0, 12.32974009, 0, 0, 0, 0, 0, 0, 0, 0, 0, 0, 0;Europe/Paris;41,5
2023-05-06T06:00:00Z;-1;9000003703;hourly;0,5883333333;1,5789473684;21,7228098000;5,1398199933;3,4032424086;0,0000000000;1,5789473684;11,7459905922;9,9768192078;5,1398199933;0,0000000000;1,6791044776;1,7241379310;1;8.4553274221, 0, 0, 67.2153588077, 24.3293137702, 0, 0, 0;0, 8.4553274221, 0, 0, 0, 0, 30.2039064278, 37.0114523799, 16.3923205961, 7.936993174, 0, 0, 0, 0, 0, 0, 0, 0, 0, 0, 0, 0, 0, 0, 0;Europe/Paris;40,5
2023-05-06T07:00:00Z;-1;9000003703;hourly;0,6327777778;1,5929203540;64,4086587606;8,4228574389;3,3550821097;1,5929203540;0,0000000000;27,1302295957;37,2784291648;3,3550821097;5,0677753293;0,0000000000;3,3550821097;1;0, 2.8285984885, 34.0087193004, 46.8225932661, 16.3400889449, 0, 0, 0;0, 0, 0, 2.8285984885, 14.2223948553, 19.7863244452, 24.470432211, 22.3521610551, 9.4450197023, 6.8950692427, 0, 0, 0, 0, 0, 0, 0, 0, 0, 0, 0, 0, 0, 0, 0;Europe/Paris;38,0
2023-05-06T08:00:00Z;-1;9000003703;hourly;0,6136111111;3,2447429907;101,0275570232;8,1184753430;17,4665311977;1,6822429907;1,5625000000;52,3838289885;48,6437280347;6,5559753430;1,5625000000;3,2811379393;14,1853932584;1;1.5466077237, 6.5451243548, 39.053661743, 44.6474672484, 6.5420061285, 0, 0, 1.6651328016;0, 1.5466077237, 3.2148587515, 3.3302656032, 16.3678023294, 22.6858594136, 33.4823251585, 11.1651420899, 4.8768733269, 1.6651328016, 0, 0, 0, 0, 0, 0, 1.6651328016, 0, 0, 0, 0, 0, 0, 0, 0;Europe/Paris;34,5
2023-05-06T09:00:00Z;-1;9000003703;hourly;0,5744444444;1,9480519481;83,1675190285;6,7208887060;1,6759776536;1,9480519481;0,0000000000;41,3986561241;41,7688629044;5,0449110523;1,6759776536;1,6759776536;0,0000000000;1;8.1607217461, 0, 22.625804723, 62.8203702991, 6.3931032317, 0, 0, 0;8.1607217461, 0, 0, 0, 14.1675235565, 8.4582811665, 35.8574739418, 26.9628963573, 4.3279252969, 2.0651779348, 0, 0, 0, 0, 0, 0, 0, 0, 0, 0, 0, 0, 0, 0, 0;Europe/Paris;36,0
2023-05-06T10:00:00Z;-1;9000003703;hourly;0,5888888889;4,9423690076;102,9517963094;3,0616583983;1,5490533563;0,0000000000;4,9423690076;56,5295337133;46,4222625961;1,5490533563;1,5126050420;1,5490533563;0,0000000000;1;12.433641757, 5.3388303792, 32.0487785842, 45.2877781753, 4.8909711043, 0, 0, 0;10.642257477, 1.79138428, 3.8341909151, 1.5046394641, 10.7838177832, 21.2649608011, 36.0085998562, 9.2791783191, 4.8909711043, 0, 0, 0, 0, 0, 0, 0, 0, 0, 0, 0, 0, 0, 0, 0, 0;Europe/Paris;32,5
2023-05-06T11:00:00Z;-1;9000003703;hourly;0,6347222222;1,5985790409;78,4169620486;3,0560271647;0,0000000000;1,5985790409;0,0000000000;31,2690291189;47,1479329296;1,5280135823;1,5280135823;0,0000000000;0,0000000000;1;5.8358180002, 3.9871381669, 30.2207577607, 45.8878288942, 12.1231845112, 1.9452726667, 0, 0;3.8905453335, 1.9452726667, 0, 3.9871381669, 8.1211440381, 22.0996137227, 31.8944569033, 13.9933719909, 8.1360463443, 3.9871381669, 0, 1.9452726667, 0, 0, 0, 0, 0, 0, 0, 0, 0, 0, 0, 0, 0;Europe/Paris;37,0
2023-05-06T12:00:00Z;-1;9000003703;hourly;0,6058333333;1,6728624535;57,8559103981;8,3262957548;0,0000000000;1,6728624535;0,0000000000;27,6665663252;30,1893440728;6,7610783635;1,5652173913;0,0000000000;0,0000000000;1;0, 2.7053716388, 10.8256699891, 66.20372889, 17.3738006859, 2.8914287962, 0, 0;0, 0, 0, 2.7053716388, 0, 10.8256699891, 38.2812522341, 27.9224766559, 14.4823718897, 2.8914287962, 2.8914287962, 0, 0, 0, 0, 0, 0, 0, 0, 0, 0, 0, 0, 0, 0;Europe/Paris;39,5
2023-05-06T13:00:00Z;-1;9000003703;hourly;0,5938888889;1,7110266160;68,1320056610;8,6145885017;1,5706806283;1,7110266160;0,0000000000;29,0998878393;39,0321178218;3,4220532319;5,1925352697;0,0000000000;1,5706806283;1;4.6106983437, 4.6309919104, 34.8167903526, 41.2651656923, 12.1650132533, 0, 2.5113404477, 0;4.6106983437, 0, 0, 4.6309919104, 7.8272776585, 26.9895126941, 30.0467786395, 11.2183870528, 9.6536728057, 2.5113404477, 0, 0, 0, 2.5113404477, 0, 0, 0, 0, 0, 0, 0, 0, 0, 0, 0;Europe/Paris;37,5
2023-05-06T14:00:00Z;-1;9000003703;hourly;0,6133333333;3,4047026517;77,6791391699;6,9054205931;0,0000000000;0,0000000000;3,4047026517;31,3661937569;46,3129454130;6,9054205931;0,0000000000;0,0000000000;0,0000000000;1;11.2268626117, 8.2770594941, 29.0763852704, 38.7305191754, 8.4138515977, 2.1376609253, 2.1376609253, 0;11.2268626117, 0, 1.8931572247, 6.3839022694, 6.1843724652, 22.8920128052, 30.0403770975, 8.6901420779, 4.2753218507, 4.1385297471, 2.1376609253, 0, 0, 2.1376609253, 0, 0, 0, 0, 0, 0, 0, 0, 0, 0, 0;Europe/Paris;36,0
2023-05-06T15:00:00Z;-1;9000003703;hourly;0,5977777778;16,2962076583;48,4393336114;19,0428467163;1,5463917526;5,3035714286;10,9926362297;16,8857670703;31,5535665411;5,1428571429;13,8999895734;1,5463917526;0,0000000000;1;13.2123815426, 10.2556809411, 30.7382463793, 31.5563115771, 7.159306488, 0, 3.539036536, 3.539036536;13.2123815426, 0, 0, 10.2556809411, 6.7314664009, 24.0067799784, 21.5363598994, 10.0199516777, 7.159306488, 0, 0, 0, 3.539036536, 0, 3.539036536, 0, 0, 0, 0, 0, 0, 0, 0, 0, 0;Europe/Paris;37,0
2023-05-06T16:00:00Z;-1;9000003703;hourly;0,6050000000;5,2808418917;36,1101598058;11,2002239226;1,6666666667;3,7656903766;1,5151515152;8,0286968626;28,0814629432;6,2121212121;4,9881027105;0,0000000000;1,6666666667;1;0, 0, 45.9100951275, 36.0474715236, 13.4269271434, 0, 0, 4.6155062055;0, 0, 0, 0, 23.6761950125, 22.2339001151, 31.431965318, 4.6155062055, 8.8114209378, 4.6155062055, 0, 0, 0, 0, 0, 0, 0, 0, 0, 0, 0, 0, 0, 0, 4.6155062055;Europe/Paris;39,0
2023-05-06T17:00:00Z;-1;9000003703;hourly;0,5805555556;1,6917293233;42,8856688390;0,0000000000;0,0000000000;0,0000000000;1,6917293233;20,6610319769;22,2246368621;0,0000000000;0,0000000000;0,0000000000;0,0000000000;1;8.0099357124, 3.9153043967, 20.5316732418, 51.8229923044, 15.7200943447, 0, 0, 0;4.0049678562, 4.0049678562, 3.9153043967, 0, 8.4281251271, 12.1035481148, 16.079077592, 35.7439147124, 15.7200943447, 0, 0, 0, 0, 0, 0, 0, 0, 0, 0, 0, 0, 0, 0, 0, 0;Europe/Paris;37,5
2023-05-06T18:00:00Z;-1;9000003703;hourly;0,4713888889;1,5789473684;35,8309632951;0,0000000000;0,0000000000;0,0000000000;1,5789473684;18,1905176164;17,6404456787;0,0000000000;0,0000000000;0,0000000000;0,0000000000;1;4.406656208, 0, 16.8618332586, 46.7377297176, 8.5583818915, 4.406656208, 19.0287427163, 0;4.406656208, 0, 0, 0, 4.1517256835, 12.7101075751, 14.9988794263, 31.7388502913, 4.1517256835, 4.406656208, 4.406656208, 0, 19.0287427163, 0, 0, 0, 0, 0, 0, 0, 0, 0, 0, 0, 0;Europe/Paris;58,5
2023-05-06T19:00:00Z;-1;9000003703;hourly;0,2000000000;0,0000000000;5,9850374065;0,0000000000;0,0000000000;0,0000000000;0,0000000000;2,9925187032;2,9925187032;0,0000000000;0,0000000000;0,0000000000;0,0000000000;1;0, 0, 0, 50, 50, 0, 0, 0;0, 0, 0, 0, 0, 0, 50, 0, 50, 0, 0, 0, 0, 0, 0, 0, 0, 0, 0, 0, 0, 0, 0, 0, 0;Europe/Paris;41,0
2023-05-06T20:00:00Z;-1;9000003703;hourly;0,0000000000;0,0000000000;0,0000000000;0,0000000000;0,0000000000;0,0000000000;0,0000000000;0,0000000000;0,0000000000;0,0000000000;0,0000000000;0,0000000000;0,0000000000;1;0, 0, 0, 0, 0, 0, 0, 0;0, 0, 0, 0, 0, 0, 0, 0, 0, 0, 0, 0, 0, 0, 0, 0, 0, 0, 0, 0, 0, 0, 0, 0, 0;Europe/Paris;NA
2023-05-07T03:00:00Z;-1;9000003703;hourly;0,0000000000;0,0000000000;0,0000000000;0,0000000000;0,0000000000;0,0000000000;0,0000000000;0,0000000000;0,0000000000;0,0000000000;0,0000000000;0,0000000000;0,0000000000;1;0, 0, 0, 0, 0, 0, 0, 0;0, 0, 0, 0, 0, 0, 0, 0, 0, 0, 0, 0, 0, 0, 0, 0, 0, 0, 0, 0, 0, 0, 0, 0, 0;Europe/Paris;NA
2023-05-07T04:00:00Z;-1;9000003703;hourly;0,1133333333;0,0000000000;4,9180327869;0,0000000000;0,0000000000;0,0000000000;0,0000000000;4,9180327869;0,0000000000;0,0000000000;0,0000000000;0,0000000000;0,0000000000;1;0, 0, 0, 100, 0, 0, 0, 0;0, 0, 0, 0, 0, 0, 100, 0, 0, 0, 0, 0, 0, 0, 0, 0, 0, 0, 0, 0, 0, 0, 0, 0, 0;Europe/Paris;31,5
2023-05-07T05:00:00Z;-1;9000003703;hourly;0,5719444444;0,0000000000;1,9780219780;0,0000000000;0,0000000000;0,0000000000;0,0000000000;0,0000000000;1,9780219780;0,0000000000;0,0000000000;0,0000000000;0,0000000000;1;0, 0, 0, 100, 0, 0, 0, 0;0, 0, 0, 0, 0, 0, 100, 0, 0, 0, 0, 0, 0, 0, 0, 0, 0, 0, 0, 0, 0, 0, 0, 0, 0;Europe/Paris;31,5
2023-05-07T06:00:00Z;-1;9000003703;hourly;0,6077777778;0,0000000000;13,0162501716;1,6513761468;0,0000000000;0,0000000000;0,0000000000;6,4760878060;6,5401623655;1,6513761468;0,0000000000;0,0000000000;0,0000000000;1;12.1947685883, 0, 12.4360319957, 75.369199416, 0, 0, 0, 0;12.1947685883, 0, 0, 0, 0, 12.4360319957, 25.123066472, 50.246132944, 0, 0, 0, 0, 0, 0, 0, 0, 0, 0, 0, 0, 0, 0, 0, 0, 0;Europe/Paris;36,0
2023-05-07T07:00:00Z;-1;9000003703;hourly;0,6025000000;0,0000000000;43,8721554575;1,6885553471;0,0000000000;0,0000000000;0,0000000000;19,9760238088;23,8961316487;1,6885553471;0,0000000000;0,0000000000;0,0000000000;1;3.848808725, 0, 39.0724141124, 57.0787771627, 0, 0, 0, 0;3.848808725, 0, 0, 0, 8.1137048797, 30.9587092326, 26.8230279337, 30.255749229, 0, 0, 0, 0, 0, 0, 0, 0, 0, 0, 0, 0, 0, 0, 0, 0, 0;Europe/Paris;35,0
2023-05-07T08:00:00Z;-1;9000003703;hourly;0,6225000000;1,7077798861;49,7176835069;3,1579822156;6,4143490162;0,0000000000;1,7077798861;25,6906379827;24,0270455242;3,1579822156;0,0000000000;1,5679442509;4,8464047653;1;6.5941537963, 3.1536953057, 29.5861641859, 38.529169737, 15.818418701, 0, 0, 6.3183982739;6.5941537963, 0, 0, 3.1536953057, 9.7812797807, 19.8048844052, 25.5941946505, 12.9349750865, 15.818418701, 0, 0, 0, 0, 0, 3.159199137, 0, 0, 0, 0, 0, 3.159199137, 0, 0, 0, 0;Europe/Paris;40,0
2023-05-07T09:00:00Z;-1;9000003703;hourly;0,6325000000;3,0313425854;74,7005854809;10,9548066817;3,0874785592;0,0000000000;3,0313425854;36,6558291890;38,0447562919;3,3059217184;7,6488849634;1,5437392796;1,5437392796;1;2.1985580914, 12.7019801791, 49.041890057, 34.0661504591, 1.9914212134, 0, 0, 0;0, 2.1985580914, 4.0579903971, 8.643989782, 10.7105589657, 38.3313310912, 21.3926174272, 12.6735330319, 1.9914212134, 0, 0, 0, 0, 0, 0, 0, 0, 0, 0, 0, 0, 0, 0, 0, 0;Europe/Paris;32,5
2023-05-07T10:00:00Z;-1;9000003703;hourly;0,6636111111;6,1444441053;63,1511066487;3,1204409142;1,6129032258;3,1029694510;3,0414746544;30,1249702291;33,0261364196;1,6129032258;1,5075376884;0,0000000000;1,6129032258;1;2.5540379439, 4.6493391372, 37.94558153, 47.7171337804, 4.7467163644, 2.3871912441, 0, 0;2.5540379439, 0, 0, 4.6493391372, 14.4899941642, 23.4555873658, 38.1265654552, 9.5905683252, 2.3871912441, 2.3595251204, 0, 2.3871912441, 0, 0, 0, 0, 0, 0, 0, 0, 0, 0, 0, 0, 0;Europe/Paris;33,5
2023-05-07T11:00:00Z;-1;9000003703;hourly;0,6461111111;0,0000000000;35,4091754524;3,3430658926;2,8925321392;0,0000000000;0,0000000000;13,1332150646;22,2759603878;1,4950166113;1,8480492813;1,4950166113;1,3975155280;1;4.2861957595, 4.2861957595, 22.5538892894, 51.1995205768, 17.6741986147, 0, 0, 0;4.2861957595, 0, 0, 4.2861957595, 8.1688774231, 14.3850118663, 31.1262808085, 20.0732397683, 13.7274376125, 3.9467610022, 0, 0, 0, 0, 0, 0, 0, 0, 0, 0, 0, 0, 0, 0, 0;Europe/Paris;38,5
2023-05-07T12:00:00Z;-1;9000003703;hourly;0,6294444444;3,2697226048;27,0067913589;1,4900662252;1,7647058824;3,2697226048;0,0000000000;11,5326234330;15,4741679259;1,4900662252;0,0000000000;1,7647058824;0,0000000000;1;0, 0, 11.5327101255, 77.3771795842, 5.5173760013, 0, 0, 5.572734289;0, 0, 0, 0, 6.0153341242, 5.5173760013, 30.118694381, 47.2584852031, 0, 5.5173760013, 0, 0, 0, 0, 5.572734289, 0, 0, 0, 0, 0, 0, 0, 0, 0, 0;Europe/Paris;37,0
2023-05-07T13:00:00Z;-1;9000003703;hourly;0,5933333333;15,0810025307;45,2324747868;6,6534181721;0,0000000000;6,8554010141;8,2256015166;32,9470350050;12,2854397818;4,6753961941;1,9780219780;0,0000000000;0,0000000000;1;20.4158458446, 8.7460258911, 22.006190484, 37.3812634919, 3.7052530544, 0, 4.3730129456, 3.3724082885;20.4158458446, 0, 0, 8.7460258911, 7.964566899, 14.0416235849, 19.4152411875, 17.9660223043, 3.7052530544, 0, 0, 0, 4.3730129456, 0, 0, 0, 0, 0, 0, 0, 0, 0, 3.3724082885, 0, 0;Europe/Paris;36,5
2023-05-07T14:00:00Z;-1;9000003703;hourly;0,6011111111;3,2722444430;27,0428148092;34,3433861296;1,6245487365;1,7821782178;1,4900662252;13,0711417674;13,9716730417;20,0653721274;14,2780140022;0,0000000000;1,6245487365;1;18.1601737168, 0, 34.0547477715, 24.1148784323, 11.5173475232, 6.6428261936, 0, 5.5100263626;18.1601737168, 0, 0, 0, 11.5173475232, 22.5374002483, 0, 24.1148784323, 11.5173475232, 0, 0, 6.6428261936, 0, 0, 0, 0, 0, 0, 0, 0, 0, 0, 5.5100263626, 0, 0;Europe/Paris;41,5
2023-05-07T15:00:00Z;-1;9000003703;hourly;0,6072222222;3,4351145038;38,3763567845;19,9890764444;6,6938930059;1,7175572519;1,7175572519;11,7441481193;26,6322086652;16,5539619406;3,4351145038;6,6938930059;0,0000000000;1;8.5612647423, 8.8838203021, 38.9735414926, 39.1058124775, 4.4755609855, 0, 0, 0;0, 8.5612647423, 4.4082593166, 4.4755609855, 8.6935357272, 30.2800057653, 30.2892938444, 8.8165186331, 4.4755609855, 0, 0, 0, 0, 0, 0, 0, 0, 0, 0, 0, 0, 0, 0, 0, 0;Europe/Paris;32,0
2023-05-07T16:00:00Z;-1;9000003703;hourly;0,6516666667;0,0000000000;36,6745958165;13,9493610936;1,5202702703;0,0000000000;0,0000000000;10,6274234039;26,0471724126;6,1857033077;7,7636577859;0,0000000000;1,5202702703;1;4.145295228, 8.4185755574, 29.0416081654, 41.823489666, 12.4257361553, 0, 0, 4.145295228;4.145295228, 0, 0, 8.4185755574, 8.23886869, 20.8027394754, 29.0607600893, 12.7627295767, 0, 12.4257361553, 0, 0, 0, 0, 0, 4.145295228, 0, 0, 0, 0, 0, 0, 0, 0, 0;Europe/Paris;43,0
2023-05-07T17:00:00Z;-1;9000003703;hourly;0,6297222222;0,0000000000;31,8281063909;4,7583799672;3,0821917808;0,0000000000;0,0000000000;11,1643190458;20,6637873451;3,2172840768;1,5410958904;1,5410958904;1,5410958904;1;14.8870118565, 5.0857723551, 35.0858240469, 39.9188527905, 5.022538951, 0, 0, 0;14.8870118565, 0, 0, 5.0857723551, 14.9502452606, 20.1355787863, 15.0409012203, 24.8779515702, 5.022538951, 0, 0, 0, 0, 0, 0, 0, 0, 0, 0, 0, 0, 0, 0, 0, 0;Europe/Paris;35,5
2023-05-07T18:00:00Z;-1;9000003703;hourly;0,6063888889;0,0000000000;14,3217972020;1,9650655022;1,6791044776;0,0000000000;0,0000000000;8,1217819201;6,2000152820;0,0000000000;1,9650655022;1,6791044776;0,0000000000;1;0, 0, 21.145205788, 68.433355531, 10.421438681, 0, 0, 0;0, 0, 0, 0, 0, 21.145205788, 58.01191685, 10.421438681, 10.421438681, 0, 0, 0, 0, 0, 0, 0, 0, 0, 0, 0, 0, 0, 0, 0, 0;Europe/Paris;35,5
2023-05-07T19:00:00Z;-1;9000003703;hourly;0,3552777778;0,0000000000;25,8007760341;0,0000000000;0,0000000000;0,0000000000;0,0000000000;21,6617968173;4,1389792167;0,0000000000;0,0000000000;0,0000000000;0,0000000000;1;0, 8.8087554798, 23.2753896736, 67.9158548466, 0, 0, 0, 0;0, 0, 0, 8.8087554798, 7.2333170969, 16.0420725767, 8.8087554798, 59.1070993668, 0, 0, 0, 0, 0, 0, 0, 0, 0, 0, 0, 0, 0, 0, 0, 0, 0;Europe/Paris;36,0
2023-05-07T20:00:00Z;-1;9000003703;hourly;0,0000000000;0,0000000000;0,0000000000;0,0000000000;0,0000000000;0,0000000000;0,0000000000;0,0000000000;0,0000000000;0,0000000000;0,0000000000;0,0000000000;0,0000000000;1;0, 0, 0, 0, 0, 0, 0, 0;0, 0, 0, 0, 0, 0, 0, 0, 0, 0, 0, 0, 0, 0, 0, 0, 0, 0, 0, 0, 0, 0, 0, 0, 0;Europe/Paris;NA
2023-05-08T03:00:00Z;-1;9000003703;hourly;0,0000000000;0,0000000000;0,0000000000;0,0000000000;0,0000000000;0,0000000000;0,0000000000;0,0000000000;0,0000000000;0,0000000000;0,0000000000;0,0000000000;0,0000000000;1;0, 0, 0, 0, 0, 0, 0, 0;0, 0, 0, 0, 0, 0, 0, 0, 0, 0, 0, 0, 0, 0, 0, 0, 0, 0, 0, 0, 0, 0, 0, 0, 0;Europe/Paris;NA
2023-05-08T04:00:00Z;-1;9000003703;hourly;0,1847222222;0,0000000000;4,6966731898;0,0000000000;0,0000000000;0,0000000000;0,0000000000;2,3483365949;2,3483365949;0,0000000000;0,0000000000;0,0000000000;0,0000000000;1;0, 0, 50, 0, 50, 0, 0, 0;0, 0, 0, 0, 0, 50, 0, 0, 0, 50, 0, 0, 0, 0, 0, 0, 0, 0, 0, 0, 0, 0, 0, 0, 0;Europe/Paris;46,0
2023-05-08T05:00:00Z;-1;9000003703;hourly;0,6494444444;0,0000000000;4,6601690530;0,0000000000;0,0000000000;0,0000000000;0,0000000000;0,0000000000;4,6601690530;0,0000000000;0,0000000000;0,0000000000;0,0000000000;1;0, 0, 68.8506385341, 0, 0, 31.1493614659, 0, 0;0, 0, 0, 0, 0, 68.8506385341, 0, 0, 0, 0, 31.1493614659, 0, 0, 0, 0, 0, 0, 0, 0, 0, 0, 0, 0, 0, 0;Europe/Paris;50,0
2023-05-08T06:00:00Z;-1;9000003703;hourly;0,5772222222;0,0000000000;1,7821782178;7,4810399733;0,0000000000;0,0000000000;0,0000000000;1,7821782178;0,0000000000;5,4986611187;1,9823788546;0,0000000000;0,0000000000;1;0, 0, 0, 100, 0, 0, 0, 0;0, 0, 0, 0, 0, 0, 100, 0, 0, 0, 0, 0, 0, 0, 0, 0, 0, 0, 0, 0, 0, 0, 0, 0, 0;Europe/Paris;31,5
2023-05-08T07:00:00Z;-1;9000003703;hourly;0,6452777778;1,3782542113;11,1737007737;8,0279884226;4,8533852480;1,3782542113;0,0000000000;6,3175111059;4,8561896678;4,8533852480;3,1746031746;1,6759776536;3,1774075944;1;0, 0, 29.2300977703, 58.4350971437, 12.3348050861, 0, 0, 0;0, 0, 0, 0, 0, 29.2300977703, 14.2307910269, 44.2043061168, 12.3348050861, 0, 0, 0, 0, 0, 0, 0, 0, 0, 0, 0, 0, 0, 0, 0, 0;Europe/Paris;37,0
2023-05-08T08:00:00Z;-1;9000003703;hourly;0,6116666667;0,0000000000;31,0276791254;3,0560271647;0,0000000000;0,0000000000;0,0000000000;14,7780348867;16,2496442387;1,5280135823;1,5280135823;0,0000000000;0,0000000000;1;0, 0, 41.2014993114, 52.7930433364, 0, 6.0054573522, 0, 0;0, 0, 0, 0, 20.1203130675, 21.0811862439, 20.4220051112, 32.3710382252, 0, 0, 0, 6.0054573522, 0, 0, 0, 0, 0, 0, 0, 0, 0, 0, 0, 0, 0;Europe/Paris;36,0
2023-05-08T09:00:00Z;-1;9000003703;hourly;0,6241666667;0,0000000000;49,8901087088;6,4063998868;6,1568818345;0,0000000000;0,0000000000;23,8870600941;26,0030486147;1,5817223199;4,8246775670;4,6391752577;1,5177065767;1;0, 0, 35.3082756098, 55.1804864266, 9.5112379636, 0, 0, 0;0, 0, 0, 0, 9.3829244666, 25.9253511432, 31.5227342013, 23.6577522253, 6.340825309, 3.1704126545, 0, 0, 0, 0, 0, 0, 0, 0, 0, 0, 0, 0, 0, 0, 0;Europe/Paris;36,5
2023-05-08T10:00:00Z;-1;9000003703;hourly;0,6019444444;0,0000000000;28,7910837041;3,3528971029;0,0000000000;0,0000000000;0,0000000000;16,9046785133;11,8864051907;0,0000000000;3,3528971029;0,0000000000;0,0000000000;1;0, 0, 41.4210682312, 58.5789317688, 0, 0, 0, 0;0, 0, 0, 0, 12.4046340462, 29.016434185, 29.6394125888, 28.93951918, 0, 0, 0, 0, 0, 0, 0, 0, 0, 0, 0, 0, 0, 0, 0, 0, 0;Europe/Paris;35,0
2023-05-08T11:00:00Z;-1;9000003703;hourly;0,6536111111;1,6697588126;28,4515549288;4,4755965825;0,0000000000;1,6697588126;0,0000000000;8,8873612884;19,5641936403;1,4705882353;3,0050083472;0,0000000000;0,0000000000;1;0, 0, 26.3695746215, 42.1271370504, 21.0536225142, 5.2809211215, 0, 5.1687446924;0, 0, 0, 0, 10.5268112571, 15.8427633644, 26.6209029731, 15.5062340773, 10.5268112571, 10.5268112571, 5.2809211215, 0, 0, 0, 0, 0, 0, 5.1687446924, 0, 0, 0, 0, 0, 0, 0;Europe/Paris;45,5
2023-05-08T12:00:00Z;-1;9000003703;hourly;0,6113888889;1,5517241379;20,9748781081;11,6229278721;3,3271719039;0,0000000000;1,5517241379;9,7238537325;11,2510243756;4,9460793206;6,6768485514;3,3271719039;0,0000000000;1;0, 0, 37.7827075154, 54.5550650863, 7.6622273982, 0, 0, 0;0, 0, 0, 0, 15.0602400586, 22.7224674568, 47.1570524259, 7.3980126604, 7.6622273982, 0, 0, 0, 0, 0, 0, 0, 0, 0, 0, 0, 0, 0, 0, 0, 0;Europe/Paris;32,5
2023-05-08T13:00:00Z;-1;9000003703;hourly;0,5763888889;3,7467834585;42,2542779288;5,4227611122;1,8987341772;1,8987341772;1,8480492813;14,0306070098;28,2236709190;1,6759776536;3,7467834585;0,0000000000;1,8987341772;1;0, 0, 28.5565691665, 59.1369737279, 8.3400477009, 0, 0, 3.9664094046;0, 0, 0, 0, 0, 28.5565691665, 30.0532235645, 29.0837501634, 3.9664094046, 4.3736382963, 0, 0, 0, 0, 0, 0, 0, 0, 0, 0, 0, 0, 0, 0, 3.9664094046;Europe/Paris;37,0
2023-05-08T14:00:00Z;-1;9000003703;hourly;0,6247222222;0,0000000000;44,3495088805;6,2866844531;1,4516129032;0,0000000000;0,0000000000;14,7200109199;29,6294979605;6,2866844531;0,0000000000;1,4516129032;0,0000000000;1;0, 0, 47.6521958993, 44.5774468291, 7.7703572716, 0, 0, 0;0, 0, 0, 0, 22.5712818608, 25.0809140385, 30.0590806862, 14.5183661429, 7.7703572716, 0, 0, 0, 0, 0, 0, 0, 0, 0, 0, 0, 0, 0, 0, 0, 0;Europe/Paris;35,0
2023-05-08T15:00:00Z;-1;9000003703;hourly;0,6363888889;0,0000000000;43,6586165775;12,4281212652;3,1274842813;0,0000000000;0,0000000000;20,5574990495;23,1011175280;0,0000000000;12,4281212652;0,0000000000;3,1274842813;1;0, 6.803461178, 39.8200637896, 46.1096160996, 7.2668589328, 0, 0, 0;0, 0, 0, 6.803461178, 21.9538928262, 17.8661709634, 24.7729927171, 21.3366233825, 7.2668589328, 0, 0, 0, 0, 0, 0, 0, 0, 0, 0, 0, 0, 0, 0, 0, 0;Europe/Paris;35,5
2023-05-08T16:00:00Z;-1;9000003703;hourly;0,5877777778;6,6798956767;33,8805544140;10,6508875740;5,1582960745;4,9390832976;1,7408123791;8,3807189895;25,4998354245;7,1005917160;3,5502958580;3,5159603081;1,6423357664;1;4.8830717009, 14.6492151028, 14.9042304527, 50.0478786512, 15.5156040925, 0, 0, 0;4.8830717009, 0, 0, 14.6492151028, 4.8830717009, 10.0211587518, 30.3318622158, 19.7160164354, 10.3775170416, 5.1380870509, 0, 0, 0, 0, 0, 0, 0, 0, 0, 0, 0, 0, 0, 0, 0;Europe/Paris;37,5
2023-05-08T17:00:00Z;-1;9000003703;hourly;0,6269444444;1,5625000000;27,2378350192;1,5901060071;1,5901060071;1,5625000000;0,0000000000;11,2545234378;15,9833115815;1,5901060071;0,0000000000;0,0000000000;1,5901060071;1;0, 0, 41.268329731, 58.731670269, 0, 0, 0, 0;0, 0, 0, 0, 0, 41.268329731, 47.1573068703, 11.5743633987, 0, 0, 0, 0, 0, 0, 0, 0, 0, 0, 0, 0, 0, 0, 0, 0, 0;Europe/Paris;32,0
2023-05-08T18:00:00Z;-1;9000003703;hourly;0,6425000000;1,6697588126;24,4557872714;0,0000000000;1,4925373134;1,6697588126;0,0000000000;9,0665981454;15,3891891261;0,0000000000;0,0000000000;1,4925373134;0,0000000000;1;0, 6.0132524828, 38.4579660924, 49.4257789049, 6.1030025199, 0, 0, 0;0, 0, 0, 6.0132524828, 12.9306658214, 25.5273002711, 43.322776385, 6.1030025199, 6.1030025199, 0, 0, 0, 0, 0, 0, 0, 0, 0, 0, 0, 0, 0, 0, 0, 0;Europe/Paris;32,0
2023-05-08T19:00:00Z;-1;9000003703;hourly;0,1755555556;0,0000000000;29,5081967213;0,0000000000;0,0000000000;0,0000000000;0,0000000000;0,0000000000;29,5081967213;0,0000000000;0,0000000000;0,0000000000;0,0000000000;1;0, 25, 25, 50, 0, 0, 0, 0;0, 0, 0, 25, 0, 25, 25, 25, 0, 0, 0, 0, 0, 0, 0, 0, 0, 0, 0, 0, 0, 0, 0, 0, 0;Europe/Paris;34,5
2023-05-08T20:00:00Z;-1;9000003703;hourly;0,0000000000;0,0000000000;0,0000000000;0,0000000000;0,0000000000;0,0000000000;0,0000000000;0,0000000000;0,0000000000;0,0000000000;0,0000000000;0,0000000000;0,0000000000;1;0, 0, 0, 0, 0, 0, 0, 0;0, 0, 0, 0, 0, 0, 0, 0, 0, 0, 0, 0, 0, 0, 0, 0, 0, 0, 0, 0, 0, 0, 0, 0, 0;Europe/Paris;NA
2023-05-09T03:00:00Z;-1;9000003703;hourly;0,0000000000;0,0000000000;0,0000000000;0,0000000000;0,0000000000;0,0000000000;0,0000000000;0,0000000000;0,0000000000;0,0000000000;0,0000000000;0,0000000000;0,0000000000;1;0, 0, 0, 0, 0, 0, 0, 0;0, 0, 0, 0, 0, 0, 0, 0, 0, 0, 0, 0, 0, 0, 0, 0, 0, 0, 0, 0, 0, 0, 0, 0, 0;Europe/Paris;NA
2023-05-09T04:00:00Z;-1;9000003703;hourly;0,1172222222;5,0139275766;77,1985674493;5,0139275766;0,0000000000;5,0139275766;0,0000000000;15,0417827298;62,1567847195;5,0139275766;0,0000000000;0,0000000000;0,0000000000;1;0, 0, 6.4948453608, 87.0103092784, 0, 6.4948453608, 0, 0;0, 0, 0, 0, 0, 6.4948453608, 6.4948453608, 80.5154639175, 0, 0, 0, 6.4948453608, 0, 0, 0, 0, 0, 0, 0, 0, 0, 0, 0, 0, 0;Europe/Paris;37,0
2023-05-09T05:00:00Z;-1;9000003703;hourly;0,4436111111;15,9941286976;48,6477237945;4,0909090909;0,0000000000;10,8052446333;5,1888840643;40,9998233368;7,6479004577;4,0909090909;0,0000000000;0,0000000000;0,0000000000;1;0, 12.7828563812, 30.7608309891, 39.5080421986, 16.9482704311, 0, 0, 0;0, 0, 0, 12.7828563812, 16.9482704311, 13.8125605579, 31.9881182761, 7.5199239225, 11.8935295273, 5.0547409039, 0, 0, 0, 0, 0, 0, 0, 0, 0, 0, 0, 0, 0, 0, 0;Europe/Paris;38,5
2023-05-09T06:00:00Z;-1;9000003703;hourly;0,5247222222;14,4384081150;135,9188158904;41,7783257385;12,5116732756;8,7059240386;5,7324840764;99,6384777049;36,2803381855;36,7641123399;5,0142133986;10,9679339960;1,5437392796;1;5.2694578834, 7.6249206906, 43.2221410784, 29.3889460522, 12.3857445599, 0, 0, 2.1087897356;5.2694578834, 0, 3.244570142, 4.3803505485, 18.5295210417, 24.6926200367, 17.5514788015, 11.8374672507, 7.9855723638, 4.4001721961, 0, 0, 0, 0, 2.1087897356, 0, 0, 0, 0, 0, 0, 0, 0, 0, 0;Europe/Paris;37,5
2023-05-09T07:00:00Z;-1;9000003703;hourly;0,6336111111;0,0000000000;34,9651133063;3,2872087526;0,0000000000;0,0000000000;0,0000000000;25,2837383200;9,6813749863;3,2872087526;0,0000000000;0,0000000000;0,0000000000;1;0, 9.7870503149, 13.5900719791, 67.9263308843, 8.6965468217, 0, 0, 0;0, 0, 4.8935251574, 4.8935251574, 0, 13.5900719791, 59.303234627, 8.6230962573, 8.6965468217, 0, 0, 0, 0, 0, 0, 0, 0, 0, 0, 0, 0, 0, 0, 0, 0;Europe/Paris;34,0
2023-05-09T08:00:00Z;-1;9000003703;hourly;0,5916666667;8,7954582028;32,7550129927;7,0259648219;0,0000000000;8,7954582028;0,0000000000;13,9800716351;18,7749413576;3,6144578313;3,4115069905;0,0000000000;0,0000000000;1;0, 4.897809307, 36.0337822024, 48.708032541, 10.3603759496, 0, 0, 0;0, 0, 0, 4.897809307, 10.3603759496, 25.6734062528, 32.2654875666, 16.4425449744, 4.897809307, 5.4625666426, 0, 0, 0, 0, 0, 0, 0, 0, 0, 0, 0, 0, 0, 0, 0;Europe/Paris;36,0
2023-05-09T09:00:00Z;-1;9000003703;hourly;0,6233333333;6,3885278204;38,4693436395;6,5159603996;1,6981132075;4,8178471921;1,5706806283;22,4415400556;16,0278035839;3,2687938358;3,2471665638;1,6981132075;0,0000000000;1;4.0267215651, 4.1777236238, 46.190471826, 33.2614772346, 12.3436057506, 0, 0, 0;4.0267215651, 0, 0, 4.1777236238, 16.7578042964, 29.4326675295, 20.8793084219, 12.3821688127, 12.3436057506, 0, 0, 0, 0, 0, 0, 0, 0, 0, 0, 0, 0, 0, 0, 0, 0;Europe/Paris;36,5
2023-05-09T10:00:00Z;-1;9000003703;hourly;0,6022222222;1,6363636364;49,8083903414;1,8218623482;1,5901060071;1,6363636364;0,0000000000;19,8216673510;29,9867229904;0,0000000000;1,8218623482;1,5901060071;0,0000000000;1;10.1812750334, 3.285317243, 32.8514494495, 33.8762436656, 16.1479727387, 0, 0, 3.6577418698;10.1812750334, 0, 0, 3.285317243, 9.6688779253, 23.1825715242, 10.1341737109, 23.7420699547, 9.7630805703, 6.3848921684, 0, 0, 0, 0, 0, 0, 3.6577418698, 0, 0, 0, 0, 0, 0, 0, 0;Europe/Paris;40,0
2023-05-09T11:00:00Z;-1;9000003703;hourly;0,5547222222;7,1166952219;23,3633898580;14,7140727179;1,7274472169;0,0000000000;7,1166952219;10,4587854844;12,9046043737;7,3820971579;7,3319755601;0,0000000000;1,7274472169;1;0, 7.8455819175, 23.0670636314, 53.396190616, 15.691163835, 0, 0, 0;0, 0, 7.8455819175, 0, 0, 23.0670636314, 15.6732426689, 37.7229479472, 15.691163835, 0, 0, 0, 0, 0, 0, 0, 0, 0, 0, 0, 0, 0, 0, 0, 0;Europe/Paris;37,5
2023-05-09T12:00:00Z;-1;9000003703;hourly;0,6222222222;4,8796374965;35,1794618552;6,4315570505;1,5151515152;3,1973945058;1,6822429907;17,5850406591;17,5944211962;4,7586945970;1,6728624535;1,5151515152;0,0000000000;1;4.7552246831, 9.2466554273, 17.8604967725, 63.6728571843, 0, 4.4647659328, 0, 0;4.7552246831, 0, 0, 9.2466554273, 4.7818894944, 13.078607278, 41.2416458002, 22.431211384, 0, 0, 0, 4.4647659328, 0, 0, 0, 0, 0, 0, 0, 0, 0, 0, 0, 0, 0;Europe/Paris;35,0
2023-05-09T13:00:00Z;-1;9000003703;hourly;0,6200000000;7,9326611395;35,8230374677;11,5937240154;1,6544117647;7,9326611395;0,0000000000;14,7745343235;21,0485031442;3,3771106942;8,2166133212;0,0000000000;1,6544117647;1;17.9517899101, 9.1532174069, 36.448848327, 22.6746369278, 4.6182900213, 9.1532174069, 0, 0;17.9517899101, 0, 4.6182900213, 4.5349273856, 27.7336384596, 8.7152098674, 13.6047821567, 9.0698547711, 4.6182900213, 0, 4.6182900213, 4.5349273856, 0, 0, 0, 0, 0, 0, 0, 0, 0, 0, 0, 0, 0;Europe/Paris;37,0
2023-05-09T14:00:00Z;-1;9000003703;hourly;0,5616666667;14,2913618893;87,4547020246;39,1166952746;1,7821782178;5,3175876052;8,9737742841;14,5406917080;72,9140103166;7,0971740778;32,0195211968;1,7821782178;0,0000000000;1;6.1844802001, 8.2933002548, 36.5757158221, 34.6807794639, 10.1530873585, 2.074806828, 2.0378300727, 0;6.1844802001, 0, 2.1088200547, 6.1844802001, 7.9372143168, 28.6385015053, 22.5939514911, 12.0868279729, 10.1530873585, 0, 2.074806828, 0, 2.0378300727, 0, 0, 0, 0, 0, 0, 0, 0, 0, 0, 0, 0;Europe/Paris;37,0
2023-05-09T15:00:00Z;-1;9000003703;hourly;0,6061111111;10,9898374729;101,2678500882;25,3067864143;4,7782500227;9,4434457204;1,5463917526;40,6597609372;60,6080891511;18,2048391062;7,1019473081;3,2318582702;1,5463917526;1;3.4386892103, 4.7184274363, 27.3594308485, 53.0279336395, 8.2927707946, 3.1627480709, 0, 0;3.4386892103, 0, 3.1370534009, 1.5813740354, 3.1084053205, 24.251025528, 32.1595751383, 20.8683585012, 8.2927707946, 0, 1.5813740354, 1.5813740354, 0, 0, 0, 0, 0, 0, 0, 0, 0, 0, 0, 0, 0;Europe/Paris;36,5
2023-05-09T16:00:00Z;-1;9000003703;hourly;0,5847222222;3,3973349227;121,5627584132;10,2721562145;1,6483516484;1,8072289157;1,5901060071;25,5790460976;95,9837123156;3,6254107338;6,6467454807;1,6483516484;0,0000000000;1;11.3935175463, 6.7278876798, 31.8815123005, 44.3417145124, 5.655367961, 0, 0, 0;10.0854639715, 1.3080535748, 5.4198341049, 1.3080535748, 10.6999624546, 21.181549846, 28.645932983, 15.6957815295, 1.4956733805, 4.1596945805, 0, 0, 0, 0, 0, 0, 0, 0, 0, 0, 0, 0, 0, 0, 0;Europe/Paris;34,5
2023-05-09T17:00:00Z;-1;9000003703;hourly;0,6116666667;4,7193270853;61,6056625662;5,1111371663;3,4657989579;1,4754098361;3,2439172493;20,0750410507;41,5306215155;3,4657989579;1,6453382084;0,0000000000;3,4657989579;1;14.0741193229, 0, 26.640111317, 49.2303026004, 7.6605410749, 0, 0, 2.3949256848;11.0431967758, 3.0309225471, 0, 0, 8.3724386996, 18.2676726174, 26.3727102426, 22.8575923579, 7.6605410749, 0, 0, 0, 0, 0, 0, 0, 0, 2.3949256848, 0, 0, 0, 0, 0, 0, 0;Europe/Paris;36,5
2023-05-09T18:00:00Z;-1;9000003703;hourly;0,5988888889;1,6363636364;46,8675457837;1,6853932584;3,3717760537;0,0000000000;1,6363636364;23,4003766666;23,4671691172;1,6853932584;0,0000000000;1,7928286853;1,5789473684;1;3.491464315, 3.596077478, 17.7711610641, 57.1409040484, 14.4043156165, 0, 0, 3.596077478;3.491464315, 0, 0, 3.596077478, 3.491464315, 14.2796967491, 35.8761673216, 21.2647367267, 14.4043156165, 0, 0, 0, 0, 0, 0, 3.596077478, 0, 0, 0, 0, 0, 0, 0, 0, 0;Europe/Paris;38,5
2023-05-09T19:00:00Z;-1;9000003703;hourly;0,3761111111;0,0000000000;38,8354651520;2,0654044750;2,0654044750;0,0000000000;0,0000000000;16,3822160795;22,4532490724;2,0654044750;0,0000000000;0,0000000000;2,0654044750;1;0, 5.7972966737, 37.3442527395, 27.5496318692, 18.19317587, 11.1156428476, 0, 0;0, 0, 0, 5.7972966737, 12.8748296961, 24.4694230434, 10.6366923479, 16.9129395213, 18.19317587, 0, 11.1156428476, 0, 0, 0, 0, 0, 0, 0, 0, 0, 0, 0, 0, 0, 0;Europe/Paris;41,5
2023-05-09T20:00:00Z;-1;9000003703;hourly;0,0000000000;0,0000000000;0,0000000000;0,0000000000;0,0000000000;0,0000000000;0,0000000000;0,0000000000;0,0000000000;0,0000000000;0,0000000000;0,0000000000;0,0000000000;1;0, 0, 0, 0, 0, 0, 0, 0;0, 0, 0, 0, 0, 0, 0, 0, 0, 0, 0, 0, 0, 0, 0, 0, 0, 0, 0, 0, 0, 0, 0, 0, 0;Europe/Paris;NA
2023-05-10T03:00:00Z;-1;9000003703;hourly;0,0000000000;0,0000000000;0,0000000000;0,0000000000;0,0000000000;0,0000000000;0,0000000000;0,0000000000;0,0000000000;0,0000000000;0,0000000000;0,0000000000;0,0000000000;1;0, 0, 0, 0, 0, 0, 0, 0;0, 0, 0, 0, 0, 0, 0, 0, 0, 0, 0, 0, 0, 0, 0, 0, 0, 0, 0, 0, 0, 0, 0, 0, 0;Europe/Paris;NA
2023-05-10T04:00:00Z;-1;9000003703;hourly;0,2472222222;0,0000000000;45,0514519692;6,6914498141;2,8985507246;0,0000000000;0,0000000000;31,6685523409;13,3828996283;6,6914498141;0,0000000000;2,8985507246;0,0000000000;1;0, 0, 21.2867734992, 42.5735469983, 21.2867734992, 0, 0, 14.8529060033;0, 0, 0, 0, 0, 21.2867734992, 14.8529060033, 27.720640995, 14.8529060033, 6.4338674958, 0, 0, 0, 0, 0, 0, 0, 0, 14.8529060033, 0, 0, 0, 0, 0, 0;Europe/Paris;47,5
2023-05-10T05:00:00Z;-1;9000003703;hourly;0,5422222222;14,6993699193;42,5513249584;8,1236446066;0,0000000000;6,5757253127;8,1236446066;24,0430649673;18,5082599912;4,7535311135;3,3701134931;0,0000000000;0,0000000000;1;7.7052560121, 11.7943022739, 22.9655904022, 49.3998790991, 8.1349722128, 0, 0, 0;3.8526280061, 3.8526280061, 0, 11.7943022739, 11.3861462286, 11.5794441736, 23.1804485025, 26.2194305966, 4.0674861064, 4.0674861064, 0, 0, 0, 0, 0, 0, 0, 0, 0, 0, 0, 0, 0, 0, 0;Europe/Paris;36,0
2023-05-10T06:00:00Z;-1;9000003703;hourly;0,6452777778;21,5823856145;58,1988132706;15,6010346415;1,5463917526;9,2112515939;12,3711340206;42,9284653673;15,2703479033;9,2836737229;6,3173609187;0,0000000000;1,5463917526;1;18.4378657527, 2.6616579776, 31.2571027521, 26.8483091763, 20.7950643412, 0, 0, 0;18.4378657527, 0, 0, 2.6616579776, 5.3141693642, 25.9429333879, 18.8260474066, 8.0222617697, 10.1157178894, 10.6793464518, 0, 0, 0, 0, 0, 0, 0, 0, 0, 0, 0, 0, 0, 0, 0;Europe/Paris;40,5
2023-05-10T07:00:00Z;-1;9000003703;hourly;0,5955555556;1,8750000000;18,5000900076;3,3619210978;1,8181818182;0,0000000000;1,8750000000;11,7194296302;6,7806603774;3,3619210978;0,0000000000;0,0000000000;1,8181818182;1;38.7497535237, 0, 0, 34.7332923677, 26.5169541086, 0, 0, 0;38.7497535237, 0, 0, 0, 0, 0, 26.4315155825, 8.3017767851, 18.1724580605, 8.3444960482, 0, 0, 0, 0, 0, 0, 0, 0, 0, 0, 0, 0, 0, 0, 0;Europe/Paris;40,5
2023-05-10T08:00:00Z;-1;9000003703;hourly;0,6447222222;2,9852059858;31,9163045991;7,6511547992;1,4827018122;1,4827018122;1,5025041736;16,6859909028;15,2303136963;3,0842264935;4,5669283057;1,4827018122;0,0000000000;1;14.2470314197, 0, 28.7648701619, 47.6348665098, 9.3532319086, 0, 0, 0;9.6014377934, 4.6455936263, 0, 0, 9.2911872525, 19.4736829094, 28.3699462668, 19.264920243, 4.7076382824, 4.6455936263, 0, 0, 0, 0, 0, 0, 0, 0, 0, 0, 0, 0, 0, 0, 0;Europe/Paris;36,0
2023-05-10T09:00:00Z;-1;9000003703;hourly;0,6241666667;8,0363122256;39,7276959923;6,5712246402;0,0000000000;3,1754594836;4,8608527420;15,9733036935;23,7543922988;3,2925361156;3,2786885246;0,0000000000;0,0000000000;1;8.3688153508, 8.1718484759, 35.5888556958, 35.7509663058, 12.1195141717, 0, 0, 0;8.3688153508, 0, 0, 8.1718484759, 8.1718484759, 27.41700722, 7.9930622813, 27.7579040245, 12.1195141717, 0, 0, 0, 0, 0, 0, 0, 0, 0, 0, 0, 0, 0, 0, 0, 0;Europe/Paris;37,0
2023-05-10T10:00:00Z;-1;9000003703;hourly;0,6013888889;18,2138793746;70,3733262820;18,8771114235;3,0716723549;11,7313954453;6,4824839293;19,8576536265;50,5156726556;9,6620943586;9,2150170648;0,0000000000;3,0716723549;1;2.4453033431, 2.1824123693, 25.1676116892, 48.8934822903, 16.6834745958, 4.6277157124, 0, 0;2.4453033431, 0, 0, 2.1824123693, 8.992540451, 16.1750712382, 25.5532588548, 23.3402234355, 16.6834745958, 0, 2.4453033431, 2.1824123693, 0, 0, 0, 0, 0, 0, 0, 0, 0, 0, 0, 0, 0;Europe/Paris;39,5
2023-05-10T11:00:00Z;-1;9000003703;hourly;0,6080555556;18,1674384992;64,1555070497;1,4925373134;1,6304347826;13,1279128075;5,0395256917;29,3459825379;34,8095245118;1,4925373134;0,0000000000;0,0000000000;1,6304347826;1;2.6568965517, 5.3137931034, 33.8948275862, 53.4816091954, 2.3264367816, 0, 0, 2.3264367816;0, 2.6568965517, 0, 5.3137931034, 2.7724137931, 31.1224137931, 28.1350574713, 25.3465517241, 2.3264367816, 0, 0, 0, 0, 0, 0, 0, 0, 0, 0, 0, 0, 0, 0, 0, 2.3264367816;Europe/Paris;35,5
2023-05-10T12:00:00Z;-1;9000003703;hourly;0,6230555556;11,2187936600;57,6646071205;4,7929975430;1,6042780749;7,9157633569;3,3030303030;23,9188707424;33,7457363781;3,1566339066;1,6363636364;1,6042780749;0,0000000000;1;8.0548864327, 8.0548864327, 36.5716490137, 33.3900054242, 13.9285726967, 0, 0, 0;5.2728019705, 2.7820844622, 0, 8.0548864327, 13.9285726967, 22.643076317, 8.4018950757, 24.9881103485, 11.1464882345, 2.7820844622, 0, 0, 0, 0, 0, 0, 0, 0, 0, 0, 0, 0, 0, 0, 0;Europe/Paris;37,5
2023-05-10T13:00:00Z;-1;9000003703;hourly;0,6155555556;10,8121162408;80,8804548387;0,0000000000;1,5151515152;3,0927835052;7,7193327356;47,4892790825;33,3911757562;0,0000000000;0,0000000000;0,0000000000;1,5151515152;1;12.7524903945, 1.911947399, 37.7490225332, 47.5865396734, 0, 0, 0, 0;12.7524903945, 0, 0, 1.911947399, 11.4946988666, 26.2543236666, 31.7330743117, 15.8534653616, 0, 0, 0, 0, 0, 0, 0, 0, 0, 0, 0, 0, 0, 0, 0, 0, 0;Europe/Paris;33,0
2023-05-10T14:00:00Z;-1;9000003703;hourly;0,6422222222;6,4013088773;104,3783307705;7,6727772163;3,0592618264;1,6697588126;4,7315500646;48,2726049878;56,1057257827;4,6551724138;3,0176048025;1,5517241379;1,5075376884;1;1.4467247205, 1.444301396, 30.3108082443, 50.7034075365, 14.6504567067, 1.444301396, 0, 0;1.4467247205, 0, 1.444301396, 0, 14.8881158028, 15.4226924415, 23.8671804569, 26.8362270797, 11.7594305902, 2.8910261165, 1.444301396, 0, 0, 0, 0, 0, 0, 0, 0, 0, 0, 0, 0, 0, 0;Europe/Paris;38,0
2023-05-10T15:00:00Z;-1;9000003703;hourly;0,6158333333;14,6354911891;119,6792553280;16,3875726700;11,3980811172;9,7550497356;4,8804414535;42,0434330409;77,6358222870;6,6778013969;9,7097712731;4,7684747685;6,6296063487;1;1.4082584771, 6.7675541003, 31.1212782361, 50.0669129051, 10.6359962814, 0, 0, 0;1.4082584771, 0, 2.7075090405, 4.0600450598, 1.3549730212, 29.7663052149, 29.6572973013, 20.4096156039, 5.299081553, 5.3369147284, 0, 0, 0, 0, 0, 0, 0, 0, 0, 0, 0, 0, 0, 0, 0;Europe/Paris;36,5
2023-05-10T16:00:00Z;-1;9000003703;hourly;0,6613888889;6,0126443676;118,2210973917;6,2406597414;1,4263074485;1,5845070423;4,4281373254;53,1196347004;65,1014626912;3,0108144907;3,2298452507;0,0000000000;1,4263074485;1;1.1988747067, 3.7970959419, 30.7576681415, 52.46932942, 10.3852851011, 1.3917466888, 0, 0;1.1988747067, 0, 0, 3.7970959419, 15.6873948999, 15.0702732416, 38.6341866291, 13.8351427909, 6.5805893195, 3.8046957816, 0, 1.3917466888, 0, 0, 0, 0, 0, 0, 0, 0, 0, 0, 0, 0, 0;Europe/Paris;36,5
2023-05-10T17:00:00Z;-1;9000003703;hourly;0,5902777778;5,3061732849;104,5476448281;5,4814744824;3,4548944338;1,9027484144;3,4034248705;33,7479639950;70,7996808331;1,9027484144;3,5787260680;1,7274472169;1,7274472169;1;9.5630838229, 1.6030754747, 25.6507764128, 46.961524944, 12.9661576714, 3.2553816742, 0, 0;6.3077021488, 3.2553816742, 0, 1.6030754747, 11.4322966406, 14.2184797722, 22.8645932811, 24.0969316628, 6.4061635983, 6.5599940731, 1.6030754747, 1.6523061995, 0, 0, 0, 0, 0, 0, 0, 0, 0, 0, 0, 0, 0;Europe/Paris;38,5
2023-05-10T18:00:00Z;-1;9000003703;hourly;0,5722222222;1,6274864376;50,1344750097;3,2549728752;0,0000000000;1,6274864376;0,0000000000;10,0732295914;40,0612454182;1,6274864376;1,6274864376;0,0000000000;0,0000000000;1;3.2639488816, 6.3014647612, 14.4702548583, 55.2280254296, 17.6987901896, 0, 3.0375158796, 0;3.2639488816, 0, 6.3014647612, 0, 6.3014647612, 8.1687900971, 28.1902545992, 27.0377708305, 11.1885992016, 6.510190988, 0, 0, 3.0375158796, 0, 0, 0, 0, 0, 0, 0, 0, 0, 0, 0, 0;Europe/Paris;40,0
2023-05-10T19:00:00Z;-1;9000003703;hourly;0,3205555556;0,0000000000;49,7202512767;2,9556650246;0,0000000000;0,0000000000;0,0000000000;25,7278438107;23,9924074660;0,0000000000;2,9556650246;0,0000000000;0,0000000000;1;0, 0, 12.5872600349, 45.102530541, 36.3656195462, 5.9445898778, 0, 0;0, 0, 0, 0, 6.6426701571, 5.9445898778, 13.2853403141, 31.8171902269, 30.4210296684, 5.9445898778, 0, 5.9445898778, 0, 0, 0, 0, 0, 0, 0, 0, 0, 0, 0, 0, 0;Europe/Paris;42,0
2023-05-10T20:00:00Z;-1;9000003703;hourly;0,0000000000;0,0000000000;0,0000000000;0,0000000000;0,0000000000;0,0000000000;0,0000000000;0,0000000000;0,0000000000;0,0000000000;0,0000000000;0,0000000000;0,0000000000;1;0, 0, 0, 0, 0, 0, 0, 0;0, 0, 0, 0, 0, 0, 0, 0, 0, 0, 0, 0, 0, 0, 0, 0, 0, 0, 0, 0, 0, 0, 0, 0, 0;Europe/Paris;NA
2023-05-11T03:00:00Z;-1;9000003703;hourly;0,0000000000;0,0000000000;0,0000000000;0,0000000000;0,0000000000;0,0000000000;0,0000000000;0,0000000000;0,0000000000;0,0000000000;0,0000000000;0,0000000000;0,0000000000;1;0, 0, 0, 0, 0, 0, 0, 0;0, 0, 0, 0, 0, 0, 0, 0, 0, 0, 0, 0, 0, 0, 0, 0, 0, 0, 0, 0, 0, 0, 0, 0, 0;Europe/Paris;NA
2023-05-11T04:00:00Z;-1;9000003703;hourly;0,2652777778;2,1428571429;2,1428571429;5,5042016807;2,1428571429;2,1428571429;0,0000000000;2,1428571429;0,0000000000;5,5042016807;0,0000000000;2,1428571429;0,0000000000;1;0, 0, 0, 100, 0, 0, 0, 0;0, 0, 0, 0, 0, 0, 100, 0, 0, 0, 0, 0, 0, 0, 0, 0, 0, 0, 0, 0, 0, 0, 0, 0, 0;Europe/Paris;31,5
2023-05-11T05:00:00Z;-1;9000003703;hourly;0,6427777778;7,8171958289;58,3225539484;14,0673795109;1,5817223199;7,8171958289;0,0000000000;42,6682940830;15,6542598654;9,3989181488;4,6684613621;1,5817223199;0,0000000000;1;0, 5.7047774465, 26.9811975508, 54.0762267562, 13.2377982465, 0, 0, 0;0, 0, 2.8523887233, 2.8523887233, 7.8730361649, 19.1081613858, 32.5367674252, 21.539459331, 10.525773116, 2.7120251305, 0, 0, 0, 0, 0, 0, 0, 0, 0, 0, 0, 0, 0, 0, 0;Europe/Paris;37,0
2023-05-11T06:00:00Z;-1;9000003703;hourly;0,6513888889;26,3667245240;139,4808196193;20,4448000968;11,0160458785;9,3196867411;17,0470377828;87,5147176418;51,9661019775;18,8546940897;1,5901060071;7,8358338643;3,1802120141;1;2.2800353646, 7.6512006415, 41.5491713289, 36.357010897, 11.0225640858, 0, 1.1400176823, 0;1.1400176823, 1.1400176823, 1.1400176823, 6.5111829592, 12.2153068315, 29.3338644974, 20.8630792217, 15.4939316752, 8.8964824716, 2.1260816142, 0, 0, 0, 1.1400176823, 0, 0, 0, 0, 0, 0, 0, 0, 0, 0, 0;Europe/Paris;36,5
2023-05-11T07:00:00Z;-1;9000003703;hourly;0,5991666667;6,4248009250;27,2585735136;10,9962720303;1,4657980456;1,4657980456;4,9590028794;14,9481602400;12,3104132736;9,2852454143;1,7110266160;1,4657980456;0,0000000000;1;12.9867056911, 6.2770218519, 36.5565411478, 28.0475806865, 16.1321506227, 0, 0, 0;12.9867056911, 0, 0, 6.2770218519, 11.9154300639, 24.6411110839, 17.2928136047, 10.7547670818, 16.1321506227, 0, 0, 0, 0, 0, 0, 0, 0, 0, 0, 0, 0, 0, 0, 0, 0;Europe/Paris;38,0
2023-05-11T08:00:00Z;-1;9000003703;hourly;0,6452777778;4,7366035455;34,3768855902;7,8454118357;0,0000000000;1,5410958904;3,1955076551;10,9741708161;23,4027147742;4,7499118002;3,0955000355;0,0000000000;0,0000000000;1;4.2500620285, 4.5216549387, 37.2594751092, 45.2358037556, 8.7330041681, 0, 0, 0;4.2500620285, 0, 0, 4.5216549387, 13.8171673165, 23.4423077927, 35.9015785787, 9.3342251769, 8.7330041681, 0, 0, 0, 0, 0, 0, 0, 0, 0, 0, 0, 0, 0, 0, 0, 0;Europe/Paris;34,0
2023-05-11T09:00:00Z;-1;9000003703;hourly;0,6233333333;9,6777170199;28,6826459917;4,6779566098;0,0000000000;5,1579673977;4,5197496223;8,0560953983;20,6265505934;1,5929203540;3,0850362558;0,0000000000;0,0000000000;1;16.8203026929, 0, 39.294273538, 38.7833329977, 0, 5.1020907714, 0, 0;5.1020907714, 11.7182119215, 0, 0, 5.5536032291, 33.7406703089, 28.0275740741, 10.7557589236, 0, 0, 0, 5.1020907714, 0, 0, 0, 0, 0, 0, 0, 0, 0, 0, 0, 0, 0;Europe/Paris;33,0
2023-05-11T10:00:00Z;-1;9000003703;hourly;0,6363888889;4,7454294054;51,4196497158;6,2305742345;0,0000000000;1,5652173913;3,1802120141;10,8505855797;40,5690641360;1,5050167224;4,7255575121;0,0000000000;0,0000000000;1;3.0924092557, 3.0924092557, 33.2191290852, 51.5713541546, 9.0246982488, 0, 0, 0;3.0924092557, 0, 3.0924092557, 0, 9.3556584367, 23.8634706485, 27.4253262457, 24.1460279089, 9.0246982488, 0, 0, 0, 0, 0, 0, 0, 0, 0, 0, 0, 0, 0, 0, 0, 0;Europe/Paris;36,5
2023-05-11T11:00:00Z;-1;9000003703;hourly;0,5966666667;4,9399666459;45,2608774977;4,7424171766;1,6759776536;0,0000000000;4,9399666459;21,3151636178;23,9457138799;3,2091974151;1,5332197615;1,6759776536;0,0000000000;1;0, 0, 47.0933349961, 45.1372983656, 7.7693666382, 0, 0, 0;0, 0, 0, 0, 21.9499166127, 25.1434183834, 33.859018723, 11.2782796427, 7.7693666382, 0, 0, 0, 0, 0, 0, 0, 0, 0, 0, 0, 0, 0, 0, 0, 0;Europe/Paris;34,5
2023-05-11T12:00:00Z;-1;9000003703;hourly;0,6363888889;6,2587649393;29,4807038626;14,5917505755;3,0542283116;6,2587649393;0,0000000000;9,6209614877;19,8597423749;8,0742373637;6,5175132118;3,0542283116;0,0000000000;1;0, 10.1761760755, 31.7401282033, 47.0128724633, 5.9742550734, 0, 0, 5.0965681845;0, 0, 5.0965681845, 5.079607891, 11.0538629644, 20.6862652389, 36.8366963878, 10.1761760755, 5.9742550734, 0, 0, 0, 0, 0, 5.0965681845, 0, 0, 0, 0, 0, 0, 0, 0, 0, 0;Europe/Paris;35,5
2023-05-11T13:00:00Z;-1;9000003703;hourly;0,5886111111;8,5154946819;35,4020041731;11,9820975776;3,3948949426;5,1256641734;3,3898305085;15,0499874570;20,3520167161;5,4117508259;6,5703467517;1,8404907975;1,5544041451;1;0, 9.1783487269, 33.0234029513, 49.0168011615, 8.7814471603, 0, 0, 0;0, 0, 0, 9.1783487269, 14.0672505594, 18.9561523919, 39.3402741823, 9.6765269792, 8.7814471603, 0, 0, 0, 0, 0, 0, 0, 0, 0, 0, 0, 0, 0, 0, 0, 0;Europe/Paris;34,5
2023-05-11T14:00:00Z;-1;9000003703;hourly;0,6586111111;27,4628518586;93,1164967434;48,1324296532;6,2337842847;10,8570719559;16,6057799027;22,7062480315;70,4102487119;15,4803596271;32,6520700261;1,5845070423;4,6492772424;1;11.6518600543, 19.878633017, 32.7033922619, 32.4560762863, 3.3100383805, 0, 0, 0;9.9502206052, 1.7016394492, 10.0512664723, 9.8273665448, 11.5756262528, 21.1277660091, 24.2728248351, 8.1832514511, 1.6550191903, 1.6550191903, 0, 0, 0, 0, 0, 0, 0, 0, 0, 0, 0, 0, 0, 0, 0;Europe/Paris;32,0
2023-05-11T15:00:00Z;-1;9000003703;hourly;0,6463888889;19,4919637679;103,7115130395;30,4205087074;7,4788668344;11,4127397196;8,0792240482;23,2090629130;80,5024501264;25,7572962721;4,6632124352;2,7993779160;4,6794889184;1;5.6799828917, 2.6991968721, 23.4935738967, 60.4695633713, 6.1589061212, 0, 0, 1.498776847;2.9807860195, 2.6991968721, 0, 2.6991968721, 5.8773169738, 17.6162569229, 43.9537774099, 16.5157859614, 4.6444352758, 1.5144708454, 0, 0, 0, 0, 0, 0, 0, 0, 1.498776847, 0, 0, 0, 0, 0, 0;Europe/Paris;35,5
2023-05-11T16:00:00Z;-1;9000003703;hourly;0,6088888889;4,6646693998;70,4912200541;26,4706862572;4,9602130008;3,0773678125;1,5873015873;27,2641047429;43,2271153112;8,2049731516;18,2657131056;1,8828451883;3,0773678125;1;2.1138323667, 0, 26.6740014596, 60.0858016663, 6.8986997741, 0, 4.2276647333, 0;2.1138323667, 0, 0, 0, 2.1138323667, 24.5601690929, 40.9463320367, 19.1394696296, 4.7848674074, 2.1138323667, 0, 0, 4.2276647333, 0, 0, 0, 0, 0, 0, 0, 0, 0, 0, 0, 0;Europe/Paris;36,5
2023-05-11T17:00:00Z;-1;9000003703;hourly;0,6477777778;6,4618233116;69,4219370739;8,1101749599;2,8785089738;1,6822429907;4,7795803209;22,5798980277;46,8420390461;1,6483516484;6,4618233116;1,4150943396;1,4634146341;1;2.3743959299, 6.9056115044, 28.2888098993, 51.6247855805, 10.8063970859, 0, 0, 0;2.3743959299, 0, 2.3743959299, 4.5312155745, 6.9056115044, 21.3831983949, 27.6583799063, 23.9664056742, 10.8063970859, 0, 0, 0, 0, 0, 0, 0, 0, 0, 0, 0, 0, 0, 0, 0, 0;Europe/Paris;36,5
2023-05-11T18:00:00Z;-1;9000003703;hourly;0,6516666667;1,3867488444;36,9404661243;6,1554158164;4,8736780259;1,3867488444;0,0000000000;13,9388356669;23,0016304574;0,0000000000;6,1554158164;1,6216216216;3,2520564042;1;7.5080202817, 4.1294111549, 21.4760112062, 42.0319370244, 16.9711990372, 0, 0, 7.8834212957;3.7540101408, 3.7540101408, 0, 4.1294111549, 4.389824471, 17.0861867352, 25.6054223611, 16.4265146633, 12.5575168245, 4.4136822127, 0, 0, 0, 0, 3.7540101408, 0, 0, 0, 0, 0, 4.1294111549, 0, 0, 0, 0;Europe/Paris;41,5
2023-05-11T19:00:00Z;-1;9000003703;hourly;0,4541666667;0,0000000000;13,1136057476;0,0000000000;0,0000000000;0,0000000000;0,0000000000;4,4718945177;8,6417112299;0,0000000000;0,0000000000;0,0000000000;0,0000000000;1;0, 17.4633611834, 0, 65.8988183437, 0, 16.6378204729, 0, 0;0, 0, 0, 17.4633611834, 0, 0, 0, 65.8988183437, 0, 0, 16.6378204729, 0, 0, 0, 0, 0, 0, 0, 0, 0, 0, 0, 0, 0, 0;Europe/Paris;48,0
2023-05-11T20:00:00Z;-1;9000003703;hourly;0,0000000000;0,0000000000;0,0000000000;0,0000000000;0,0000000000;0,0000000000;0,0000000000;0,0000000000;0,0000000000;0,0000000000;0,0000000000;0,0000000000;0,0000000000;1;0, 0, 0, 0, 0, 0, 0, 0;0, 0, 0, 0, 0, 0, 0, 0, 0, 0, 0, 0, 0, 0, 0, 0, 0, 0, 0, 0, 0, 0, 0, 0, 0;Europe/Paris;NA
2023-05-12T03:00:00Z;-1;9000003703;hourly;0,0000000000;0,0000000000;0,0000000000;0,0000000000;0,0000000000;0,0000000000;0,0000000000;0,0000000000;0,0000000000;0,0000000000;0,0000000000;0,0000000000;0,0000000000;1;0, 0, 0, 0, 0, 0, 0, 0;0, 0, 0, 0, 0, 0, 0, 0, 0, 0, 0, 0, 0, 0, 0, 0, 0, 0, 0, 0, 0, 0, 0, 0, 0;Europe/Paris;NA
2023-05-12T04:00:00Z;-1;9000003703;hourly;0,2144444444;7,3712378273;9,3023255814;7,3712378273;0,0000000000;3,1007751938;4,2704626335;3,1007751938;6,2015503876;7,3712378273;0,0000000000;0,0000000000;0,0000000000;1;0, 0, 33.3333333333, 66.6666666667, 0, 0, 0, 0;0, 0, 0, 0, 33.3333333333, 0, 33.3333333333, 33.3333333333, 0, 0, 0, 0, 0, 0, 0, 0, 0, 0, 0, 0, 0, 0, 0, 0, 0;Europe/Paris;35,5
2023-05-12T05:00:00Z;-1;9000003703;hourly;0,5783333333;6,3767618557;39,4645221148;11,2680662035;2,9850746269;3,2537897596;3,1229720960;29,5696588765;9,8948632384;8,0142764439;3,2537897596;0,0000000000;2,9850746269;1;0, 7.9133660531, 34.6862417835, 44.3432476731, 8.594269098, 0, 4.4628753924, 0;0, 0, 0, 7.9133660531, 17.5088617351, 17.1773800484, 27.835612522, 16.5076351511, 8.594269098, 0, 0, 0, 4.4628753924, 0, 0, 0, 0, 0, 0, 0, 0, 0, 0, 0, 0;Europe/Paris;37,0
2023-05-12T06:00:00Z;-1;9000003703;hourly;0,6322222222;22,4919543776;121,5939409250;26,0590467099;1,5075376884;1,8292682927;20,6626860849;63,3754991017;58,2184418233;18,1774819426;7,8815647672;1,5075376884;0,0000000000;1;3.8323471763, 7.4188508534, 29.8440254892, 37.1694588804, 15.2352318004, 4.0022466196, 1.2015721753, 1.2962670053;3.8323471763, 0, 3.6994113559, 3.7194394975, 8.5821820382, 21.261843451, 18.4806592233, 18.6887996571, 11.4593384635, 3.7758933369, 4.0022466196, 0, 0, 1.2015721753, 0, 0, 0, 1.2962670053, 0, 0, 0, 0, 0, 0, 0;Europe/Paris;40,5
2023-05-12T07:00:00Z;-1;9000003703;hourly;0,5713888889;6,8330004699;34,9699126137;13,7184576631;0,0000000000;3,4495418233;3,3834586466;15,8861344898;19,0837781239;3,4359153698;10,2825422932;0,0000000000;0,0000000000;1;19.9896714549, 0, 25.2459559599, 44.9000590497, 4.8376710059, 5.0266425296, 0, 0;19.9896714549, 0, 0, 0, 15.2316371219, 10.014318838, 24.8697171431, 20.0303419066, 0, 4.8376710059, 5.0266425296, 0, 0, 0, 0, 0, 0, 0, 0, 0, 0, 0, 0, 0, 0;Europe/Paris;36,0
2023-05-12T08:00:00Z;-1;9000003703;hourly;0,5644444444;24,5306279792;50,0515216222;9,9880760558;1,9522776573;12,7316867323;11,7989412469;29,6848126255;20,3667089967;1,9522776573;8,0357983985;0,0000000000;1,9522776573;1;29.7701896508, 6.7382286371, 25.4313629193, 34.9546106221, 3.1056081707, 0, 0, 0;29.7701896508, 0, 0, 6.7382286371, 11.4190744266, 14.0122884927, 17.3623751588, 17.5922354632, 3.1056081707, 0, 0, 0, 0, 0, 0, 0, 0, 0, 0, 0, 0, 0, 0, 0, 0;Europe/Paris;34,0
2023-05-12T09:00:00Z;-1;9000003703;hourly;0,5752777778;27,6320906488;43,8943179210;3,5444195935;0,0000000000;17,3556132705;10,2764773782;19,3508394225;24,5434784985;1,8036072144;1,7408123791;0,0000000000;0,0000000000;1;15.9845412123, 4.1089765142, 31.3288785556, 36.6120470617, 7.856580142, 0, 0, 4.1089765142;12.1012471203, 3.883294092, 4.1089765142, 0, 3.8906627715, 27.4382157841, 20.176141005, 16.4359060567, 3.9659173705, 3.8906627715, 0, 0, 0, 0, 0, 0, 0, 4.1089765142, 0, 0, 0, 0, 0, 0, 0;Europe/Paris;36,5
2023-05-12T10:00:00Z;-1;9000003703;hourly;0,5861111111;19,7632843357;64,1171385918;13,2962063880;1,5985790409;14,8419883229;4,9212960127;32,7449515156;31,3721870763;6,4999103753;6,7962960127;1,5985790409;0,0000000000;1;16.417344201, 4.9864328819, 10.5292099802, 46.5068724953, 21.5601404416, 0, 0, 0;13.4930090837, 2.9243351172, 2.493216441, 2.493216441, 0, 10.5292099802, 16.4913627965, 30.0155096988, 16.0602441202, 5.4998963214, 0, 0, 0, 0, 0, 0, 0, 0, 0, 0, 0, 0, 0, 0, 0;Europe/Paris;39,5
2023-05-12T11:00:00Z;-1;9000003703;hourly;0,5983333333;12,1639496222;37,4234110543;10,1321582309;1,7274472169;10,4365024053;1,7274472169;13,6781362452;23,7452748091;6,7276217065;3,4045365244;1,7274472169;0,0000000000;1;0, 4.6159534052, 31.5075128913, 49.9198494392, 13.9566842644, 0, 0, 0;0, 0, 4.6159534052, 0, 26.8915594861, 4.6159534052, 31.4817743549, 18.4380750843, 9.3407308592, 4.6159534052, 0, 0, 0, 0, 0, 0, 0, 0, 0, 0, 0, 0, 0, 0, 0;Europe/Paris;37,0
2023-05-12T12:00:00Z;-1;9000003703;hourly;0,5775000000;12,0559367234;38,0747568244;3,4718140628;0,0000000000;8,6497021648;3,4062345586;10,4361229692;27,6386338552;1,7208413002;1,7509727626;0,0000000000;0,0000000000;1;13.7715064874, 0, 49.9550022537, 27.0759393442, 9.1975519146, 0, 0, 0;9.2518681661, 4.5196383213, 0, 0, 13.6380526, 36.3169496537, 13.4518502722, 13.6240890721, 9.1975519146, 0, 0, 0, 0, 0, 0, 0, 0, 0, 0, 0, 0, 0, 0, 0, 0;Europe/Paris;35,5
2023-05-12T13:00:00Z;-1;9000003703;hourly;0,5672222222;12,5076320054;48,7048002218;7,2145131938;1,9108280255;7,2039468371;5,3036851683;22,4042768843;26,3005233375;0,0000000000;7,2145131938;0,0000000000;1,9108280255;1;3.66640306, 3.299762754, 17.8339217385, 57.2779268386, 14.2555825488, 3.66640306, 0, 0;3.66640306, 0, 0, 3.299762754, 6.9444711214, 10.8894506171, 31.744558674, 25.5333681646, 10.9558197948, 3.299762754, 3.66640306, 0, 0, 0, 0, 0, 0, 0, 0, 0, 0, 0, 0, 0, 0;Europe/Paris;39,0
2023-05-12T14:00:00Z;-1;9000003703;hourly;0,6169444444;15,1380416232;141,9546304585;20,5481825061;20,8839384902;6,7635658091;8,3744758141;48,8034205735;93,1512098850;12,3995313809;8,1486511252;7,1151519881;13,7687865020;1;7.1960431815, 8.2422566865, 30.3275601166, 44.068241784, 6.7795826825, 3.3863155489, 0, 0;4.6899072544, 2.5061359271, 2.4244947764, 5.8177619101, 14.4821275193, 15.8454325973, 33.0055091793, 11.0627326047, 5.7333691775, 1.046213505, 2.09242701, 1.2938885389, 0, 0, 0, 0, 0, 0, 0, 0, 0, 0, 0, 0, 0;Europe/Paris;35,5
2023-05-12T15:00:00Z;-1;9000003703;hourly;0,6191666667;17,1265744297;154,9000140431;23,6100569391;1,5490533563;7,7452667814;9,3813076483;46,8384033422;108,0616107010;15,5420673874;8,0679895517;1,5490533563;0,0000000000;1;4.2084800545, 4.0230255301, 40.6475424527, 41.9019191539, 7.2189640988, 2.0000687099, 0, 0;4.2084800545, 0, 0, 4.0230255301, 6.015777599, 34.6317648537, 24.0604244489, 17.841494705, 6.2137392541, 1.0052248447, 1.000034355, 1.000034355, 0, 0, 0, 0, 0, 0, 0, 0, 0, 0, 0, 0, 0;Europe/Paris;36,0
2023-05-12T16:00:00Z;-1;9000003703;hourly;0,6325000000;17,4410219061;124,9292351334;1,5985790409;7,9525928643;4,7648500009;12,6761719052;52,0005493954;72,9286857380;0,0000000000;1,5985790409;1,5985790409;6,3540138235;1;0, 5.1183505259, 43.0227746525, 46.7941275715, 5.0647472501, 0, 0, 0;0, 0, 1.2795876315, 3.8387628944, 11.4593048543, 31.5634697982, 27.7858466208, 19.0082809507, 5.0647472501, 0, 0, 0, 0, 0, 0, 0, 0, 0, 0, 0, 0, 0, 0, 0, 0;Europe/Paris;35,0
2023-05-12T17:00:00Z;-1;9000003703;hourly;0,6302777778;9,5684348929;93,7591815009;5,9900166389;0,0000000000;6,4042640665;3,1641708264;37,9020874384;55,8570940625;2,9950083195;2,9950083195;0,0000000000;0,0000000000;1;0, 3.1943626976, 25.5815212702, 62.6699821267, 6.7765302192, 1.7776036864, 0, 0;0, 0, 1.5971813488, 1.5971813488, 1.7776036864, 23.8039175838, 35.3563832326, 27.3135988941, 5.0500805957, 1.7264496234, 0, 1.7776036864, 0, 0, 0, 0, 0, 0, 0, 0, 0, 0, 0, 0, 0;Europe/Paris;36,5
2023-05-12T18:00:00Z;-1;9000003703;hourly;0,6280555556;0,0000000000;69,3742647428;8,1733565499;1,6853932584;0,0000000000;0,0000000000;20,7230264322;48,6512383105;0,0000000000;8,1733565499;1,6853932584;0,0000000000;1;0, 0, 47.1466416833, 48.1439526165, 0, 2.2799842647, 0, 2.4294214356;0, 0, 0, 0, 13.3137071408, 33.8329345425, 27.1594163108, 20.9845363057, 0, 0, 2.2799842647, 0, 0, 0, 0, 0, 2.4294214356, 0, 0, 0, 0, 0, 0, 0, 0;Europe/Paris;35,0
2023-05-12T19:00:00Z;-1;9000003703;hourly;0,3333333333;0,0000000000;58,9339923798;0,0000000000;0,0000000000;0,0000000000;0,0000000000;29,6568839460;29,2771084337;0,0000000000;0,0000000000;0,0000000000;0,0000000000;1;8.1774149584, 0, 32.3367836899, 37.7338775624, 14.9646693738, 3.3936272077, 0, 3.3936272077;0, 8.1774149584, 0, 0, 8.1774149584, 24.1593687315, 24.1593687315, 13.5745088309, 14.9646693738, 0, 3.3936272077, 0, 0, 0, 0, 0, 0, 0, 0, 0, 3.3936272077, 0, 0, 0, 0;Europe/Paris;40,0
2023-05-12T20:00:00Z;-1;9000003703;hourly;0,0000000000;0,0000000000;0,0000000000;0,0000000000;0,0000000000;0,0000000000;0,0000000000;0,0000000000;0,0000000000;0,0000000000;0,0000000000;0,0000000000;0,0000000000;1;0, 0, 0, 0, 0, 0, 0, 0;0, 0, 0, 0, 0, 0, 0, 0, 0, 0, 0, 0, 0, 0, 0, 0, 0, 0, 0, 0, 0, 0, 0, 0, 0;Europe/Paris;NA
2023-05-13T03:00:00Z;-1;9000003703;hourly;0,0000000000;0,0000000000;0,0000000000;0,0000000000;0,0000000000;0,0000000000;0,0000000000;0,0000000000;0,0000000000;0,0000000000;0,0000000000;0,0000000000;0,0000000000;1;0, 0, 0, 0, 0, 0, 0, 0;0, 0, 0, 0, 0, 0, 0, 0, 0, 0, 0, 0, 0, 0, 0, 0, 0, 0, 0, 0, 0, 0, 0, 0, 0;Europe/Paris;NA
2023-05-13T04:00:00Z;-1;9000003703;hourly;0,1000000000;0,0000000000;0,0000000000;0,0000000000;0,0000000000;0,0000000000;0,0000000000;0,0000000000;0,0000000000;0,0000000000;0,0000000000;0,0000000000;0,0000000000;1;0, 0, 0, 0, 0, 0, 0, 0;0, 0, 0, 0, 0, 0, 0, 0, 0, 0, 0, 0, 0, 0, 0, 0, 0, 0, 0, 0, 0, 0, 0, 0, 0;Europe/Paris;NA
2023-05-13T05:00:00Z;-1;9000003703;hourly;0,3458333333;0,0000000000;47,3208336559;0,0000000000;0,0000000000;0,0000000000;0,0000000000;42,5964242071;4,7244094488;0,0000000000;0,0000000000;0,0000000000;0,0000000000;1;4.9918916086, 0, 9.9837832173, 85.0243251741, 0, 0, 0, 0;4.9918916086, 0, 0, 0, 9.9837832173, 0, 85.0243251741, 0, 0, 0, 0, 0, 0, 0, 0, 0, 0, 0, 0, 0, 0, 0, 0, 0, 0;Europe/Paris;31,5
2023-05-13T06:00:00Z;-1;9000003703;hourly;0,4277777778;2,3498694517;32,7770085846;0,0000000000;0,0000000000;2,3498694517;0,0000000000;17,6067931058;15,1702154788;0,0000000000;0,0000000000;0,0000000000;0,0000000000;1;0, 0, 21.5077844487, 67.6391438203, 10.853071731, 0, 0, 0;0, 0, 0, 0, 0, 21.5077844487, 67.6391438203, 0, 0, 10.853071731, 0, 0, 0, 0, 0, 0, 0, 0, 0, 0, 0, 0, 0, 0, 0;Europe/Paris;32,0
2023-05-13T07:00:00Z;-1;9000003703;hourly;0,3936111111;5,7507987220;132,0292899306;8,6261980831;0,0000000000;0,0000000000;5,7507987220;46,7998456578;85,2294442728;0,0000000000;8,6261980831;0,0000000000;0,0000000000;1;3.7200824595, 3.5354110022, 11.1602473784, 69.3909806053, 8.5208365552, 2.1302091388, 0, 1.5422328607;3.7200824595, 0, 1.5422328607, 1.9931781416, 9.6180145177, 1.5422328607, 24.698573605, 44.6924070003, 8.5208365552, 0, 2.1302091388, 0, 0, 0, 0, 0, 1.5422328607, 0, 0, 0, 0, 0, 0, 0, 0;Europe/Paris;37,0
2023-05-13T08:00:00Z;-1;9000003703;hourly;0,4719444444;2,3872679045;236,5167207616;12,3966942149;0,0000000000;0,0000000000;2,3872679045;147,4227387708;89,0939819907;0,0000000000;12,3966942149;0,0000000000;0,0000000000;1;5.5756175978, 5.6954282987, 36.2094005953, 40.1415563147, 12.3779971934, 0, 0, 0;5.5756175978, 0, 0, 5.6954282987, 8.6036503265, 27.6057502688, 21.9160211058, 18.2255352089, 11.3297250734, 1.04827212, 0, 0, 0, 0, 0, 0, 0, 0, 0, 0, 0, 0, 0, 0, 0;Europe/Paris;37,0
2023-05-13T09:00:00Z;-1;9000003703;hourly;0,4391666667;20,2179595025;123,8811812774;8,6363636364;2,0454545455;11,7473712672;8,4705882353;55,4064471550;68,4747341225;8,6363636364;0,0000000000;2,0454545455;0,0000000000;1;14.2171388495, 8.8557342787, 30.9875157299, 38.9098459589, 7.029765183, 0, 0, 0;10.1810133069, 4.0361255426, 6.8376715074, 2.0180627713, 10.1399560423, 20.8475596876, 35.1823653107, 3.7274806482, 7.029765183, 0, 0, 0, 0, 0, 0, 0, 0, 0, 0, 0, 0, 0, 0, 0, 0;Europe/Paris;32,0
2023-05-13T10:00:00Z;-1;9000003703;hourly;0,4083333333;22,5366435922;268,2236937683;5,3254437870;6,5693430657;15,9673005265;6,5693430657;80,4178684875;187,8058252808;0,0000000000;5,3254437870;0,0000000000;6,5693430657;1;9.1383997383, 1.6328020774, 52.3593323956, 33.5420130705, 3.3274527182, 0, 0, 0;5.6655480006, 3.4728517377, 1.6328020774, 0, 7.7082750377, 44.6510573579, 24.8982100733, 8.6438029972, 0.8473253204, 2.4801273978, 0, 0, 0, 0, 0, 0, 0, 0, 0, 0, 0, 0, 0, 0, 0;Europe/Paris;32,0
2023-05-13T11:00:00Z;-1;9000003703;hourly;0,4316666667;22,3032069971;212,4574539317;0,0000000000;12,4635568513;22,3032069971;0,0000000000;91,7886563685;120,6687975631;0,0000000000;0,0000000000;4,5918367347;7,8717201166;1;0, 0, 21.129198148, 62.9979217006, 12.3719361312, 3.5009440202, 0, 0;0, 0, 0, 0, 12.0100411967, 9.1191569513, 16.6474803558, 46.3504413448, 12.3719361312, 0, 3.5009440202, 0, 0, 0, 0, 0, 0, 0, 0, 0, 0, 0, 0, 0, 0;Europe/Paris;38,0
2023-05-13T12:00:00Z;-1;9000003703;hourly;0,4633333333;34,5830628907;86,9689146025;33,7487804040;0,0000000000;25,6055067810;8,9775561097;52,0525168234;34,9163977790;31,6750476851;2,0737327189;0,0000000000;0,0000000000;1;22.9077116575, 4.7689055989, 31.9790203378, 29.8648432669, 10.4795191389, 0, 0, 0;12.5849933038, 10.3227183537, 4.7689055989, 0, 11.9222639973, 20.0567563406, 10.1264915648, 19.7383517021, 0, 10.4795191389, 0, 0, 0, 0, 0, 0, 0, 0, 0, 0, 0, 0, 0, 0, 0;Europe/Paris;36,5
2023-05-13T13:00:00Z;-1;9000003703;hourly;0,4727777778;21,3594470046;107,1136499003;25,6390016882;0,0000000000;17,0737327189;4,2857142857;51,6084022152;55,5052476851;10,4377880184;15,2012136698;0,0000000000;0,0000000000;1;6.0016360516, 0, 42.1793401949, 41.8452050685, 9.9738186849, 0, 0, 0;4.001090701, 2.0005453505, 0, 0, 13.7960040209, 28.3833361741, 27.6615151937, 14.1836898748, 5.8934984651, 4.0803202199, 0, 0, 0, 0, 0, 0, 0, 0, 0, 0, 0, 0, 0, 0, 0;Europe/Paris;35,5
2023-05-13T14:00:00Z;-1;9000003703;hourly;0,4733333333;28,8350207513;187,0323129179;69,2656032566;18,6635944700;18,8902693701;9,9447513812;63,7064493001;123,3258636178;48,6858967638;20,5797064929;18,6635944700;0,0000000000;1;6.7380254976, 0, 32.0641412659, 46.2820406973, 8.2632542055, 3.3262691669, 3.3262691669, 0;6.7380254976, 0, 0, 0, 4.4350255558, 27.6291157101, 36.6833782443, 9.598662453, 2.9461241192, 5.3171300863, 3.3262691669, 0, 0, 3.3262691669, 0, 0, 0, 0, 0, 0, 0, 0, 0, 0, 0;Europe/Paris;37,5
2023-05-13T15:00:00Z;-1;9000003703;hourly;0,5905555556;1,6423357664;85,2815419908;46,6169050483;1,6274864376;0,0000000000;1,6423357664;39,6237213385;45,6578206523;32,3286265313;14,2882785170;0,0000000000;1,6274864376;1;12.0889013906, 4.1311284974, 40.7023167707, 26.3732436726, 14.7537109441, 0, 0, 1.9506987246;7.7280418451, 4.3608595455, 1.9506987246, 2.1804297728, 10.417769083, 30.2845476877, 15.9978043991, 10.3754392735, 8.2124216258, 6.5412893183, 0, 0, 0, 0, 0, 0, 1.9506987246, 0, 0, 0, 0, 0, 0, 0, 0;Europe/Paris;38,5
2023-05-13T16:00:00Z;-1;9000003703;hourly;0,6127777778;4,9034569520;48,7356026989;57,1182767977;6,6968095915;4,9034569520;0,0000000000;14,5503694700;34,1852332288;52,2416823009;4,8765944968;1,6917293233;5,0050802682;1;19.6530173888, 0, 20.1993897467, 46.8786474821, 13.2689453824, 0, 0, 0;16.3135974422, 3.3394199466, 0, 0, 10.07337859, 10.1260111567, 29.9419772238, 16.9366702582, 9.9295254359, 3.3394199466, 0, 0, 0, 0, 0, 0, 0, 0, 0, 0, 0, 0, 0, 0, 0;Europe/Paris;37,0
2023-05-13T17:00:00Z;-1;9000003703;hourly;0,6511111111;2,9733357340;22,8696206830;48,0829496116;4,7459063908;1,5075376884;1,4657980456;9,1850401705;13,6845805126;27,8198194844;20,2631301272;0,0000000000;4,7459063908;1;13.4478922145, 20.3039055809, 19.8587201915, 33.5707469242, 12.8187350889, 0, 0, 0;13.4478922145, 0, 6.8560133664, 13.4478922145, 6.4093675445, 13.449352647, 12.8187350889, 20.7520118353, 12.8187350889, 0, 0, 0, 0, 0, 0, 0, 0, 0, 0, 0, 0, 0, 0, 0, 0;Europe/Paris;37,0
2023-05-13T18:00:00Z;-1;9000003703;hourly;0,6136111111;3,4150197628;65,2960487611;12,9435873846;3,2727272727;1,6363636364;1,7786561265;18,1402438998;47,1558048613;8,0385013966;4,9050859880;1,6363636364;1,6363636364;1;0, 0, 38.683616859, 37.5908845201, 21.2148654457, 0, 0, 2.5106331752;0, 0, 0, 0, 18.2008004716, 20.4828163875, 19.8274907229, 17.7633937972, 18.9328495298, 2.2820159159, 0, 0, 0, 0, 0, 0, 0, 0, 0, 2.5106331752, 0, 0, 0, 0, 0;Europe/Paris;40,0
2023-05-13T19:00:00Z;-1;9000003703;hourly;0,4958333333;0,0000000000;17,7161514328;1,5463917526;2,0689655172;0,0000000000;0,0000000000;7,1105029009;10,6056485320;0,0000000000;1,5463917526;0,0000000000;2,0689655172;1;0, 0, 9.8642914753, 69.7285829505, 0, 0, 20.4071255742, 0;0, 0, 0, 0, 0, 9.8642914753, 21.5427055207, 48.1858774298, 0, 0, 0, 0, 20.4071255742, 0, 0, 0, 0, 0, 0, 0, 0, 0, 0, 0, 0;Europe/Paris;59,0
2023-05-13T20:00:00Z;-1;9000003703;hourly;0,0000000000;0,0000000000;0,0000000000;0,0000000000;0,0000000000;0,0000000000;0,0000000000;0,0000000000;0,0000000000;0,0000000000;0,0000000000;0,0000000000;0,0000000000;1;0, 0, 0, 0, 0, 0, 0, 0;0, 0, 0, 0, 0, 0, 0, 0, 0, 0, 0, 0, 0, 0, 0, 0, 0, 0, 0, 0, 0, 0, 0, 0, 0;Europe/Paris;NA
2023-05-14T03:00:00Z;-1;9000003703;hourly;0,0000000000;0,0000000000;0,0000000000;0,0000000000;0,0000000000;0,0000000000;0,0000000000;0,0000000000;0,0000000000;0,0000000000;0,0000000000;0,0000000000;0,0000000000;1;0, 0, 0, 0, 0, 0, 0, 0;0, 0, 0, 0, 0, 0, 0, 0, 0, 0, 0, 0, 0, 0, 0, 0, 0, 0, 0, 0, 0, 0, 0, 0, 0;Europe/Paris;NA
2023-05-14T04:00:00Z;-1;9000003703;hourly;0,1863888889;0,0000000000;0,0000000000;4,4887780549;0,0000000000;0,0000000000;0,0000000000;0,0000000000;0,0000000000;0,0000000000;4,4887780549;0,0000000000;0,0000000000;1;0, 0, 0, 0, 0, 0, 0, 0;0, 0, 0, 0, 0, 0, 0, 0, 0, 0, 0, 0, 0, 0, 0, 0, 0, 0, 0, 0, 0, 0, 0, 0, 0;Europe/Paris;NA
2023-05-14T05:00:00Z;-1;9000003703;hourly;0,5838888889;0,0000000000;10,2752144561;1,5075376884;1,6363636364;0,0000000000;0,0000000000;1,6363636364;8,6388508198;1,5075376884;0,0000000000;1,6363636364;0,0000000000;1;0, 0, 37.5523632627, 62.4476367373, 0, 0, 0, 0;0, 0, 0, 0, 0, 37.5523632627, 62.4476367373, 0, 0, 0, 0, 0, 0, 0, 0, 0, 0, 0, 0, 0, 0, 0, 0, 0, 0;Europe/Paris;31,5
2023-05-14T06:00:00Z;-1;9000003703;hourly;0,6286111111;1,5734265734;16,0893354139;25,3167585636;1,8255578093;1,5734265734;0,0000000000;6,6531136207;9,4362217932;0,0000000000;25,3167585636;0,0000000000;1,8255578093;1;11.3463841878, 8.8789958803, 38.3546736255, 30.0735621185, 11.3463841878, 0, 0, 0;11.3463841878, 0, 0, 8.8789958803, 18.6583095247, 19.6963641007, 21.1945662382, 8.8789958803, 0, 11.3463841878, 0, 0, 0, 0, 0, 0, 0, 0, 0, 0, 0, 0, 0, 0, 0;Europe/Paris;35,5
2023-05-14T07:00:00Z;-1;9000003703;hourly;0,6405555556;1,4469453376;30,8232727033;11,9362526778;1,4469453376;0,0000000000;1,4469453376;13,0530205781;17,7702521252;3,3416821797;8,5945704981;1,4469453376;0,0000000000;1;12.2941964038, 15.6426157495, 33.9057116474, 28.7153900205, 9.4420861788, 0, 0, 0;12.2941964038, 0, 4.7477587738, 10.8948569757, 14.4111263791, 19.4945852682, 18.8841723576, 9.831217663, 0, 9.4420861788, 0, 0, 0, 0, 0, 0, 0, 0, 0, 0, 0, 0, 0, 0, 0;Europe/Paris;34,5
2023-05-14T08:00:00Z;-1;9000003703;hourly;0,6100000000;21,8201172739;48,9067239291;6,3848004131;3,2315978456;20,2043183511;1,6157989228;33,1167090951;15,7900148340;4,9093905770;1,4754098361;0,0000000000;3,2315978456;1;49.8110883375, 0, 26.252413023, 23.9364986395, 0, 0, 0, 0;46.5072503517, 3.3038379858, 0, 0, 12.7680016667, 13.4844113563, 17.2020633929, 6.7344352466, 0, 0, 0, 0, 0, 0, 0, 0, 0, 0, 0, 0, 0, 0, 0, 0, 0;Europe/Paris;30,0
2023-05-14T09:00:00Z;-1;9000003703;hourly;0,6147222222;15,1842074436;64,9580427811;16,3703241476;6,5616440630;15,1842074436;0,0000000000;27,7532422287;37,2048005524;4,7957371226;11,5745870250;4,9630650222;1,5985790409;1;25.4741231115, 4.9853597682, 27.2716419742, 34.9906842952, 7.2781908509, 0, 0, 0;20.2160216877, 5.2581014237, 0, 4.9853597682, 22.220963273, 5.0506787013, 25.2515525471, 9.7391317481, 7.2781908509, 0, 0, 0, 0, 0, 0, 0, 0, 0, 0, 0, 0, 0, 0, 0, 0;Europe/Paris;33,5
2023-05-14T10:00:00Z;-1;9000003703;hourly;0,6475000000;9,6207700737;55,6604798620;10,7582259824;1,6100178891;9,6207700737;0,0000000000;34,0719602907;21,5885195713;3,0560271647;7,7021988178;0,0000000000;1,6100178891;1;22.4746741778, 2.8925691857, 24.5352572277, 30.8398703906, 13.7850019912, 2.821895593, 2.6507314341, 0;16.8308829918, 5.643791186, 0, 2.8925691857, 8.2178667126, 16.317390515, 19.5522880185, 11.287582372, 5.4726270271, 8.3123749641, 2.821895593, 0, 2.6507314341, 0, 0, 0, 0, 0, 0, 0, 0, 0, 0, 0, 0;Europe/Paris;41,5
2023-05-14T11:00:00Z;-1;9000003703;hourly;0,6652777778;1,5957446809;22,7212803996;6,1496809028;1,5957446809;1,5957446809;0,0000000000;4,5321309617;18,1891494378;4,6620775970;1,4876033058;0,0000000000;1,5957446809;1;7.0231283307, 0, 12.9235070791, 45.9645040708, 27.5416797284, 6.547180791, 0, 0;7.0231283307, 0, 0, 0, 0, 12.9235070791, 20.0215214646, 25.9429826062, 13.4954230669, 14.0462566615, 6.547180791, 0, 0, 0, 0, 0, 0, 0, 0, 0, 0, 0, 0, 0, 0;Europe/Paris;44,5
2023-05-14T12:00:00Z;-1;9000003703;hourly;0,5880555556;14,1631307224;25,1076481956;7,7640083329;0,0000000000;14,1631307224;0,0000000000;16,3208499250;8,7867982707;3,1007958977;4,6632124352;0,0000000000;0,0000000000;1;14.7210066583, 0, 28.8374540764, 56.4415392653, 0, 0, 0, 0;14.7210066583, 0, 0, 0, 6.1909587587, 22.6464953177, 50.2505805065, 6.1909587587, 0, 0, 0, 0, 0, 0, 0, 0, 0, 0, 0, 0, 0, 0, 0, 0, 0;Europe/Paris;31,5
2023-05-14T13:00:00Z;-1;9000003703;hourly;0,6475000000;4,6443375913;51,2081682475;14,7502480766;0,0000000000;3,1713425013;1,4729950900;28,3742405994;22,8339276482;7,0866141732;7,6636339034;0,0000000000;0,0000000000;1;0, 3.4597088784, 45.5445256549, 39.2775029409, 8.8417778937, 0, 0, 2.8764846321;0, 0, 0, 3.4597088784, 14.8916650022, 30.6528606527, 36.5441715098, 2.7333314311, 8.8417778937, 0, 0, 0, 0, 0, 0, 2.8764846321, 0, 0, 0, 0, 0, 0, 0, 0, 0;Europe/Paris;32,5
2023-05-14T14:00:00Z;-1;9000003703;hourly;0,6425000000;4,4532650448;38,3087384611;18,2069757580;6,0277183957;4,4532650448;0,0000000000;18,9389297472;19,3698087140;8,9065300896;9,3004456684;1,6853932584;4,3423251373;1;7.6584992116, 3.981921071, 25.0005314906, 51.4132850138, 7.963842142, 3.981921071, 0, 0;0, 7.6584992116, 0, 3.981921071, 8.5430306614, 16.4575008292, 34.6504412543, 16.7628437595, 7.963842142, 0, 0, 3.981921071, 0, 0, 0, 0, 0, 0, 0, 0, 0, 0, 0, 0, 0;Europe/Paris;36,5
2023-05-14T15:00:00Z;-1;9000003703;hourly;0,5883333333;1,7751479290;61,5423051554;18,6406886177;3,0927835052;1,7751479290;0,0000000000;29,6313224653;31,9109826901;9,4347223971;9,2059662207;1,5463917526;1,5463917526;1;2.8844352263, 11.9506390305, 37.9875176966, 44.0659002599, 3.1115077867, 0, 0, 0;2.8844352263, 0, 3.1115077867, 8.8391312438, 2.6161156704, 35.3714020262, 33.4162035055, 10.6496967545, 3.1115077867, 0, 0, 0, 0, 0, 0, 0, 0, 0, 0, 0, 0, 0, 0, 0, 0;Europe/Paris;32,5
2023-05-14T16:00:00Z;-1;9000003703;hourly;0,6502777778;4,6102641172;38,5400006626;13,9332815985;10,6316153371;1,5845070423;3,0257570749;7,7594641606;30,7805365020;3,1282463218;10,8050352766;3,0257570749;7,6058582621;1;11.8837981159, 8.116881858, 20.0004586075, 55.8875302951, 4.1113311235, 0, 0, 0;11.8837981159, 0, 0, 8.116881858, 7.9838064042, 12.0166522033, 39.9196961202, 15.9678341748, 4.1113311235, 0, 0, 0, 0, 0, 0, 0, 0, 0, 0, 0, 0, 0, 0, 0, 0;Europe/Paris;34,0
2023-05-14T17:00:00Z;-1;9000003703;hourly;0,6230555556;1,6100178891;28,6242808131;3,2200357782;4,8157804590;1,6100178891;0,0000000000;9,7391002809;18,8851805322;0,0000000000;3,2200357782;1,6100178891;3,2057625699;1;11.1994519299, 5.2754761734, 44.5250009391, 33.3754129982, 5.6246579595, 0, 0, 0;11.1994519299, 0, 0, 5.2754761734, 5.6246579595, 38.9003429796, 22.5251428544, 10.8502701438, 0, 5.6246579595, 0, 0, 0, 0, 0, 0, 0, 0, 0, 0, 0, 0, 0, 0, 0;Europe/Paris;33,0
2023-05-14T18:00:00Z;-1;9000003703;hourly;0,6169444444;0,0000000000;19,8420427832;7,8403612153;3,4167900327;0,0000000000;0,0000000000;9,8535805100;9,9884622732;6,2992653249;1,5410958904;3,4167900327;0,0000000000;1;0, 16.8931966526, 32.7669145449, 50.3398888025, 0, 0, 0, 0;0, 0, 8.4465983263, 8.4465983263, 7.7801428837, 24.9867716611, 41.5665361889, 8.7733526136, 0, 0, 0, 0, 0, 0, 0, 0, 0, 0, 0, 0, 0, 0, 0, 0, 0;Europe/Paris;32,0
2023-05-14T19:00:00Z;-1;9000003703;hourly;0,4141666667;0,0000000000;31,5049804036;1,9607843137;0,0000000000;0,0000000000;0,0000000000;6,5370555002;24,9679249035;0,0000000000;1,9607843137;0,0000000000;0,0000000000;1;7.8265512089, 0, 6.2237280855, 28.5758277246, 44.9264368098, 6.2237280855, 0, 6.2237280855;7.8265512089, 0, 0, 0, 0, 6.2237280855, 14.5255484302, 14.0502792945, 44.9264368098, 0, 6.2237280855, 0, 0, 0, 0, 0, 0, 0, 0, 0, 6.2237280855, 0, 0, 0, 0;Europe/Paris;42,0
2023-05-14T20:00:00Z;-1;9000003703;hourly;0,0000000000;0,0000000000;0,0000000000;0,0000000000;0,0000000000;0,0000000000;0,0000000000;0,0000000000;0,0000000000;0,0000000000;0,0000000000;0,0000000000;0,0000000000;1;0, 0, 0, 0, 0, 0, 0, 0;0, 0, 0, 0, 0, 0, 0, 0, 0, 0, 0, 0, 0, 0, 0, 0, 0, 0, 0, 0, 0, 0, 0, 0, 0;Europe/Paris;NA
2023-05-15T02:00:00Z;-1;9000003703;hourly;0,0000000000;0,0000000000;0,0000000000;0,0000000000;0,0000000000;0,0000000000;0,0000000000;0,0000000000;0,0000000000;0,0000000000;0,0000000000;0,0000000000;0,0000000000;1;0, 0, 0, 0, 0, 0, 0, 0;0, 0, 0, 0, 0, 0, 0, 0, 0, 0, 0, 0, 0, 0, 0, 0, 0, 0, 0, 0, 0, 0, 0, 0, 0;Europe/Paris;NA
2023-05-15T03:00:00Z;-1;9000003703;hourly;0,0000000000;0,0000000000;0,0000000000;0,0000000000;0,0000000000;0,0000000000;0,0000000000;0,0000000000;0,0000000000;0,0000000000;0,0000000000;0,0000000000;0,0000000000;1;0, 0, 0, 0, 0, 0, 0, 0;0, 0, 0, 0, 0, 0, 0, 0, 0, 0, 0, 0, 0, 0, 0, 0, 0, 0, 0, 0, 0, 0, 0, 0, 0;Europe/Paris;NA
2023-05-15T04:00:00Z;-1;9000003703;hourly;0,2730555556;6,5410593672;13,4376110914;6,5410593672;0,0000000000;6,5410593672;0,0000000000;9,9893352293;3,4482758621;6,5410593672;0,0000000000;0,0000000000;0,0000000000;1;0, 0, 25.6613756614, 48.6772486772, 0, 25.6613756614, 0, 0;0, 0, 0, 0, 0, 25.6613756614, 48.6772486772, 0, 0, 0, 0, 25.6613756614, 0, 0, 0, 0, 0, 0, 0, 0, 0, 0, 0, 0, 0;Europe/Paris;54,5
2023-05-15T05:00:00Z;-1;9000003703;hourly;0,6036111111;4,8774171271;59,2029520870;9,8207277114;6,3856132075;3,2199585635;1,6574585635;49,2872658121;9,9156862749;6,6957277114;3,1250000000;3,2606132075;3,1250000000;1;0, 0, 29.9805942928, 58.6835798648, 11.3358258424, 0, 0, 0;0, 0, 0, 0, 13.4251974393, 16.5553968535, 39.1323396213, 19.5512402434, 11.3358258424, 0, 0, 0, 0, 0, 0, 0, 0, 0, 0, 0, 0, 0, 0, 0, 0;Europe/Paris;36,5
2023-05-15T06:00:00Z;-1;9000003703;hourly;0,5716666667;22,9191335740;136,4792609754;36,5858535833;4,8736462094;9,7472924188;13,1718411552;86,3709089247;50,1083520507;31,2908929909;5,2949605923;1,6245487365;3,2490974729;1;3.6995345936, 9.9082773351, 39.1671052077, 28.3841334323, 12.634516649, 4.9622047615, 1.2442280207, 0;3.6995345936, 0, 2.5092081478, 7.3990691873, 12.6699760768, 26.4971291309, 11.5381711243, 16.8459623081, 9.0635373115, 3.5709793375, 2.5815518699, 2.3806528917, 1.2442280207, 0, 0, 0, 0, 0, 0, 0, 0, 0, 0, 0, 0;Europe/Paris;39,5
2023-05-15T07:00:00Z;-1;9000003703;hourly;0,6050000000;8,3012573900;43,0771249193;6,5545814784;3,2818109294;6,6708226074;1,6304347826;16,5653355797;26,5117893396;6,5545814784;0,0000000000;3,2818109294;0,0000000000;1;0, 3.9198422603, 34.676783626, 53.8335338068, 7.569840307, 0, 0, 0;0, 0, 0, 3.9198422603, 7.6460811147, 27.0307025113, 30.6153786035, 23.2181552034, 3.7849201535, 3.7849201535, 0, 0, 0, 0, 0, 0, 0, 0, 0, 0, 0, 0, 0, 0, 0;Europe/Paris;36,0
2023-05-15T08:00:00Z;-1;9000003703;hourly;0,6275000000;6,2660784295;49,5582273314;4,9232678374;3,1126349525;4,7560113154;1,5100671141;21,8790903903;27,6791369411;3,1375535517;1,7857142857;1,4851485149;1,6274864376;1;3.0470563525, 6.8872534534, 28.8589442955, 51.2724360927, 6.3310447541, 3.6032650518, 0, 0;3.0470563525, 0, 3.6032650518, 3.2839884016, 9.884028348, 18.9749159475, 34.2139407843, 17.0584953084, 3.2839884016, 3.0470563525, 3.6032650518, 0, 0, 0, 0, 0, 0, 0, 0, 0, 0, 0, 0, 0, 0;Europe/Paris;36,0
2023-05-15T09:00:00Z;-1;9000003703;hourly;0,6469444444;4,5529624893;66,1118523496;7,6460747342;0,0000000000;4,5529624893;0,0000000000;25,0523578997;41,0594944500;4,5423876072;3,1036871270;0,0000000000;0,0000000000;1;4.7268377589, 4.6786047206, 28.7241929601, 42.8239888846, 0, 2.3634188795, 7.0902566384, 9.5927001579;2.3634188795, 2.3634188795, 0, 4.6786047206, 9.6834917595, 19.0407012006, 23.5640391243, 19.2599497603, 0, 0, 0, 2.3634188795, 0, 7.0902566384, 0, 2.3634188795, 0, 0, 0, 0, 0, 0, 0, 0, 7.2292812784;Europe/Paris;63,5
2023-05-15T10:00:00Z;-1;9000003703;hourly;0,5736111111;1,6728624535;90,3254581583;19,2513368984;1,6728624535;0,0000000000;1,6728624535;39,9871949897;50,3382631687;19,2513368984;0,0000000000;0,0000000000;1,6728624535;1;1.7761084279, 3.9421884888, 37.0897629468, 51.670559589, 5.5213805475, 0, 0, 0;0, 1.7761084279, 0, 3.9421884888, 17.347946014, 19.7418169328, 21.0828979303, 30.5876616587, 5.5213805475, 0, 0, 0, 0, 0, 0, 0, 0, 0, 0, 0, 0, 0, 0, 0, 0;Europe/Paris;36,0
2023-05-15T11:00:00Z;-1;9000003703;hourly;0,6288888889;1,7341040462;34,9094481781;4,8536881017;6,6176470588;1,7341040462;0,0000000000;20,8411858131;14,0682623650;3,2938960740;1,5597920277;3,3088235294;3,3088235294;1;8.8707201592, 4.7391518659, 32.4154616065, 40.6358376908, 8.8707201592, 4.4681085183, 0, 0;4.7391518659, 4.1315682933, 0, 4.7391518659, 8.8707201592, 23.5447414473, 19.3704126515, 21.2654250393, 8.8707201592, 0, 0, 4.4681085183, 0, 0, 0, 0, 0, 0, 0, 0, 0, 0, 0, 0, 0;Europe/Paris;37,0
2023-05-15T12:00:00Z;-1;9000003703;hourly;0,6261111111;8,0109935384;30,4656033334;0,0000000000;1,5985790409;1,5734265734;6,4375669649;14,4010899285;16,0645134049;0,0000000000;0,0000000000;1,5985790409;0,0000000000;1;5.322795035, 5.322795035, 15.9683851051, 42.0960939283, 26.1253308189, 5.1646000777, 0, 0;0, 5.322795035, 5.322795035, 0, 15.9683851051, 0, 21.2911801401, 20.8049137881, 15.6403137105, 10.4850171085, 5.1646000777, 0, 0, 0, 0, 0, 0, 0, 0, 0, 0, 0, 0, 0, 0;Europe/Paris;43,0
2023-05-15T13:00:00Z;-1;9000003703;hourly;0,6286111111;6,5799487335;54,3113353946;14,7658632862;0,0000000000;1,6822429907;4,8977057428;22,2142606472;32,0970747475;6,7289719626;8,0368913236;0,0000000000;0,0000000000;1;12.00611649, 11.6539264106, 26.2086757454, 41.2517250437, 8.8795563104, 0, 0, 0;9.1539432833, 2.8521732066, 0, 11.6539264106, 11.3795394376, 14.8291363078, 32.2360588492, 9.0156661945, 5.7821495197, 3.0974067907, 0, 0, 0, 0, 0, 0, 0, 0, 0, 0, 0, 0, 0, 0, 0;Europe/Paris;34,0
2023-05-15T14:00:00Z;-1;9000003703;hourly;0,6088888889;6,6223123670;60,7396639008;21,9373626757;3,2606132075;0,0000000000;6,6223123670;19,5144463696;41,2252175311;1,6981132075;20,2392494681;1,5625000000;1,6981132075;1;5.5346028338, 16.2709586124, 32.5786600201, 37.362398478, 5.5145009689, 2.7388790867, 0, 0;5.5346028338, 0, 2.795723747, 13.4752348653, 10.9596253834, 21.6190346368, 24.0209547982, 13.3414436799, 2.7187772219, 2.795723747, 0, 2.7388790867, 0, 0, 0, 0, 0, 0, 0, 0, 0, 0, 0, 0, 0;Europe/Paris;35,0
2023-05-15T15:00:00Z;-1;9000003703;hourly;0,6288888889;20,5383857549;101,8429313672;33,8724887335;8,0021067542;15,8149675254;4,7234182296;43,2537508240;58,5891805432;20,8975119724;12,9749767611;1,5845070423;6,4175997119;1;6.4387159336, 7.7496122786, 39.281238923, 38.7269756907, 7.8034571741, 0, 0, 0;4.8290369502, 1.6096789834, 3.1116681757, 4.6379441029, 6.384871038, 32.896367885, 26.4280937908, 12.2988818998, 4.6917889985, 3.1116681757, 0, 0, 0, 0, 0, 0, 0, 0, 0, 0, 0, 0, 0, 0, 0;Europe/Paris;34,5
2023-05-15T16:00:00Z;-1;9000003703;hourly;0,5900000000;10,5387504334;68,0767345394;21,6164733152;4,7535211268;3,2826202498;7,2561301836;16,1582360905;51,9184984489;14,8900236355;6,7264496797;1,5845070423;3,1690140845;1;9.2898136167, 2.3275309149, 29.425568674, 49.0560888408, 9.9009979536, 0, 0, 0;9.2898136167, 0, 0, 2.3275309149, 17.2173498484, 12.2082188256, 41.9269265639, 7.1291622768, 7.5734670387, 2.3275309149, 0, 0, 0, 0, 0, 0, 0, 0, 0, 0, 0, 0, 0, 0, 0;Europe/Paris;34,0
2023-05-15T17:00:00Z;-1;9000003703;hourly;0,6241666667;3,2200357782;70,6275769990;13,0004080411;1,6100178891;3,2200357782;0,0000000000;20,9351616669;49,6924153322;9,6986608287;3,3017472124;0,0000000000;1,6100178891;1;4.5591763373, 0, 31.8228046659, 40.131763332, 21.2066674961, 2.2795881687, 0, 0;4.5591763373, 0, 0, 0, 18.4442881123, 13.3785165537, 29.032834947, 11.098928385, 18.8897769756, 2.3168905205, 0, 2.2795881687, 0, 0, 0, 0, 0, 0, 0, 0, 0, 0, 0, 0, 0;Europe/Paris;39,5
2023-05-15T18:00:00Z;-1;9000003703;hourly;0,6402777778;3,3111018711;46,2701562875;3,3111018711;0,0000000000;1,8711018711;1,4400000000;23,0273452715;23,2428110160;1,8711018711;1,4400000000;0,0000000000;0,0000000000;1;0, 0, 38.3142170377, 58.5736257631, 3.1121571992, 0, 0, 0;0, 0, 0, 0, 13.2078228542, 25.1063941835, 36.3463701942, 22.2272555689, 3.1121571992, 0, 0, 0, 0, 0, 0, 0, 0, 0, 0, 0, 0, 0, 0, 0, 0;Europe/Paris;35,0
2023-05-15T19:00:00Z;-1;9000003703;hourly;0,4783333333;0,0000000000;43,7826459255;4,9136577708;1,8367346939;0,0000000000;0,0000000000;26,7710860568;17,0115598687;3,3751962323;1,5384615385;0,0000000000;1,8367346939;1;0, 0, 38.5449093013, 61.4550906987, 0, 0, 0, 0;0, 0, 0, 0, 11.9041022214, 26.6408070799, 46.7183858402, 14.7367048585, 0, 0, 0, 0, 0, 0, 0, 0, 0, 0, 0, 0, 0, 0, 0, 0, 0;Europe/Paris;32,5
2023-05-15T20:00:00Z;-1;9000003703;hourly;0,0000000000;0,0000000000;0,0000000000;0,0000000000;0,0000000000;0,0000000000;0,0000000000;0,0000000000;0,0000000000;0,0000000000;0,0000000000;0,0000000000;0,0000000000;1;0, 0, 0, 0, 0, 0, 0, 0;0, 0, 0, 0, 0, 0, 0, 0, 0, 0, 0, 0, 0, 0, 0, 0, 0, 0, 0, 0, 0, 0, 0, 0, 0;Europe/Paris;NA
2023-05-16T02:00:00Z;-1;9000003703;hourly;0,0000000000;0,0000000000;0,0000000000;0,0000000000;0,0000000000;0,0000000000;0,0000000000;0,0000000000;0,0000000000;0,0000000000;0,0000000000;0,0000000000;0,0000000000;1;0, 0, 0, 0, 0, 0, 0, 0;0, 0, 0, 0, 0, 0, 0, 0, 0, 0, 0, 0, 0, 0, 0, 0, 0, 0, 0, 0, 0, 0, 0, 0, 0;Europe/Paris;NA
2023-05-16T03:00:00Z;-1;9000003703;hourly;0,0000000000;0,0000000000;0,0000000000;0,0000000000;0,0000000000;0,0000000000;0,0000000000;0,0000000000;0,0000000000;0,0000000000;0,0000000000;0,0000000000;0,0000000000;1;0, 0, 0, 0, 0, 0, 0, 0;0, 0, 0, 0, 0, 0, 0, 0, 0, 0, 0, 0, 0, 0, 0, 0, 0, 0, 0, 0, 0, 0, 0, 0, 0;Europe/Paris;NA
2023-05-16T04:00:00Z;-1;9000003703;hourly;0,3075000000;2,2388059701;18,1295090107;4,5871425651;0,0000000000;2,2388059701;0,0000000000;13,6518970704;4,4776119403;4,5871425651;0,0000000000;0,0000000000;0,0000000000;1;0, 12.953117448, 25.3020782987, 37.046882552, 12.3489608507, 12.3489608507, 0, 0;0, 0, 0, 12.953117448, 12.953117448, 12.3489608507, 12.3489608507, 24.6979217013, 12.3489608507, 0, 12.3489608507, 0, 0, 0, 0, 0, 0, 0, 0, 0, 0, 0, 0, 0, 0;Europe/Paris;41,5
2023-05-16T05:00:00Z;-1;9000003703;hourly;0,6177777778;11,0365392747;51,4888144414;13,3000357782;3,0500178891;9,5965392747;1,4400000000;40,7653342007;10,7234802407;7,3700178891;5,9300178891;1,6100178891;1,4400000000;1;8.3901718206, 3.0558609486, 32.7107189053, 49.5893933609, 6.2538549646, 0, 0, 0;8.3901718206, 0, 0, 3.0558609486, 6.8618686418, 25.8488502635, 37.8131570496, 11.7762363113, 6.2538549646, 0, 0, 0, 0, 0, 0, 0, 0, 0, 0, 0, 0, 0, 0, 0, 0;Europe/Paris;34,0
2023-05-16T06:00:00Z;-1;9000003703;hourly;0,6391666667;10,9185441941;129,3717986332;53,0834690346;7,7096791135;3,1195840555;7,7989601386;87,2298505271;42,1419481060;49,8839069687;3,1995620658;4,6347355706;3,0749435429;1;19.5050503422, 10.816490058, 32.5352267333, 32.3588862362, 3.62874964, 0, 0, 1.1555969903;13.356457265, 6.1485930772, 4.7881591381, 6.0283309199, 13.2278224259, 19.3074043074, 17.7588787832, 14.6000074531, 3.62874964, 0, 0, 0, 0, 0, 0, 0, 0, 0, 1.1555969903, 0, 0, 0, 0, 0, 0;Europe/Paris;34,0
2023-05-16T07:00:00Z;-1;9000003703;hourly;0,6194444444;4,8910419475;32,0995669441;13,1133347800;0,0000000000;3,2487061810;1,6423357664;14,4558131676;17,6437537764;4,8827752073;8,2305595727;0,0000000000;0,0000000000;1;5.2018110261, 0, 34.7757803527, 55.1292565391, 4.8931520821, 0, 0, 0;5.2018110261, 0, 0, 0, 14.7052096783, 20.0705706744, 39.9775913788, 15.1516651603, 4.8931520821, 0, 0, 0, 0, 0, 0, 0, 0, 0, 0, 0, 0, 0, 0, 0, 0;Europe/Paris;34,0
2023-05-16T08:00:00Z;-1;9000003703;hourly;0,6369444444;6,2917150871;36,1440932866;4,9761596897;3,1507050529;4,6188526336;1,6728624535;20,2476708576;15,8964224290;4,9761596897;0,0000000000;1,6304347826;1,5202702703;1;0, 4.2061375235, 17.5381084181, 69.1165090649, 9.1392449935, 0, 0, 0;0, 0, 0, 4.2061375235, 4.075341103, 13.4627673151, 31.0574870888, 38.0590219761, 9.1392449935, 0, 0, 0, 0, 0, 0, 0, 0, 0, 0, 0, 0, 0, 0, 0, 0;Europe/Paris;36,5
2023-05-16T09:00:00Z;-1;9000003703;hourly;0,5347222222;20,6349527380;33,7757450667;7,2831945125;3,8787375415;18,8492384523;1,7857142857;13,4899591595;20,2857859072;0,0000000000;7,2831945125;3,8787375415;0,0000000000;1;16.6017665209, 0, 10.7816933396, 61.6721707292, 5.6573971106, 0, 0, 5.2869722998;0, 16.6017665209, 0, 0, 5.6573971106, 5.124296229, 39.4066817431, 22.2654889861, 0, 5.6573971106, 0, 0, 0, 0, 0, 0, 5.2869722998, 0, 0, 0, 0, 0, 0, 0, 0;Europe/Paris;36,5
2023-05-16T10:00:00Z;-1;9000003703;hourly;0,5208333333;15,3896839174;42,3274326508;9,3674443544;5,6698898599;13,4583534453;1,9313304721;15,5558772438;26,7715554071;1,8072289157;7,5602154387;0,0000000000;5,6698898599;1;4.5143962339, 9.3468522024, 22.8900409039, 45.0693846842, 18.1793259756, 0, 0, 0;4.5143962339, 0, 4.8324559685, 4.5143962339, 0, 22.8900409039, 22.6204188971, 22.4489657871, 13.9096861641, 4.2696398115, 0, 0, 0, 0, 0, 0, 0, 0, 0, 0, 0, 0, 0, 0, 0;Europe/Paris;38,5
2023-05-16T11:00:00Z;-1;9000003703;hourly;0,5608333333;13,6022541859;35,6135707314;20,4424781540;10,6606944408;10,2930846492;3,3091695367;23,0055779318;12,6079927996;13,1671132475;7,2753649065;7,3515249040;3,3091695367;1;4.4413471814, 0, 17.6311154386, 50.3815092866, 27.5460280935, 0, 0, 0;0, 4.4413471814, 0, 0, 0, 17.6311154386, 30.362062028, 20.0194472586, 21.668989614, 5.8770384795, 0, 0, 0, 0, 0, 0, 0, 0, 0, 0, 0, 0, 0, 0, 0;Europe/Paris;40,5
2023-05-16T12:00:00Z;-1;9000003703;hourly;0,6288888889;9,6540161662;25,0303217476;9,7744631028;3,3271719039;9,6540161662;0,0000000000;9,5148079213;15,5155138263;6,6301021181;3,1443609847;3,3271719039;0,0000000000;1;6.242428746, 6.0127741768, 12.5622076153, 68.9401607159, 6.242428746, 0, 0, 0;0, 6.242428746, 0, 6.0127741768, 0, 12.5622076153, 31.770697962, 37.1694627539, 6.242428746, 0, 0, 0, 0, 0, 0, 0, 0, 0, 0, 0, 0, 0, 0, 0, 0;Europe/Paris;36,5
2023-05-16T13:00:00Z;-1;9000003703;hourly;0,6194444444;6,5343611137;29,1342515693;11,4886487561;0,0000000000;6,5343611137;0,0000000000;12,8862576332;16,2479939361;4,9001130089;6,5885357472;0,0000000000;0,0000000000;1;16.1043325226, 5.1918445148, 16.8418944797, 56.4613209894, 0, 5.4006074935, 0, 0;16.1043325226, 0, 0, 5.1918445148, 11.1212509866, 5.7206434931, 34.0328707573, 22.4284502321, 0, 0, 5.4006074935, 0, 0, 0, 0, 0, 0, 0, 0, 0, 0, 0, 0, 0, 0;Europe/Paris;35,5
2023-05-16T14:00:00Z;-1;9000003703;hourly;0,5972222222;20,8385783122;70,9012376099;18,4777272716;1,5306122449;10,8843198229;9,9542584894;22,0725596999;48,8286779099;11,1882398771;7,2894873945;0,0000000000;1,5306122449;1;4.5991715732, 12.5807707704, 39.8301393271, 28.3739740752, 9.4930937132, 2.2114483523, 2.9114021886, 0;4.5991715732, 0, 7.9815991972, 4.5991715732, 13.2452407046, 26.5848986225, 17.4746929104, 10.8992811648, 4.3702431724, 5.1228505408, 0, 2.2114483523, 2.9114021886, 0, 0, 0, 0, 0, 0, 0, 0, 0, 0, 0, 0;Europe/Paris;37,5
2023-05-16T15:00:00Z;-1;9000003703;hourly;0,5911111111;14,1518280142;92,7295836194;38,5880059326;5,2102061070;12,3589993289;1,7928286853;33,5460251581;59,1835584612;28,6861878044;9,9018181282;3,4173774217;1,7928286853;1;12.6263923506, 14.8834968366, 35.83770069, 29.9588649677, 6.6935451551, 0, 0, 0;10.6929978336, 1.9333945169, 1.9333945169, 12.9501023197, 7.1499187689, 28.6877819211, 21.5133991492, 8.4454658185, 5.0201588663, 1.6733862888, 0, 0, 0, 0, 0, 0, 0, 0, 0, 0, 0, 0, 0, 0, 0;Europe/Paris;32,5
2023-05-16T16:00:00Z;-1;9000003703;hourly;0,5952777778;5,1963443262;99,5557900554;40,4238668372;10,6662505851;1,6853932584;3,5109510678;23,8650552084;75,6907348470;17,9312974556;22,4925693815;3,6511156187;7,0151349665;1;3.5361811318, 7.2035877353, 25.5332270455, 53.5571923994, 10.169811688, 0, 0, 0;3.5361811318, 0, 1.7024778301, 5.5011099053, 10.0126598883, 15.5205671572, 33.4006471512, 20.1565452483, 8.3361083862, 1.8337033018, 0, 0, 0, 0, 0, 0, 0, 0, 0, 0, 0, 0, 0, 0, 0;Europe/Paris;36,5
2023-05-16T17:00:00Z;-1;9000003703;hourly;0,6241666667;3,3100728155;67,4991630398;19,2836667225;7,8125000000;1,7475728155;1,5625000000;28,9964847673;38,5026782725;5,0468697690;14,2367969535;4,6875000000;3,1250000000;1;21.6242188275, 9.7758158913, 13.8092389148, 37.796194574, 14.679688275, 2.3148435175, 0, 0;21.6242188275, 0, 2.5890288662, 7.1867870251, 6.9126016764, 6.8966372384, 18.7450401746, 19.0511543994, 14.679688275, 0, 2.3148435175, 0, 0, 0, 0, 0, 0, 0, 0, 0, 0, 0, 0, 0, 0;Europe/Paris;38,0
2023-05-16T18:00:00Z;-1;9000003703;hourly;0,5952777778;0,0000000000;33,4386985150;6,9183809393;10,0322536045;0,0000000000;0,0000000000;16,7798736050;16,6588249100;3,4688391160;3,4495418233;4,8523878725;5,1798657319;1;5.2568209233, 0, 20.4921186137, 54.3185685095, 19.9324919535, 0, 0, 0;5.2568209233, 0, 0, 0, 0, 20.4921186137, 39.14098028, 15.1775882295, 19.9324919535, 0, 0, 0, 0, 0, 0, 0, 0, 0, 0, 0, 0, 0, 0, 0, 0;Europe/Paris;38,5
2023-05-16T19:00:00Z;-1;9000003703;hourly;0,5322222222;0,0000000000;16,9180144589;7,6745748095;0,0000000000;0,0000000000;0,0000000000;12,4874090341;4,4306054249;3,1195840555;4,5549907540;0,0000000000;0,0000000000;1;0, 0, 0, 73.8113155323, 17.7041976975, 0, 8.4844867703, 0;0, 0, 0, 0, 0, 0, 64.5916046051, 9.2197109272, 17.7041976975, 0, 0, 0, 8.4844867703, 0, 0, 0, 0, 0, 0, 0, 0, 0, 0, 0, 0;Europe/Paris;40,5
2023-05-16T20:00:00Z;-1;9000003703;hourly;0,0000000000;0,0000000000;0,0000000000;0,0000000000;0,0000000000;0,0000000000;0,0000000000;0,0000000000;0,0000000000;0,0000000000;0,0000000000;0,0000000000;0,0000000000;1;0, 0, 0, 0, 0, 0, 0, 0;0, 0, 0, 0, 0, 0, 0, 0, 0, 0, 0, 0, 0, 0, 0, 0, 0, 0, 0, 0, 0, 0, 0, 0, 0;Europe/Paris;NA
2023-05-17T02:00:00Z;-1;9000003703;hourly;0,0000000000;0,0000000000;0,0000000000;0,0000000000;0,0000000000;0,0000000000;0,0000000000;0,0000000000;0,0000000000;0,0000000000;0,0000000000;0,0000000000;0,0000000000;1;0, 0, 0, 0, 0, 0, 0, 0;0, 0, 0, 0, 0, 0, 0, 0, 0, 0, 0, 0, 0, 0, 0, 0, 0, 0, 0, 0, 0, 0, 0, 0, 0;Europe/Paris;NA
2023-05-17T03:00:00Z;-1;9000003703;hourly;0,0000000000;0,0000000000;0,0000000000;0,0000000000;0,0000000000;0,0000000000;0,0000000000;0,0000000000;0,0000000000;0,0000000000;0,0000000000;0,0000000000;0,0000000000;1;0, 0, 0, 0, 0, 0, 0, 0;0, 0, 0, 0, 0, 0, 0, 0, 0, 0, 0, 0, 0, 0, 0, 0, 0, 0, 0, 0, 0, 0, 0, 0, 0;Europe/Paris;NA
2023-05-17T04:00:00Z;-1;9000003703;hourly;0,3283333333;4,2791762014;4,2791762014;4,2791762014;2,1739130435;2,1052631579;2,1739130435;2,1739130435;2,1052631579;4,2791762014;0,0000000000;2,1739130435;0,0000000000;1;0, 0, 0, 100, 0, 0, 0, 0;0, 0, 0, 0, 0, 0, 50.8021390374, 49.1978609626, 0, 0, 0, 0, 0, 0, 0, 0, 0, 0, 0, 0, 0, 0, 0, 0, 0;Europe/Paris;36,0
2023-05-17T05:00:00Z;-1;9000003703;hourly;0,6311111111;9,4761145743;42,2804681399;11,6569409523;5,0975761971;7,9217104292;1,5544041451;35,6853877830;6,5950803569;9,8747627344;1,7821782178;5,0975761971;0,0000000000;1;0, 0, 39.8962401842, 45.4983212178, 10.9791311588, 3.6263074392, 0, 0;0, 0, 0, 0, 11.5178528967, 28.3783872874, 18.8706766163, 26.6276446014, 3.6263074392, 7.3528237196, 3.6263074392, 0, 0, 0, 0, 0, 0, 0, 0, 0, 0, 0, 0, 0, 0;Europe/Paris;37,5
2023-05-17T06:00:00Z;-1;9000003703;hourly;0,6480555556;15,1595417531;64,2644851195;42,7005506142;6,0913705584;0,0000000000;15,1595417531;42,9370709566;21,3274141629;39,6015258380;3,0990247762;6,0913705584;0,0000000000;1;7.4437882696, 14.2767037995, 32.639137622, 38.4484237662, 4.7392977218, 0, 0, 2.452648821;5.0741394087, 2.3696488609, 9.4544061176, 4.8222976819, 11.8482443045, 20.7908933175, 21.6118818597, 16.8365419066, 2.3696488609, 2.3696488609, 0, 0, 0, 0, 0, 0, 0, 2.452648821, 0, 0, 0, 0, 0, 0, 0;Europe/Paris;35,0
2023-05-17T07:00:00Z;-1;9000003703;hourly;0,6180555556;8,2730986801;53,6843829547;8,1057597974;0,0000000000;6,5289126336;1,7441860465;32,7260392643;20,9583436904;6,3615737509;1,7441860465;0,0000000000;0,0000000000;1;0, 6.0087008901, 32.7815785359, 51.7962017698, 9.4135188041, 0, 0, 0;0, 0, 0, 6.0087008901, 9.1018101219, 23.679768414, 45.4541289653, 6.3420728046, 9.4135188041, 0, 0, 0, 0, 0, 0, 0, 0, 0, 0, 0, 0, 0, 0, 0, 0;Europe/Paris;33,0
2023-05-17T08:00:00Z;-1;9000003703;hourly;0,6094444444;6,5766446254;68,6970302118;17,5930296845;1,7612524462;6,5766446254;0,0000000000;39,5106583360;29,1863718758;12,7776375053;4,8153921792;0,0000000000;1,7612524462;1;0, 6.9934780231, 26.2787392184, 50.1735374338, 14.2477307092, 0, 2.3065146155, 0;0, 0, 0, 6.9934780231, 9.5572750908, 16.7214641275, 33.606654847, 16.5668825868, 9.5446378288, 4.7030928804, 0, 0, 0, 2.3065146155, 0, 0, 0, 0, 0, 0, 0, 0, 0, 0, 0;Europe/Paris;38,5
2023-05-17T09:00:00Z;-1;9000003703;hourly;0,5977777778;4,9854683658;69,2007177751;8,2613253001;0,0000000000;4,9854683658;0,0000000000;29,7535072114;39,4472105637;0,0000000000;8,2613253001;0,0000000000;0,0000000000;1;2.2937646289, 0, 23.6054103182, 54.9862199591, 16.771245554, 0, 2.3433595398, 0;2.2937646289, 0, 0, 0, 4.6371241688, 18.9682861494, 37.8919089644, 17.0943109947, 12.0845264743, 4.6867190797, 0, 0, 0, 2.3433595398, 0, 0, 0, 0, 0, 0, 0, 0, 0, 0, 0;Europe/Paris;39,0
2023-05-17T10:00:00Z;-1;9000003703;hourly;0,5936111111;31,9009058880;104,9539953342;35,7720148318;1,7110266160;23,0624789850;8,8384269030;24,5282770306;80,4257183036;9,9761154339;25,7958993979;0,0000000000;1,7110266160;1;8.0526247659, 10.7887312405, 34.089480196, 29.4541984736, 12.5892140483, 3.3954878346, 0, 1.6302634412;3.0268734901, 5.0257512758, 5.3943656203, 5.3943656203, 8.9600728215, 25.1294073745, 17.3322912097, 12.1219072639, 5.9331993314, 6.6560147169, 3.3954878346, 0, 0, 0, 1.6302634412, 0, 0, 0, 0, 0, 0, 0, 0, 0, 0;Europe/Paris;39,5
2023-05-17T11:00:00Z;-1;9000003703;hourly;0,6169444444;9,4605195523;74,2536521075;17,6198664070;3,0015232356;5,0281537094;4,4323658429;42,2747560093;31,9788960982;14,3022313468;3,3176350601;3,0015232356;0,0000000000;1;13.6641674957, 1.9269659696, 29.8602272801, 43.304496128, 8.7031334937, 2.5410096329, 0, 0;11.5488767542, 2.1152907415, 0, 1.9269659696, 2.2362760053, 27.6239512747, 26.0911303206, 17.2133658074, 6.5878427522, 2.1152907415, 2.5410096329, 0, 0, 0, 0, 0, 0, 0, 0, 0, 0, 0, 0, 0, 0;Europe/Paris;36,5
2023-05-17T12:00:00Z;-1;9000003703;hourly;0,5669444444;10,8522227489;84,7679558141;14,4299831914;1,7543859649;10,8522227489;0,0000000000;37,0653563146;47,7025994995;8,9693775606;5,4606056308;1,7543859649;0,0000000000;1;16.7198378309, 6.2089003376, 28.8314617154, 44.0191480924, 4.2206520237, 0, 0, 0;8.2897618495, 8.4300759814, 0, 6.2089003376, 8.3359925172, 20.4954691982, 31.5438886834, 12.475259409, 4.2206520237, 0, 0, 0, 0, 0, 0, 0, 0, 0, 0, 0, 0, 0, 0, 0, 0;Europe/Paris;33,0
2023-05-17T13:00:00Z;-1;9000003703;hourly;0,5272222222;15,4069137141;69,1544819210;17,1526410400;1,7857142857;4,0358744395;11,3710392746;47,7338152256;21,4206666954;13,3489895346;3,8036515054;1,7857142857;0,0000000000;1;2.5822104889, 5.7205893908, 50.4986050224, 38.3383004025, 2.8602946954, 0, 0, 0;0, 2.5822104889, 0, 5.7205893908, 22.1634391392, 28.3351658832, 26.7816837184, 11.5566166841, 0, 2.8602946954, 0, 0, 0, 0, 0, 0, 0, 0, 0, 0, 0, 0, 0, 0, 0;Europe/Paris;32,5
2023-05-17T14:00:00Z;-1;9000003703;hourly;0,5441666667;5,3856749311;64,4930881432;8,9118457300;7,3126164429;3,5261707989;1,8595041322;32,4298387284;32,0632494148;3,5261707989;5,3856749311;5,4531123107;1,8595041322;1;8.051773632, 8.4553437705, 38.8631801839, 36.1743586432, 8.4553437705, 0, 0, 0;8.051773632, 0, 2.8832611149, 5.5720826556, 16.118238254, 22.7449419299, 33.5901023847, 2.5842562585, 8.4553437705, 0, 0, 0, 0, 0, 0, 0, 0, 0, 0, 0, 0, 0, 0, 0, 0;Europe/Paris;32,0
2023-05-22T03:00:00Z;-1;9000003703;hourly;0,0000000000;0,0000000000;0,0000000000;0,0000000000;0,0000000000;0,0000000000;0,0000000000;0,0000000000;0,0000000000;0,0000000000;0,0000000000;0,0000000000;0,0000000000;1;0, 0, 0, 0, 0, 0, 0, 0;0, 0, 0, 0, 0, 0, 0, 0, 0, 0, 0, 0, 0, 0, 0, 0, 0, 0, 0, 0, 0, 0, 0, 0, 0;Europe/Paris;NA
2023-05-22T04:00:00Z;-1;9000003703;hourly;0,3797222222;4,1799972180;9,1250521630;5,8283488663;0,0000000000;4,1799972180;0,0000000000;6,5934065934;2,5316455696;5,8283488663;0,0000000000;0,0000000000;0,0000000000;1;0, 0, 18.0640243902, 81.9359756098, 0, 0, 0, 0;0, 0, 0, 0, 18.0640243902, 0, 36.1280487805, 45.8079268293, 0, 0, 0, 0, 0, 0, 0, 0, 0, 0, 0, 0, 0, 0, 0, 0, 0;Europe/Paris;36,0
2023-05-22T05:00:00Z;-1;9000003703;hourly;0,7908333333;5,0653978556;55,7672311345;16,4831876835;1,2658227848;2,5158227848;2,5495750708;48,1684048603;7,5988262742;11,4177898279;5,0653978556;1,2658227848;0,0000000000;1;0, 4.5460590674, 27.2899040721, 50.0176737753, 18.1463630853, 0, 0, 0;0, 0, 4.5460590674, 0, 4.571815776, 22.7180882962, 18.2132804904, 31.8043932848, 9.0793303455, 9.0670327398, 0, 0, 0, 0, 0, 0, 0, 0, 0, 0, 0, 0, 0, 0, 0;Europe/Paris;39,0
2023-05-22T06:00:00Z;-1;9000003703;hourly;0,7827777778;18,7031570587;136,1351076193;31,3914987295;4,9518569464;4,9941203058;13,7090367529;84,5192539552;51,6158536640;30,1256759447;1,2658227848;3,7138927098;1,2379642366;1;9.2688946913, 10.0954455077, 43.4334440516, 34.4536585818, 2.7485571675, 0, 0, 0;3.657921591, 5.6109731003, 5.5281594932, 4.5672860145, 18.4443945144, 24.9890495372, 17.6315799359, 16.8220786459, 2.7485571675, 0, 0, 0, 0, 0, 0, 0, 0, 0, 0, 0, 0, 0, 0, 0, 0;Europe/Paris;34,0
2023-05-22T07:00:00Z;-1;9000003703;hourly;0,7919444444;8,8466752346;36,6478836059;8,7747348094;0,0000000000;3,7974683544;5,0492068802;8,7747348094;27,8731487964;6,2571734989;2,5175613105;0,0000000000;0,0000000000;1;0, 0, 20.7516179362, 51.7424626789, 24.0903373579, 3.415582027, 0, 0;0, 0, 0, 0, 7.0266193918, 13.7249985444, 27.6136940183, 24.1287686606, 13.760055777, 10.3302815809, 3.415582027, 0, 0, 0, 0, 0, 0, 0, 0, 0, 0, 0, 0, 0, 0;Europe/Paris;42,0
2023-05-22T08:00:00Z;-1;9000003703;hourly;0,7883333333;5,0800324321;43,0426087311;2,5622892621;1,2500000000;2,5461522609;2,5338801712;13,9452749647;29,0973337665;1,2784090909;1,2838801712;0,0000000000;1,2500000000;1;2.9040990703, 0, 26.5245676559, 67.6672342035, 2.9040990703, 0, 0, 0;2.9040990703, 0, 0, 0, 2.9701013219, 23.554466334, 35.3403578785, 32.326876325, 2.9040990703, 0, 0, 0, 0, 0, 0, 0, 0, 0, 0, 0, 0, 0, 0, 0, 0;Europe/Paris;35,5
2023-05-22T09:00:00Z;-1;9000003703;hourly;0,7972222222;10,0219450230;50,1223000108;7,5529577595;3,7836003020;6,2417786887;3,7801663343;28,8446590505;21,2776409604;3,7939376915;3,7590200680;2,5142067900;1,2693935120;1;4.9534012209, 0, 15.1323052096, 54.9041078377, 20.0008928187, 0, 2.4767006105, 2.5325923027;2.4767006105, 2.4767006105, 0, 0, 2.5325923027, 12.599712907, 30.0189729081, 24.8851349296, 20.0008928187, 0, 0, 0, 2.4767006105, 0, 0, 0, 0, 0, 0, 0, 0, 0, 0, 0, 2.5325923027;Europe/Paris;40,0
2023-05-22T10:00:00Z;-1;9000003703;hourly;0,7508333333;13,5042751499;56,5104487735;5,5629989779;0,0000000000;10,9029235163;2,6013516336;24,7103636675;31,8000851060;5,5629989779;0,0000000000;0,0000000000;0,0000000000;1;14.6699360033, 0, 14.6699360033, 49.8123846257, 18.5159339632, 0, 2.3318094045, 0;12.1658073504, 2.5041286529, 0, 0, 0, 14.6699360033, 16.5866015592, 33.2257830666, 16.234235076, 2.2816988872, 0, 0, 0, 2.3318094045, 0, 0, 0, 0, 0, 0, 0, 0, 0, 0, 0;Europe/Paris;39,5
2023-05-22T11:00:00Z;-1;9000003703;hourly;0,7616666667;17,0153945814;36,7557443890;7,8089395267;0,0000000000;13,0635979118;3,9517966696;21,0245779827;15,7311664063;5,1428571429;2,6660823839;0,0000000000;0,0000000000;1;14.4015899131, 3.5486910897, 21.2454941576, 50.0527171902, 10.7515076494, 0, 0, 0;10.8528988234, 3.5486910897, 3.5486910897, 0, 3.4979955027, 17.7474986549, 32.047697394, 18.0050197962, 7.2535121467, 3.4979955027, 0, 0, 0, 0, 0, 0, 0, 0, 0, 0, 0, 0, 0, 0, 0;Europe/Paris;36,5
2023-05-22T12:00:00Z;-1;9000003703;hourly;0,7355555556;14,9732712674;30,8992766775;8,1398713924;0,0000000000;14,9732712674;0,0000000000;10,9754506585;19,9238260190;1,4218009479;6,7180704446;0,0000000000;0,0000000000;1;8.8165855107, 17.2469459765, 51.7018922134, 13.4179907886, 4.6014052779, 4.2151802329, 0, 0;8.8165855107, 0, 8.4303604657, 8.8165855107, 12.9252517325, 38.7766404809, 8.8165855107, 4.6014052779, 0, 4.6014052779, 0, 4.2151802329, 0, 0, 0, 0, 0, 0, 0, 0, 0, 0, 0, 0, 0;Europe/Paris;31,5
2023-05-22T13:00:00Z;-1;9000003703;hourly;0,7366666667;8,5401748451;36,8457686251;16,6800089535;2,6829447084;8,5401748451;0,0000000000;30,0733697495;6,7723988757;12,4419089492;4,2381000043;1,3574660633;1,3254786451;1;3.5297893984, 3.5297893984, 19.7622513243, 45.511018025, 23.7147015891, 3.9524502649, 0, 0;3.5297893984, 0, 3.5297893984, 0, 15.8098010594, 3.9524502649, 14.8506084828, 30.6604095422, 23.7147015891, 0, 3.9524502649, 0, 0, 0, 0, 0, 0, 0, 0, 0, 0, 0, 0, 0, 0;Europe/Paris;40,0
2023-05-22T14:00:00Z;-1;9000003703;hourly;0,7433333333;8,2066198287;106,0693599991;50,6755366120;4,0532147054;4,0140732448;4,1925465839;33,7015425143;72,3678174849;16,4323907133;34,2431458987;0,0000000000;4,0532147054;1;5.1831497415, 10.2654459103, 26.9888590024, 45.9607041442, 8.9667436995, 0, 1.3175487511, 1.3175487511;3.8656009904, 1.3175487511, 5.2078258327, 5.0576200776, 6.5253745838, 20.4634844186, 24.2855627776, 21.6751413666, 6.3940153689, 2.5727283305, 0, 0, 1.3175487511, 0, 1.3175487511, 0, 0, 0, 0, 0, 0, 0, 0, 0, 0;Europe/Paris;36,5
2023-05-22T15:00:00Z;-1;9000003703;hourly;0,7377777778;13,6857173024;102,9698320165;42,1353311946;2,8079963260;10,8897506228;2,7959666796;40,3486232520;62,6212087646;28,2429522360;13,8923789586;1,3493253373;1,4586709887;1;2.5491440431, 7.7790949884, 41.9968384627, 38.4213426442, 7.9431714528, 1.3104084089, 0, 0;2.5491440431, 0, 0, 7.7790949884, 15.5194597229, 26.4773787397, 22.6045669638, 15.8167756804, 6.6927531285, 1.2504183243, 1.3104084089, 0, 0, 0, 0, 0, 0, 0, 0, 0, 0, 0, 0, 0, 0;Europe/Paris;35,5
2023-05-22T16:00:00Z;-1;9000003703;hourly;0,7502777778;6,6359402263;105,3191963425;31,9002593712;6,6826926283;3,9303990503;2,7055411760;28,0317996815;77,2873966610;19,8380498344;12,0622095368;2,7016254341;3,9810671942;1;7.533749746, 1.2585347127, 16.495256061, 62.0490320131, 10.146358042, 1.2585347127, 1.2585347127, 0;6.2970709184, 1.2366788276, 0, 1.2585347127, 5.1085012158, 11.3867548451, 26.6339507405, 35.4150812726, 10.146358042, 0, 1.2585347127, 0, 1.2585347127, 0, 0, 0, 0, 0, 0, 0, 0, 0, 0, 0, 0;Europe/Paris;37,0
2023-05-22T17:00:00Z;-1;9000003703;hourly;0,7630555556;2,5940962092;43,2993824826;14,2935777145;3,8743238052;2,5940962092;0,0000000000;13,0527202138;30,2466622688;11,6720684493;2,6215092652;1,2802275960;2,5940962092;1;6.1188429306, 0, 36.2773545383, 45.4938898429, 9.0122203142, 3.097692374, 0, 0;3.097692374, 3.0211505566, 0, 0, 18.036519774, 18.2408347643, 18.2408347643, 27.2530550786, 9.0122203142, 0, 0, 3.097692374, 0, 0, 0, 0, 0, 0, 0, 0, 0, 0, 0, 0, 0;Europe/Paris;37,0
2023-05-22T18:00:00Z;-1;9000003703;hourly;0,7950000000;2,4324324324;50,1565093270;6,1542631457;1,2893982808;1,2162162162;1,2162162162;21,4221190477;28,7343902793;4,9380469295;1,2162162162;0,0000000000;1,2893982808;1;4.9955918596, 2.5707496357, 20.1766772461, 62.3334481366, 9.923533122, 0, 0, 0;4.9955918596, 0, 0, 2.5707496357, 4.9955918596, 15.1810853865, 29.9059005605, 32.4275475761, 7.498690898, 2.4248422239, 0, 0, 0, 0, 0, 0, 0, 0, 0, 0, 0, 0, 0, 0, 0;Europe/Paris;36,5
2023-05-22T19:00:00Z;-1;9000003703;hourly;0,7850000000;0,0000000000;24,1851787963;2,5551592819;1,2295081967;0,0000000000;0,0000000000;15,2756602609;8,9095185354;0,0000000000;2,5551592819;1,2295081967;0,0000000000;1;0, 0, 36.6474675697, 57.9199961476, 0, 5.4325362827, 0, 0;0, 0, 0, 0, 10.6737860765, 25.9736814932, 21.1900482521, 36.7299478955, 0, 0, 0, 5.4325362827, 0, 0, 0, 0, 0, 0, 0, 0, 0, 0, 0, 0, 0;Europe/Paris;36,0
2023-05-22T20:00:00Z;-1;9000003703;hourly;0,0000000000;0,0000000000;0,0000000000;0,0000000000;0,0000000000;0,0000000000;0,0000000000;0,0000000000;0,0000000000;0,0000000000;0,0000000000;0,0000000000;0,0000000000;1;0, 0, 0, 0, 0, 0, 0, 0;0, 0, 0, 0, 0, 0, 0, 0, 0, 0, 0, 0, 0, 0, 0, 0, 0, 0, 0, 0, 0, 0, 0, 0, 0;Europe/Paris;NA
2023-05-23T03:00:00Z;-1;9000003703;hourly;0,0000000000;0,0000000000;0,0000000000;0,0000000000;0,0000000000;0,0000000000;0,0000000000;0,0000000000;0,0000000000;0,0000000000;0,0000000000;0,0000000000;0,0000000000;1;0, 0, 0, 0, 0, 0, 0, 0;0, 0, 0, 0, 0, 0, 0, 0, 0, 0, 0, 0, 0, 0, 0, 0, 0, 0, 0, 0, 0, 0, 0, 0, 0;Europe/Paris;NA
2023-05-23T04:00:00Z;-1;9000003703;hourly;0,3947222222;3,4985422741;11,4782950569;4,1237113402;0,0000000000;3,4985422741;0,0000000000;4,4812105088;6,9970845481;4,1237113402;0,0000000000;0,0000000000;0,0000000000;1;0, 0, 48.4427165932, 21.0776498314, 30.4796335754, 0, 0, 0;0, 0, 0, 0, 0, 48.4427165932, 21.0776498314, 0, 30.4796335754, 0, 0, 0, 0, 0, 0, 0, 0, 0, 0, 0, 0, 0, 0, 0, 0;Europe/Paris;40,0
2023-05-23T05:00:00Z;-1;9000003703;hourly;0,6036111111;3,3200282874;59,5068120392;13,3318347876;11,4931367677;1,6187050360;1,7013232514;51,2495678859;8,2572441533;8,3398623687;4,9919724189;4,9284344642;6,5647023035;1;2.826975489, 8.4209731759, 16.6110908183, 63.8415185636, 8.2994419531, 0, 0, 0;0, 2.826975489, 2.826975489, 5.5939976869, 2.7349582037, 13.8761326146, 35.9997861059, 27.8417324578, 8.2994419531, 0, 0, 0, 0, 0, 0, 0, 0, 0, 0, 0, 0, 0, 0, 0, 0;Europe/Paris;36,5
2023-05-23T06:00:00Z;-1;9000003703;hourly;0,6122222222;26,1072964078;150,6564756093;36,4334666784;15,4496668842;6,6160499616;19,4912464462;97,7605502184;52,8959253910;29,4403405534;6,9931261250;12,1337662506;3,3159006336;1;4.8865892823, 9.2676148103, 25.1345535133, 50.2219802633, 8.0484606475, 1.2191541628, 1.2216473206, 0;1.2216473206, 3.6649419617, 2.1930059218, 7.0746088885, 7.3273907656, 17.8071627476, 31.21299384, 19.0089864233, 4.3835186858, 3.6649419617, 1.2191541628, 0, 1.2216473206, 0, 0, 0, 0, 0, 0, 0, 0, 0, 0, 0, 0;Europe/Paris;36,5
2023-05-23T07:00:00Z;-1;9000003703;hourly;0,6294444444;0,0000000000;41,3705012155;11,3801915572;1,5873015873;0,0000000000;0,0000000000;23,6688533368;17,7016478787;4,6887417431;6,6914498141;1,5873015873;0,0000000000;1;18.8302816499, 3.836795641, 23.3337908196, 38.52493679, 11.7807093127, 0, 3.6934857869, 0;15.136795863, 3.6934857869, 0, 3.836795641, 11.8904807434, 11.4433100762, 19.2139460494, 19.3109907406, 7.7370975498, 4.0436117629, 0, 0, 0, 3.6934857869, 0, 0, 0, 0, 0, 0, 0, 0, 0, 0, 0;Europe/Paris;38,0
2023-05-23T08:00:00Z;-1;9000003703;hourly;0,6061111111;8,1008526305;34,5187770436;1,7110266160;1,7110266160;3,2045616536;4,8962909769;17,8796441086;16,6391329350;1,7110266160;0,0000000000;1,7110266160;0,0000000000;1;18.3523200379, 14.3361858726, 19.20421281, 38.6090058324, 9.4982754471, 0, 0, 0;13.6031823143, 4.7491377236, 9.8017917678, 4.5343941048, 14.2474131707, 4.9567996392, 33.6522061932, 4.9567996392, 0, 9.4982754471, 0, 0, 0, 0, 0, 0, 0, 0, 0, 0, 0, 0, 0, 0, 0;Europe/Paris;32,5
2023-05-23T09:00:00Z;-1;9000003703;hourly;0,6194444444;4,4926116530;40,0298888188;4,9979892430;5,0128901108;4,4926116530;0,0000000000;14,2429682308;25,7869205880;1,7175572519;3,2804319910;0,0000000000;5,0128901108;1;8.0069184609, 8.7694121586, 35.5808338496, 35.6571988627, 7.5069115501, 0, 4.4787251181, 0;8.0069184609, 0, 0, 8.7694121586, 20.5670107494, 15.0138231003, 27.4250179696, 8.2321808931, 3.7534557751, 3.7534557751, 0, 0, 0, 4.4787251181, 0, 0, 0, 0, 0, 0, 0, 0, 0, 0, 0;Europe/Paris;35,5
2023-05-23T10:00:00Z;-1;9000003703;hourly;0,6152777778;4,9955105051;64,2990272596;9,8561392469;3,4904937827;3,1809943760;1,8145161290;20,8774948382;43,4215324213;3,3556120194;6,5005272275;0,0000000000;3,4904937827;1;2.6065365606, 4.947188957, 27.9417352865, 54.5540497519, 9.950489444, 0, 0, 0;0, 2.6065365606, 4.947188957, 0, 4.7374163228, 23.2043189636, 41.5661043965, 12.9879453554, 7.6098370476, 2.3406523964, 0, 0, 0, 0, 0, 0, 0, 0, 0, 0, 0, 0, 0, 0, 0;Europe/Paris;35,5
2023-05-23T11:00:00Z;-1;9000003703;hourly;0,5741666667;33,1015978736;69,4307583117;16,4521857029;2,0785219400;29,3022346334;3,7993632401;47,8258633925;21,6048949192;16,4521857029;0,0000000000;2,0785219400;0,0000000000;1;9.9139997433, 8.4658231064, 28.3901386371, 51.0142172031, 0, 0, 2.2158213101, 0;2.4784999358, 7.4354998074, 8.4658231064, 0, 2.4784999358, 25.9116387013, 36.1958209837, 14.8183962194, 0, 0, 0, 0, 0, 2.2158213101, 0, 0, 0, 0, 0, 0, 0, 0, 0, 0, 0;Europe/Paris;33,0
2023-05-23T12:00:00Z;-1;9000003703;hourly;0,5769444444;29,2419561583;38,3327605344;19,2361726795;1,7441860465;27,4977701118;1,7441860465;17,3714625865;20,9612979480;5,1012753188;14,1348973607;1,7441860465;0,0000000000;1;8.7577550521, 0, 45.9247088657, 35.9526082464, 9.3649278357, 0, 0, 0;4.5501185466, 4.2076365055, 0, 0, 14.0364263044, 31.8882825613, 35.9526082464, 0, 0, 9.3649278357, 0, 0, 0, 0, 0, 0, 0, 0, 0, 0, 0, 0, 0, 0, 0;Europe/Paris;31,5
2023-05-23T13:00:00Z;-1;9000003703;hourly;0,6386111111;17,3967234424;38,0191411906;15,6647505721;1,6333938294;14,1995653607;3,1971580817;15,9663530195;22,0527881711;10,8690134496;4,7957371226;0,0000000000;1,6333938294;1;12.4558826735, 12.6390261505, 33.3269387475, 25.0853169452, 12.547454412, 3.9453810713, 0, 0;0, 12.4558826735, 12.6390261505, 0, 12.4462907948, 20.8806479528, 16.7425315258, 8.3427854195, 12.547454412, 0, 3.9453810713, 0, 0, 0, 0, 0, 0, 0, 0, 0, 0, 0, 0, 0, 0;Europe/Paris;38,0
2023-05-23T14:00:00Z;-1;9000003703;hourly;0,6175000000;15,7448687564;50,9473609683;31,0595307300;3,1432819517;11,1405478437;4,6043209127;16,5639832376;34,3833777306;12,9972658920;18,0622648380;1,4610389610;1,6822429907;1;9.0374080722, 9.8751977578, 39.2447625867, 35.269357534, 3.2713503408, 0, 3.3019237085, 0;9.0374080722, 0, 0, 9.8751977578, 19.8115422509, 19.4332203359, 18.8514590946, 16.4178984394, 3.2713503408, 0, 0, 0, 3.3019237085, 0, 0, 0, 0, 0, 0, 0, 0, 0, 0, 0, 0;Europe/Paris;35,0
2023-05-23T15:00:00Z;-1;9000003703;hourly;0,6075000000;18,5543422934;92,6876965346;35,2021666949;3,3366402230;8,4595473374;10,0947949560;29,6689708584;63,0187256762;20,5033164023;14,6988502926;1,7208413002;1,6157989228;1;1.8566016467, 16.1255833902, 28.7195926983, 44.3746740225, 8.9235482422, 0, 0, 0;1.8566016467, 0, 7.1997478581, 8.9258355321, 12.6390388256, 16.0805538727, 35.6071973724, 8.7674766501, 3.5548444115, 5.3687038307, 0, 0, 0, 0, 0, 0, 0, 0, 0, 0, 0, 0, 0, 0, 0;Europe/Paris;34,0
2023-05-23T16:00:00Z;-1;9000003703;hourly;0,5963888889;10,2487340181;131,3912783371;30,2991037933;5,0240895633;5,1905008724;5,0582331457;45,2493865059;86,1418918312;8,4294740907;21,8696297026;0,0000000000;5,0240895633;1;6.3465269137, 10.2393125512, 30.5945621084, 42.3066502815, 9.2278131131, 1.2851350321, 0, 0;5.0613918816, 1.2851350321, 2.4911218173, 7.7481907339, 10.1114696247, 20.4830924836, 25.654166396, 16.6524838855, 9.2278131131, 0, 1.2851350321, 0, 0, 0, 0, 0, 0, 0, 0, 0, 0, 0, 0, 0, 0;Europe/Paris;36,0
2023-05-23T17:00:00Z;-1;9000003703;hourly;0,5769444444;0,0000000000;58,7489469474;14,4586374145;6,9928347651;0,0000000000;0,0000000000;9,0463299226;49,7026170248;3,9301310044;10,5285064101;3,1872784653;3,8055562997;1;14.2306511226, 15.8223760847, 15.3982843823, 42.2832104752, 12.2654779352, 0, 0, 0;14.2306511226, 0, 3.3448522983, 12.4775237864, 6.4776587453, 8.9206256369, 26.3456077976, 15.9376026775, 9.6104651924, 2.6550127428, 0, 0, 0, 0, 0, 0, 0, 0, 0, 0, 0, 0, 0, 0, 0;Europe/Paris;36,5
2023-05-23T18:00:00Z;-1;9000003703;hourly;0,6294444444;1,6544117647;42,6010406739;2,9459901800;1,4657980456;0,0000000000;1,6544117647;18,3406593086;24,2603813652;1,4729950900;1,4729950900;1,4657980456;0,0000000000;1;3.8835008219, 0, 13.7968138296, 63.0531648402, 19.2665205084, 0, 0, 0;3.8835008219, 0, 0, 0, 3.4576504863, 10.3391633433, 36.0613463731, 26.9918184671, 11.9422632579, 7.3242572504, 0, 0, 0, 0, 0, 0, 0, 0, 0, 0, 0, 0, 0, 0, 0;Europe/Paris;39,5
2023-05-23T19:00:00Z;-1;9000003703;hourly;0,5633333333;0,0000000000;17,3249828090;1,4729950900;0,0000000000;0,0000000000;0,0000000000;7,9023562694;9,4226265396;0,0000000000;1,4729950900;0,0000000000;0,0000000000;1;0, 0, 36.1673815327, 55.3304738692, 8.5021445981, 0, 0, 0;0, 0, 0, 0, 9.4451097262, 26.7222718065, 46.5554563871, 8.7750174821, 8.5021445981, 0, 0, 0, 0, 0, 0, 0, 0, 0, 0, 0, 0, 0, 0, 0, 0;Europe/Paris;34,0
2023-05-23T20:00:00Z;-1;9000003703;hourly;0,0000000000;0,0000000000;0,0000000000;0,0000000000;0,0000000000;0,0000000000;0,0000000000;0,0000000000;0,0000000000;0,0000000000;0,0000000000;0,0000000000;0,0000000000;1;0, 0, 0, 0, 0, 0, 0, 0;0, 0, 0, 0, 0, 0, 0, 0, 0, 0, 0, 0, 0, 0, 0, 0, 0, 0, 0, 0, 0, 0, 0, 0, 0;Europe/Paris;NA
2023-05-24T03:00:00Z;-1;9000003703;hourly;0,0000000000;0,0000000000;0,0000000000;0,0000000000;0,0000000000;0,0000000000;0,0000000000;0,0000000000;0,0000000000;0,0000000000;0,0000000000;0,0000000000;0,0000000000;1;0, 0, 0, 0, 0, 0, 0, 0;0, 0, 0, 0, 0, 0, 0, 0, 0, 0, 0, 0, 0, 0, 0, 0, 0, 0, 0, 0, 0, 0, 0, 0, 0;Europe/Paris;NA
2023-05-24T04:00:00Z;-1;9000003703;hourly;0,3594444444;6,9882498454;2,3809523810;4,6072974644;0,0000000000;4,6072974644;2,3809523810;2,3809523810;0,0000000000;4,6072974644;0,0000000000;0,0000000000;0,0000000000;1;0, 0, 0, 100, 0, 0, 0, 0;0, 0, 0, 0, 0, 0, 100, 0, 0, 0, 0, 0, 0, 0, 0, 0, 0, 0, 0, 0, 0, 0, 0, 0, 0;Europe/Paris;31,5
2023-05-24T05:00:00Z;-1;9000003703;hourly;0,6094444444;8,6232749638;43,4460565260;8,5664193770;7,0450097847;5,1922637050;3,4310112588;33,2869453847;10,1591111413;6,8966605644;1,6697588126;3,5225048924;3,5225048924;1;3.7124272138, 0, 34.165786055, 54.5328617808, 4.0538833372, 3.5350416132, 0, 0;0, 3.7124272138, 0, 0, 3.5350416132, 30.6307444419, 27.1289085702, 27.4039532105, 4.0538833372, 0, 3.5350416132, 0, 0, 0, 0, 0, 0, 0, 0, 0, 0, 0, 0, 0, 0;Europe/Paris;36,0
2023-05-24T06:00:00Z;-1;9000003703;hourly;0,6180555556;17,4661736941;38,6116088117;9,8912859852;1,9823788546;1,6071428571;15,8590308370;28,6297269275;9,9818818842;7,9089071306;1,9823788546;1,9823788546;0,0000000000;1;0, 0, 17.0062377936, 70.1498551381, 5.1341524366, 3.711632494, 0, 3.9981221376;0, 0, 0, 0, 7.8739632194, 9.1322745742, 38.0105977249, 32.1392574132, 5.1341524366, 0, 0, 3.711632494, 0, 0, 0, 0, 0, 0, 0, 3.9981221376, 0, 0, 0, 0, 0;Europe/Paris;37,0
2023-05-24T07:00:00Z;-1;9000003703;hourly;0,6652777778;0,0000000000;46,2269564273;5,8084276898;1,4705882353;0,0000000000;0,0000000000;28,5148933653;17,7120630620;4,2699661513;1,5384615385;1,4705882353;0,0000000000;1;0, 6.3559246023, 26.0571641694, 41.6831192096, 19.5478674164, 6.3559246023, 0, 0;0, 0, 6.3559246023, 0, 9.6839861001, 16.3731780693, 25.7569657761, 15.9261534335, 12.8917444208, 6.6561229956, 3.3280614978, 3.0278631045, 0, 0, 0, 0, 0, 0, 0, 0, 0, 0, 0, 0, 0;Europe/Paris;41,5
2023-05-24T08:00:00Z;-1;9000003703;hourly;0,6063888889;1,6885553471;46,0908992117;5,0075454768;3,2608695652;1,6885553471;0,0000000000;24,6468241062;21,4440751055;0,0000000000;5,0075454768;0,0000000000;3,2608695652;1;3.5056788877, 7.0431121131, 21.4627961446, 50.261075436, 14.1899041933, 3.5374332254, 0, 0;0, 3.5056788877, 0, 7.0431121131, 0, 21.4627961446, 28.8300336292, 21.4310418068, 14.1899041933, 0, 3.5374332254, 0, 0, 0, 0, 0, 0, 0, 0, 0, 0, 0, 0, 0, 0;Europe/Paris;38,5
2023-05-24T09:00:00Z;-1;9000003703;hourly;0,6383333333;4,7120418848;56,2113746022;13,0453752182;3,2373472949;3,1413612565;1,5706806283;20,5066214968;35,7047531054;5,0000000000;8,0453752182;1,6666666667;1,5706806283;1;0, 8.2046552401, 30.5439636201, 53.0540311019, 8.1973500379, 0, 0, 0;0, 0, 2.616175544, 5.5884796961, 11.16965419, 19.3743094301, 27.9204828739, 25.133548228, 8.1973500379, 0, 0, 0, 0, 0, 0, 0, 0, 0, 0, 0, 0, 0, 0, 0, 0;Europe/Paris;36,0
2023-05-24T10:00:00Z;-1;9000003703;hourly;0,5961111111;13,8411734637;115,0697323193;23,6263081425;0,0000000000;10,5803038984;3,2608695652;32,0633384594;83,0063938599;7,0025929888;16,6237151537;0,0000000000;0,0000000000;1;7.7539539585, 1.4169102072, 26.1494908903, 47.094260411, 17.5853845331, 0, 0, 0;4.6686110221, 3.0853429363, 1.4169102072, 0, 7.2213365452, 18.9281543451, 26.7730205875, 20.3212398235, 11.9473160736, 5.6380684594, 0, 0, 0, 0, 0, 0, 0, 0, 0, 0, 0, 0, 0, 0, 0;Europe/Paris;38,5
2023-05-24T11:00:00Z;-1;9000003703;hourly;0,5863888889;4,7074033115;70,0118017197;16,1655248682;1,5280135823;3,0560271647;1,6513761468;34,1057255407;35,9060761790;10,2712853904;5,8942394778;1,5280135823;0,0000000000;1;0, 0, 27.2368601115, 50.0208343249, 22.7423055636, 0, 0, 0;0, 0, 0, 0, 4.6707570759, 22.5661030357, 28.4601949586, 21.5606393663, 15.7595025237, 6.9828030398, 0, 0, 0, 0, 0, 0, 0, 0, 0, 0, 0, 0, 0, 0, 0;Europe/Paris;40,0
2023-05-24T12:00:00Z;-1;9000003703;hourly;0,6247222222;9,7325449083;97,4617418495;9,3214555121;3,2789708668;8,0215182923;1,7110266160;45,1997614748;52,2619803747;6,2286720069;3,0927835052;1,7110266160;1,5679442509;1;1.6087792206, 4.8019715261, 36.9185624377, 43.4065067399, 11.508592105, 1.7555879707, 0, 0;0, 1.6087792206, 1.5866654168, 3.2153061093, 9.9462928237, 26.972269614, 26.5273386998, 16.8791680402, 11.508592105, 0, 1.7555879707, 0, 0, 0, 0, 0, 0, 0, 0, 0, 0, 0, 0, 0, 0;Europe/Paris;37,0
2023-05-24T13:00:00Z;-1;9000003703;hourly;0,6497222222;9,3137896264;101,2595693539;24,7734058397;1,5410958904;4,6979907036;4,6157989228;40,7670115061;60,4925578478;10,9396219940;13,8337838457;1,5410958904;0,0000000000;1;4.5301481455, 1.4813414767, 50.7634043638, 40.2574687412, 2.9676372728, 0, 0, 0;3.0082219708, 1.5219261747, 0, 1.4813414767, 20.3272503794, 30.4361539845, 23.111709673, 17.1457590681, 2.9676372728, 0, 0, 0, 0, 0, 0, 0, 0, 0, 0, 0, 0, 0, 0, 0, 0;Europe/Paris;34,0
2023-05-24T14:00:00Z;-1;9000003703;hourly;0,6013888889;8,0597973455;112,2246309203;13,2217956260;0,0000000000;3,3395176252;4,7202797203;52,4663033837;59,7583275366;6,7166283194;6,5051673066;0,0000000000;0,0000000000;1;0, 4.4971139271, 37.892785059, 44.3060284712, 13.3040725427, 0, 0, 0;0, 0, 1.4878719573, 3.0092419699, 10.1745574447, 27.7182276142, 30.9682368568, 13.3377916144, 10.4141673949, 2.8899051478, 0, 0, 0, 0, 0, 0, 0, 0, 0, 0, 0, 0, 0, 0, 0;Europe/Paris;37,0
2023-05-24T15:00:00Z;-1;9000003703;hourly;0,6400000000;11,9981756228;159,6027634519;30,6809376164;7,6265219985;7,4456378587;4,5525377641;66,0631683390;93,5395951129;14,7561698089;15,9247678075;5,9629360465;1,6635859519;1;4.8088097783, 7.5175237341, 42.6804615898, 37.8199695427, 6.1309063152, 1.0423290399, 0, 0;2.9508196281, 1.8579901502, 1.9739232444, 5.5436004897, 14.6428577806, 28.0376038092, 24.7780640218, 13.0419055209, 5.2498125486, 0.8810937665, 0, 1.0423290399, 0, 0, 0, 0, 0, 0, 0, 0, 0, 0, 0, 0, 0;Europe/Paris;34,5
2023-05-24T16:00:00Z;-1;9000003703;hourly;0,6227777778;4,8555318437;118,9861131011;28,7348680627;20,8881392296;3,1888651770;1,6666666667;33,6696481425;85,3164649586;9,4792922276;19,2555758352;8,0818374470;12,8063017826;1;1.3200537334, 3.9908053049, 35.0699950787, 48.922367173, 10.69677871, 0, 0, 0;0, 1.3200537334, 2.6707515714, 1.3200537334, 10.8108974234, 24.2590976552, 29.8999337626, 19.0224334104, 8.0381116124, 2.6586670976, 0, 0, 0, 0, 0, 0, 0, 0, 0, 0, 0, 0, 0, 0, 0;Europe/Paris;36,5
2023-05-24T17:00:00Z;-1;9000003703;hourly;0,6075000000;0,0000000000;53,9003270786;4,9251807290;6,6666666667;0,0000000000;0,0000000000;23,5117167863;30,3886102923;0,0000000000;4,9251807290;3,3333333333;3,3333333333;1;40.5900017571, 0, 25.3011945969, 27.7994343022, 6.3093693438, 0, 0, 0;40.5900017571, 0, 0, 0, 12.7131547849, 12.5880398121, 14.9304656689, 12.8689686333, 3.2172421583, 3.0921271855, 0, 0, 0, 0, 0, 0, 0, 0, 0, 0, 0, 0, 0, 0, 0;Europe/Paris;34,0
2023-05-24T18:00:00Z;-1;9000003703;hourly;0,5941666667;1,7341040462;30,6778780770;30,6778780770;9,6993002377;0,0000000000;1,7341040462;6,8658980907;23,8119799863;17,1435611790;13,5343168979;4,8214285714;4,8778716662;1;16.7279954355, 5.422754298, 27.6193839957, 33.2720045645, 16.9578617063, 0, 0, 0;16.7279954355, 0, 0, 5.422754298, 11.3052411376, 16.3141428582, 5.6526205688, 27.6193839957, 16.9578617063, 0, 0, 0, 0, 0, 0, 0, 0, 0, 0, 0, 0, 0, 0, 0, 0;Europe/Paris;38,0
2023-05-24T19:00:00Z;-1;9000003703;hourly;0,6450000000;1,5332197615;28,7955700921;3,0664395230;1,5280135823;1,5332197615;0,0000000000;12,6545505287;16,1410195634;1,5332197615;1,5332197615;1,5280135823;0,0000000000;1;0, 5.3064189299, 16.4295832356, 66.6666666667, 11.5973311678, 0, 0, 0;0, 0, 5.3064189299, 0, 5.7986655839, 10.6309176517, 49.762916569, 16.9037500977, 5.7986655839, 5.7986655839, 0, 0, 0, 0, 0, 0, 0, 0, 0, 0, 0, 0, 0, 0, 0;Europe/Paris;36,5
2023-05-24T20:00:00Z;-1;9000003703;hourly;0,0422222222;0,0000000000;0,0000000000;0,0000000000;0,0000000000;0,0000000000;0,0000000000;0,0000000000;0,0000000000;0,0000000000;0,0000000000;0,0000000000;0,0000000000;1;0, 0, 0, 0, 0, 0, 0, 0;0, 0, 0, 0, 0, 0, 0, 0, 0, 0, 0, 0, 0, 0, 0, 0, 0, 0, 0, 0, 0, 0, 0, 0, 0;Europe/Paris;NA
2023-05-25T02:00:00Z;-1;9000003703;hourly;0,0000000000;0,0000000000;0,0000000000;0,0000000000;0,0000000000;0,0000000000;0,0000000000;0,0000000000;0,0000000000;0,0000000000;0,0000000000;0,0000000000;0,0000000000;1;0, 0, 0, 0, 0, 0, 0, 0;0, 0, 0, 0, 0, 0, 0, 0, 0, 0, 0, 0, 0, 0, 0, 0, 0, 0, 0, 0, 0, 0, 0, 0, 0;Europe/Paris;NA
2023-05-25T03:00:00Z;-1;9000003703;hourly;0,0000000000;0,0000000000;0,0000000000;0,0000000000;0,0000000000;0,0000000000;0,0000000000;0,0000000000;0,0000000000;0,0000000000;0,0000000000;0,0000000000;0,0000000000;1;0, 0, 0, 0, 0, 0, 0, 0;0, 0, 0, 0, 0, 0, 0, 0, 0, 0, 0, 0, 0, 0, 0, 0, 0, 0, 0, 0, 0, 0, 0, 0, 0;Europe/Paris;NA
2023-05-25T04:00:00Z;-1;9000003703;hourly;0,4522222222;6,1645276667;10,2251209762;14,9070639826;0,0000000000;4,1026719966;2,0618556701;4,0816326531;6,1434883232;14,9070639826;0,0000000000;0,0000000000;0,0000000000;1;0, 0, 19.9588477366, 60.0823045267, 19.9588477366, 0, 0, 0;0, 0, 0, 0, 0, 19.9588477366, 40.1234567901, 19.9588477366, 19.9588477366, 0, 0, 0, 0, 0, 0, 0, 0, 0, 0, 0, 0, 0, 0, 0, 0;Europe/Paris;38,5
2023-05-25T05:00:00Z;-1;9000003703;hourly;0,6327777778;10,9969911593;48,5969287630;10,9861779131;0,0000000000;7,8773696229;3,1196215364;40,7030542115;7,8938745515;4,7304299118;6,2557480013;0,0000000000;0,0000000000;1;3.1985645691, 0, 25.8016596863, 61.2694035763, 9.7303721683, 0, 0, 0;3.1985645691, 0, 0, 0, 6.4533429267, 19.3483167595, 45.209828079, 16.0595754973, 9.7303721683, 0, 0, 0, 0, 0, 0, 0, 0, 0, 0, 0, 0, 0, 0, 0, 0;Europe/Paris;36,0
2023-05-25T06:00:00Z;-1;9000003703;hourly;0,6452777778;27,9236803399;158,7588303675;43,4500334560;5,6872037915;9,0504984475;18,8731818925;103,2774192355;55,4814111320;40,3465851801;3,1034482759;4,2654028436;1,4218009479;1;9.9585134773, 12.0620025405, 50.8978743984, 25.1267902716, 0.9774096561, 0, 0.9774096561, 0;8.0036941651, 1.9548193122, 2.686718486, 9.3752840545, 15.9612695342, 34.9366048642, 17.2867697615, 7.8400205102, 0, 0.9774096561, 0, 0, 0.9774096561, 0, 0, 0, 0, 0, 0, 0, 0, 0, 0, 0, 0;Europe/Paris;31,0
2023-05-25T07:00:00Z;-1;9000003703;hourly;0,6175000000;3,3607610678;47,3466340672;10,1361036542;0,0000000000;3,3607610678;0,0000000000;18,2934319767;29,0532020905;6,6472612083;3,4888424459;0,0000000000;0,0000000000;1;6.6708411795, 0, 43.9769653133, 28.6417878701, 17.5210192237, 3.1893864133, 0, 0;3.1893864133, 3.4814547662, 0, 0, 16.8446870333, 27.13227828, 14.8511919491, 13.7905959211, 17.5210192237, 0, 3.1893864133, 0, 0, 0, 0, 0, 0, 0, 0, 0, 0, 0, 0, 0, 0;Europe/Paris;39,0
2023-05-25T08:00:00Z;-1;9000003703;hourly;0,5625000000;21,1200302426;38,7413500448;10,5291631445;0,0000000000;17,4911158715;3,6289143711;22,7645978145;15,9767522304;5,2645815723;5,2645815723;0,0000000000;0,0000000000;1;26.6620576192, 4.58204974, 18.6217102608, 40.9700829, 0, 0, 0, 9.16409948;8.8499017835, 17.8121558357, 4.58204974, 0, 0, 18.6217102608, 9.0070006317, 31.9630822682, 0, 0, 0, 0, 0, 0, 0, 0, 4.58204974, 4.58204974, 0, 0, 0, 0, 0, 0, 0;Europe/Paris;36,5
2023-05-25T09:00:00Z;-1;9000003703;hourly;0,5950000000;16,7447510303;28,7912600812;6,5691296692;3,3320798578;15,0206130992;1,7241379310;13,5841463242;15,2071137570;1,5845070423;4,9846226269;3,3320798578;0,0000000000;1;24.1978168305, 0, 29.203907965, 35.0250413538, 0, 6.0698031646, 0, 5.5034306862;24.1978168305, 0, 0, 0, 17.5616411875, 11.6422667775, 29.203907965, 5.8211333888, 0, 0, 0, 6.0698031646, 0, 0, 0, 0, 5.5034306862, 0, 0, 0, 0, 0, 0, 0, 0;Europe/Paris;34,5
2023-05-25T10:00:00Z;-1;9000003703;hourly;0,5741666667;28,6855879224;40,7321399494;10,9590546440;7,5304832154;19,7183501430;8,9672377794;22,1969235903;18,5352163591;9,1978021978;1,7612524462;3,8461538462;3,6843293693;1;12.9698768999, 0, 20.7058816424, 41.127696026, 20.9878647279, 0, 4.2086807038, 0;9.0452634549, 3.9246134449, 0, 0, 12.4572811731, 8.2486004693, 29.0697884324, 12.0579075936, 20.9878647279, 0, 0, 0, 4.2086807038, 0, 0, 0, 0, 0, 0, 0, 0, 0, 0, 0, 0;Europe/Paris;40,0
2023-05-25T11:00:00Z;-1;9000003703;hourly;0,5805555556;24,4379305046;38,7236883035;5,4742388759;0,0000000000;17,5292218859;6,9087086186;26,4112331974;12,3124551061;5,4742388759;0,0000000000;0,0000000000;0,0000000000;1;18.5968988692, 23.2994009197, 40.2935056202, 8.8295001455, 4.2180740032, 0, 4.7626204421, 0;13.9854727268, 4.6114261424, 14.2878613263, 9.0115395934, 36.0754316171, 4.2180740032, 8.8295001455, 0, 0, 4.2180740032, 0, 0, 4.7626204421, 0, 0, 0, 0, 0, 0, 0, 0, 0, 0, 0, 0;Europe/Paris;29,0
2023-05-25T12:00:00Z;-1;9000003703;hourly;0,6047222222;4,7802105967;39,7247249071;19,5738214952;1,7578125000;0,0000000000;4,7802105967;25,0026323399;14,7220925672;11,2928777607;8,2809437345;1,7578125000;0,0000000000;1;4.0601998619, 34.120768026, 20.3844313484, 29.1837398666, 7.825877454, 0, 4.4249834432, 0;4.0601998619, 0, 12.4947247987, 21.6260432273, 12.0333384507, 8.3510928977, 29.1837398666, 0, 3.912938727, 3.912938727, 0, 0, 0, 4.4249834432, 0, 0, 0, 0, 0, 0, 0, 0, 0, 0, 0;Europe/Paris;32,0
2023-05-25T13:00:00Z;-1;9000003703;hourly;0,5941666667;21,3763832771;45,8869569603;17,7167582049;3,4910705277;14,8104874658;6,5658958113;18,4898835705;27,3970733898;4,9616177364;12,7551404685;1,8867924528;1,6042780749;1;0, 13.8984379369, 56.9871640411, 29.1143980221, 0, 0, 0, 0;0, 0, 6.9492189684, 6.9492189684, 34.8866712584, 22.1004927827, 15.1728736966, 13.9415243255, 0, 0, 0, 0, 0, 0, 0, 0, 0, 0, 0, 0, 0, 0, 0, 0, 0;Europe/Paris;32,0
2023-05-25T14:00:00Z;-1;9000003703;hourly;0,6047222222;18,5935017777;142,2756683950;106,7230745251;16,6893431120;13,4406584519;5,1528433258;40,9497329182;101,3259354769;18,5284306963;88,1946438288;1,5126050420;15,1767380700;1;1.0850339324, 14.2173580289, 37.1889984664, 37.6751533475, 8.7484222925, 1.0850339324, 0, 0;1.0850339324, 0, 3.2332187598, 10.9841392691, 19.0270444282, 18.1619540382, 24.3318820903, 13.3432712572, 6.4445544823, 2.3038678102, 1.0850339324, 0, 0, 0, 0, 0, 0, 0, 0, 0, 0, 0, 0, 0, 0;Europe/Paris;35,5
2023-05-25T15:00:00Z;-1;9000003703;hourly;0,6305555556;8,1113967909;125,4232799896;28,6741818905;12,4383198678;4,9311847768;3,1802120141;33,6053666673;91,8179133223;18,9596106517;9,7145712388;7,9635984762;4,4747213917;1;0, 1.14995214, 37.6249111025, 48.2802815249, 12.9448552326, 0, 0, 0;0, 0, 0, 1.14995214, 18.4485172256, 19.1763938768, 37.0954154649, 11.18486606, 11.5488043856, 1.396050847, 0, 0, 0, 0, 0, 0, 0, 0, 0, 0, 0, 0, 0, 0, 0;Europe/Paris;36,5
2023-05-25T16:00:00Z;-1;9000003703;hourly;0,5875000000;20,1979588445;120,6727094689;23,8609680480;15,5282325300;14,9794987077;5,2184601368;42,7215201670;77,9511893020;4,8660147133;18,9949533347;5,0830900151;10,4451425149;1;7.0070035016, 15.761719173, 23.8297391616, 43.4876461867, 9.9138919771, 0, 0, 0;5.5417402322, 1.4652632694, 10.0873674169, 5.6743517561, 8.4690606656, 15.3606784959, 25.6483655212, 17.8392806655, 8.4486287077, 1.4652632694, 0, 0, 0, 0, 0, 0, 0, 0, 0, 0, 0, 0, 0, 0, 0;Europe/Paris;36,0
2023-05-25T17:00:00Z;-1;9000003703;hourly;0,6030555556;3,3214402440;69,4642132026;14,9274827938;13,3038383573;1,6423357664;1,6791044776;31,4063004992;38,0579127035;6,6241891581;8,3032936357;8,3032936357;5,0005447216;1;11.87438418, 11.9138621283, 30.9205956391, 38.1193307735, 7.1718272791, 0, 0, 0;11.87438418, 0, 4.7285809216, 7.1852812067, 11.927316056, 18.9932795831, 19.0067335108, 19.1125972627, 7.1718272791, 0, 0, 0, 0, 0, 0, 0, 0, 0, 0, 0, 0, 0, 0, 0, 0;Europe/Paris;35,5
2023-05-25T18:00:00Z;-1;9000003703;hourly;0,5847222222;0,0000000000;42,6360882195;17,1279878621;1,7110266160;0,0000000000;0,0000000000;11,9515486653;30,6845395543;6,8649945439;10,2629933182;1,7110266160;0,0000000000;1;15.8942645544, 3.9603899363, 24.0711419522, 44.08762413, 3.9603899363, 0, 8.0261894907, 0;15.8942645544, 0, 0, 3.9603899363, 8.0751810398, 15.9959609124, 16.0486657215, 28.0389584086, 3.9603899363, 0, 0, 0, 0, 8.0261894907, 0, 0, 0, 0, 0, 0, 0, 0, 0, 0, 0;Europe/Paris;37,0
2023-05-25T19:00:00Z;-1;9000003703;hourly;0,6108333333;0,0000000000;22,9150311719;1,6304347826;1,5679442509;0,0000000000;0,0000000000;8,1526056323;14,7624255396;0,0000000000;1,6304347826;0,0000000000;1,5679442509;1;6.6795119475, 0, 28.462413168, 49.6448951181, 0, 0, 0, 15.2131797664;6.6795119475, 0, 0, 0, 6.6795119475, 21.7829012205, 27.5892884787, 22.0556066394, 0, 0, 0, 0, 0, 0, 0, 0, 7.1151322919, 0, 0, 0, 8.0980474745, 0, 0, 0, 0;Europe/Paris;37,5
2023-05-25T20:00:00Z;-1;9000003703;hourly;0,0719444444;0,0000000000;13,8996138996;0,0000000000;0,0000000000;0,0000000000;0,0000000000;0,0000000000;13,8996138996;0,0000000000;0,0000000000;0,0000000000;0,0000000000;1;0, 0, 100, 0, 0, 0, 0, 0;0, 0, 0, 0, 0, 100, 0, 0, 0, 0, 0, 0, 0, 0, 0, 0, 0, 0, 0, 0, 0, 0, 0, 0, 0;Europe/Paris;26,5
2023-05-26T03:00:00Z;-1;9000003703;hourly;0,0000000000;0,0000000000;0,0000000000;0,0000000000;0,0000000000;0,0000000000;0,0000000000;0,0000000000;0,0000000000;0,0000000000;0,0000000000;0,0000000000;0,0000000000;1;0, 0, 0, 0, 0, 0, 0, 0;0, 0, 0, 0, 0, 0, 0, 0, 0, 0, 0, 0, 0, 0, 0, 0, 0, 0, 0, 0, 0, 0, 0, 0, 0;Europe/Paris;NA
2023-05-26T04:00:00Z;-1;9000003703;hourly;0,4322222222;4,0573441938;6,4638709926;6,4133651362;1,7013232514;4,0573441938;0,0000000000;4,7625477412;1,7013232514;6,4133651362;0,0000000000;1,7013232514;0,0000000000;1;0, 0, 0, 73.6794986571, 26.3205013429, 0, 0, 0;0, 0, 0, 0, 0, 0, 26.3205013429, 47.3589973142, 26.3205013429, 0, 0, 0, 0, 0, 0, 0, 0, 0, 0, 0, 0, 0, 0, 0, 0;Europe/Paris;39,5
2023-05-26T05:00:00Z;-1;9000003703;hourly;0,5227777778;3,3088235294;26,9843244338;9,2858331202;0,0000000000;1,6544117647;1,6544117647;19,2060290021;7,7782954317;4,5694795220;4,7163535982;0,0000000000;0,0000000000;1;0, 5.7603967403, 36.0448354853, 40.3460303355, 17.8487374389, 0, 0, 0;0, 0, 0, 5.7603967403, 18.0224177426, 18.0224177426, 23.0415869612, 17.3044433743, 11.7177269377, 6.1310105012, 0, 0, 0, 0, 0, 0, 0, 0, 0, 0, 0, 0, 0, 0, 0;Europe/Paris;38,5
2023-05-26T06:00:00Z;-1;9000003703;hourly;0,0000000000;0,0000000000;0,0000000000;0,0000000000;0,0000000000;0,0000000000;0,0000000000;0,0000000000;0,0000000000;0,0000000000;0,0000000000;0,0000000000;0,0000000000;1;0, 0, 0, 0, 0, 0, 0, 0;0, 0, 0, 0, 0, 0, 0, 0, 0, 0, 0, 0, 0, 0, 0, 0, 0, 0, 0, 0, 0, 0, 0, 0, 0;Europe/Paris;NA
2023-05-26T07:00:00Z;-1;9000003703;hourly;0,0000000000;0,0000000000;0,0000000000;0,0000000000;0,0000000000;0,0000000000;0,0000000000;0,0000000000;0,0000000000;0,0000000000;0,0000000000;0,0000000000;0,0000000000;1;0, 0, 0, 0, 0, 0, 0, 0;0, 0, 0, 0, 0, 0, 0, 0, 0, 0, 0, 0, 0, 0, 0, 0, 0, 0, 0, 0, 0, 0, 0, 0, 0;Europe/Paris;NA
2023-05-26T08:00:00Z;-1;9000003703;hourly;0,0000000000;0,0000000000;0,0000000000;0,0000000000;0,0000000000;0,0000000000;0,0000000000;0,0000000000;0,0000000000;0,0000000000;0,0000000000;0,0000000000;0,0000000000;1;0, 0, 0, 0, 0, 0, 0, 0;0, 0, 0, 0, 0, 0, 0, 0, 0, 0, 0, 0, 0, 0, 0, 0, 0, 0, 0, 0, 0, 0, 0, 0, 0;Europe/Paris;NA
2023-05-26T09:00:00Z;-1;9000003703;hourly;0,0000000000;0,0000000000;0,0000000000;0,0000000000;0,0000000000;0,0000000000;0,0000000000;0,0000000000;0,0000000000;0,0000000000;0,0000000000;0,0000000000;0,0000000000;1;0, 0, 0, 0, 0, 0, 0, 0;0, 0, 0, 0, 0, 0, 0, 0, 0, 0, 0, 0, 0, 0, 0, 0, 0, 0, 0, 0, 0, 0, 0, 0, 0;Europe/Paris;NA
2023-05-26T10:00:00Z;-1;9000003703;hourly;0,3036111111;6,5573770492;62,4758919961;9,8360655738;0,0000000000;3,2786885246;3,2786885246;23,0412246866;39,4346673095;6,5573770492;3,2786885246;0,0000000000;0,0000000000;1;5.2961605248, 10.5440864364, 26.3843333976, 41.9834072931, 15.7920123481, 0, 0, 0;5.2961605248, 0, 0, 10.5440864364, 0, 26.3843333976, 31.4875554698, 10.4958518233, 15.7920123481, 0, 0, 0, 0, 0, 0, 0, 0, 0, 0, 0, 0, 0, 0, 0, 0;Europe/Paris;38,0
2023-05-26T11:00:00Z;-1;9000003703;hourly;0,6419444444;1,4610389610;87,4578327953;10,8857144022;1,5025041736;1,4610389610;0,0000000000;29,5002705946;57,9575622007;6,3507332543;4,5349811479;1,5025041736;0,0000000000;1;1.9127645862, 1.7179755382, 33.8359351996, 42.7359485525, 17.8846115374, 1.9127645862, 0, 0;0, 1.9127645862, 0, 1.7179755382, 7.214068586, 26.6218666136, 25.1723572407, 17.5635913118, 16.2140476618, 1.6705638756, 1.9127645862, 0, 0, 0, 0, 0, 0, 0, 0, 0, 0, 0, 0, 0, 0;Europe/Paris;39,0
2023-05-26T12:00:00Z;-1;9000003703;hourly;0,6230555556;11,2752252984;47,6638156352;11,2607549802;3,1564096417;9,6962779299;1,5789473684;23,7289110592;23,9349045760;4,7845128285;6,4762421518;1,5463917526;1,6100178891;1;0, 3.3778619433, 33.1825908366, 56.8141969522, 6.6253502678, 0, 0, 0;0, 0, 0, 3.3778619433, 10.0683990206, 23.114191816, 36.4680226146, 20.3461743377, 3.3126751339, 3.3126751339, 0, 0, 0, 0, 0, 0, 0, 0, 0, 0, 0, 0, 0, 0, 0;Europe/Paris;35,5
2023-05-26T13:00:00Z;-1;9000003703;hourly;0,6094444444;13,2498453927;49,5503504432;19,3217893218;3,3743042672;9,9579983509;3,2918470418;23,3379715523;26,2123788910;4,8989898990;14,4227994228;0,0000000000;3,3743042672;1;3.2034114252, 0, 40.1232481344, 46.7864479056, 9.8868925349, 0, 0, 0;3.2034114252, 0, 0, 0, 10.3200811254, 29.803167009, 29.7969265972, 16.9895213084, 6.6434384669, 3.243454068, 0, 0, 0, 0, 0, 0, 0, 0, 0, 0, 0, 0, 0, 0, 0;Europe/Paris;36,0
2023-05-26T14:00:00Z;-1;9000003703;hourly;0,6236111111;12,7053485949;135,4372010567;107,3467422245;7,9003127838;3,2085561497;9,4967924451;55,6498273332;79,7873737235;35,1450626786;72,2016795458;1,6042780749;6,2960347089;1;1.1516717826, 13.0029467337, 43.3927052162, 35.5335043973, 2.2914910254, 1.1516717826, 1.1398192428, 2.3361898193;0, 1.1516717826, 8.3424196349, 4.6605270988, 16.4105519224, 26.9821532938, 21.3399450425, 14.1935593548, 0, 2.2914910254, 1.1516717826, 0, 1.1398192428, 0, 1.1516717826, 1.1845180367, 0, 0, 0, 0, 0, 0, 0, 0, 0;Europe/Paris;34,5
2023-05-26T15:00:00Z;-1;9000003703;hourly;0,6030555556;10,1400582902;133,3421359243;42,6832182552;5,3338068182;8,5856541451;1,5544041451;36,3130259475;97,0291099768;23,8527097902;18,8305084650;1,7578125000;3,5759943182;1;5.9453084395, 10.274404191, 28.3892922007, 49.4456867294, 5.9453084395, 0, 0, 0;3.4732661134, 2.472042326, 2.6365446868, 7.6378595041, 8.6271271259, 19.7621650748, 28.582344365, 20.8633423644, 5.9453084395, 0, 0, 0, 0, 0, 0, 0, 0, 0, 0, 0, 0, 0, 0, 0, 0;Europe/Paris;35,5
2023-05-26T16:00:00Z;-1;9000003703;hourly;0,6336111111;7,9653493825;103,5332135555;20,4022001903;3,2432432432;1,5517241379;6,4136252446;34,8364515674;68,6967619881;7,7982795732;12,6039206171;0,0000000000;3,2432432432;1;5.8851868281, 11.9638112603, 34.9467052841, 34.7793508803, 10.9261763332, 0, 0, 1.4987694138;4.4671015753, 1.4180852529, 2.9168546667, 9.0469565936, 17.2459034924, 17.7008017918, 19.731080444, 15.0482704363, 7.8771600109, 3.0490163224, 0, 0, 0, 0, 0, 0, 0, 0, 0, 0, 0, 1.4987694138, 0, 0, 0;Europe/Paris;36,5
2023-05-26T17:00:00Z;-1;9000003703;hourly;0,6583333333;1,5817223199;66,4461856105;19,8327560287;7,5609601677;1,5817223199;0,0000000000;22,9828862177;43,4632993928;13,8742803331;5,9584756956;2,9792378478;4,5817223199;1;34.1885044224, 14.088041016, 18.4174895003, 11.8305750889, 2.4317406755, 4.7609123242, 2.3804561621, 11.9022808106;29.5505823332, 4.6379220892, 7.0183782513, 7.0696627647, 6.7924357272, 11.6250537731, 2.3804561621, 9.4501189268, 2.4317406755, 0, 2.3804561621, 2.3804561621, 0, 2.3804561621, 4.7609123242, 0, 0, 2.3804561621, 0, 0, 0, 0, 2.3804561621, 2.3804561621, 0;Europe/Paris;56,0
2023-05-26T18:00:00Z;-1;9000003703;hourly;0,5783333333;0,0000000000;27,6827805231;17,5101245164;1,7341040462;0,0000000000;0,0000000000;12,1678512300;15,5149292931;10,5298748791;6,9802496373;1,7341040462;0,0000000000;1;6.3498408281, 12.5283950056, 12.3524344016, 56.3926624907, 12.376667274, 0, 0, 0;6.3498408281, 0, 6.2641975028, 6.2641975028, 0, 12.3524344016, 18.726508102, 37.6661543886, 12.376667274, 0, 0, 0, 0, 0, 0, 0, 0, 0, 0, 0, 0, 0, 0, 0, 0;Europe/Paris;37,0
2023-05-26T19:00:00Z;-1;9000003703;hourly;0,5913888889;3,1886850479;32,0542389446;3,8685870197;0,0000000000;1,5901060071;1,5985790409;16,2048433725;15,8493955721;3,8685870197;0,0000000000;0,0000000000;0,0000000000;1;0, 4.9871065216, 22.0430911295, 58.3811285645, 14.5886737844, 0, 0, 0;0, 0, 0, 4.9871065216, 12.0953115131, 9.9477796164, 43.7660213533, 14.6151072112, 9.9477796164, 4.640894168, 0, 0, 0, 0, 0, 0, 0, 0, 0, 0, 0, 0, 0, 0, 0;Europe/Paris;37,5
2023-05-26T20:00:00Z;-1;9000003703;hourly;0,0852777778;0,0000000000;23,4527687296;0,0000000000;0,0000000000;0,0000000000;0,0000000000;0,0000000000;23,4527687296;0,0000000000;0,0000000000;0,0000000000;0,0000000000;1;0, 0, 0, 50, 50, 0, 0, 0;0, 0, 0, 0, 0, 0, 50, 0, 50, 0, 0, 0, 0, 0, 0, 0, 0, 0, 0, 0, 0, 0, 0, 0, 0;Europe/Paris;41,0
2023-05-27T02:00:00Z;-1;9000003703;hourly;0,0000000000;0,0000000000;0,0000000000;0,0000000000;0,0000000000;0,0000000000;0,0000000000;0,0000000000;0,0000000000;0,0000000000;0,0000000000;0,0000000000;0,0000000000;1;0, 0, 0, 0, 0, 0, 0, 0;0, 0, 0, 0, 0, 0, 0, 0, 0, 0, 0, 0, 0, 0, 0, 0, 0, 0, 0, 0, 0, 0, 0, 0, 0;Europe/Paris;NA
2023-05-27T03:00:00Z;-1;9000003703;hourly;0,0000000000;0,0000000000;0,0000000000;0,0000000000;0,0000000000;0,0000000000;0,0000000000;0,0000000000;0,0000000000;0,0000000000;0,0000000000;0,0000000000;0,0000000000;1;0, 0, 0, 0, 0, 0, 0, 0;0, 0, 0, 0, 0, 0, 0, 0, 0, 0, 0, 0, 0, 0, 0, 0, 0, 0, 0, 0, 0, 0, 0, 0, 0;Europe/Paris;NA
2023-05-27T04:00:00Z;-1;9000003703;hourly;0,4272222222;0,0000000000;4,2703953299;0,0000000000;0,0000000000;0,0000000000;0,0000000000;1,9933554817;2,2770398482;0,0000000000;0,0000000000;0,0000000000;0,0000000000;1;0, 0, 100, 0, 0, 0, 0, 0;0, 0, 0, 0, 0, 100, 0, 0, 0, 0, 0, 0, 0, 0, 0, 0, 0, 0, 0, 0, 0, 0, 0, 0, 0;Europe/Paris;26,5
2023-05-27T05:00:00Z;-1;9000003703;hourly;0,6188888889;1,6042780749;22,2459735151;1,8633540373;1,5280135823;1,6042780749;0,0000000000;15,9813902006;6,2645833144;1,8633540373;0,0000000000;0,0000000000;1,5280135823;1;0, 0, 27.7484385091, 50.959754554, 21.291806937, 0, 0, 0;0, 0, 0, 0, 0, 27.7484385091, 21.291806937, 29.667947617, 21.291806937, 0, 0, 0, 0, 0, 0, 0, 0, 0, 0, 0, 0, 0, 0, 0, 0;Europe/Paris;39,0
2023-05-27T06:00:00Z;-1;9000003703;hourly;0,6427777778;1,6333938294;24,7107521782;1,6100178891;3,1380314714;1,6333938294;0,0000000000;15,7836611184;8,9270910598;1,6100178891;0,0000000000;1,6100178891;1,5280135823;1;6.1835980197, 0, 36.7437819417, 57.0726200386, 0, 0, 0, 0;6.1835980197, 0, 0, 0, 12.1057756353, 24.6380063064, 38.0249345667, 19.0476854718, 0, 0, 0, 0, 0, 0, 0, 0, 0, 0, 0, 0, 0, 0, 0, 0, 0;Europe/Paris;33,5
2023-05-27T07:00:00Z;-1;9000003703;hourly;0,6497222222;1,4876033058;64,9244163928;13,4661586195;0,0000000000;1,4876033058;0,0000000000;32,4665542277;32,4578621652;5,8192162090;7,6469424104;0,0000000000;0,0000000000;1;0, 0, 50.1712230193, 40.9390353027, 0, 0, 4.4359274369, 4.4538142411;0, 0, 0, 0, 14.8347807394, 35.3364422799, 32.0314068206, 8.9076284821, 0, 0, 0, 0, 0, 4.4359274369, 2.2179637184, 0, 2.2358505226, 0, 0, 0, 0, 0, 0, 0, 0;Europe/Paris;34,0
2023-05-27T08:00:00Z;-1;9000003703;hourly;0,6136111111;1,6605166052;109,5687473549;32,1796404887;4,8670285250;0,0000000000;1,6605166052;55,6192190425;53,9495283124;20,7942409585;11,3853995302;1,6574585635;3,2095699614;1;0, 7.4701992049, 29.9685709732, 49.2408534884, 13.3203763336, 0, 0, 0;0, 0, 1.4137729906, 6.0564262142, 4.5381331909, 25.4304377822, 36.1183533008, 13.1225001876, 10.3938922793, 2.9264840543, 0, 0, 0, 0, 0, 0, 0, 0, 0, 0, 0, 0, 0, 0, 0;Europe/Paris;37,0
2023-05-27T09:00:00Z;-1;9000003703;hourly;0,5766666667;10,1283838440;109,2044217251;19,1739652824;1,6759776536;5,0688997244;5,0594841196;66,4184291031;42,7859926220;13,6990983397;5,4748669426;0,0000000000;1,6759776536;1;3.0780538544, 6.1763775418, 44.7738294876, 37.8569781817, 6.5597751741, 1.5549857604, 0, 0;1.543337927, 1.5347159274, 1.543337927, 4.6330396148, 19.3131718892, 25.4606575984, 23.7575385216, 14.0994396601, 3.2900225036, 3.2697526706, 0, 1.5549857604, 0, 0, 0, 0, 0, 0, 0, 0, 0, 0, 0, 0, 0;Europe/Paris;35,0
2023-05-27T10:00:00Z;-1;9000003703;hourly;0,5902777778;10,4418467534;75,1640593637;5,0805306846;1,6363636364;1,6363636364;8,8054831170;36,7564033891;38,4076559746;3,4530442469;1,6274864376;0,0000000000;1,6363636364;1;2.4287642589, 6.4957365983, 41.8669832371, 38.0087248839, 11.1997910219, 0, 0, 0;2.4287642589, 0, 4.3304910655, 2.1652455328, 13.1997520305, 28.6672312066, 24.2148850789, 13.793839805, 4.3423014957, 6.8574895262, 0, 0, 0, 0, 0, 0, 0, 0, 0, 0, 0, 0, 0, 0, 0;Europe/Paris;36,0
2023-05-27T11:00:00Z;-1;9000003703;hourly;0,5872222222;0,0000000000;44,2660469545;11,9045718722;0,0000000000;0,0000000000;0,0000000000;20,4279612281;23,8380857265;8,4664165838;3,4381552884;0,0000000000;0,0000000000;1;0, 8.3497371392, 22.9718184898, 49.0043066848, 15.4992691166, 4.1748685696, 0, 0;0, 0, 0, 8.3497371392, 12.1503645024, 10.8214539874, 34.0079841278, 14.996322557, 11.4491476158, 4.0501215008, 4.1748685696, 0, 0, 0, 0, 0, 0, 0, 0, 0, 0, 0, 0, 0, 0;Europe/Paris;39,5
2023-05-27T12:00:00Z;-1;9000003703;hourly;0,6577777778;7,5906911574;50,2336501984;1,5228426396;0,0000000000;3,0664395230;4,5242516344;25,8235767737;24,4100734247;0,0000000000;1,5228426396;0,0000000000;0,0000000000;1;0, 0, 33.3940962656, 60.5781091205, 6.0277946139, 0, 0, 0;0, 0, 0, 0, 15.1989103153, 18.1951859502, 33.2087391037, 27.3693700168, 3.1050740322, 2.9227205817, 0, 0, 0, 0, 0, 0, 0, 0, 0, 0, 0, 0, 0, 0, 0;Europe/Paris;36,0
2023-05-27T13:00:00Z;-1;9000003703;hourly;0,6341666667;3,0575021323;39,8475736368;15,9900219298;1,6393442623;1,5845070423;1,4729950900;27,2654748244;12,5820988123;4,6968463946;11,2931755353;1,6393442623;0,0000000000;1;0, 19.9706319663, 28.3409364852, 43.6424493939, 8.0459821547, 0, 0, 0;0, 0, 4.0695617666, 15.9010701997, 12.0668786276, 16.2740578575, 31.4824293878, 12.1600200061, 3.9764203881, 4.0695617666, 0, 0, 0, 0, 0, 0, 0, 0, 0, 0, 0, 0, 0, 0, 0;Europe/Paris;34,5
2023-05-27T14:00:00Z;-1;9000003703;hourly;0,6269444444;1,4900662252;41,2972066190;7,9550471603;1,8181818182;0,0000000000;1,4900662252;14,8234774934;26,4737291256;3,3082480433;4,6467991170;0,0000000000;1,8181818182;1;0, 4.4026750646, 44.3330856422, 43.7020393239, 7.5621999693, 0, 0, 0;0, 0, 0, 4.4026750646, 12.3317646226, 32.0013210195, 36.1398393546, 7.5621999693, 7.5621999693, 0, 0, 0, 0, 0, 0, 0, 0, 0, 0, 0, 0, 0, 0, 0, 0;Europe/Paris;32,5
2023-05-27T15:00:00Z;-1;9000003703;hourly;0,6263888889;3,1581377453;45,1021098481;11,4043414756;0,0000000000;0,0000000000;3,1581377453;15,8766385129;29,2254713351;5,0603630224;6,3439784533;0,0000000000;0,0000000000;1;7.4065119809, 0, 45.1866306595, 30.7779235354, 16.6289338243, 0, 0, 0;3.5318089538, 3.874703027, 0, 0, 10.4111585683, 34.7754720912, 13.5923459086, 17.1855776268, 9.9773602946, 6.6515735297, 0, 0, 0, 0, 0, 0, 0, 0, 0, 0, 0, 0, 0, 0, 0;Europe/Paris;38,5
2023-05-27T16:00:00Z;-1;9000003703;hourly;0,6286111111;1,5789473684;42,0136990121;14,8109894347;5,0562290054;1,5789473684;0,0000000000;18,6260759384;23,3876230737;11,7686274321;3,0423620026;3,2598218198;1,7964071856;1;3.4831844578, 14.7121094882, 26.1836389199, 52.1378826762, 3.4831844578, 0, 0, 0;3.4831844578, 0, 7.2413571623, 7.4707523259, 3.4831844578, 22.7004544621, 41.1839458925, 10.9539367837, 3.4831844578, 0, 0, 0, 0, 0, 0, 0, 0, 0, 0, 0, 0, 0, 0, 0, 0;Europe/Paris;32,5
2023-05-27T17:00:00Z;-1;9000003703;hourly;0,6247222222;0,0000000000;39,6329439151;12,7080353506;3,2906764168;0,0000000000;0,0000000000;12,9171241462;26,7158197689;0,0000000000;12,7080353506;0,0000000000;3,2906764168;1;19.8623356415, 3.9220002138, 28.1881112391, 28.1652172641, 12.0183352139, 0, 0, 7.8440004276;15.9403354277, 3.9220002138, 0, 3.9220002138, 8.0734410251, 20.1146702141, 3.9220002138, 24.2432170503, 8.0963350001, 3.9220002138, 0, 0, 0, 0, 7.8440004276, 0, 0, 0, 0, 0, 0, 0, 0, 0, 0;Europe/Paris;40,5
2023-05-27T18:00:00Z;-1;9000003703;hourly;0,5911111111;0,0000000000;22,0445729002;5,0404986590;3,3582556684;0,0000000000;0,0000000000;11,8602927890;10,1842801112;3,3097294283;1,7307692308;1,7307692308;1,6274864376;1;7.3827079571, 0, 38.347356144, 23.3335500555, 30.9363858434, 0, 0, 0;7.3827079571, 0, 0, 0, 7.6310981314, 30.7162580126, 23.3335500555, 0, 30.9363858434, 0, 0, 0, 0, 0, 0, 0, 0, 0, 0, 0, 0, 0, 0, 0, 0;Europe/Paris;40,0
2023-05-27T19:00:00Z;-1;9000003703;hourly;0,5569444444;0,0000000000;27,2589676273;0,0000000000;1,6216216216;0,0000000000;0,0000000000;18,8528162611;8,4061513662;0,0000000000;0,0000000000;0,0000000000;1,6216216216;1;0, 5.9489473108, 36.362501352, 57.6885513372, 0, 0, 0, 0;0, 0, 0, 5.9489473108, 0, 36.362501352, 32.1125797213, 25.5759716159, 0, 0, 0, 0, 0, 0, 0, 0, 0, 0, 0, 0, 0, 0, 0, 0, 0;Europe/Paris;34,5
2023-05-27T20:00:00Z;-1;9000003703;hourly;0,1233333333;0,0000000000;8,1081081081;0,0000000000;0,0000000000;0,0000000000;0,0000000000;8,1081081081;0,0000000000;0,0000000000;0,0000000000;0,0000000000;0,0000000000;1;0, 0, 0, 100, 0, 0, 0, 0;0, 0, 0, 0, 0, 0, 0, 100, 0, 0, 0, 0, 0, 0, 0, 0, 0, 0, 0, 0, 0, 0, 0, 0, 0;Europe/Paris;36,5
2023-05-28T03:00:00Z;-1;9000003703;hourly;0,0000000000;0,0000000000;0,0000000000;0,0000000000;0,0000000000;0,0000000000;0,0000000000;0,0000000000;0,0000000000;0,0000000000;0,0000000000;0,0000000000;0,0000000000;1;0, 0, 0, 0, 0, 0, 0, 0;0, 0, 0, 0, 0, 0, 0, 0, 0, 0, 0, 0, 0, 0, 0, 0, 0, 0, 0, 0, 0, 0, 0, 0, 0;Europe/Paris;NA
2023-05-28T04:00:00Z;-1;9000003703;hourly;0,4997222222;0,0000000000;1,5625000000;0,0000000000;0,0000000000;0,0000000000;0,0000000000;0,0000000000;1,5625000000;0,0000000000;0,0000000000;0,0000000000;0,0000000000;1;0, 0, 100, 0, 0, 0, 0, 0;0, 0, 0, 0, 100, 0, 0, 0, 0, 0, 0, 0, 0, 0, 0, 0, 0, 0, 0, 0, 0, 0, 0, 0, 0;Europe/Paris;21,5
2023-05-28T05:00:00Z;-1;9000003703;hourly;0,6838888889;0,0000000000;5,9703970777;1,5228426396;1,5228426396;0,0000000000;0,0000000000;1,5228426396;4,4475544381;1,5228426396;0,0000000000;0,0000000000;1,5228426396;1;0, 0, 25.5065554231, 74.4934445769, 0, 0, 0, 0;0, 0, 0, 0, 0, 25.5065554231, 51.0131108462, 23.4803337306, 0, 0, 0, 0, 0, 0, 0, 0, 0, 0, 0, 0, 0, 0, 0, 0, 0;Europe/Paris;34,5
2023-05-28T06:00:00Z;-1;9000003703;hourly;0,6772222222;0,0000000000;8,9522263941;0,0000000000;4,3746816098;0,0000000000;0,0000000000;2,9860469719;5,9661794222;0,0000000000;0,0000000000;2,9323739175;1,4423076923;1;0, 0, 32.7558060797, 67.2441939203, 0, 0, 0, 0;0, 0, 0, 0, 32.7558060797, 0, 33.888838052, 33.3553558683, 0, 0, 0, 0, 0, 0, 0, 0, 0, 0, 0, 0, 0, 0, 0, 0, 0;Europe/Paris;35,5
2023-05-28T07:00:00Z;-1;9000003703;hourly;0,6111111111;0,0000000000;30,8251998020;10,1133056133;1,8711018711;0,0000000000;0,0000000000;7,8420178269;22,9831819751;4,5000000000;5,6133056133;0,0000000000;1,8711018711;1;5.2701969392, 0, 5.2701969392, 37.3751504553, 52.0844556663, 0, 0, 0;5.2701969392, 0, 0, 0, 5.2701969392, 0, 32.2075591203, 5.1675913351, 52.0844556663, 0, 0, 0, 0, 0, 0, 0, 0, 0, 0, 0, 0, 0, 0, 0, 0;Europe/Paris;41,0
2023-05-28T08:00:00Z;-1;9000003703;hourly;0,5552777778;0,0000000000;44,1513603854;17,8483227823;5,1015062213;0,0000000000;0,0000000000;29,3700871442;14,7812732412;14,4134832277;3,4348395547;1,6666666667;3,4348395547;1;0, 0, 59.6217165197, 40.3782834803, 0, 0, 0, 0;0, 0, 0, 0, 29.9336479794, 29.6880685403, 11.7688151747, 28.6094683057, 0, 0, 0, 0, 0, 0, 0, 0, 0, 0, 0, 0, 0, 0, 0, 0, 0;Europe/Paris;35,0
2023-05-28T09:00:00Z;-1;9000003703;hourly;0,5125000000;1,5544041451;45,7933215824;13,9100732017;7,5544041451;1,5544041451;0,0000000000;17,5555433594;28,2377782230;3,2278383381;10,6822348636;7,5544041451;0,0000000000;1;0, 7.0487097825, 24.2390512406, 58.3106784648, 7.007170039, 0, 0, 3.394390473;0, 0, 0, 7.0487097825, 6.8303206896, 17.408730551, 40.8604081702, 17.4502702946, 7.007170039, 0, 0, 0, 0, 0, 0, 3.394390473, 0, 0, 0, 0, 0, 0, 0, 0, 0;Europe/Paris;36,0
2023-05-28T10:00:00Z;-1;9000003703;hourly;0,0000000000;0,0000000000;0,0000000000;0,0000000000;0,0000000000;0,0000000000;0,0000000000;0,0000000000;0,0000000000;0,0000000000;0,0000000000;0,0000000000;0,0000000000;1;0, 0, 0, 0, 0, 0, 0, 0;0, 0, 0, 0, 0, 0, 0, 0, 0, 0, 0, 0, 0, 0, 0, 0, 0, 0, 0, 0, 0, 0, 0, 0, 0;Europe/Paris;NA
2023-05-28T11:00:00Z;-1;9000003703;hourly;0,0000000000;0,0000000000;0,0000000000;0,0000000000;0,0000000000;0,0000000000;0,0000000000;0,0000000000;0,0000000000;0,0000000000;0,0000000000;0,0000000000;0,0000000000;1;0, 0, 0, 0, 0, 0, 0, 0;0, 0, 0, 0, 0, 0, 0, 0, 0, 0, 0, 0, 0, 0, 0, 0, 0, 0, 0, 0, 0, 0, 0, 0, 0;Europe/Paris;NA
2023-05-28T12:00:00Z;-1;9000003703;hourly;0,0000000000;0,0000000000;0,0000000000;0,0000000000;0,0000000000;0,0000000000;0,0000000000;0,0000000000;0,0000000000;0,0000000000;0,0000000000;0,0000000000;0,0000000000;1;0, 0, 0, 0, 0, 0, 0, 0;0, 0, 0, 0, 0, 0, 0, 0, 0, 0, 0, 0, 0, 0, 0, 0, 0, 0, 0, 0, 0, 0, 0, 0, 0;Europe/Paris;NA
2023-05-28T13:00:00Z;-1;9000003703;hourly;0,0000000000;0,0000000000;0,0000000000;0,0000000000;0,0000000000;0,0000000000;0,0000000000;0,0000000000;0,0000000000;0,0000000000;0,0000000000;0,0000000000;0,0000000000;1;0, 0, 0, 0, 0, 0, 0, 0;0, 0, 0, 0, 0, 0, 0, 0, 0, 0, 0, 0, 0, 0, 0, 0, 0, 0, 0, 0, 0, 0, 0, 0, 0;Europe/Paris;NA
2023-05-28T14:00:00Z;-1;9000003703;hourly;0,0000000000;0,0000000000;0,0000000000;0,0000000000;0,0000000000;0,0000000000;0,0000000000;0,0000000000;0,0000000000;0,0000000000;0,0000000000;0,0000000000;0,0000000000;1;0, 0, 0, 0, 0, 0, 0, 0;0, 0, 0, 0, 0, 0, 0, 0, 0, 0, 0, 0, 0, 0, 0, 0, 0, 0, 0, 0, 0, 0, 0, 0, 0;Europe/Paris;NA
2023-05-28T15:00:00Z;-1;9000003703;hourly;0,0000000000;0,0000000000;0,0000000000;0,0000000000;0,0000000000;0,0000000000;0,0000000000;0,0000000000;0,0000000000;0,0000000000;0,0000000000;0,0000000000;0,0000000000;1;0, 0, 0, 0, 0, 0, 0, 0;0, 0, 0, 0, 0, 0, 0, 0, 0, 0, 0, 0, 0, 0, 0, 0, 0, 0, 0, 0, 0, 0, 0, 0, 0;Europe/Paris;NA
2023-05-28T16:00:00Z;-1;9000003703;hourly;0,0000000000;0,0000000000;0,0000000000;0,0000000000;0,0000000000;0,0000000000;0,0000000000;0,0000000000;0,0000000000;0,0000000000;0,0000000000;0,0000000000;0,0000000000;1;0, 0, 0, 0, 0, 0, 0, 0;0, 0, 0, 0, 0, 0, 0, 0, 0, 0, 0, 0, 0, 0, 0, 0, 0, 0, 0, 0, 0, 0, 0, 0, 0;Europe/Paris;NA
2023-05-28T17:00:00Z;-1;9000003703;hourly;0,0000000000;0,0000000000;0,0000000000;0,0000000000;0,0000000000;0,0000000000;0,0000000000;0,0000000000;0,0000000000;0,0000000000;0,0000000000;0,0000000000;0,0000000000;1;0, 0, 0, 0, 0, 0, 0, 0;0, 0, 0, 0, 0, 0, 0, 0, 0, 0, 0, 0, 0, 0, 0, 0, 0, 0, 0, 0, 0, 0, 0, 0, 0;Europe/Paris;NA
2023-05-28T18:00:00Z;-1;9000003703;hourly;0,0000000000;0,0000000000;0,0000000000;0,0000000000;0,0000000000;0,0000000000;0,0000000000;0,0000000000;0,0000000000;0,0000000000;0,0000000000;0,0000000000;0,0000000000;1;0, 0, 0, 0, 0, 0, 0, 0;0, 0, 0, 0, 0, 0, 0, 0, 0, 0, 0, 0, 0, 0, 0, 0, 0, 0, 0, 0, 0, 0, 0, 0, 0;Europe/Paris;NA
2023-05-28T19:00:00Z;-1;9000003703;hourly;0,0000000000;0,0000000000;0,0000000000;0,0000000000;0,0000000000;0,0000000000;0,0000000000;0,0000000000;0,0000000000;0,0000000000;0,0000000000;0,0000000000;0,0000000000;1;0, 0, 0, 0, 0, 0, 0, 0;0, 0, 0, 0, 0, 0, 0, 0, 0, 0, 0, 0, 0, 0, 0, 0, 0, 0, 0, 0, 0, 0, 0, 0, 0;Europe/Paris;NA
2023-05-28T20:00:00Z;-1;9000003703;hourly;0,0000000000;0,0000000000;0,0000000000;0,0000000000;0,0000000000;0,0000000000;0,0000000000;0,0000000000;0,0000000000;0,0000000000;0,0000000000;0,0000000000;0,0000000000;1;0, 0, 0, 0, 0, 0, 0, 0;0, 0, 0, 0, 0, 0, 0, 0, 0, 0, 0, 0, 0, 0, 0, 0, 0, 0, 0, 0, 0, 0, 0, 0, 0;Europe/Paris;NA
2023-05-29T03:00:00Z;-1;9000003703;hourly;0,0000000000;0,0000000000;0,0000000000;0,0000000000;0,0000000000;0,0000000000;0,0000000000;0,0000000000;0,0000000000;0,0000000000;0,0000000000;0,0000000000;0,0000000000;1;0, 0, 0, 0, 0, 0, 0, 0;0, 0, 0, 0, 0, 0, 0, 0, 0, 0, 0, 0, 0, 0, 0, 0, 0, 0, 0, 0, 0, 0, 0, 0, 0;Europe/Paris;NA
2023-05-29T04:00:00Z;-1;9000003703;hourly;0,0000000000;0,0000000000;0,0000000000;0,0000000000;0,0000000000;0,0000000000;0,0000000000;0,0000000000;0,0000000000;0,0000000000;0,0000000000;0,0000000000;0,0000000000;1;0, 0, 0, 0, 0, 0, 0, 0;0, 0, 0, 0, 0, 0, 0, 0, 0, 0, 0, 0, 0, 0, 0, 0, 0, 0, 0, 0, 0, 0, 0, 0, 0;Europe/Paris;NA
2023-05-29T05:00:00Z;-1;9000003703;hourly;0,0000000000;0,0000000000;0,0000000000;0,0000000000;0,0000000000;0,0000000000;0,0000000000;0,0000000000;0,0000000000;0,0000000000;0,0000000000;0,0000000000;0,0000000000;1;0, 0, 0, 0, 0, 0, 0, 0;0, 0, 0, 0, 0, 0, 0, 0, 0, 0, 0, 0, 0, 0, 0, 0, 0, 0, 0, 0, 0, 0, 0, 0, 0;Europe/Paris;NA
2023-05-29T06:00:00Z;-1;9000003703;hourly;0,0000000000;0,0000000000;0,0000000000;0,0000000000;0,0000000000;0,0000000000;0,0000000000;0,0000000000;0,0000000000;0,0000000000;0,0000000000;0,0000000000;0,0000000000;1;0, 0, 0, 0, 0, 0, 0, 0;0, 0, 0, 0, 0, 0, 0, 0, 0, 0, 0, 0, 0, 0, 0, 0, 0, 0, 0, 0, 0, 0, 0, 0, 0;Europe/Paris;NA
2023-05-29T07:00:00Z;-1;9000003703;hourly;0,0000000000;0,0000000000;0,0000000000;0,0000000000;0,0000000000;0,0000000000;0,0000000000;0,0000000000;0,0000000000;0,0000000000;0,0000000000;0,0000000000;0,0000000000;1;0, 0, 0, 0, 0, 0, 0, 0;0, 0, 0, 0, 0, 0, 0, 0, 0, 0, 0, 0, 0, 0, 0, 0, 0, 0, 0, 0, 0, 0, 0, 0, 0;Europe/Paris;NA
2023-05-29T08:00:00Z;-1;9000003703;hourly;0,0000000000;0,0000000000;0,0000000000;0,0000000000;0,0000000000;0,0000000000;0,0000000000;0,0000000000;0,0000000000;0,0000000000;0,0000000000;0,0000000000;0,0000000000;1;0, 0, 0, 0, 0, 0, 0, 0;0, 0, 0, 0, 0, 0, 0, 0, 0, 0, 0, 0, 0, 0, 0, 0, 0, 0, 0, 0, 0, 0, 0, 0, 0;Europe/Paris;NA
2023-05-29T09:00:00Z;-1;9000003703;hourly;0,3227777778;2,9556650246;40,2194924238;23,6453201970;6,5099457505;2,9556650246;0,0000000000;11,8226600985;28,3968323252;8,8669950739;14,7783251232;0,0000000000;6,5099457505;1;0, 7.3488372093, 38.2325581395, 39.7209302326, 14.6976744186, 0, 0, 0;0, 0, 0, 7.3488372093, 7.3488372093, 30.8837209302, 23.5348837209, 16.1860465116, 14.6976744186, 0, 0, 0, 0, 0, 0, 0, 0, 0, 0, 0, 0, 0, 0, 0, 0;Europe/Paris;37,5
2023-05-29T10:00:00Z;-1;9000003703;hourly;0,6069444444;0,0000000000;35,5261347853;7,9259642204;0,0000000000;0,0000000000;0,0000000000;17,3133527061;18,2127820792;4,8042704626;3,1216937578;0,0000000000;0,0000000000;1;0, 4.279301082, 24.3152235793, 66.6613812552, 4.7440940834, 0, 0, 0;0, 0, 4.279301082, 0, 10.1945522759, 14.1206713034, 32.749076131, 33.9123051242, 0, 4.7440940834, 0, 0, 0, 0, 0, 0, 0, 0, 0, 0, 0, 0, 0, 0, 0;Europe/Paris;36,0
2023-05-29T11:00:00Z;-1;9000003703;hourly;0,6636111111;1,6071428571;32,0087244202;3,0506988499;1,6014234875;0,0000000000;1,6071428571;9,1017294114;22,9069950089;0,0000000000;3,0506988499;0,0000000000;1,6014234875;1;0, 0, 23.4320675368, 58.3320400165, 13.8833639417, 4.352528505, 0, 0;0, 0, 0, 0, 4.5277510696, 18.9043164671, 19.3796497645, 38.952390252, 5.003084367, 8.8802795747, 4.352528505, 0, 0, 0, 0, 0, 0, 0, 0, 0, 0, 0, 0, 0, 0;Europe/Paris;40,5
2023-05-29T12:00:00Z;-1;9000003703;hourly;0,6508333333;1,6187050360;19,8272469820;6,0199033430;0,0000000000;1,6187050360;0,0000000000;3,1141868512;16,7130601308;4,4628099174;1,5570934256;0,0000000000;0,0000000000;1;0, 0, 38.8887142281, 53.5960405817, 7.5152451902, 0, 0, 0;0, 0, 0, 0, 23.5201678357, 15.3685463924, 7.8533012022, 45.7427393795, 0, 7.5152451902, 0, 0, 0, 0, 0, 0, 0, 0, 0, 0, 0, 0, 0, 0, 0;Europe/Paris;36,5
2023-05-29T13:00:00Z;-1;9000003703;hourly;0,6280555556;0,0000000000;21,8345463015;14,0168932406;3,2997499731;0,0000000000;0,0000000000;12,3803332467;9,4542130549;6,5368710775;7,4800221630;1,6453382084;1,6544117647;1;0, 0, 48.3102679251, 21.7113244558, 22.4429260676, 7.5354815515, 0, 0;0, 0, 0, 0, 13.3611293636, 34.9491385615, 14.1342869398, 7.577037516, 14.9892038095, 7.453722258, 7.5354815515, 0, 0, 0, 0, 0, 0, 0, 0, 0, 0, 0, 0, 0, 0;Europe/Paris;42,5
2023-05-29T14:00:00Z;-1;9000003703;hourly;0,5725000000;1,8218623482;27,0918154350;6,7183699693;3,4916211608;0,0000000000;1,8218623482;10,0838015302;17,0080139048;1,9480519481;4,7703180212;3,4916211608;0,0000000000;1;0, 6.7247702634, 51.3345247373, 35.215934736, 6.7247702634, 0, 0, 0;0, 0, 6.7247702634, 0, 13.3538882595, 37.9806364777, 29.34661228, 5.869322456, 0, 6.7247702634, 0, 0, 0, 0, 0, 0, 0, 0, 0, 0, 0, 0, 0, 0, 0;Europe/Paris;32,0
2023-05-29T15:00:00Z;-1;9000003703;hourly;0,6194444444;0,0000000000;61,6743921578;24,4510655719;1,5151515152;0,0000000000;0,0000000000;32,1917498730;29,4826422847;19,4034465243;5,0476190476;1,5151515152;0,0000000000;1;2.7023641553, 7.3700840599, 30.9838063439, 48.3505049961, 8.0375895799, 0, 0, 2.5556508649;2.7023641553, 0, 0, 7.3700840599, 18.2567510855, 12.7270552584, 35.054900396, 13.2956046001, 8.0375895799, 0, 0, 0, 0, 0, 0, 0, 0, 0, 0, 2.5556508649, 0, 0, 0, 0, 0;Europe/Paris;36,0
2023-05-29T16:00:00Z;-1;9000003703;hourly;0,5936111111;0,0000000000;79,8383426555;38,8790103950;11,6538932667;0,0000000000;0,0000000000;30,4136717944;49,4246708611;21,6217566588;17,2572537362;8,3267213629;3,3271719039;1;2.232233484, 10.8394851212, 38.2672088728, 37.8290887648, 10.8319837572, 0, 0, 0;0, 2.232233484, 6.696700452, 4.1427846692, 12.8629637238, 25.4042451489, 27.2585729157, 10.5705158491, 8.7482907639, 2.0836929934, 0, 0, 0, 0, 0, 0, 0, 0, 0, 0, 0, 0, 0, 0, 0;Europe/Paris;35,5
2023-05-29T17:00:00Z;-1;9000003703;hourly;0,6163888889;0,0000000000;24,1833934261;12,8131105440;13,1837757642;0,0000000000;0,0000000000;9,7486612604;14,4347321657;4,8707190945;7,9423914495;9,8416697758;3,3421059884;1;13.0684096242, 0, 46.9870361472, 26.4915479774, 6.3507885366, 0, 0, 7.1022177146;13.0684096242, 0, 0, 0, 40.2815188815, 6.7055172657, 26.4915479774, 0, 6.3507885366, 0, 0, 0, 0, 0, 0, 0, 0, 0, 0, 0, 0, 0, 0, 0, 7.1022177146;Europe/Paris;32,0
2023-05-29T18:00:00Z;-1;9000003703;hourly;0,6105555556;0,0000000000;34,3922654977;17,9995465775;1,5957446809;0,0000000000;0,0000000000;16,4658939597;17,9263715379;3,3100303951;14,6895161823;0,0000000000;1,5957446809;1;0, 0, 38.2197152057, 47.5814533764, 14.1988314179, 0, 0, 0;0, 0, 0, 0, 9.8216026695, 28.3981125362, 38.1371991315, 9.4442542449, 14.1988314179, 0, 0, 0, 0, 0, 0, 0, 0, 0, 0, 0, 0, 0, 0, 0, 0;Europe/Paris;37,0
2023-05-29T19:00:00Z;-1;9000003703;hourly;0,6144444444;1,6071428571;18,8052215793;0,0000000000;3,0612244898;0,0000000000;1,6071428571;6,9246301237;11,8805914556;0,0000000000;0,0000000000;0,0000000000;3,0612244898;1;0, 0, 0, 71.7095280868, 8.1392938575, 20.1511780557, 0, 0;0, 0, 0, 0, 0, 0, 53.4946452014, 18.2148828854, 0, 8.1392938575, 20.1511780557, 0, 0, 0, 0, 0, 0, 0, 0, 0, 0, 0, 0, 0, 0;Europe/Paris;49,0
2023-05-29T20:00:00Z;-1;9000003703;hourly;0,0000000000;0,0000000000;0,0000000000;0,0000000000;0,0000000000;0,0000000000;0,0000000000;0,0000000000;0,0000000000;0,0000000000;0,0000000000;0,0000000000;0,0000000000;1;0, 0, 0, 0, 0, 0, 0, 0;0, 0, 0, 0, 0, 0, 0, 0, 0, 0, 0, 0, 0, 0, 0, 0, 0, 0, 0, 0, 0, 0, 0, 0, 0;Europe/Paris;NA
2023-05-30T02:00:00Z;-1;9000003703;hourly;0,0000000000;0,0000000000;0,0000000000;0,0000000000;0,0000000000;0,0000000000;0,0000000000;0,0000000000;0,0000000000;0,0000000000;0,0000000000;0,0000000000;0,0000000000;1;0, 0, 0, 0, 0, 0, 0, 0;0, 0, 0, 0, 0, 0, 0, 0, 0, 0, 0, 0, 0, 0, 0, 0, 0, 0, 0, 0, 0, 0, 0, 0, 0;Europe/Paris;NA
2023-05-30T03:00:00Z;-1;9000003703;hourly;0,0000000000;0,0000000000;0,0000000000;0,0000000000;0,0000000000;0,0000000000;0,0000000000;0,0000000000;0,0000000000;0,0000000000;0,0000000000;0,0000000000;0,0000000000;1;0, 0, 0, 0, 0, 0, 0, 0;0, 0, 0, 0, 0, 0, 0, 0, 0, 0, 0, 0, 0, 0, 0, 0, 0, 0, 0, 0, 0, 0, 0, 0, 0;Europe/Paris;NA
2023-05-30T04:00:00Z;-1;9000003703;hourly;0,4508333333;5,4051549865;10,8103099730;5,0943396226;0,0000000000;3,7070417790;1,6981132075;3,7070417790;7,1032681941;5,0943396226;0,0000000000;0,0000000000;0,0000000000;1;0, 0, 0, 50, 50, 0, 0, 0;0, 0, 0, 0, 0, 0, 18.5834502104, 31.4165497896, 50, 0, 0, 0, 0, 0, 0, 0, 0, 0, 0, 0, 0, 0, 0, 0, 0;Europe/Paris;41,0
2023-05-30T05:00:00Z;-1;9000003703;hourly;0,6227777778;9,8064743139;60,2276412814;6,6093228896;4,9062968516;4,8064743139;5,0000000000;48,9631459780;11,2644953034;3,2547501759;3,3545727136;3,1821589205;1,7241379310;1;0, 0, 48.7117840705, 45.7183934323, 5.5698224972, 0, 0, 0;0, 0, 0, 0, 10.8183212932, 37.8934627773, 21.56590057, 24.1524928623, 5.5698224972, 0, 0, 0, 0, 0, 0, 0, 0, 0, 0, 0, 0, 0, 0, 0, 0;Europe/Paris;35,5
2023-05-30T06:00:00Z;-1;9000003703;hourly;0,6186111111;31,0862470862;123,1364564639;45,7700765311;6,5020112631;9,7529137529;21,3333333333;78,5155640819;44,6208923820;44,1034098645;1,6666666667;3,2727272727;3,2292839903;1;7.8851306505, 18.7769022962, 41.232117208, 29.4833251414, 1.2936220513, 1.3289026527, 0, 0;6.5915085992, 1.2936220513, 5.3648292275, 13.4120730687, 15.9588768238, 25.2732403842, 25.4985102071, 3.9848149343, 1.2936220513, 0, 0, 1.3289026527, 0, 0, 0, 0, 0, 0, 0, 0, 0, 0, 0, 0, 0;Europe/Paris;31,0
2023-05-30T07:00:00Z;-1;9000003703;hourly;0,6358333333;6,2564392875;39,3100015932;12,5588314363;1,6791044776;4,6691377002;1,5873015873;23,6684962904;15,6415053029;9,4766396555;3,0821917808;1,6791044776;0,0000000000;1;7.8407317627, 7.9582735968, 32.4168028592, 43.4748406428, 4.2714434229, 4.0379077155, 0, 0;7.8407317627, 0, 3.9203658813, 4.0379077155, 0, 32.4168028592, 27.2084422766, 16.2663983662, 4.2714434229, 0, 4.0379077155, 0, 0, 0, 0, 0, 0, 0, 0, 0, 0, 0, 0, 0, 0;Europe/Paris;35,5
2023-05-30T08:00:00Z;-1;9000003703;hourly;0,6263888889;6,4691728259;41,8291200613;6,7626839207;4,6153846154;3,2229314013;3,2462414246;9,8487440743;31,9803759870;6,7626839207;0,0000000000;0,0000000000;4,6153846154;1;0, 7.838291888, 23.0071026817, 41.7678441983, 27.386761232, 0, 0, 0;0, 0, 3.919145944, 3.919145944, 7.3002086803, 15.7068940014, 37.6850906437, 4.0827535546, 19.3848617335, 8.0018994986, 0, 0, 0, 0, 0, 0, 0, 0, 0, 0, 0, 0, 0, 0, 0;Europe/Paris;40,5
2023-05-30T09:00:00Z;-1;9000003703;hourly;0,6341666667;3,1519699812;41,5930268548;2,9734817482;0,0000000000;1,4634146341;1,6885553471;20,9557362638;20,6372905910;1,4634146341;1,5100671141;0,0000000000;0,0000000000;1;0, 4.0597077798, 18.2003340502, 66.0351565676, 8.0742240074, 3.630577595, 0, 0;0, 0, 0, 4.0597077798, 0, 18.2003340502, 30.9425328416, 35.092623726, 4.0597077798, 4.0145162276, 3.630577595, 0, 0, 0, 0, 0, 0, 0, 0, 0, 0, 0, 0, 0, 0;Europe/Paris;37,0
2023-05-30T10:00:00Z;-1;9000003703;hourly;0,6211111111;10,3305157072;58,3436973932;7,9437644331;0,0000000000;7,1216547673;3,2088609399;13,1703103860;45,1733870072;4,9985270642;2,9452373690;0,0000000000;0,0000000000;1;0, 0, 16.8026179405, 40.5142436844, 42.6831383751, 0, 0, 0;0, 0, 0, 0, 3.187155109, 13.6154628315, 13.6154628315, 26.8987808528, 28.6768554569, 14.0062829182, 0, 0, 0, 0, 0, 0, 0, 0, 0, 0, 0, 0, 0, 0, 0;Europe/Paris;42,5
2023-05-30T11:00:00Z;-1;9000003703;hourly;0,6283333333;14,5655070163;49,5588057150;9,9999919950;0,0000000000;6,3020437869;8,2634632294;26,0300747038;23,5287310112;8,2791506948;1,7208413002;0,0000000000;0,0000000000;1;0, 0, 32.0565373807, 55.5421482216, 12.4013143976, 0, 0, 0;0, 0, 0, 0, 16.2202709217, 15.836266459, 22.9944554246, 32.5476927971, 9.0994518674, 3.3018625303, 0, 0, 0, 0, 0, 0, 0, 0, 0, 0, 0, 0, 0, 0, 0;Europe/Paris;37,0
2023-05-30T12:00:00Z;-1;9000003703;hourly;0,5938888889;1,6853932584;38,5372887021;10,5913469768;0,0000000000;1,6853932584;0,0000000000;6,6539393908;31,8833493113;5,3976073188;5,1937396580;0,0000000000;0,0000000000;1;4.4739471538, 12.3638134182, 22.3602974947, 43.9641813612, 16.837760572, 0, 0, 0;4.4739471538, 0, 8.418880286, 3.9449331322, 4.7661232944, 17.5941742003, 18.3796027582, 25.584578603, 16.837760572, 0, 0, 0, 0, 0, 0, 0, 0, 0, 0, 0, 0, 0, 0, 0, 0;Europe/Paris;38,0
2023-05-30T13:00:00Z;-1;9000003703;hourly;0,6283333333;1,5202702703;52,6915595219;7,6683826684;1,4516129032;1,5202702703;0,0000000000;24,7279352083;27,9636243136;1,5873015873;6,0810810811;1,4516129032;0,0000000000;1;0, 0, 27.2630910847, 60.1632465312, 12.5736623841, 0, 0, 0;0, 0, 0, 0, 5.6401503399, 21.6229407448, 37.8891886624, 22.2740578689, 6.0248798924, 6.5487824917, 0, 0, 0, 0, 0, 0, 0, 0, 0, 0, 0, 0, 0, 0, 0;Europe/Paris;37,0
2023-05-30T14:00:00Z;-1;9000003703;hourly;0,6297222222;15,9565185981;108,8802474270;49,4524252040;7,9773895339;9,5960945698;6,3604240283;25,8776678514;83,0025795756;10,9688341803;38,4835910237;3,0976436955;4,8797458384;1;0, 25.1669615133, 36.6212003353, 25.0404478679, 7.224654951, 2.9733676663, 0, 2.9733676663;0, 0, 4.4600514994, 20.7069100139, 19.0160250513, 17.6051752841, 19.0765722069, 5.963875661, 5.8400716826, 1.3845832684, 2.9733676663, 0, 0, 0, 1.4866838331, 0, 0, 1.4866838331, 0, 0, 0, 0, 0, 0, 0;Europe/Paris;36,0
2023-05-30T15:00:00Z;-1;9000003703;hourly;0,6563888889;13,6884769396;134,0220228761;28,9204707273;10,6759359490;9,0989488206;4,5895281189;47,2601334770;86,7618893991;16,7574543905;12,1630163368;4,5584298455;6,1175061035;1;5.654839281, 6.8238188324, 32.9345938877, 45.5094680089, 7.9486557464, 1.1286242437, 0, 0;4.5281087022, 1.1267305788, 2.2553548225, 4.5684640099, 13.6531795275, 19.2814143602, 28.4066089868, 17.1028590221, 3.4032717882, 4.5453839581, 0, 1.1286242437, 0, 0, 0, 0, 0, 0, 0, 0, 0, 0, 0, 0, 0;Europe/Paris;36,0
2023-05-30T16:00:00Z;-1;9000003703;hourly;0,6527777778;16,4704159988;116,7516310991;33,6586416044;8,8832749050;2,9230100043;13,5474059945;34,6046519815;82,1469791176;12,7032494138;20,9553921906;1,4354066986;7,4478682064;1;0, 10.0207840057, 28.9527778004, 46.9597009023, 8.9679852772, 5.0987520144, 0, 0;0, 0, 6.2856073908, 3.7351766149, 7.9620034763, 20.9907743241, 30.131195027, 16.8285058753, 8.9679852772, 0, 1.2741606192, 3.8245913952, 0, 0, 0, 0, 0, 0, 0, 0, 0, 0, 0, 0, 0;Europe/Paris;37,0
2023-05-30T17:00:00Z;-1;9000003703;hourly;0,6572222222;6,0908691835;91,1347209290;10,8659827538;4,5714936608;2,9411764706;3,1496927129;38,5282658996;52,6064550294;1,6791044776;9,1868782762;1,4218009479;3,1496927129;1;5.0161931854, 8.5467531995, 25.1563443259, 51.2001623994, 10.0805468898, 0, 0, 0;3.4025510737, 1.6136421117, 3.4560842243, 5.0906689752, 11.9229890024, 13.2333553235, 28.4036685793, 22.7964938201, 8.2381047772, 1.8424421126, 0, 0, 0, 0, 0, 0, 0, 0, 0, 0, 0, 0, 0, 0, 0;Europe/Paris;36,5
2023-05-30T18:00:00Z;-1;9000003703;hourly;0,6161111111;1,4240506329;52,2078374549;12,7803259366;1,8145161290;0,0000000000;1,4240506329;21,6016658869;30,6061715680;7,8916619689;4,8886639676;0,0000000000;1,8145161290;1;0, 3.0243493035, 34.9063956908, 52.5449936912, 6.4999120111, 3.0243493035, 0, 0;0, 0, 3.0243493035, 0, 12.8394134356, 22.0669822552, 36.8475312159, 15.6974624753, 3.4755627076, 3.0243493035, 3.0243493035, 0, 0, 0, 0, 0, 0, 0, 0, 0, 0, 0, 0, 0, 0;Europe/Paris;36,0
2023-05-30T19:00:00Z;-1;9000003703;hourly;0,6569444444;0,0000000000;30,8576733962;0,0000000000;0,0000000000;0,0000000000;0,0000000000;17,1934154244;13,6642579718;0,0000000000;0,0000000000;0,0000000000;0,0000000000;1;0, 0, 30.3606083055, 59.5997000718, 10.0396916228, 0, 0, 0;0, 0, 0, 0, 5.0027727618, 25.3578355437, 44.5572356872, 15.0424643846, 5.3125983973, 4.7270932255, 0, 0, 0, 0, 0, 0, 0, 0, 0, 0, 0, 0, 0, 0, 0;Europe/Paris;36,0
2023-05-30T20:00:00Z;-1;9000003703;hourly;0,0711111111;0,0000000000;0,0000000000;0,0000000000;0,0000000000;0,0000000000;0,0000000000;0,0000000000;0,0000000000;0,0000000000;0,0000000000;0,0000000000;0,0000000000;1;0, 0, 0, 0, 0, 0, 0, 0;0, 0, 0, 0, 0, 0, 0, 0, 0, 0, 0, 0, 0, 0, 0, 0, 0, 0, 0, 0, 0, 0, 0, 0, 0;Europe/Paris;NA
2023-05-31T03:00:00Z;-1;9000003703;hourly;0,0000000000;0,0000000000;0,0000000000;0,0000000000;0,0000000000;0,0000000000;0,0000000000;0,0000000000;0,0000000000;0,0000000000;0,0000000000;0,0000000000;0,0000000000;1;0, 0, 0, 0, 0, 0, 0, 0;0, 0, 0, 0, 0, 0, 0, 0, 0, 0, 0, 0, 0, 0, 0, 0, 0, 0, 0, 0, 0, 0, 0, 0, 0;Europe/Paris;NA
2023-05-31T04:00:00Z;-1;9000003703;hourly;0,4266666667;5,5895907630;18,3368540624;3,5716535433;1,7716535433;3,8179372197;1,7716535433;14,5189168427;3,8179372197;3,5716535433;0,0000000000;1,7716535433;0,0000000000;1;0, 0, 59.8554676758, 40.1445323242, 0, 0, 0, 0;0, 0, 0, 0, 0, 59.8554676758, 20.6665262762, 19.4780060481, 0, 0, 0, 0, 0, 0, 0, 0, 0, 0, 0, 0, 0, 0, 0, 0, 0;Europe/Paris;33,5
2023-05-31T05:00:00Z;-1;9000003703;hourly;0,6230555556;13,5270387125;48,9515529658;8,2589083763;8,6786171575;7,6653229635;5,8617157490;41,2550446777;7,6965082881;6,4553011619;1,8036072144;5,8617157490;2,8169014085;1;0, 2.8772339566, 25.2218779434, 58.3118835303, 10.7117706131, 0, 0, 2.8772339566;0, 0, 2.8772339566, 0, 6.5617079011, 18.6601700423, 33.120121107, 25.1917624233, 7.0272966686, 3.6844739445, 0, 0, 0, 0, 0, 0, 2.8772339566, 0, 0, 0, 0, 0, 0, 0, 0;Europe/Paris;37,0
2023-05-31T06:00:00Z;-1;9000003703;hourly;0,6419444444;22,8623172353;89,3156204090;30,6012930532;9,1013513514;6,0405405405;16,8217766947;58,3204183476;30,9952020614;29,0223456848;1,5789473684;6,0810810811;3,0202702703;1;14.4150443782, 3.4042651516, 39.3882126593, 36.0293377097, 3.3815700506, 0, 1.7021325758, 1.6794374748;12.579593586, 1.8354507921, 1.7021325758, 1.7021325758, 13.5716704045, 25.8165422548, 24.182494982, 11.8468427276, 3.3815700506, 0, 0, 0, 1.7021325758, 0, 0, 1.6794374748, 0, 0, 0, 0, 0, 0, 0, 0, 0;Europe/Paris;34,0
2023-05-31T07:00:00Z;-1;9000003703;hourly;0,6355555556;8,2121234129;56,7083701633;6,1392386136;0,0000000000;5,0092764378;3,2028469751;23,5336537450;33,1747164183;4,6266335716;1,5126050420;0,0000000000;0,0000000000;1;0, 2.6673400023, 38.9481683217, 55.4400254397, 2.9444662363, 0, 0, 0;0, 0, 2.6673400023, 0, 11.3802356446, 27.5679326771, 27.7245558445, 27.7154695951, 2.9444662363, 0, 0, 0, 0, 0, 0, 0, 0, 0, 0, 0, 0, 0, 0, 0, 0;Europe/Paris;35,5
2023-05-31T08:00:00Z;-1;9000003703;hourly;0,6069444444;2,9411764706;32,1251865714;16,3770977252;0,0000000000;1,4705882353;1,4705882353;16,2362943679;15,8888922035;6,6608143552;9,7162833699;0,0000000000;0,0000000000;1;0, 0, 45.3924648549, 44.8225314632, 9.7850036819, 0, 0, 0;0, 0, 0, 0, 15.9186555499, 29.4738093049, 30.459847798, 14.3626836652, 5.2073236985, 4.5776799834, 0, 0, 0, 0, 0, 0, 0, 0, 0, 0, 0, 0, 0, 0, 0;Europe/Paris;35,5
2023-05-31T09:00:00Z;-1;9000003703;hourly;0,5844444444;8,4459195627;51,5872594993;12,0546752265;1,9313304721;3,4615384615;4,9843811011;24,4018690727;27,1853904266;7,0776594752;4,9770157513;1,9313304721;0,0000000000;1;0, 3.7438128927, 35.5784985559, 50.2238110127, 3.355032323, 0, 0, 7.0988452157;0, 0, 0, 3.7438128927, 6.3070066174, 29.2714919385, 30.5109525622, 19.7128584505, 0, 3.355032323, 0, 0, 0, 0, 0, 0, 0, 0, 3.7438128927, 3.355032323, 0, 0, 0, 0, 0;Europe/Paris;36,5
2023-05-31T10:00:00Z;-1;9000003703;hourly;0,6483333333;24,6029640098;85,0961006179;49,4080305907;1,5358361775;12,2254020500;12,3775619598;23,2298433172;61,8662573007;9,2325354900;40,1754951007;0,0000000000;1,5358361775;1;1.8172298629, 7.294246697, 36.3360433841, 43.6361779327, 7.2818423976, 1.8172298629, 1.8172298629, 0;0, 1.8172298629, 7.294246697, 0, 12.7459362857, 23.5901070984, 12.7841864772, 30.8519914555, 3.6473826718, 3.6344597258, 1.8172298629, 0, 1.8172298629, 0, 0, 0, 0, 0, 0, 0, 0, 0, 0, 0, 0;Europe/Paris;37,0
2023-05-31T11:00:00Z;-1;9000003703;hourly;0,6069444444;16,3250988072;55,6699661178;15,0246050472;0,0000000000;9,7274600521;6,5976387551;21,2373443038;34,4326218140;8,4269662921;6,5976387551;0,0000000000;0,0000000000;1;3.0274731169, 2.7970080354, 11.85134322, 67.6758243723, 11.6208781384, 3.0274731169, 0, 0;0, 3.0274731169, 2.7970080354, 0, 0, 11.85134322, 46.7420618015, 20.9337625708, 8.8238701031, 2.7970080354, 3.0274731169, 0, 0, 0, 0, 0, 0, 0, 0, 0, 0, 0, 0, 0, 0;Europe/Paris;37,5
2023-05-31T12:00:00Z;-1;9000003703;hourly;0,6358333333;6,4116471596;69,5925237575;14,0057140500;1,5929203540;3,2058235798;3,2058235798;19,0199442769;50,5725794807;7,7118014729;6,2939125771;0,0000000000;1,5929203540;1;2.2889245396, 6.7550247775, 29.6487833461, 54.7757402416, 4.3543513968, 2.1771756984, 0, 0;2.2889245396, 0, 2.2889245396, 4.466100238, 9.2131263725, 20.4356569736, 25.0152080544, 29.7605321872, 4.3543513968, 0, 0, 2.1771756984, 0, 0, 0, 0, 0, 0, 0, 0, 0, 0, 0, 0, 0;Europe/Paris;36,0
2023-05-31T13:00:00Z;-1;9000003703;hourly;0,6325000000;6,5126113789;73,4850243841;14,3797289341;4,5824460223;4,8240560318;1,6885553471;38,5289566620;34,9560677220;3,3771106942;11,0026182399;1,4469453376;3,1355006847;1;0, 2.2349257964, 52.1646127732, 41.004816641, 4.5956447895, 0, 0, 0;0, 0, 0, 2.2349257964, 13.3952496783, 38.7693630948, 32.2681083506, 8.7367082904, 2.2978223948, 2.2978223948, 0, 0, 0, 0, 0, 0, 0, 0, 0, 0, 0, 0, 0, 0, 0;Europe/Paris;32,0
2023-05-31T14:00:00Z;-1;9000003703;hourly;0,5905555556;3,3976899982;79,9406965206;11,8812584142;5,2023121387;3,3976899982;0,0000000000;28,9852270709;50,9554694498;1,6574585635;10,2237998507;3,4682080925;1,7341040462;1;0, 4.2425982727, 36.4975344474, 42.3866130124, 12.6306559948, 2.1692380999, 0, 2.0733601728;0, 0, 0, 4.2425982727, 6.323623363, 30.1739110844, 29.5423510785, 12.8442619339, 10.5496309045, 2.0810250903, 2.1692380999, 0, 0, 0, 0, 0, 0, 0, 2.0733601728, 0, 0, 0, 0, 0, 0;Europe/Paris;38,5
2023-05-31T15:00:00Z;-1;9000003703;hourly;0,6366666667;12,8426405191;130,3529826751;32,6753887478;4,8495893249;4,7141711536;8,1284693654;56,9597015899;73,3932810852;11,2878984096;21,3874903382;1,7241379310;3,1254513939;1;1.250784408, 4.5354628819, 37.6562932315, 50.3616049043, 6.1958545744, 0, 0, 0;1.250784408, 0, 0, 4.5354628819, 10.6471841122, 27.0091091192, 38.2938021828, 12.0678027216, 4.9450701664, 1.250784408, 0, 0, 0, 0, 0, 0, 0, 0, 0, 0, 0, 0, 0, 0, 0;Europe/Paris;34,0
2023-05-31T16:00:00Z;-1;9000003703;hourly;0,6247222222;3,3271719039;138,5338045778;30,1449983664;8,0733833419;1,6635859519;1,6635859519;46,5053811529;92,0284234249;6,2895960743;23,8554022921;0,0000000000;8,0733833419;1;4.709558079, 6.9663952893, 35.9641410681, 40.6941820451, 10.4648715265, 0, 1.2008519921, 0;3.5087060869, 1.2008519921, 3.5087060869, 3.4576892024, 13.9378277221, 22.026313346, 23.3038810256, 17.3903010196, 9.312990449, 1.1518810775, 0, 0, 1.2008519921, 0, 0, 0, 0, 0, 0, 0, 0, 0, 0, 0, 0;Europe/Paris;36,5
2023-05-31T17:00:00Z;-1;9000003703;hourly;0,6472222222;4,6300530455;68,7965461196;18,5441876914;3,0289832119;1,5845070423;3,0455460033;26,2363495316;42,5601965880;10,9127946941;7,6313929972;1,5679442509;1,4610389610;1;21.9308962366, 11.1247417826, 15.5677358638, 31.9444826365, 6.6898849505, 2.123709755, 2.123709755, 8.49483902;19.8071864816, 2.123709755, 2.123709755, 9.0010320277, 4.4107817988, 11.1569540649, 13.7548129022, 18.1896697343, 4.5661751955, 2.123709755, 2.123709755, 0, 0, 2.123709755, 0, 0, 0, 2.123709755, 0, 0, 0, 0, 2.123709755, 0, 4.24741951;Europe/Paris;42,5
2023-05-31T18:00:00Z;-1;9000003703;hourly;0,5794444444;1,6129032258;28,6650529826;16,6585986427;7,2734276509;0,0000000000;1,6129032258;15,4563203802;13,2087326024;9,9603848331;6,6982138097;1,8595041322;5,4139235187;1;6.1202955598, 12.6073030437, 11.2534466745, 40.8195566603, 23.286570148, 5.9128279137, 0, 0;6.1202955598, 0, 6.1202955598, 6.4870074839, 5.6267233372, 5.6267233372, 23.3671774956, 17.4523791647, 17.6598468108, 5.6267233372, 5.9128279137, 0, 0, 0, 0, 0, 0, 0, 0, 0, 0, 0, 0, 0, 0;Europe/Paris;41,5
2023-05-31T19:00:00Z;-1;9000003703;hourly;0,6355555556;0,0000000000;28,3003151184;4,6840266751;5,9701492537;0,0000000000;0,0000000000;10,9325915431;17,3677235752;0,0000000000;4,6840266751;2,9850746269;2,9850746269;1;0, 0, 17.0079756243, 77.3534133773, 5.6386109984, 0, 0, 0;0, 0, 0, 0, 5.6386109984, 11.3693646259, 50.2945543059, 27.0588590714, 5.6386109984, 0, 0, 0, 0, 0, 0, 0, 0, 0, 0, 0, 0, 0, 0, 0, 0;Europe/Paris;36,0
2023-05-31T20:00:00Z;-1;9000003703;hourly;0,0913888889;0,0000000000;21,8844984802;0,0000000000;0,0000000000;0,0000000000;0,0000000000;10,9422492401;10,9422492401;0,0000000000;0,0000000000;0,0000000000;0,0000000000;1;50, 0, 0, 50, 0, 0, 0, 0;50, 0, 0, 0, 0, 0, 50, 0, 0, 0, 0, 0, 0, 0, 0, 0, 0, 0, 0, 0, 0, 0, 0, 0, 0;Europe/Paris;31,0
2023-06-01T03:00:00Z;-1;9000003703;hourly;0,0000000000;0,0000000000;0,0000000000;0,0000000000;0,0000000000;0,0000000000;0,0000000000;0,0000000000;0,0000000000;0,0000000000;0,0000000000;0,0000000000;0,0000000000;1;0, 0, 0, 0, 0, 0, 0, 0;0, 0, 0, 0, 0, 0, 0, 0, 0, 0, 0, 0, 0, 0, 0, 0, 0, 0, 0, 0, 0, 0, 0, 0, 0;Europe/Paris;NA
2023-06-01T04:00:00Z;-1;9000003703;hourly;0,4586111111;1,7208413002;10,5281173135;9,2232671828;1,9271948608;0,0000000000;1,7208413002;8,8072760133;1,7208413002;7,5024258826;1,7208413002;1,9271948608;0,0000000000;1;0, 0, 34.6504132921, 49.035584871, 16.3140018369, 0, 0, 0;0, 0, 0, 0, 0, 34.6504132921, 32.690389914, 16.345194957, 16.3140018369, 0, 0, 0, 0, 0, 0, 0, 0, 0, 0, 0, 0, 0, 0, 0, 0;Europe/Paris;38,0
2023-06-01T05:00:00Z;-1;9000003703;hourly;0,6383333333;9,5750097924;45,4272063826;9,3599892799;7,6086956522;6,3229533882;3,2520564042;33,1171789639;12,3100274187;4,6586575133;4,7013317665;3,0797101449;4,5289855072;1;3.5891152295, 0, 37.866271847, 51.7845736685, 6.7600392551, 0, 0, 0;3.5891152295, 0, 0, 0, 10.5212641037, 27.3450077432, 31.0862646994, 20.6983089691, 6.7600392551, 0, 0, 0, 0, 0, 0, 0, 0, 0, 0, 0, 0, 0, 0, 0, 0;Europe/Paris;35,5
2023-06-01T06:00:00Z;-1;9000003703;hourly;0,6386111111;21,8816574121;145,6488786080;35,8986128926;9,4000836484;7,8373837569;14,0442736553;106,3765714239;39,2723071842;31,1617416795;4,7368712131;4,6905306100;4,7095530384;1;12.8328448363, 11.8463383055, 37.6416522429, 34.4587274551, 3.2204371601, 0, 0, 0;11.7525573748, 1.0802874615, 6.4539347904, 5.3924035151, 21.5076497859, 16.134002457, 24.7712950343, 9.6874324208, 3.2204371601, 0, 0, 0, 0, 0, 0, 0, 0, 0, 0, 0, 0, 0, 0, 0, 0;Europe/Paris;32,0
2023-06-01T07:00:00Z;-1;9000003703;hourly;0,6641666667;3,1368484220;53,8603489333;11,9684984222;0,0000000000;3,1368484220;0,0000000000;30,0796921286;23,7806568047;2,8821195443;9,0863788778;0,0000000000;0,0000000000;1;0, 14.2121236358, 19.7795238225, 55.2524058557, 10.755946686, 0, 0, 0;0, 0, 0, 14.2121236358, 8.8677343889, 10.9117894336, 32.861794202, 22.3906116538, 10.755946686, 0, 0, 0, 0, 0, 0, 0, 0, 0, 0, 0, 0, 0, 0, 0, 0;Europe/Paris;36,5
2023-06-01T08:00:00Z;-1;9000003703;hourly;0,6244444444;3,2263141834;51,3030629539;14,5702468980;1,6304347826;1,6333938294;1,5929203540;25,6654887507;25,6375742031;4,8537899192;9,7164569788;0,0000000000;1,6304347826;1;3.1838134711, 3.1780456931, 27.9213642582, 46.8621041671, 12.5659364217, 3.1838134711, 0, 3.1049225178;0, 3.1838134711, 0, 3.1780456931, 12.4111047592, 15.510259499, 40.6522591315, 6.2098450356, 12.5659364217, 0, 3.1838134711, 0, 0, 0, 3.1049225178, 0, 0, 0, 0, 0, 0, 0, 0, 0, 0;Europe/Paris;39,0
2023-06-01T09:00:00Z;-1;9000003703;hourly;0,6252777778;5,2173631077;28,5748861962;3,4209559221;3,5928143713;1,6245487365;3,5928143713;12,7913524449;15,7835337514;1,7964071856;1,6245487365;1,7964071856;1,7964071856;1;0, 0, 28.2370223294, 49.2487185819, 17.3929276367, 5.121331452, 0, 0;0, 0, 0, 0, 0, 28.2370223294, 26.7344594932, 22.5142590887, 17.3929276367, 0, 5.121331452, 0, 0, 0, 0, 0, 0, 0, 0, 0, 0, 0, 0, 0, 0;Europe/Paris;39,5
2023-06-01T10:00:00Z;-1;9000003703;hourly;0,6066666667;1,6666666667;61,1064155786;8,4696359465;1,6666666667;1,6666666667;0,0000000000;23,4160179946;37,6903975840;3,4682080925;5,0014278540;0,0000000000;1,6666666667;1;0, 0, 35.0555923172, 59.3790825353, 5.5653251475, 0, 0, 0;0, 0, 0, 0, 21.8346710437, 13.2209212735, 31.9892256836, 27.3898568517, 5.5653251475, 0, 0, 0, 0, 0, 0, 0, 0, 0, 0, 0, 0, 0, 0, 0, 0;Europe/Paris;36,0
2023-06-01T11:00:00Z;-1;9000003703;hourly;0,6336111111;7,7904298233;48,2895759930;7,9264330471;6,3388169201;6,1717247874;1,6187050360;23,5074196908;24,7821563022;4,8561151079;3,0703179392;6,3388169201;0,0000000000;1;0, 6.4225182855, 42.5392346981, 28.0925898567, 22.9456571596, 0, 0, 0;0, 0, 6.4225182855, 0, 9.49295695, 33.0462777481, 15.7223347389, 12.3702551178, 12.4990154489, 10.4466417107, 0, 0, 0, 0, 0, 0, 0, 0, 0, 0, 0, 0, 0, 0, 0;Europe/Paris;40,5
2023-06-01T12:00:00Z;-1;9000003703;hourly;0,6197222222;6,4636448553;32,4448019804;9,6477544314;0,0000000000;3,1778791759;3,2857656793;16,2161705900;16,2286313904;4,9617433330;4,6860110984;0,0000000000;0,0000000000;1;0, 5.1560260856, 25.0779995937, 54.4634967896, 10.3312552479, 4.9712222833, 0, 0;0, 0, 0, 5.1560260856, 5.1560260856, 19.9219735081, 34.3279148642, 20.1355819254, 10.3312552479, 0, 4.9712222833, 0, 0, 0, 0, 0, 0, 0, 0, 0, 0, 0, 0, 0, 0;Europe/Paris;37,5
2023-06-01T13:00:00Z;-1;9000003703;hourly;0,6180555556;1,7241379310;29,4723764392;32,6536727654;0,0000000000;1,7241379310;0,0000000000;12,3958669030;17,0765095362;25,8382009346;6,8154718308;0,0000000000;0,0000000000;1;4.7714170688, 10.6214303332, 49.857850145, 29.0414390436, 5.7078634094, 0, 0, 0;4.7714170688, 0, 0, 10.6214303332, 11.4157268188, 38.4421233262, 17.3414125148, 11.7000265288, 5.7078634094, 0, 0, 0, 0, 0, 0, 0, 0, 0, 0, 0, 0, 0, 0, 0, 0;Europe/Paris;33,5
2023-06-01T14:00:00Z;-1;9000003703;hourly;0,6086111111;15,4950934101;100,7627334174;83,6385604149;8,5260934179;6,7146032262;8,7804901839;34,3774797666;66,3852536509;27,1307445807;56,5078158343;3,0722449408;5,4538484771;1;0, 10.1760833999, 37.1549962077, 42.9561547348, 7.8244202844, 1.8883453732, 0, 0;0, 0, 5.2803731731, 4.8957102268, 16.2257824658, 20.9292137419, 20.0626653462, 22.8934893886, 3.0073648536, 4.8170554308, 1.8883453732, 0, 0, 0, 0, 0, 0, 0, 0, 0, 0, 0, 0, 0, 0;Europe/Paris;36,5
2023-06-01T15:00:00Z;-1;9000003703;hourly;0,6219444444;15,4950990680;128,9977799120;12,4181759911;4,8773545456;9,2629883206;6,2321107474;43,2580268335;85,7397530785;9,2768147346;3,1413612565;1,5384615385;3,3388930072;1;15.836015421, 8.5054219287, 24.7258920146, 45.9198495978, 5.0128210378, 0, 0, 0;8.5196800624, 7.3163353587, 2.4102292062, 6.0951927226, 12.2971003304, 12.4287916842, 31.2089802624, 14.7108693354, 5.0128210378, 0, 0, 0, 0, 0, 0, 0, 0, 0, 0, 0, 0, 0, 0, 0, 0;Europe/Paris;34,0
2023-06-01T16:00:00Z;-1;9000003703;hourly;0,6294444444;10,8905571764;132,9438742876;44,6477709883;12,1470514457;3,2037643208;7,6867928556;33,4581663511;99,4857079365;19,3024670770;25,3453039113;0,0000000000;12,1470514457;1;3.7819967169, 3.8644248505, 46.4991490642, 31.4535970582, 10.5364074597, 2.6037592782, 1.2606655723, 0;2.5213311446, 1.2606655723, 0, 3.8644248505, 9.3872107214, 37.1119383428, 13.0577386043, 18.3958584539, 9.4284247881, 1.1079826716, 1.3018796391, 1.3018796391, 1.2606655723, 0, 0, 0, 0, 0, 0, 0, 0, 0, 0, 0, 0;Europe/Paris;37,5
2023-06-01T17:00:00Z;-1;9000003703;hourly;0,6244444444;6,3489404082;63,6841576504;22,3959119812;17,9370720873;2,9900332226;3,3589071856;22,2969715729;41,3871860775;11,2413088449;11,1546031363;6,5415741452;11,3954979421;1;9.5263443493, 8.4624210411, 20.0749872444, 32.7592473542, 12.6194505086, 2.4535144338, 2.8208070137, 11.2832280549;9.5263443493, 0, 2.8208070137, 5.6416140274, 4.6950973883, 15.3798898561, 17.4853232378, 15.2739241164, 10.2719018144, 2.3475486941, 0, 2.4535144338, 2.8208070137, 0, 0, 2.8208070137, 0, 2.8208070137, 0, 0, 2.8208070137, 2.8208070137, 0, 0, 0;Europe/Paris;55,5
2023-06-01T18:00:00Z;-1;9000003703;hourly;0,6033333333;0,0000000000;18,0987942148;11,4889176234;1,6129032258;0,0000000000;0,0000000000;3,3337445260;14,7650496889;6,6559683147;4,8329493088;0,0000000000;1,6129032258;1;8.9116612226, 0, 36.1793728497, 45.4009220229, 9.5080439048, 0, 0, 0;8.9116612226, 0, 0, 0, 9.5080439048, 26.6713289448, 8.9116612226, 36.4892608003, 0, 9.5080439048, 0, 0, 0, 0, 0, 0, 0, 0, 0, 0, 0, 0, 0, 0, 0;Europe/Paris;36,5
2023-06-01T19:00:00Z;-1;9000003703;hourly;0,6041666667;1,7716535433;28,3929771978;6,8244535749;3,0050083472;0,0000000000;1,7716535433;15,3549591259;13,0380180719;3,2776521026;3,5468014723;0,0000000000;3,0050083472;1;5.650263668, 6.2520668989, 29.096477357, 48.4175596296, 10.5836324465, 0, 0, 0;0, 5.650263668, 0, 6.2520668989, 17.5525942348, 11.5438831221, 29.6736661513, 18.7438934783, 10.5836324465, 0, 0, 0, 0, 0, 0, 0, 0, 0, 0, 0, 0, 0, 0, 0, 0;Europe/Paris;36,5
2023-06-01T20:00:00Z;-1;9000003703;hourly;0,0927777778;0,0000000000;21,5568862275;0,0000000000;0,0000000000;0,0000000000;0,0000000000;10,7784431138;10,7784431138;0,0000000000;0,0000000000;0,0000000000;0,0000000000;1;0, 0, 0, 100, 0, 0, 0, 0;0, 0, 0, 0, 0, 0, 100, 0, 0, 0, 0, 0, 0, 0, 0, 0, 0, 0, 0, 0, 0, 0, 0, 0, 0;Europe/Paris;31,5
2023-06-02T03:00:00Z;-1;9000003703;hourly;0,0000000000;0,0000000000;0,0000000000;0,0000000000;0,0000000000;0,0000000000;0,0000000000;0,0000000000;0,0000000000;0,0000000000;0,0000000000;0,0000000000;0,0000000000;1;0, 0, 0, 0, 0, 0, 0, 0;0, 0, 0, 0, 0, 0, 0, 0, 0, 0, 0, 0, 0, 0, 0, 0, 0, 0, 0, 0, 0, 0, 0, 0, 0;Europe/Paris;NA
2023-06-02T04:00:00Z;-1;9000003703;hourly;0,4883333333;3,0700033995;8,1383625822;9,2100101985;0,0000000000;1,5873015873;1,4827018122;6,6556607700;1,4827018122;9,2100101985;0,0000000000;0,0000000000;0,0000000000;1;0, 0, 18.2186747913, 41.5332966358, 22.0293537816, 18.2186747913, 0, 0;0, 0, 0, 0, 0, 18.2186747913, 41.5332966358, 0, 22.0293537816, 0, 18.2186747913, 0, 0, 0, 0, 0, 0, 0, 0, 0, 0, 0, 0, 0, 0;Europe/Paris;48,5
2023-06-02T05:00:00Z;-1;9000003703;hourly;0,6172222222;12,9606889971;62,8392908123;6,4348150766;1,6697588126;9,7232789252;3,2374100719;50,0393123389;12,7999784735;3,2670566843;3,1677583923;1,6697588126;0,0000000000;1;0, 0, 41.1866088753, 56.3482879444, 2.4651031803, 0, 0, 0;0, 0, 0, 0, 15.5544923812, 25.6321164941, 40.8409740275, 15.5073139169, 0, 2.4651031803, 0, 0, 0, 0, 0, 0, 0, 0, 0, 0, 0, 0, 0, 0, 0;Europe/Paris;33,5
2023-06-02T06:00:00Z;-1;9000003703;hourly;0,6055555556;21,0970514502;147,3286626164;66,2780922684;4,6058645242;4,8141567134;16,2828947368;98,7782572210;48,5504053954;48,5449457114;17,7331465570;1,4802631579;3,1256013663;1;7.9310629276, 7.8723952686, 37.0058217244, 41.5940181687, 4.3550777352, 0, 1.2416241756, 0;4.6340983276, 3.2969646, 2.1215161468, 5.7508791218, 15.8974801498, 21.1083415746, 27.3240026805, 14.2700154881, 3.238296941, 1.1167807942, 0, 0, 1.2416241756, 0, 0, 0, 0, 0, 0, 0, 0, 0, 0, 0, 0;Europe/Paris;34,0
2023-06-02T07:00:00Z;-1;9000003703;hourly;0,5819444444;4,9271979262;72,2137510430;10,4857169880;0,0000000000;3,2354686029;1,6917293233;46,3829699259;25,8307811171;3,3834586466;7,1022583414;0,0000000000;0,0000000000;1;30.9292065943, 21.8130488936, 19.0161406263, 25.6342816499, 2.6073222358, 0, 0, 0;21.4834627091, 9.4457438852, 9.4303965881, 12.3826523055, 6.8230743522, 12.193066274, 16.0485376117, 9.5857440382, 2.6073222358, 0, 0, 0, 0, 0, 0, 0, 0, 0, 0, 0, 0, 0, 0, 0, 0;Europe/Paris;31,5
2023-06-02T08:00:00Z;-1;9000003703;hourly;0,5908333333;11,6196343402;68,7216313435;7,0022461579;1,7241379310;6,5699523052;5,0496820350;45,2699458912;23,4516854522;0,0000000000;7,0022461579;0,0000000000;1,7241379310;1;31.7953442783, 2.2122150487, 24.150662985, 34.4937535852, 4.7801195757, 2.5679045271, 0, 0;24.150662985, 7.6446812933, 0, 2.2122150487, 7.2299595269, 16.9207034582, 30.0693234878, 4.4244300973, 4.7801195757, 0, 0, 2.5679045271, 0, 0, 0, 0, 0, 0, 0, 0, 0, 0, 0, 0, 0;Europe/Paris;32,0
2023-06-02T09:00:00Z;-1;9000003703;hourly;0,6294444444;7,7560054529;66,0501584508;9,4427217779;1,5490533563;6,2069520966;1,5490533563;25,6600018399;40,3901566109;4,7955617091;4,6471600688;0,0000000000;1,5490533563;1;9.4298478392, 9.6305676223, 31.5228937068, 34.8375356877, 9.6553822621, 2.3863411891, 0, 2.5374316927;7.0683212898, 2.3615265494, 7.2442264332, 2.3863411891, 17.0506991988, 14.472194508, 24.8799724185, 9.9575632692, 2.3863411891, 7.2690410729, 2.3863411891, 0, 0, 0, 0, 0, 2.5374316927, 0, 0, 0, 0, 0, 0, 0, 0;Europe/Paris;37,5
2023-06-02T10:00:00Z;-1;9000003703;hourly;0,6305555556;4,8067395890;55,5548425635;11,2373887200;3,0928200283;1,6333938294;3,1733457596;6,4177329631;49,1371096005;1,6333938294;9,6039948906;0,0000000000;3,0928200283;1;0, 5.8802932527, 25.7714573918, 43.1395127332, 22.4155973273, 2.793139295, 0, 0;0, 0, 0, 5.8802932527, 8.6522423018, 17.1192150901, 23.3529754335, 19.7865372997, 16.8675809193, 5.5480164079, 2.793139295, 0, 0, 0, 0, 0, 0, 0, 0, 0, 0, 0, 0, 0, 0;Europe/Paris;40,5
2023-06-02T11:00:00Z;-1;9000003703;hourly;0,6419444444;3,2278383381;86,4208291708;7,9682817183;1,6544117647;3,2278383381;0,0000000000;39,2590424282;47,1617867427;4,6594581889;3,3088235294;1,6544117647;0,0000000000;1;1.9143669189, 9.3140357328, 34.4396584917, 43.7332692109, 8.8483913198, 1.7502783259, 0, 0;0, 1.9143669189, 0, 9.3140357328, 7.1418699521, 27.2977885397, 25.834480381, 17.8987888298, 7.0277346696, 1.8206566502, 1.7502783259, 0, 0, 0, 0, 0, 0, 0, 0, 0, 0, 0, 0, 0, 0;Europe/Paris;36,5
2023-06-02T12:00:00Z;-1;9000003703;hourly;0,6469444444;4,7275133261;84,0623430062;6,2733155691;1,4084507042;3,1088082902;1,6187050360;36,3330677953;47,7292752109;3,2432432432;3,0300723258;0,0000000000;1,4084507042;1;0, 7.2228097889, 37.1705439005, 48.3073446126, 7.2993016979, 0, 0, 0;0, 0, 1.8491087561, 5.3737010329, 9.32550524, 27.8450386605, 33.7189739819, 14.5883706307, 5.3737010329, 1.925600665, 0, 0, 0, 0, 0, 0, 0, 0, 0, 0, 0, 0, 0, 0, 0;Europe/Paris;35,0
2023-06-02T13:00:00Z;-1;9000003703;hourly;0,6022222222;6,8151309089;64,5641660080;1,7208413002;1,5597920277;3,3601855625;3,4549453464;18,1599065713;46,4042594367;1,7208413002;0,0000000000;0,0000000000;1,5597920277;1;0, 2.5390930661, 23.0251723463, 66.6481328402, 7.7876017474, 0, 0, 0;0, 0, 0, 2.5390930661, 10.3031406497, 12.7220316966, 33.4605638247, 33.1875690155, 7.7876017474, 0, 0, 0, 0, 0, 0, 0, 0, 0, 0, 0, 0, 0, 0, 0, 0;Europe/Paris;36,5
2023-06-02T14:00:00Z;-1;9000003703;hourly;0,5852777778;15,3227774070;157,5929142986;68,3045149573;8,7540075549;10,1448542281;5,1779231789;41,5193779572;116,0735363414;15,8006107864;52,5039041708;3,5856573705;5,1683501844;1;4.4708526424, 10.8667189531, 45.9557827247, 28.6217764211, 7.8361631771, 1.1376328011, 1.1110732804, 0;2.2487060815, 2.2221465609, 0, 10.8667189531, 17.3395374763, 28.6162452484, 18.6492197533, 9.9725566678, 5.5874570955, 2.2487060815, 1.1376328011, 0, 1.1110732804, 0, 0, 0, 0, 0, 0, 0, 0, 0, 0, 0, 0;Europe/Paris;35,0
2023-06-02T15:00:00Z;-1;9000003703;hourly;0,0800000000;87,5000000000;150,0000000000;75,0000000000;37,5000000000;87,5000000000;0,0000000000;75,0000000000;75,0000000000;75,0000000000;0,0000000000;12,5000000000;25,0000000000;1;0, 0, 50, 25, 16.6666666667, 8.3333333333, 0, 0;0, 0, 0, 0, 41.6666666667, 8.3333333333, 25, 0, 8.3333333333, 8.3333333333, 8.3333333333, 0, 0, 0, 0, 0, 0, 0, 0, 0, 0, 0, 0, 0, 0;Europe/Paris;43,5
2023-06-07T13:00:00Z;-1;9000003703;hourly;0,0827777778;24,1610738255;96,6442953020;36,2416107383;12,0805369128;0,0000000000;24,1610738255;36,2416107383;60,4026845638;0,0000000000;36,2416107383;0,0000000000;12,0805369128;1;0, 0, 62.5, 37.5, 0, 0, 0, 0;0, 0, 0, 0, 0, 62.5, 25, 12.5, 0, 0, 0, 0, 0, 0, 0, 0, 0, 0, 0, 0, 0, 0, 0, 0, 0;Europe/Paris;32,0
2023-06-07T14:00:00Z;-1;9000003703;hourly;0,6180555556;12,9500740973;128,0950270757;22,5729762907;4,9098196574;8,1532588604;4,7968152369;59,8011473071;68,2938797686;9,6560533628;12,9169229280;0,0000000000;4,9098196574;1;1.2987123622, 6.3786154772, 44.3302157692, 41.6783615715, 6.3140948199, 0, 0, 0;0, 1.2987123622, 1.2728322245, 5.1057832527, 12.6698587311, 31.6603570381, 30.2720908673, 11.4062707042, 5.0153824577, 1.2987123622, 0, 0, 0, 0, 0, 0, 0, 0, 0, 0, 0, 0, 0, 0, 0;Europe/Paris;33,5
2023-06-07T15:00:00Z;-1;9000003703;hourly;0,5419444444;7,1331424481;112,0746530993;39,3847310029;1,7786561265;3,5433070866;3,5898353615;37,2607450748;74,8139080244;5,3289657963;34,0557652067;0,0000000000;1,7786561265;1;5.0614144898, 3.4038519112, 34.9164210363, 50.2474295541, 6.3708830086, 0, 0, 0;5.0614144898, 0, 1.8168239104, 1.5870280008, 14.2747823039, 20.6416387323, 36.8452949551, 13.4021345989, 4.7901031496, 1.5807798591, 0, 0, 0, 0, 0, 0, 0, 0, 0, 0, 0, 0, 0, 0, 0;Europe/Paris;34,5
2023-06-07T16:00:00Z;-1;9000003703;hourly;0,6002777778;7,0072948542;109,2271650822;10,1596591274;11,4291782123;3,2416044776;3,7656903766;32,9811770849;76,2459879973;1,8828451883;8,2768139391;1,5761821366;9,8529960757;1;0, 2.8735362071, 31.4245547254, 51.6819745336, 14.019934534, 0, 0, 0;0, 0, 0, 2.8735362071, 12.2691672854, 19.15538744, 34.790430027, 16.8915445065, 10.9454164389, 3.0745180951, 0, 0, 0, 0, 0, 0, 0, 0, 0, 0, 0, 0, 0, 0, 0;Europe/Paris;37,0
2023-06-07T17:00:00Z;-1;9000003703;hourly;0,6066666667;0,0000000000;80,1021646159;12,7311692151;8,2002605621;0,0000000000;0,0000000000;34,7050065141;45,3971581019;4,6193534518;8,1118157633;3,3593895403;4,8408710218;1;12.5816432917, 9.5308645718, 47.2536219882, 24.128126618, 6.5057435303, 0, 0, 0;4.6237248662, 7.9579184255, 5.6460559924, 3.8848085794, 26.2738602431, 20.9797617452, 6.274557287, 17.853569331, 6.5057435303, 0, 0, 0, 0, 0, 0, 0, 0, 0, 0, 0, 0, 0, 0, 0, 0;Europe/Paris;35,0
2023-06-07T18:00:00Z;-1;9000003703;hourly;0,6275000000;3,2490974729;60,0102229810;3,0406793590;3,3519959534;3,2490974729;0,0000000000;25,7907025053;34,2195204758;1,5100671141;1,5306122449;0,0000000000;3,3519959534;1;2.8785882323, 8.1362940441, 44.3576632989, 39.5605188129, 5.0669356119, 0, 0, 0;2.8785882323, 0, 2.8785882323, 5.2577058118, 19.1362422169, 25.221421082, 23.8558734803, 15.7046453326, 5.0669356119, 0, 0, 0, 0, 0, 0, 0, 0, 0, 0, 0, 0, 0, 0, 0, 0;Europe/Paris;34,5
2023-06-07T19:00:00Z;-1;9000003703;hourly;0,5775000000;0,0000000000;30,4615749863;3,1188493111;0,0000000000;0,0000000000;0,0000000000;18,8171571551;11,6444178312;1,5202702703;1,5985790409;0,0000000000;0,0000000000;1;0, 4.9907802566, 50.2748398174, 38.2265783579, 6.5078015681, 0, 0, 0;0, 0, 0, 4.9907802566, 16.7819677775, 33.4928720399, 16.4893620813, 21.7372162766, 6.5078015681, 0, 0, 0, 0, 0, 0, 0, 0, 0, 0, 0, 0, 0, 0, 0, 0;Europe/Paris;35,5
2023-06-07T20:00:00Z;-1;9000003703;hourly;0,1113888889;0,0000000000;62,8428927681;0,0000000000;0,0000000000;0,0000000000;0,0000000000;44,8877805486;17,9551122195;0,0000000000;0,0000000000;0,0000000000;0,0000000000;1;0, 0, 57.1428571429, 42.8571428571, 0, 0, 0, 0;0, 0, 0, 0, 14.2857142857, 42.8571428571, 28.5714285714, 14.2857142857, 0, 0, 0, 0, 0, 0, 0, 0, 0, 0, 0, 0, 0, 0, 0, 0, 0;Europe/Paris;32,5
2023-06-08T02:00:00Z;-1;9000003703;hourly;0,0000000000;0,0000000000;0,0000000000;0,0000000000;0,0000000000;0,0000000000;0,0000000000;0,0000000000;0,0000000000;0,0000000000;0,0000000000;0,0000000000;0,0000000000;1;0, 0, 0, 0, 0, 0, 0, 0;0, 0, 0, 0, 0, 0, 0, 0, 0, 0, 0, 0, 0, 0, 0, 0, 0, 0, 0, 0, 0, 0, 0, 0, 0;Europe/Paris;NA
2023-06-08T03:00:00Z;-1;9000003703;hourly;0,0797222222;0,0000000000;12,5435540070;0,0000000000;0,0000000000;0,0000000000;0,0000000000;0,0000000000;12,5435540070;0,0000000000;0,0000000000;0,0000000000;0,0000000000;1;0, 0, 0, 0, 100, 0, 0, 0;0, 0, 0, 0, 0, 0, 0, 0, 100, 0, 0, 0, 0, 0, 0, 0, 0, 0, 0, 0, 0, 0, 0, 0, 0;Europe/Paris;41,5
2023-06-08T04:00:00Z;-1;9000003703;hourly;0,4880555556;1,5901060071;16,2452108630;11,6410433228;0,0000000000;1,5901060071;0,0000000000;11,1541708234;5,0910400396;9,3214556940;2,3195876289;0,0000000000;0,0000000000;1;0, 0, 9.7881524621, 61.7624082666, 28.4494392713, 0, 0, 0;0, 0, 0, 0, 0, 9.7881524621, 50, 11.7624082666, 28.4494392713, 0, 0, 0, 0, 0, 0, 0, 0, 0, 0, 0, 0, 0, 0, 0, 0;Europe/Paris;40,0
2023-06-08T05:00:00Z;-1;9000003703;hourly;0,6186111111;6,9395093664;51,3194984031;11,5787119694;1,5410958904;5,3149606299;1,6245487365;39,9595006672;11,3599977358;6,4108561463;5,1678558231;1,5410958904;0,0000000000;1;0, 0, 39.3813435739, 44.2175738787, 16.4010825474, 0, 0, 0;0, 0, 0, 0, 13.2355240618, 26.1458195121, 25.4099150869, 18.8076587918, 13.2355240618, 3.1655584856, 0, 0, 0, 0, 0, 0, 0, 0, 0, 0, 0, 0, 0, 0, 0;Europe/Paris;38,0
2023-06-08T06:00:00Z;-1;9000003703;hourly;0,6655555556;19,2031445188;107,3738884816;19,3101964608;16,4058791175;8,9592420798;10,2439024390;67,2547313168;40,1191571649;13,3687731603;5,9414233005;8,9592420798;7,4466370378;1;1.380877449, 12.507565509, 32.0836127506, 52.6470668424, 1.380877449, 0, 0, 0;0, 1.380877449, 6.9352401623, 5.5723253467, 8.3328883149, 23.7507244357, 30.3829265947, 22.2641402477, 0, 1.380877449, 0, 0, 0, 0, 0, 0, 0, 0, 0, 0, 0, 0, 0, 0, 0;Europe/Paris;34,5
2023-06-08T07:00:00Z;-1;9000003703;hourly;0,6650000000;11,9189234108;47,8237513238;8,8553853833;0,0000000000;4,3861540304;7,5327693804;26,8513813767;20,9723699471;5,7971014493;3,0582839341;0,0000000000;0,0000000000;1;3.1105951846, 3.1105951846, 25.0828907514, 59.1381388024, 9.557780077, 0, 0, 0;0, 3.1105951846, 0, 3.1105951846, 6.3949059817, 18.6879847698, 43.5607492172, 15.5773895851, 9.557780077, 0, 0, 0, 0, 0, 0, 0, 0, 0, 0, 0, 0, 0, 0, 0, 0;Europe/Paris;36,0
2023-06-08T08:00:00Z;-1;9000003703;hourly;0,6180555556;11,2410344057;37,3383705512;4,9486760379;3,3995092095;8,1529743748;3,0880600309;11,3778199637;25,9605505874;4,9486760379;0,0000000000;3,3995092095;0,0000000000;1;4.0784924921, 9.0616130181, 44.3345752789, 38.4468267189, 4.0784924921, 0, 0, 0;4.0784924921, 0, 0, 9.0616130181, 4.5308065091, 39.8037687698, 16.5409469418, 21.9058797771, 4.0784924921, 0, 0, 0, 0, 0, 0, 0, 0, 0, 0, 0, 0, 0, 0, 0, 0;Europe/Paris;35,0
2023-06-08T09:00:00Z;-1;9000003703;hourly;0,6405555556;6,3330615638;47,6741733209;4,5511293352;1,6245487365;0,0000000000;6,3330615638;18,2423688189;29,4318045020;1,5050167224;3,0461126128;0,0000000000;1,6245487365;1;3.1568805866, 3.1568805866, 22.2532389423, 48.6982804841, 19.5778388137, 3.1568805866, 0, 0;3.1568805866, 0, 0, 3.1568805866, 6.3137611733, 15.939477769, 25.8122037953, 22.8860766887, 19.5778388137, 0, 3.1568805866, 0, 0, 0, 0, 0, 0, 0, 0, 0, 0, 0, 0, 0, 0;Europe/Paris;39,5
2023-06-08T10:00:00Z;-1;9000003703;hourly;0,6316666667;3,1606696883;55,3137160617;3,2432432432;1,5517241379;1,5817223199;1,5789473684;12,5282359283;42,7854801334;0,0000000000;3,2432432432;0,0000000000;1,5517241379;1;0, 5.6598466515, 11.4952749148, 54.1693981972, 28.6754802364, 0, 0, 0;0, 0, 5.6598466515, 0, 5.7090627094, 5.7862122054, 34.1939110809, 19.9754871164, 22.889268031, 5.7862122054, 0, 0, 0, 0, 0, 0, 0, 0, 0, 0, 0, 0, 0, 0, 0;Europe/Paris;40,5
2023-06-08T11:00:00Z;-1;9000003703;hourly;0,6219444444;7,9741553701;31,9767020594;11,4546859230;1,8145161290;1,8145161290;6,1596392411;15,8954753967;16,0812266627;3,2947792869;8,1599066361;1,8145161290;0,0000000000;1;5.0439949148, 0, 23.8920898871, 60.7602282174, 4.6291927014, 5.6744942792, 0, 0;5.0439949148, 0, 0, 0, 0, 23.8920898871, 31.1101660043, 29.6500622131, 0, 4.6291927014, 5.6744942792, 0, 0, 0, 0, 0, 0, 0, 0, 0, 0, 0, 0, 0, 0;Europe/Paris;36,5
2023-06-08T12:00:00Z;-1;9000003703;hourly;0,5958333333;1,4802631579;36,9499336904;5,1499917418;1,4802631579;0,0000000000;1,4802631579;21,0227742091;15,9271594813;3,3169978518;1,8329938900;1,4802631579;0,0000000000;1;4.9607501474, 18.113293133, 46.578873693, 26.3409509174, 4.0061321092, 0, 0, 0;0, 4.9607501474, 4.3808063352, 13.7324867978, 14.31243061, 32.266443083, 18.3286866991, 8.0122642184, 4.0061321092, 0, 0, 0, 0, 0, 0, 0, 0, 0, 0, 0, 0, 0, 0, 0, 0;Europe/Paris;31,5
2023-06-08T13:00:00Z;-1;9000003703;hourly;0,5763888889;3,4991007602;32,7115844248;1,7274472169;0,0000000000;0,0000000000;3,4991007602;15,5621414187;17,1494430060;0,0000000000;1,7274472169;0,0000000000;0,0000000000;1;0, 4.85241426, 32.0245541616, 42.8565182775, 20.2665133009, 0, 0, 0;0, 0, 0, 4.85241426, 15.1208105779, 16.9037435837, 20.5367926358, 22.3197256416, 20.2665133009, 0, 0, 0, 0, 0, 0, 0, 0, 0, 0, 0, 0, 0, 0, 0, 0;Europe/Paris;39,0
2023-06-08T14:00:00Z;-1;9000003703;hourly;0,6100000000;14,5898698255;61,5401207909;18,0315524259;8,0924142512;7,8961091178;6,6937607077;25,0072090534;36,5329117375;5,1239255910;12,9076268349;1,6822429907;6,4101712605;1;7.881726224, 8.2034653725, 38.0874576827, 40.6192269976, 2.7335711549, 0, 2.4745525683, 0;5.1481550691, 2.7335711549, 2.7962917168, 5.4071736557, 27.2240299639, 10.8634277188, 35.3483827124, 5.2708442852, 2.7335711549, 0, 0, 0, 2.4745525683, 0, 0, 0, 0, 0, 0, 0, 0, 0, 0, 0, 0;Europe/Paris;32,0
2023-06-08T15:00:00Z;-1;9000003703;hourly;0,6575000000;9,4858483594;96,8877117289;30,1156247272;5,9193963216;6,3238989063;3,1619494531;36,7592331232;60,1284786058;13,5213404686;16,5942842586;4,4583573606;1,4610389610;1;3.4151116487, 3.230359707, 28.6516210726, 60.1344959235, 3.0456077654, 1.5228038827, 0, 0;0, 3.4151116487, 0, 3.230359707, 14.4774025944, 14.1742184782, 35.1420684626, 24.9924274609, 0, 3.0456077654, 1.5228038827, 0, 0, 0, 0, 0, 0, 0, 0, 0, 0, 0, 0, 0, 0;Europe/Paris;35,5
2023-06-08T16:00:00Z;-1;9000003703;hourly;0,6302777778;9,2788115721;102,4679188408;22,6004058973;6,2485085418;4,6239598053;4,6548517668;35,0875686972;67,3803501436;16,2098170267;6,3905888706;3,1789528815;3,0695556602;1;1.4786594012, 6.0980144932, 37.7020170746, 51.622126227, 1.4786594012, 0, 1.6205234028, 0;1.4786594012, 0, 1.5169666396, 4.5810478536, 11.0982430547, 26.6037740199, 32.8404468663, 18.7816793607, 1.4786594012, 0, 0, 0, 0, 1.6205234028, 0, 0, 0, 0, 0, 0, 0, 0, 0, 0, 0;Europe/Paris;34,5
2023-06-08T17:00:00Z;-1;9000003703;hourly;0,6061111111;1,6187050360;119,8429950077;12,8911613626;3,3136202902;0,0000000000;1,6187050360;40,9342377170;78,9087572907;4,7120418848;8,1791194778;0,0000000000;3,3136202902;1;0, 2.7649678565, 35.3399862094, 55.00659184, 6.8884540941, 0, 0, 0;0, 0, 1.4142797868, 1.3506880697, 10.6687324251, 24.6712537844, 42.548129263, 12.458462577, 6.8884540941, 0, 0, 0, 0, 0, 0, 0, 0, 0, 0, 0, 0, 0, 0, 0, 0;Europe/Paris;34,0
2023-06-08T18:00:00Z;-1;9000003703;hourly;0,5938888889;5,3784860558;51,3190753015;9,5756740095;3,7344398340;1,7928286853;3,5856573705;27,3220588303;23,9970164712;4,7878370047;4,7878370047;3,7344398340;0,0000000000;1;0, 2.9180263887, 32.5641658244, 52.1252766299, 12.392531157, 0, 0, 0;0, 0, 0, 2.9180263887, 19.7411255585, 12.8230402659, 32.9229845135, 19.2022921164, 12.392531157, 0, 0, 0, 0, 0, 0, 0, 0, 0, 0, 0, 0, 0, 0, 0, 0;Europe/Paris;37,0
2023-06-08T19:00:00Z;-1;9000003703;hourly;0,6305555556;0,0000000000;31,5569844560;4,7991313789;5,1515151515;0,0000000000;0,0000000000;17,6213507810;13,9356336750;1,4657980456;3,3333333333;3,6363636364;1,5151515152;1;0, 4.6449243198, 65.8612584863, 24.463863874, 0, 0, 0, 5.0299533199;0, 0, 0, 4.6449243198, 25.7707282634, 40.0905302229, 9.6026381562, 14.8612257179, 0, 0, 0, 0, 0, 0, 0, 0, 5.0299533199, 0, 0, 0, 0, 0, 0, 0, 0;Europe/Paris;34,0
2023-06-08T20:00:00Z;-1;9000003703;hourly;0,0163888889;0,0000000000;0,0000000000;0,0000000000;0,0000000000;0,0000000000;0,0000000000;0,0000000000;0,0000000000;0,0000000000;0,0000000000;0,0000000000;0,0000000000;1;0, 0, 0, 0, 0, 0, 0, 0;0, 0, 0, 0, 0, 0, 0, 0, 0, 0, 0, 0, 0, 0, 0, 0, 0, 0, 0, 0, 0, 0, 0, 0, 0;Europe/Paris;NA
2023-06-09T03:00:00Z;-1;9000003703;hourly;0,0000000000;0,0000000000;0,0000000000;0,0000000000;0,0000000000;0,0000000000;0,0000000000;0,0000000000;0,0000000000;0,0000000000;0,0000000000;0,0000000000;0,0000000000;1;0, 0, 0, 0, 0, 0, 0, 0;0, 0, 0, 0, 0, 0, 0, 0, 0, 0, 0, 0, 0, 0, 0, 0, 0, 0, 0, 0, 0, 0, 0, 0, 0;Europe/Paris;NA
2023-06-09T04:00:00Z;-1;9000003703;hourly;0,3236111111;0,0000000000;12,9533537831;5,5420741498;0,0000000000;0,0000000000;0,0000000000;6,4785336392;6,4748201439;5,5420741498;0,0000000000;0,0000000000;0,0000000000;1;0, 0, 32.7736205615, 49.9856658924, 17.240713546, 0, 0, 0;0, 0, 0, 0, 0, 32.7736205615, 49.9856658924, 0, 0, 17.240713546, 0, 0, 0, 0, 0, 0, 0, 0, 0, 0, 0, 0, 0, 0, 0;Europe/Paris;43,0
2023-06-09T05:00:00Z;-1;9000003703;hourly;0,4705555556;7,5966773889;50,4394039984;8,4769368673;6,7164179104;2,2388059701;5,3578714187;43,4451689434;6,9942350551;5,2042095945;3,2727272727;6,7164179104;0,0000000000;1;0, 3.2442168357, 32.171823602, 58.7048186738, 5.8791408885, 0, 0, 0;0, 0, 0, 3.2442168357, 7.3781755678, 24.7936480343, 45.3890033032, 13.3158153706, 2.9395704442, 2.9395704442, 0, 0, 0, 0, 0, 0, 0, 0, 0, 0, 0, 0, 0, 0, 0;Europe/Paris;34,0
2023-06-09T06:00:00Z;-1;9000003703;hourly;0,6377777778;18,8960353410;160,7665395970;32,9146665027;3,0988503022;7,9226526721;10,9733826689;103,1125195688;57,6540200283;28,2903924716;4,6242740311;3,0988503022;0,0000000000;1;4.8981895407, 3.9056291635, 35.9389371475, 45.5412593431, 8.7671407656, 0.9488440397, 0, 0;2.9235167902, 1.9746727505, 0.9855950412, 2.9200341222, 14.677301408, 21.2616357395, 29.0868978013, 16.4543615418, 5.8102825789, 2.9568581867, 0, 0.9488440397, 0, 0, 0, 0, 0, 0, 0, 0, 0, 0, 0, 0, 0;Europe/Paris;36,0
2023-06-09T07:00:00Z;-1;9000003703;hourly;0,6666666667;9,0119010343;56,7589768651;15,0238020686;1,6100178891;4,4240506329;4,5878504014;27,0057232922;29,7532535729;4,4778325123;10,5459695563;0,0000000000;1,6100178891;1;0, 5.017886902, 37.4100672109, 47.3077069228, 10.2643389644, 0, 0, 0;0, 0, 0, 5.017886902, 2.508943451, 34.9011237599, 39.0308341707, 8.2768727521, 7.621585196, 2.6427537684, 0, 0, 0, 0, 0, 0, 0, 0, 0, 0, 0, 0, 0, 0, 0;Europe/Paris;34,5
2023-06-09T08:00:00Z;-1;9000003703;hourly;0,6122222222;1,7441860465;53,4042258593;8,2660541606;3,2317893523;0,0000000000;1,7441860465;20,9422495487;32,4619763106;1,4876033058;6,7784508548;0,0000000000;3,2317893523;1;9.7980226384, 3.1978366106, 33.3602768121, 47.4149843539, 3.0310429745, 0, 3.1978366106, 0;9.7980226384, 0, 0, 3.1978366106, 9.1812267647, 24.1790500473, 32.5839547074, 14.8310296465, 0, 3.0310429745, 0, 0, 3.1978366106, 0, 0, 0, 0, 0, 0, 0, 0, 0, 0, 0, 0;Europe/Paris;34,5
2023-06-09T09:00:00Z;-1;9000003703;hourly;0,6363888889;17,4438047406;62,4385267674;14,0770530972;1,6071428571;7,9928952043;9,4509095364;28,1032670311;34,3352597363;9,2727521584;4,8043009388;0,0000000000;1,6071428571;1;2.5739602459, 4.9365937065, 40.0453898405, 52.4440562071, 0, 0, 0, 0;2.5739602459, 0, 2.4513907104, 2.4852029961, 15.1986224046, 24.8467674359, 32.29607791, 20.1479782971, 0, 0, 0, 0, 0, 0, 0, 0, 0, 0, 0, 0, 0, 0, 0, 0, 0;Europe/Paris;34,0
2023-06-09T10:00:00Z;-1;9000003703;hourly;0,6011111111;8,3369576255;74,0040501013;5,4053615343;1,6157989228;3,3138473269;5,0231102986;18,1833937984;55,8206563029;1,7786561265;3,6267054078;0,0000000000;1,6157989228;1;4.8069156324, 3.9613995277, 17.9117079261, 55.4127059311, 17.9072709826, 0, 0, 0;2.4034578162, 2.4034578162, 0, 3.9613995277, 0, 17.9117079261, 21.8708889821, 33.541816949, 15.7238784243, 2.1833925584, 0, 0, 0, 0, 0, 0, 0, 0, 0, 0, 0, 0, 0, 0, 0;Europe/Paris;38,5
2023-06-09T11:00:00Z;-1;9000003703;hourly;0,6591666667;7,7026014854;66,9594978325;3,0205080598;1,4634146341;6,1455080598;1,5570934256;33,4637198336;33,4957779990;3,0205080598;0,0000000000;0,0000000000;1,4634146341;1;0, 0, 38.4011567782, 47.8222675686, 13.7765756532, 0, 0, 0;0, 0, 0, 0, 18.2079184407, 20.1932383375, 22.9066469534, 24.9156206152, 9.1095753006, 4.6670003527, 0, 0, 0, 0, 0, 0, 0, 0, 0, 0, 0, 0, 0, 0, 0;Europe/Paris;37,5
2023-06-09T12:00:00Z;-1;9000003703;hourly;0,6150000000;4,9346098192;49,1605248216;9,5577608031;0,0000000000;3,1971580817;1,7374517375;14,7475905745;34,4129342471;7,9760384833;1,5817223199;0,0000000000;0,0000000000;1;0, 7.068483275, 46.1832701322, 26.4931288779, 20.255117715, 0, 0, 0;0, 0, 3.5342416375, 3.5342416375, 12.9326698291, 33.2506003031, 26.4931288779, 0, 17.0376534475, 3.2174642675, 0, 0, 0, 0, 0, 0, 0, 0, 0, 0, 0, 0, 0, 0, 0;Europe/Paris;39,0
2023-06-09T13:00:00Z;-1;9000003703;hourly;0,6319444444;6,5139346126;57,1077376065;3,3153046908;0,0000000000;3,3153046908;3,1986299218;20,4681269242;36,6396106823;1,7110266160;1,6042780749;0,0000000000;0,0000000000;1;8.5085562379, 5.3081118469, 33.3423511624, 44.6176477119, 8.2233330409, 0, 0, 0;5.6993430872, 2.8092131506, 2.6049067397, 2.7032051072, 11.3177693885, 22.0245817739, 16.5121635161, 28.1054841959, 8.2233330409, 0, 0, 0, 0, 0, 0, 0, 0, 0, 0, 0, 0, 0, 0, 0, 0;Europe/Paris;36,5
2023-06-09T14:00:00Z;-1;9000003703;hourly;0,5386111111;12,7080315103;132,6767604905;20,5022442697;1,7928286853;3,6110105034;9,0970210069;62,2789362032;70,3978242873;5,5681818182;14,9340624515;0,0000000000;1,7928286853;1;6.9926318432, 14.9595762883, 45.9568976233, 30.6226250917, 0, 0, 0, 1.4682691534;4.2518627568, 2.7407690864, 2.7216601386, 12.2379161497, 23.5443442145, 22.4125534088, 15.4030793679, 15.2195457238, 0, 0, 0, 0, 0, 0, 0, 0, 1.4682691534, 0, 0, 0, 0, 0, 0, 0, 0;Europe/Paris;33,0
2023-06-09T15:00:00Z;-1;9000003703;hourly;0,6180555556;16,9071552214;176,6835011695;4,6684858765;1,6483516484;12,1398636894;4,7672915320;63,4003008817;113,2832002877;3,0201342282;1,6483516484;0,0000000000;1,6483516484;1;2.5416761802, 5.3660989459, 35.1294811173, 46.6395054228, 7.8039065598, 1.6646582455, 0.8546735287, 0;0.8323291227, 1.7093470574, 1.6646582455, 3.7014407004, 15.7420023268, 19.3874787904, 25.6162275001, 21.0232779226, 6.1169039083, 1.6870026514, 1.6646582455, 0, 0, 0.8546735287, 0, 0, 0, 0, 0, 0, 0, 0, 0, 0, 0;Europe/Paris;36,5
2023-06-09T16:00:00Z;-1;9000003703;hourly;0,6277777778;20,6269218584;115,1470136684;4,6210165175;1,4400000000;5,9412244898;14,6856973686;41,0938272512;74,0531864172;3,0904042726;1,5306122449;0,0000000000;1,4400000000;1;0, 7.2351088043, 32.9002287979, 49.0288324211, 10.8358299767, 0, 0, 0;0, 0, 2.9922668006, 4.2428420037, 13.5533734854, 19.3468553124, 29.4739091373, 19.5549232838, 9.5065621163, 1.3292678604, 0, 0, 0, 0, 0, 0, 0, 0, 0, 0, 0, 0, 0, 0, 0;Europe/Paris;36,5
2023-06-09T17:00:00Z;-1;9000003703;hourly;0,6019444444;5,0688026527;135,9731066664;7,0555576196;6,1941771942;3,0820476858;1,9867549669;60,3867204976;75,5863861688;3,4383678701;3,6171897495;3,1121295084;3,0820476858;1;3.6636287407, 12.0774088126, 41.1790330472, 39.4384240207, 1.2212095802, 1.2212095802, 1.1990862183, 0;2.4424191605, 1.2212095802, 6.0387044063, 6.0387044063, 16.3929230907, 24.7861099565, 24.2015679141, 15.2368561066, 1.2212095802, 0, 0, 1.2212095802, 1.1990862183, 0, 0, 0, 0, 0, 0, 0, 0, 0, 0, 0, 0;Europe/Paris;34,0
2023-06-09T18:00:00Z;-1;9000003703;hourly;0,6277777778;1,5437392796;47,8316865384;6,6518349948;1,7821782178;0,0000000000;1,5437392796;19,3741400238;28,4575465146;3,5643564356;3,0874785592;0,0000000000;1,7821782178;1;0, 2.8858863194, 28.41331951, 62.0889714546, 6.611822716, 0, 0, 0;0, 0, 0, 2.8858863194, 9.3407675553, 19.0725519547, 28.2781692371, 33.8108022175, 3.7259363966, 2.8858863194, 0, 0, 0, 0, 0, 0, 0, 0, 0, 0, 0, 0, 0, 0, 0;Europe/Paris;36,5
2023-06-09T19:00:00Z;-1;9000003703;hourly;0,6458333333;1,6014234875;21,4847420324;6,1610470275;0,0000000000;1,6014234875;0,0000000000;15,2874889086;6,1972531237;4,5958296362;1,5652173913;0,0000000000;0,0000000000;1;0, 0, 34.9084945433, 28.8188671899, 21.8632046718, 7.2852510351, 7.1241825599, 0;0, 0, 0, 0, 27.9267956346, 6.9816989087, 28.8188671899, 0, 21.8632046718, 0, 7.2852510351, 0, 0, 7.1241825599, 0, 0, 0, 0, 0, 0, 0, 0, 0, 0, 0;Europe/Paris;42,5
2023-06-09T20:00:00Z;-1;9000003703;hourly;0,0000000000;0,0000000000;0,0000000000;0,0000000000;0,0000000000;0,0000000000;0,0000000000;0,0000000000;0,0000000000;0,0000000000;0,0000000000;0,0000000000;0,0000000000;1;0, 0, 0, 0, 0, 0, 0, 0;0, 0, 0, 0, 0, 0, 0, 0, 0, 0, 0, 0, 0, 0, 0, 0, 0, 0, 0, 0, 0, 0, 0, 0, 0;Europe/Paris;NA
2023-06-10T03:00:00Z;-1;9000003703;hourly;0,0000000000;0,0000000000;0,0000000000;0,0000000000;0,0000000000;0,0000000000;0,0000000000;0,0000000000;0,0000000000;0,0000000000;0,0000000000;0,0000000000;0,0000000000;1;0, 0, 0, 0, 0, 0, 0, 0;0, 0, 0, 0, 0, 0, 0, 0, 0, 0, 0, 0, 0, 0, 0, 0, 0, 0, 0, 0, 0, 0, 0, 0, 0;Europe/Paris;NA
2023-06-10T04:00:00Z;-1;9000003703;hourly;0,3866666667;5,6782334385;3,9531898624;2,8391167192;0,0000000000;0,0000000000;5,6782334385;2,4456521739;1,5075376884;0,0000000000;2,8391167192;0,0000000000;0,0000000000;1;0, 0, 0, 100, 0, 0, 0, 0;0, 0, 0, 0, 0, 0, 61.8652849741, 38.1347150259, 0, 0, 0, 0, 0, 0, 0, 0, 0, 0, 0, 0, 0, 0, 0, 0, 0;Europe/Paris;35,5
2023-06-10T05:00:00Z;-1;9000003703;hourly;0,5400000000;0,0000000000;16,8333909695;3,0716723549;1,5358361775;0,0000000000;0,0000000000;12,2258824370;4,6075085324;0,0000000000;3,0716723549;1,5358361775;0,0000000000;1;0, 0, 54.3812598347, 27.3712440992, 9.1237480331, 9.1237480331, 0, 0;0, 0, 0, 0, 17.472275645, 36.9089841896, 27.3712440992, 0, 9.1237480331, 0, 0, 9.1237480331, 0, 0, 0, 0, 0, 0, 0, 0, 0, 0, 0, 0, 0;Europe/Paris;39,5
2023-06-10T06:00:00Z;-1;9000003703;hourly;0,6044444444;3,0716723549;47,4323658374;0,0000000000;1,9271948608;1,5358361775;1,5358361775;20,8193888678;26,6129769697;0,0000000000;0,0000000000;0,0000000000;1,9271948608;1;0, 4.0630376048, 37.8892485851, 48.0902756383, 9.9574381719, 0, 0, 0;0, 0, 0, 4.0630376048, 7.345803282, 30.543445303, 31.0306230656, 17.0596525726, 9.9574381719, 0, 0, 0, 0, 0, 0, 0, 0, 0, 0, 0, 0, 0, 0, 0, 0;Europe/Paris;36,0
2023-06-10T07:00:00Z;-1;9000003703;hourly;0,6241666667;6,2700482521;65,8267254673;17,6714767519;3,2549728752;3,1350241261;3,1350241261;27,2296812792;38,5970441882;9,4632979324;8,2081788195;1,6274864376;1,6274864376;1;5.0332116719, 7.2158981824, 28.4991548866, 56.9805959905, 2.2711392686, 0, 0, 0;2.2711392686, 2.7620724034, 0, 7.2158981824, 14.2495774433, 14.2495774433, 28.9900880215, 27.990507969, 2.2711392686, 0, 0, 0, 0, 0, 0, 0, 0, 0, 0, 0, 0, 0, 0, 0, 0;Europe/Paris;35,0
2023-06-10T08:00:00Z;-1;9000003703;hourly;0,6175000000;4,8468202839;82,4775027451;8,1519431661;0,0000000000;3,3109841065;1,5358361775;38,3686460017;44,1088567434;1,5490533563;6,6028898099;0,0000000000;0,0000000000;1;1.8781525928, 5.837379336, 37.538809272, 49.1272262136, 3.7563051856, 1.8621274, 0, 0;1.8781525928, 0, 1.8621274, 3.9752519359, 7.8962125272, 29.6425967448, 25.8862915592, 23.2409346544, 3.7563051856, 0, 1.8621274, 0, 0, 0, 0, 0, 0, 0, 0, 0, 0, 0, 0, 0, 0;Europe/Paris;35,5
2023-06-10T09:00:00Z;-1;9000003703;hourly;0,6005555556;6,8534482759;121,5337737741;13,0640920739;3,4267241379;3,7500000000;3,1034482759;47,2714254316;74,2623483425;6,5339196601;6,5301724138;1,8750000000;1,5517241379;1;2.8965925266, 5.696643447, 33.2185819671, 47.6853132664, 9.2260844969, 1.276784296, 0, 0;2.8965925266, 0, 1.276784296, 4.4198591509, 12.2952154418, 20.9233665252, 30.0559927122, 17.6293205543, 5.2416771964, 3.9844073004, 0, 1.276784296, 0, 0, 0, 0, 0, 0, 0, 0, 0, 0, 0, 0, 0;Europe/Paris;36,0
2023-06-10T10:00:00Z;-1;9000003703;hourly;0,6441666667;3,1028962737;99,3559074834;8,1374321881;0,0000000000;1,4754098361;1,6274864376;51,1566287854;48,1992786980;4,8824593128;3,2549728752;0,0000000000;0,0000000000;1;7.829649306, 24.4704931357, 26.6689339958, 36.3776645985, 4.653258964, 0, 0, 0;7.829649306, 0, 1.6380369108, 22.8324562249, 9.4468475034, 17.2220864924, 19.1220065026, 17.2556580959, 3.1021726427, 1.5510863213, 0, 0, 0, 0, 0, 0, 0, 0, 0, 0, 0, 0, 0, 0, 0;Europe/Paris;34,5
2023-06-10T11:00:00Z;-1;9000003703;hourly;0,5794444444;5,1188771320;62,1511024639;5,4063112884;0,0000000000;1,7928286853;3,3260484468;23,9767516227;38,1743508412;1,8556701031;3,5506411853;0,0000000000;0,0000000000;1;5.2952113978, 0, 40.01732611, 43.9395885829, 10.7478739093, 0, 0, 0;2.8282885264, 2.4669228714, 0, 0, 19.0851653562, 20.9321607538, 23.917900394, 20.0216881889, 7.919585383, 2.8282885264, 0, 0, 0, 0, 0, 0, 0, 0, 0, 0, 0, 0, 0, 0, 0;Europe/Paris;36,5
2023-06-10T12:00:00Z;-1;9000003703;hourly;0,5900000000;3,6195754774;74,5393213120;0,0000000000;0,0000000000;1,8987341772;1,7208413002;29,5969688608;44,9423524512;0,0000000000;0,0000000000;0,0000000000;0,0000000000;1;0, 9.4368937953, 43.7283302312, 38.5195711588, 8.3152048146, 0, 0, 0;0, 0, 0, 9.4368937953, 9.9339283655, 33.7944018657, 21.1658399217, 17.3537312371, 6.3925672136, 1.922637601, 0, 0, 0, 0, 0, 0, 0, 0, 0, 0, 0, 0, 0, 0, 0;Europe/Paris;35,5
2023-06-10T13:00:00Z;-1;9000003703;hourly;0,6511111111;6,4141680918;69,1443733899;1,4240506329;1,4240506329;4,9191514805;1,4950166113;35,6906944797;33,4536789102;1,4240506329;0,0000000000;1,4240506329;0,0000000000;1;4.4377337364, 4.3243333853, 47.2306014023, 33.5044014973, 8.4433977809, 0, 2.0595321978, 0;4.4377337364, 0, 0, 4.3243333853, 11.0788087402, 36.1517926621, 24.2279155342, 9.2764859631, 8.4433977809, 0, 0, 0, 0, 2.0595321978, 0, 0, 0, 0, 0, 0, 0, 0, 0, 0, 0;Europe/Paris;35,0
2023-06-10T14:00:00Z;-1;9000003703;hourly;0,6266666667;7,7567793830;57,2083785621;14,5554343212;4,8856304985;6,1438761572;1,6129032258;34,9460663049;22,2623122572;3,2757078987;11,2797264226;1,6363636364;3,2492668622;1;8.3060753603, 17.1009627378, 21.9215314651, 38.9144262025, 8.3112854817, 2.6263708418, 0, 2.8193479108;8.3060753603, 0, 5.6849146399, 11.4160480979, 13.8032230525, 8.1183084126, 22.3380740574, 16.5763521451, 5.6849146399, 2.6263708418, 2.6263708418, 0, 0, 0, 0, 2.8193479108, 0, 0, 0, 0, 0, 0, 0, 0, 0;Europe/Paris;37,0
2023-06-10T15:00:00Z;-1;9000003703;hourly;0,5869444444;3,6121604605;57,4425555607;8,8219893644;11,4522176206;1,9607843137;1,6513761468;24,0990952955;33,3434602651;5,2098289039;3,6121604605;4,9219070437;6,5303105770;1;0, 6.1573974483, 35.5565569916, 52.6298825318, 5.6561630283, 0, 0, 0;0, 0, 3.4134698475, 2.7439276007, 5.7496611377, 29.8068958539, 35.4967746805, 17.1331078513, 5.6561630283, 0, 0, 0, 0, 0, 0, 0, 0, 0, 0, 0, 0, 0, 0, 0, 0;Europe/Paris;35,0
2023-06-10T16:00:00Z;-1;9000003703;hourly;0,6266666667;2,9654036244;44,6688952562;20,2411285326;6,5177697184;2,9654036244;0,0000000000;14,6122323708;30,0566628854;15,3247823017;4,9163462308;1,7077798861;4,8099898322;1;0, 6.9172175663, 21.7338068493, 61.391027417, 9.9579481674, 0, 0, 0;0, 0, 3.3193160558, 3.5979015105, 3.823197051, 17.9106097983, 39.1405356525, 22.2504917645, 3.3193160558, 6.6386321116, 0, 0, 0, 0, 0, 0, 0, 0, 0, 0, 0, 0, 0, 0, 0;Europe/Paris;36,5
2023-06-10T17:00:00Z;-1;9000003703;hourly;0,6105555556;3,2336407001;30,8724476984;8,1653946078;8,2543829906;0,0000000000;3,2336407001;12,9984190343;17,8740286641;6,5079360443;1,6574585635;3,2820073000;4,9723756906;1;0, 0, 37.1862699293, 62.8137300707, 0, 0, 0, 0;0, 0, 0, 0, 21.0800779642, 16.106191965, 41.7336521065, 21.0800779642, 0, 0, 0, 0, 0, 0, 0, 0, 0, 0, 0, 0, 0, 0, 0, 0, 0;Europe/Paris;34,0
2023-06-10T18:00:00Z;-1;9000003703;hourly;0,6222222222;1,5332197615;32,0982250343;4,9411764706;3,0252100840;0,0000000000;1,5332197615;14,4356671390;17,6625578953;3,4285714286;1,5126050420;1,5126050420;1,5126050420;1;0, 4.7766496741, 34.8560135374, 50.3141617209, 5.3407492547, 4.712425813, 0, 0;0, 0, 0, 4.7766496741, 5.3407492547, 29.5152642827, 39.6326632115, 10.6814985094, 5.3407492547, 0, 4.712425813, 0, 0, 0, 0, 0, 0, 0, 0, 0, 0, 0, 0, 0, 0;Europe/Paris;35,0
2023-06-10T19:00:00Z;-1;9000003703;hourly;0,6419444444;0,0000000000;6,1940138372;4,2925278219;1,7077798861;0,0000000000;0,0000000000;1,7077798861;4,4862339511;0,0000000000;4,2925278219;1,7077798861;0,0000000000;1;0, 0, 0, 100, 0, 0, 0, 0;0, 0, 0, 0, 0, 0, 72.4285426054, 27.5714573946, 0, 0, 0, 0, 0, 0, 0, 0, 0, 0, 0, 0, 0, 0, 0, 0, 0;Europe/Paris;35,0
2023-06-10T20:00:00Z;-1;9000003703;hourly;0,1541666667;0,0000000000;0,0000000000;0,0000000000;0,0000000000;0,0000000000;0,0000000000;0,0000000000;0,0000000000;0,0000000000;0,0000000000;0,0000000000;0,0000000000;1;0, 0, 0, 0, 0, 0, 0, 0;0, 0, 0, 0, 0, 0, 0, 0, 0, 0, 0, 0, 0, 0, 0, 0, 0, 0, 0, 0, 0, 0, 0, 0, 0;Europe/Paris;NA
2023-06-11T03:00:00Z;-1;9000003703;hourly;0,0000000000;0,0000000000;0,0000000000;0,0000000000;0,0000000000;0,0000000000;0,0000000000;0,0000000000;0,0000000000;0,0000000000;0,0000000000;0,0000000000;0,0000000000;1;0, 0, 0, 0, 0, 0, 0, 0;0, 0, 0, 0, 0, 0, 0, 0, 0, 0, 0, 0, 0, 0, 0, 0, 0, 0, 0, 0, 0, 0, 0, 0, 0;Europe/Paris;NA
2023-06-11T04:00:00Z;-1;9000003703;hourly;0,5827777778;0,0000000000;3,4584123398;0,0000000000;0,0000000000;0,0000000000;0,0000000000;2,0044543430;1,4539579968;0,0000000000;0,0000000000;0,0000000000;0,0000000000;1;0, 0, 0, 100, 0, 0, 0, 0;0, 0, 0, 0, 0, 0, 42.0411985019, 57.9588014981, 0, 0, 0, 0, 0, 0, 0, 0, 0, 0, 0, 0, 0, 0, 0, 0, 0;Europe/Paris;36,0
2023-06-11T05:00:00Z;-1;9000003703;hourly;0,6611111111;0,0000000000;7,6170248351;4,3062200957;0,0000000000;0,0000000000;0,0000000000;1,4354066986;6,1816181366;2,8708133971;1,4354066986;0,0000000000;0,0000000000;1;0, 0, 39.1814405158, 60.8185594842, 0, 0, 0, 0;0, 0, 0, 0, 0, 39.1814405158, 20.9869217372, 39.8316377469, 0, 0, 0, 0, 0, 0, 0, 0, 0, 0, 0, 0, 0, 0, 0, 0, 0;Europe/Paris;35,5
2023-06-11T06:00:00Z;-1;9000003703;hourly;0,6194444444;0,0000000000;19,5297217701;3,1986112207;1,7647058824;0,0000000000;0,0000000000;6,6097806712;12,9199410990;0,0000000000;3,1986112207;0,0000000000;1,7647058824;1;9.0360011429, 0, 26.0865424299, 57.1192736277, 7.7581827995, 0, 0, 0;9.0360011429, 0, 0, 0, 26.0865424299, 0, 33.5883678847, 23.530905743, 7.7581827995, 0, 0, 0, 0, 0, 0, 0, 0, 0, 0, 0, 0, 0, 0, 0, 0;Europe/Paris;36,0
2023-06-11T07:00:00Z;-1;9000003703;hourly;0,6041666667;8,2728540991;38,2201632940;12,9363182326;2,0089285714;5,1287468974;3,1441072017;17,6565979528;20,5635653411;9,3567090329;3,5796091997;2,0089285714;0,0000000000;1;26.830727464, 4.109560224, 18.7458913626, 50.3138209493, 0, 0, 0, 0;26.830727464, 0, 0, 4.109560224, 4.1167447698, 14.6291465928, 20.5058048571, 29.8080160922, 0, 0, 0, 0, 0, 0, 0, 0, 0, 0, 0, 0, 0, 0, 0, 0, 0;Europe/Paris;35,0
2023-06-11T08:00:00Z;-1;9000003703;hourly;0,5813888889;10,2833586079;46,6803694940;22,4407959227;1,7681728880;6,8629233388;3,4204352691;29,4402298410;17,2401396530;6,8835234113;15,5572725114;0,0000000000;1,7681728880;1;25.751567234, 0, 36.910879566, 37.3375532, 0, 0, 0, 0;25.751567234, 0, 0, 0, 14.790207444, 22.120672122, 29.8060239047, 7.5315292952, 0, 0, 0, 0, 0, 0, 0, 0, 0, 0, 0, 0, 0, 0, 0, 0, 0;Europe/Paris;31,0
2023-06-11T09:00:00Z;-1;9000003703;hourly;0,6022222222;11,8419833845;38,6696269622;26,6928645191;0,0000000000;5,3045186640;6,5374647204;16,8808333341;21,7887936280;13,2135979023;13,4792666167;0,0000000000;0,0000000000;1;12.6819710359, 4.5725108487, 30.6335326144, 47.5394746522, 4.5725108487, 0, 0, 0;8.1094601872, 4.5725108487, 0, 4.5725108487, 13.0305108828, 17.6030217316, 38.7429928016, 8.7964818506, 0, 4.5725108487, 0, 0, 0, 0, 0, 0, 0, 0, 0, 0, 0, 0, 0, 0, 0;Europe/Paris;32,5
2023-06-11T10:00:00Z;-1;9000003703;hourly;0,6152777778;17,5551526552;60,9212956797;8,0999449683;6,4671247835;9,4552076869;8,0999449683;25,6407275814;35,2805680984;4,7703180212;3,3296269471;0,0000000000;6,4671247835;1;0, 5.2434605113, 40.085667016, 49.6374281101, 2.5167221813, 0, 2.5167221813, 0;0, 0, 2.6100987993, 2.633361712, 15.9291146633, 24.1565523527, 31.320535657, 18.3168924531, 2.5167221813, 0, 0, 0, 0, 2.5167221813, 0, 0, 0, 0, 0, 0, 0, 0, 0, 0, 0;Europe/Paris;35,0
2023-06-11T11:00:00Z;-1;9000003703;hourly;0,5286111111;9,4865659220;44,9805953294;3,5424585149;2,1327014218;1,8633540373;7,6232118847;11,0805725747;33,9000227547;0,0000000000;3,5424585149;0,0000000000;2,1327014218;1;0, 0, 24.4127958855, 48.2276728941, 27.3595312204, 0, 0, 0;0, 0, 0, 0, 8.063824854, 16.3489710315, 19.8936252433, 28.3340476508, 27.3595312204, 0, 0, 0, 0, 0, 0, 0, 0, 0, 0, 0, 0, 0, 0, 0, 0;Europe/Paris;40,0
2023-06-11T12:00:00Z;-1;9000003703;hourly;0,5952777778;13,3260783738;14,7887987352;14,5034453819;0,0000000000;4,9560580626;8,3700203112;9,9414019668;4,8473967684;8,1876559082;6,3157894737;0,0000000000;0,0000000000;1;10.9258294181, 10.9258294181, 44.8788831043, 33.2694580594, 0, 0, 0, 0;0, 10.9258294181, 0, 10.9258294181, 21.6024732531, 23.2764098513, 11.4177992231, 21.8516588363, 0, 0, 0, 0, 0, 0, 0, 0, 0, 0, 0, 0, 0, 0, 0, 0, 0;Europe/Paris;34,0
2023-06-11T13:00:00Z;-1;9000003703;hourly;0,5758333333;7,3602001718;17,8216007788;10,8855169537;3,2814856865;1,9911504425;5,3690497293;6,1513969756;11,6702038032;6,9032160688;3,9823008850;1,8947368421;1,3867488444;1;0, 7.781281051, 7.781281051, 84.4374378981, 0, 0, 0, 0;0, 0, 0, 7.781281051, 0, 7.781281051, 29.1150303635, 55.3224075346, 0, 0, 0, 0, 0, 0, 0, 0, 0, 0, 0, 0, 0, 0, 0, 0, 0;Europe/Paris;36,0
2023-06-11T14:00:00Z;-1;9000003703;hourly;0,5730555556;7,3374435443;36,2814090616;21,9456143810;3,4267241379;1,8711018711;5,4663416732;10,4663416732;25,8150673883;13,2249623629;8,7206520181;1,5517241379;1,8750000000;1;5.1571918498, 0, 47.3809591438, 28.5127503418, 14.1969736077, 4.752125057, 0, 0;5.1571918498, 0, 0, 0, 18.5332877222, 28.8476714217, 28.5127503418, 0, 14.1969736077, 0, 0, 4.752125057, 0, 0, 0, 0, 0, 0, 0, 0, 0, 0, 0, 0, 0;Europe/Paris;39,0
2023-06-11T15:00:00Z;-1;9000003703;hourly;0,5613888889;5,6030312802;50,8613871277;16,4867627422;2,0316027088;1,7857142857;3,8173169945;25,6360553578;25,2253317699;9,0132943024;7,4734684398;2,0316027088;0,0000000000;1;7.988782153, 7.988782153, 40.079781827, 37.1368259944, 6.8058278726, 0, 0, 0;7.988782153, 0, 0, 7.988782153, 7.3973050128, 32.6824768142, 16.4960694147, 20.6407565797, 6.8058278726, 0, 0, 0, 0, 0, 0, 0, 0, 0, 0, 0, 0, 0, 0, 0, 0;Europe/Paris;35,5
2023-06-11T16:00:00Z;-1;9000003703;hourly;0,6488888889;1,5985790409;64,7660476898;28,1896796609;6,3579447170;0,0000000000;1,5985790409;40,3271769825;24,4388707073;23,6093346659;4,5803449950;3,1607866353;3,1971580817;1;2.46823621, 11.9955290156, 44.8241739979, 31.3919385578, 9.3201222188, 0, 0, 0;0, 2.46823621, 2.4251605344, 9.5703684812, 21.2425824073, 23.5815915906, 24.306716914, 7.0852216438, 9.3201222188, 0, 0, 0, 0, 0, 0, 0, 0, 0, 0, 0, 0, 0, 0, 0, 0;Europe/Paris;33,5
2023-06-11T17:00:00Z;-1;9000003703;hourly;0,6347222222;1,5306122449;64,2669748714;14,1345663003;3,1560022128;0,0000000000;1,5306122449;31,5791514053;32,6878234661;11,0733418105;3,0612244898;1,5517241379;1,6042780749;1;2.5187198234, 0, 46.4880297357, 36.3594965135, 9.7558359516, 2.3816466357, 0, 2.4962713401;2.5187198234, 0, 0, 0, 14.7443514908, 31.7436782449, 24.1667151444, 12.192781369, 7.3741893159, 2.3816466357, 2.3816466357, 0, 0, 0, 0, 0, 0, 0, 2.4962713401, 0, 0, 0, 0, 0, 0;Europe/Paris;37,5
2023-06-11T18:00:00Z;-1;9000003703;hourly;0,6130555556;0,0000000000;18,2866076877;4,8336382523;6,4941548575;0,0000000000;0,0000000000;5,0628930818;13,2237146059;3,3210332103;1,5126050420;0,0000000000;6,4941548575;1;0, 0, 27.2415195895, 54.3582394709, 18.4002409396, 0, 0, 0;0, 0, 0, 0, 9.0805065298, 18.1610130597, 26.6718956273, 27.6863438437, 18.4002409396, 0, 0, 0, 0, 0, 0, 0, 0, 0, 0, 0, 0, 0, 0, 0, 0;Europe/Paris;38,5
2023-06-11T19:00:00Z;-1;9000003703;hourly;0,5972222222;1,7964071856;18,2680773359;1,5151515152;0,0000000000;1,7964071856;0,0000000000;4,6696472926;13,5984300433;0,0000000000;1,5151515152;0,0000000000;0,0000000000;1;9.8335864941, 0, 45.0346218395, 45.1317916665, 0, 0, 0, 0;9.8335864941, 0, 0, 0, 27.0042206042, 18.0304012353, 8.2939845682, 36.8378070982, 0, 0, 0, 0, 0, 0, 0, 0, 0, 0, 0, 0, 0, 0, 0, 0, 0;Europe/Paris;35,5
2023-06-11T20:00:00Z;-1;9000003703;hourly;0,1427777778;0,0000000000;16,9450549451;0,0000000000;0,0000000000;0,0000000000;0,0000000000;16,9450549451;0,0000000000;0,0000000000;0,0000000000;0,0000000000;0,0000000000;1;0, 0, 70.8171206226, 29.1828793774, 0, 0, 0, 0;0, 0, 0, 0, 0, 70.8171206226, 29.1828793774, 0, 0, 0, 0, 0, 0, 0, 0, 0, 0, 0, 0, 0, 0, 0, 0, 0, 0;Europe/Paris;30,0
2023-06-12T02:00:00Z;-1;9000003703;hourly;0,0000000000;0,0000000000;0,0000000000;0,0000000000;0,0000000000;0,0000000000;0,0000000000;0,0000000000;0,0000000000;0,0000000000;0,0000000000;0,0000000000;0,0000000000;1;0, 0, 0, 0, 0, 0, 0, 0;0, 0, 0, 0, 0, 0, 0, 0, 0, 0, 0, 0, 0, 0, 0, 0, 0, 0, 0, 0, 0, 0, 0, 0, 0;Europe/Paris;NA
2023-06-12T03:00:00Z;-1;9000003703;hourly;0,0000000000;0,0000000000;0,0000000000;0,0000000000;0,0000000000;0,0000000000;0,0000000000;0,0000000000;0,0000000000;0,0000000000;0,0000000000;0,0000000000;0,0000000000;1;0, 0, 0, 0, 0, 0, 0, 0;0, 0, 0, 0, 0, 0, 0, 0, 0, 0, 0, 0, 0, 0, 0, 0, 0, 0, 0, 0, 0, 0, 0, 0, 0;Europe/Paris;NA
2023-06-12T04:00:00Z;-1;9000003703;hourly;0,4925000000;4,0100770599;13,0783195021;10,3297244841;1,8672199170;4,0100770599;0,0000000000;9,3360995851;3,7422199170;10,3297244841;0,0000000000;1,8672199170;0,0000000000;1;0, 14.2772159429, 14.3367043427, 57.1088637716, 0, 0, 14.2772159429, 0;0, 0, 14.2772159429, 0, 0, 14.3367043427, 42.8316478287, 14.2772159429, 0, 0, 0, 0, 14.2772159429, 0, 0, 0, 0, 0, 0, 0, 0, 0, 0, 0, 0;Europe/Paris;37,0
2023-06-12T05:00:00Z;-1;9000003703;hourly;0,5488888889;7,5264931871;53,7877191789;6,8998610100;3,4482758621;4,0749080392;3,4515851479;40,9326185185;12,8551006604;5,1724137931;1,7274472169;0,0000000000;3,4482758621;1;0, 3.2054490455, 28.5832622712, 60.3388392286, 7.8724494547, 0, 0, 0;0, 0, 0, 3.2054490455, 3.2054490455, 25.3778132256, 43.1508464357, 17.1879927929, 7.8724494547, 0, 0, 0, 0, 0, 0, 0, 0, 0, 0, 0, 0, 0, 0, 0, 0;Europe/Paris;35,5
2023-06-12T06:00:00Z;-1;9000003703;hourly;0,6352777778;39,7741786011;146,1526476226;43,9268346186;6,2176165803;22,2881256795;17,4860529216;96,0878277062;50,0648199164;40,8965315883;3,0303030303;1,5544041451;4,6632124352;1;3.2802700646, 6.5605401292, 48.2245108179, 34.3392814462, 5.4951580252, 2.1002395168, 0, 0;3.2802700646, 0, 3.1906451994, 3.3698949298, 22.8362397835, 25.3882710344, 24.3228889304, 10.0163925158, 4.3419847603, 1.153173265, 1.036691117, 1.0635483998, 0, 0, 0, 0, 0, 0, 0, 0, 0, 0, 0, 0, 0;Europe/Paris;34,0
2023-06-12T07:00:00Z;-1;9000003703;hourly;0,6002777778;6,6201124725;39,5959604227;6,8290396067;1,7441860465;3,3314876338;3,2886248387;14,7226847482;24,8732756746;1,6393442623;5,1896953444;1,7441860465;0,0000000000;1;32.3328387839, 4.008746272, 25.5522642649, 29.5610105369, 8.5451401423, 0, 0, 0;20.3065999679, 12.0262388159, 4.008746272, 0, 0, 25.5522642649, 21.1473046986, 8.4137058383, 0, 8.5451401423, 0, 0, 0, 0, 0, 0, 0, 0, 0, 0, 0, 0, 0, 0, 0;Europe/Paris;33,5
2023-06-12T08:00:00Z;-1;9000003703;hourly;0,6519444444;11,4454147866;40,2765669314;1,5000000000;3,3061101028;3,3061101028;8,1393046837;19,2902923237;20,9862746077;0,0000000000;1,5000000000;3,3061101028;0,0000000000;1;7.7053446019, 3.4167430192, 22.4905059467, 58.9389066505, 7.4484997818, 0, 0, 0;3.8526723009, 3.8526723009, 0, 3.4167430192, 7.4484997818, 15.0420061649, 37.0799986385, 21.858908012, 3.7242498909, 3.7242498909, 0, 0, 0, 0, 0, 0, 0, 0, 0, 0, 0, 0, 0, 0, 0;Europe/Paris;36,0
2023-06-12T09:00:00Z;-1;9000003703;hourly;0,5622222222;12,0944357710;67,8178035006;27,6134965977;0,0000000000;5,2634957314;6,8309400395;21,7658812181;46,0519222826;7,4772886094;20,1362079884;0,0000000000;0,0000000000;1;0, 5.0306021479, 29.3527304901, 49.5492275352, 13.2852906633, 0, 0, 2.7821491635;0, 0, 2.2999742652, 2.7306278827, 7.8127513115, 21.5399791786, 23.4092998262, 26.139927709, 13.2852906633, 0, 0, 0, 0, 0, 2.7821491635, 0, 0, 0, 0, 0, 0, 0, 0, 0, 0;Europe/Paris;38,0
2023-06-12T10:00:00Z;-1;9000003703;hourly;0,6325000000;7,8496409301;61,1629984276;9,2509413175;0,0000000000;6,2043027217;1,6453382084;20,1289124111;41,0340860164;2,9801324503;6,2708088672;0,0000000000;0,0000000000;1;2.8352175185, 2.8352175185, 46.251979195, 38.078833187, 7.5625309054, 0, 0, 2.4362216756;2.8352175185, 0, 2.8352175185, 0, 16.8661751465, 29.3858040486, 22.8327226805, 15.2461105065, 7.5625309054, 0, 0, 0, 0, 0, 2.4362216756, 0, 0, 0, 0, 0, 0, 0, 0, 0, 0;Europe/Paris;36,0
2023-06-12T11:00:00Z;-1;9000003703;hourly;0,6208333333;8,1266263549;45,1881123839;15,9930840584;1,6304347826;1,6483516484;6,4782747066;27,6976422955;17,4904700884;6,3332379420;9,6598461164;1,6304347826;0,0000000000;1;7.2558605748, 3.3929714711, 31.8406679874, 39.6060957062, 17.9044042606, 0, 0, 0;3.6477550431, 3.6081055317, 0, 3.3929714711, 10.8243165952, 21.0163513922, 21.7014030855, 17.9046926207, 10.6619524296, 7.242451831, 0, 0, 0, 0, 0, 0, 0, 0, 0, 0, 0, 0, 0, 0, 0;Europe/Paris;39,0
2023-06-12T12:00:00Z;-1;9000003703;hourly;0,6397222222;1,5517241379;40,4966814738;8,0436000640;3,0436000640;1,5517241379;0,0000000000;20,4526392726;20,0440422012;4,8358375070;3,2077625571;0,0000000000;3,0436000640;1;0, 7.420381715, 27.4733421109, 30.8044050005, 34.3018711736, 0, 0, 0;0, 0, 0, 7.420381715, 15.8421008356, 11.6312412753, 15.6515088395, 15.152896161, 22.8591658701, 11.4427053035, 0, 0, 0, 0, 0, 0, 0, 0, 0, 0, 0, 0, 0, 0, 0;Europe/Paris;41,5
2023-06-12T13:00:00Z;-1;9000003703;hourly;0,6055555556;13,7074675374;49,5149424366;12,9511226184;0,0000000000;0,0000000000;13,7074675374;20,6968930350;28,8180494016;3,5967270140;9,3543956044;0,0000000000;0,0000000000;1;0, 10.5330467801, 29.4352913711, 50.9367902828, 2.9128736122, 2.9128736122, 0, 3.2691243417;0, 0, 3.2691243417, 7.2639224384, 9.4511222955, 19.9841690756, 23.3192757434, 27.6175145394, 2.9128736122, 0, 2.9128736122, 0, 0, 0, 0, 0, 0, 0, 0, 0, 0, 0, 0, 0, 3.2691243417;Europe/Paris;36,5
2023-06-12T14:00:00Z;-1;9000003703;hourly;0,6161111111;11,2437656564;105,0940945067;76,1402647629;13,9252962606;4,8104390988;6,4333265576;31,2175228342;73,8765716725;28,6765525780;47,4637121849;6,7396675181;7,1856287425;1;0, 11.2494885369, 45.2082583054, 27.6232372504, 12.5003515302, 1.7093321885, 1.7093321885, 0;0, 0, 1.7093321885, 9.5401563484, 22.4113196836, 22.7969386218, 19.2887486599, 8.3344885905, 7.710910473, 4.7894410572, 1.7093321885, 0, 1.7093321885, 0, 0, 0, 0, 0, 0, 0, 0, 0, 0, 0, 0;Europe/Paris;38,0
2023-06-12T15:00:00Z;-1;9000003703;hourly;0,6416666667;24,3480311340;111,7124740423;43,3877620226;4,4535278685;14,7990360970;9,5489950369;43,6529069247;68,0595671176;22,9782939655;20,4094680572;2,9459901800;1,5075376884;1;0, 1.4516029974, 40.4680660546, 49.8101252456, 6.951646515, 1.3185591875, 0, 0;0, 0, 0, 1.4516029974, 15.387665118, 25.0804009366, 28.9533375959, 20.8567876497, 6.951646515, 0, 1.3185591875, 0, 0, 0, 0, 0, 0, 0, 0, 0, 0, 0, 0, 0, 0;Europe/Paris;36,0
2023-06-12T16:00:00Z;-1;9000003703;hourly;0,6194444444;13,0156173565;118,5350105257;18,0812486102;10,8951652394;6,2108238522;6,8047935043;36,6418629712;81,8931475546;6,5773450890;11,5039035212;6,4382722675;4,4568929719;1;4.5374662152, 2.8659100337, 25.2977766985, 53.9625555971, 12.1330119838, 1.2032794718, 0, 0;3.0249774768, 1.5124887384, 1.5124887384, 1.3534212953, 5.3897953442, 19.9079813543, 33.7453649761, 20.217190621, 9.7264530403, 2.4065589435, 1.2032794718, 0, 0, 0, 0, 0, 0, 0, 0, 0, 0, 0, 0, 0, 0;Europe/Paris;37,0
2023-06-12T17:00:00Z;-1;9000003703;hourly;0,6458333333;4,7107912392;76,5268552174;17,8653865496;7,6697659584;3,1617378829;1,5490533563;32,9525683158;43,5742869016;6,3234757658;11,5419107838;4,4129327159;3,2568332424;1;10.0314955166, 9.9647755064, 33.6663899683, 38.5466280808, 7.7907109279, 0, 0, 0;8.0648437861, 1.9666517305, 1.8999317202, 8.0648437861, 16.9656734214, 16.7007165469, 28.2501756897, 10.2964523911, 5.8240591975, 1.9666517305, 0, 0, 0, 0, 0, 0, 0, 0, 0, 0, 0, 0, 0, 0, 0;Europe/Paris;34,0
2023-06-12T18:00:00Z;-1;9000003703;hourly;0,5908333333;3,3513289037;26,5741469245;18,5787380155;8,4844459279;0,0000000000;3,3513289037;11,6247234077;14,9494235168;10,3221949403;8,2565430752;3,3513289037;5,1331170242;1;6.0477683882, 6.5634695686, 49.8290450047, 24.9484790816, 12.6112379568, 0, 0, 0;6.0477683882, 0, 0, 6.5634695686, 18.6590063451, 31.1700386596, 6.0477683882, 18.9007106934, 12.6112379568, 0, 0, 0, 0, 0, 0, 0, 0, 0, 0, 0, 0, 0, 0, 0, 0;Europe/Paris;37,0
2023-06-12T19:00:00Z;-1;9000003703;hourly;0,6538888889;1,5254237288;33,8645121205;3,2315978456;0,0000000000;0,0000000000;1,5254237288;13,7286666515;20,1358454690;3,2315978456;0,0000000000;0,0000000000;0,0000000000;1;4.5121381844, 0, 31.7274388934, 45.4602927026, 9.2835015427, 9.0166286769, 0, 0;4.5121381844, 0, 0, 0, 4.7713633583, 26.956075535, 31.6723006673, 13.7879920353, 4.7713633583, 4.5121381844, 9.0166286769, 0, 0, 0, 0, 0, 0, 0, 0, 0, 0, 0, 0, 0, 0;Europe/Paris;41,0
2023-06-12T20:00:00Z;-1;9000003703;hourly;0,1758333333;0,0000000000;7,1570576541;0,0000000000;0,0000000000;0,0000000000;0,0000000000;3,5785288270;3,5785288270;0,0000000000;0,0000000000;0,0000000000;0,0000000000;1;0, 0, 50, 50, 0, 0, 0, 0;0, 0, 0, 0, 0, 50, 0, 50, 0, 0, 0, 0, 0, 0, 0, 0, 0, 0, 0, 0, 0, 0, 0, 0, 0;Europe/Paris;36,0
2023-06-13T02:00:00Z;-1;9000003703;hourly;0,0000000000;0,0000000000;0,0000000000;0,0000000000;0,0000000000;0,0000000000;0,0000000000;0,0000000000;0,0000000000;0,0000000000;0,0000000000;0,0000000000;0,0000000000;1;0, 0, 0, 0, 0, 0, 0, 0;0, 0, 0, 0, 0, 0, 0, 0, 0, 0, 0, 0, 0, 0, 0, 0, 0, 0, 0, 0, 0, 0, 0, 0, 0;Europe/Paris;NA
2023-06-13T03:00:00Z;-1;9000003703;hourly;0,0797222222;0,0000000000;0,0000000000;0,0000000000;0,0000000000;0,0000000000;0,0000000000;0,0000000000;0,0000000000;0,0000000000;0,0000000000;0,0000000000;0,0000000000;1;0, 0, 0, 0, 0, 0, 0, 0;0, 0, 0, 0, 0, 0, 0, 0, 0, 0, 0, 0, 0, 0, 0, 0, 0, 0, 0, 0, 0, 0, 0, 0, 0;Europe/Paris;NA
2023-06-13T04:00:00Z;-1;9000003703;hourly;0,5177777778;1,5845070423;15,3202620211;3,8878942294;3,3962264151;1,5845070423;0,0000000000;12,1512479366;3,1690140845;3,8878942294;0,0000000000;3,3962264151;0,0000000000;1;0, 20.6851167437, 24.635923713, 32.5107589576, 11.0841002929, 11.0841002929, 0, 0;0, 0, 0, 20.6851167437, 0, 24.635923713, 32.5107589576, 0, 0, 11.0841002929, 11.0841002929, 0, 0, 0, 0, 0, 0, 0, 0, 0, 0, 0, 0, 0, 0;Europe/Paris;45,5
2023-06-13T05:00:00Z;-1;9000003703;hourly;0,6300000000;8,3236140682;66,1920976977;3,2099777045;3,1222569406;4,9145231591;3,4090909091;48,6598665097;17,5322311880;3,2099777045;0,0000000000;1,4586709887;1,6635859519;1;5.0265394505, 2.5132697252, 26.6106541503, 48.7520414504, 17.0974952235, 0, 0, 0;2.5132697252, 2.5132697252, 0, 2.5132697252, 12.2653600464, 14.345294104, 29.4335000492, 19.3185414012, 14.5842254983, 2.5132697252, 0, 0, 0, 0, 0, 0, 0, 0, 0, 0, 0, 0, 0, 0, 0;Europe/Paris;38,0
2023-06-13T06:00:00Z;-1;9000003703;hourly;0,6333333333;31,9397612507;111,4526066493;50,9840889384;15,9800811137;7,8495827249;24,0901785258;67,6616087100;43,7909979393;41,2907208189;9,6933681195;9,6947935368;6,2852875769;1;1.4871420359, 5.7610346988, 52.5271804989, 38.774879525, 0, 1.4497632414, 0, 0;1.4871420359, 0, 2.861508216, 2.8995264828, 15.6573279551, 36.8698525439, 27.7474369482, 11.0274425768, 0, 0, 1.4497632414, 0, 0, 0, 0, 0, 0, 0, 0, 0, 0, 0, 0, 0, 0;Europe/Paris;32,0
2023-06-13T07:00:00Z;-1;9000003703;hourly;0,6127777778;3,3697829833;48,0977545456;11,4483412560;1,5332197615;1,7274472169;1,6423357664;27,8969730359;20,2007815097;9,8060054896;1,6423357664;0,0000000000;1,5332197615;1;0, 9.7775939933, 27.2545477537, 48.9556324635, 10.5976469138, 3.4145788757, 0, 0;0, 0, 3.187715884, 6.5898781093, 3.4145788757, 23.8399688779, 24.1812212674, 24.7744111961, 3.591534019, 7.0061128948, 3.4145788757, 0, 0, 0, 0, 0, 0, 0, 0, 0, 0, 0, 0, 0, 0;Europe/Paris;37,5
2023-06-13T08:00:00Z;-1;9000003703;hourly;0,6447222222;5,4590011237;47,5575865353;7,7149878096;3,3778161309;0,0000000000;5,4590011237;11,5446457405;36,0129407949;1,9693654267;5,7456223829;1,4084507042;1,9693654267;1;0, 0, 20.6546925639, 48.494031497, 21.9665691647, 2.9615689248, 5.9231378496, 0;0, 0, 0, 0, 8.282024258, 12.3726683058, 32.9527414498, 15.5412900472, 13.0537906468, 8.9127785178, 0, 2.9615689248, 5.9231378496, 0, 0, 0, 0, 0, 0, 0, 0, 0, 0, 0, 0;Europe/Paris;44,0
2023-06-13T09:00:00Z;-1;9000003703;hourly;0,6280555556;6,4323297846;62,5594364167;6,4010895472;4,8339386030;1,6853932584;4,7469365262;30,6645032743;31,8949331423;3,2005447736;3,2005447736;1,5151515152;3,3187870878;1;5.2218943231, 2.421939202, 20.947929455, 60.904096211, 7.8100736066, 0, 2.6940672023, 0;5.2218943231, 0, 0, 2.421939202, 2.6940672023, 18.2538622528, 40.2343088934, 20.6697873176, 7.8100736066, 0, 0, 0, 2.6940672023, 0, 0, 0, 0, 0, 0, 0, 0, 0, 0, 0, 0;Europe/Paris;36,5
2023-06-13T10:00:00Z;-1;9000003703;hourly;0,6413888889;3,1234600546;63,5143733412;7,7296219213;0,0000000000;1,4900662252;1,6333938294;17,2570695874;46,2573037539;2,9727680374;4,7568538840;0,0000000000;0,0000000000;1;9.8354431926, 2.5904974289, 24.3585623344, 50.575489615, 10.3055723489, 0, 0, 2.3344350801;7.2637515527, 2.57169164, 0, 2.5904974289, 14.7719705779, 9.5865917565, 31.1506277166, 19.4248618984, 10.3055723489, 0, 0, 0, 0, 0, 0, 0, 0, 2.3344350801, 0, 0, 0, 0, 0, 0, 0;Europe/Paris;37,0
2023-06-13T11:00:00Z;-1;9000003703;hourly;0,5822222222;14,6498866906;54,9029906955;15,6088634481;3,2666054082;9,1219158200;5,5279708706;34,4843323045;20,4186583910;12,1237082524;3,4851551957;1,5358361775;1,7307692308;1;0, 3.4365932146, 43.1698289583, 46.520391398, 3.4365932146, 0, 3.4365932146, 0;0, 0, 0, 3.4365932146, 5.9497768097, 37.2200521486, 24.5092071836, 22.0111842144, 0, 3.4365932146, 0, 0, 0, 3.4365932146, 0, 0, 0, 0, 0, 0, 0, 0, 0, 0, 0;Europe/Paris;35,5
2023-06-13T12:00:00Z;-1;9000003703;hourly;0,6197222222;11,3094800670;32,1822022435;4,7038327526;3,2563106796;6,5038327526;4,8056473144;16,3931869693;15,7890152742;3,1358885017;1,5679442509;1,4563106796;1,8000000000;1;0, 0, 29.6340076964, 45.2571897768, 25.1088025268, 0, 0, 0;0, 0, 0, 0, 4.5252051696, 25.1088025268, 35.5435304424, 9.7136593344, 19.5156489372, 5.5931535896, 0, 0, 0, 0, 0, 0, 0, 0, 0, 0, 0, 0, 0, 0, 0;Europe/Paris;40,0
2023-06-13T13:00:00Z;-1;9000003703;hourly;0,6169444444;4,9251906619;54,7095888469;9,9656190983;1,5706806283;3,3707865169;1,5544041451;24,3049175823;30,4046712646;3,2366471357;6,7289719626;1,5706806283;0,0000000000;1;2.8709421171, 0, 38.2045972919, 56.0832691695, 2.8411914215, 0, 0, 0;2.8709421171, 0, 0, 0, 11.6339426251, 26.5706546669, 20.8642792921, 35.2189898774, 0, 2.8411914215, 0, 0, 0, 0, 0, 0, 0, 0, 0, 0, 0, 0, 0, 0, 0;Europe/Paris;36,0
2023-06-13T14:00:00Z;-1;9000003703;hourly;0,6372222222;14,1301388901;142,0941708050;61,8027287736;9,3977993058;3,2608695652;10,8692693248;45,4608473694;96,6333234355;12,3427349320;49,4599938416;4,7475071635;4,6502921423;1;4.325336502, 6.5610556151, 52.5988295603, 28.7207807301, 6.7149809427, 1.0790166499, 0, 0;3.2463198521, 1.0790166499, 2.235719113, 4.325336502, 15.2644554362, 37.3343741241, 17.6868824766, 11.0338982535, 4.4885317321, 2.2264492105, 0, 1.0790166499, 0, 0, 0, 0, 0, 0, 0, 0, 0, 0, 0, 0, 0;Europe/Paris;34,0
2023-06-13T15:00:00Z;-1;9000003703;hourly;0,6216666667;26,4913604922;117,5998506078;34,3565630244;3,4285714286;16,7004822844;9,7908782078;31,2845068693;86,3153437385;16,8018336358;17,5547293887;3,4285714286;0,0000000000;1;1.3521326761, 3.9376296174, 27.9620254321, 51.7019339239, 13.5885505512, 0, 0, 1.4577277993;1.3521326761, 0, 1.2927484707, 2.6448811468, 11.2662409276, 16.6957845045, 32.6124308326, 19.0895030912, 10.9436694044, 2.6448811468, 0, 0, 0, 0, 1.4577277993, 0, 0, 0, 0, 0, 0, 0, 0, 0, 0;Europe/Paris;37,5
2023-06-13T16:00:00Z;-1;9000003703;hourly;0,6369444444;4,6776324991;135,7897985108;10,7451495113;4,6420552751;1,6513761468;3,0262563523;49,5054522615;86,2843462493;3,0262563523;7,7188931590;3,1810163141;1,4610389610;1;4.7486567138, 2.3798531856, 26.8856032128, 52.0313073244, 13.9545795633, 0, 0, 0;1.1899265928, 3.558730121, 1.1899265928, 1.1899265928, 10.6651407057, 16.2204625071, 40.8379621622, 11.1933451622, 13.9545795633, 0, 0, 0, 0, 0, 0, 0, 0, 0, 0, 0, 0, 0, 0, 0, 0;Europe/Paris;37,0
2023-06-13T17:00:00Z;-1;9000003703;hourly;0,6522222222;6,1917160203;87,1005886253;16,9318040442;12,4562959709;4,6072089780;1,5845070423;21,5500934911;65,5504951342;7,6334416891;9,2983623552;3,1579336157;9,2983623552;1;0, 0, 29.7246784358, 63.271669782, 7.0036517822, 0, 0, 0;0, 0, 0, 0, 5.230643982, 24.4940344537, 31.6234488383, 31.6482209437, 5.184482627, 1.8191691552, 0, 0, 0, 0, 0, 0, 0, 0, 0, 0, 0, 0, 0, 0, 0;Europe/Paris;36,0
2023-06-13T18:00:00Z;-1;9000003703;hourly;0,6605555556;1,5177065767;39,4795868144;13,4694581267;18,3896662711;0,0000000000;1,5177065767;13,7972961883;25,6822906260;10,4739190376;2,9955390890;12,2324576756;6,1572085955;1;3.9508823511, 0, 19.0433958906, 69.2490645883, 3.805774819, 3.9508823511, 0, 0;3.9508823511, 0, 0, 0, 3.805774819, 15.2376210716, 34.7403247593, 34.508739829, 3.805774819, 0, 3.9508823511, 0, 0, 0, 0, 0, 0, 0, 0, 0, 0, 0, 0, 0, 0;Europe/Paris;36,5
2023-06-13T19:00:00Z;-1;9000003703;hourly;0,6416666667;0,0000000000;30,0760781721;3,1480173545;0,0000000000;0,0000000000;0,0000000000;19,2959538233;10,7801243487;0,0000000000;3,1480173545;0,0000000000;0,0000000000;1;0, 0, 36.5915390233, 53.2007600161, 4.8736342459, 0, 5.3340667147, 0;0, 0, 0, 0, 15.5417676753, 21.0497713481, 37.7733093982, 15.4274506179, 4.8736342459, 0, 0, 0, 5.3340667147, 0, 0, 0, 0, 0, 0, 0, 0, 0, 0, 0, 0;Europe/Paris;36,0
2023-06-13T20:00:00Z;-1;9000003703;hourly;0,1494444444;0,0000000000;13,7404580153;0,0000000000;0,0000000000;0,0000000000;0,0000000000;0,0000000000;13,7404580153;0,0000000000;0,0000000000;0,0000000000;0,0000000000;1;0, 0, 0, 66.6666666667, 0, 0, 0, 33.3333333333;0, 0, 0, 0, 0, 0, 66.6666666667, 0, 0, 0, 0, 0, 0, 0, 0, 0, 33.3333333333, 0, 0, 0, 0, 0, 0, 0, 0;Europe/Paris;80,0
2023-06-14T02:00:00Z;-1;9000003703;hourly;0,0000000000;0,0000000000;0,0000000000;0,0000000000;0,0000000000;0,0000000000;0,0000000000;0,0000000000;0,0000000000;0,0000000000;0,0000000000;0,0000000000;0,0000000000;1;0, 0, 0, 0, 0, 0, 0, 0;0, 0, 0, 0, 0, 0, 0, 0, 0, 0, 0, 0, 0, 0, 0, 0, 0, 0, 0, 0, 0, 0, 0, 0, 0;Europe/Paris;NA
2023-06-14T03:00:00Z;-1;9000003703;hourly;0,0255555556;0,0000000000;0,0000000000;0,0000000000;0,0000000000;0,0000000000;0,0000000000;0,0000000000;0,0000000000;0,0000000000;0,0000000000;0,0000000000;0,0000000000;1;0, 0, 0, 0, 0, 0, 0, 0;0, 0, 0, 0, 0, 0, 0, 0, 0, 0, 0, 0, 0, 0, 0, 0, 0, 0, 0, 0, 0, 0, 0, 0, 0;Europe/Paris;NA
2023-06-14T04:00:00Z;-1;9000003703;hourly;0,5800000000;4,7873620058;13,8178696795;5,8109717007;4,5467910508;3,1113843522;1,6759776536;7,4176044479;6,4002652316;5,8109717007;0,0000000000;3,1113843522;1,4354066986;1;0, 0, 10.3880462897, 67.0948477861, 22.5171059241, 0, 0, 0;0, 0, 0, 0, 0, 10.3880462897, 45.0342118483, 22.0606359379, 12.1290596344, 10.3880462897, 0, 0, 0, 0, 0, 0, 0, 0, 0, 0, 0, 0, 0, 0, 0;Europe/Paris;40,5
2023-06-14T05:00:00Z;-1;9000003703;hourly;0,6569444444;9,0898914977;39,7309492065;7,6813652801;4,5133848606;6,0234519747;3,0664395230;26,0769024000;13,6540468066;2,9570124517;4,7243528284;4,5133848606;0,0000000000;1;0, 3.8590061202, 27.1369272192, 49.2091319709, 19.7949346897, 0, 0, 0;0, 0, 0, 3.8590061202, 7.5008655938, 19.6360616254, 33.8313810724, 15.3777508985, 19.7949346897, 0, 0, 0, 0, 0, 0, 0, 0, 0, 0, 0, 0, 0, 0, 0, 0;Europe/Paris;38,5
2023-06-14T06:00:00Z;-1;9000003703;hourly;0,6305555556;21,8799986408;59,6130055031;50,6327965773;3,1690140845;4,6089071856;17,2710914551;47,2261770473;12,3868284558;45,8595044180;4,7732921594;1,5845070423;1,5845070423;1;5.6714372969, 10.631955419, 36.3712085692, 39.6504558968, 2.3589651086, 5.3159777095, 0, 0;2.6579888548, 3.0134484421, 2.6579888548, 7.9739665643, 12.6918967814, 23.6793117878, 20.4797112819, 19.1707446149, 2.3589651086, 0, 5.3159777095, 0, 0, 0, 0, 0, 0, 0, 0, 0, 0, 0, 0, 0, 0;Europe/Paris;35,5
2023-06-14T07:00:00Z;-1;9000003703;hourly;0,6397222222;7,8285344886;44,9771528871;4,5342908832;0,0000000000;7,8285344886;0,0000000000;32,8436119434;12,1335409437;3,1034482759;1,4308426073;0,0000000000;0,0000000000;1;3.1812654103, 3.5416211381, 20.5868457684, 55.1930936749, 10.413931732, 0, 0, 7.0832422763;3.1812654103, 0, 3.5416211381, 0, 10.413931732, 10.1729140364, 31.0923711505, 24.1007225244, 6.963904244, 3.450027488, 0, 0, 0, 0, 0, 0, 3.5416211381, 3.5416211381, 0, 0, 0, 0, 0, 0, 0;Europe/Paris;39,5
2023-06-14T08:00:00Z;-1;9000003703;hourly;0,6008333333;7,5765190732;49,8726743493;22,1076014357;0,0000000000;6,0536764336;1,5228426396;41,6117649070;8,2609094424;15,1550035211;6,9525979147;0,0000000000;0,0000000000;1;0, 9.0092214382, 13.0531132823, 54.0390426388, 11.9871016787, 2.9778802405, 0, 8.9336407215;0, 0, 2.9778802405, 6.0313411977, 2.9778802405, 10.0752330418, 30.5561194057, 23.4829232331, 11.9871016787, 0, 2.9778802405, 0, 0, 0, 5.955760481, 2.9778802405, 0, 0, 0, 0, 0, 0, 0, 0, 0;Europe/Paris;41,0
2023-06-14T09:00:00Z;-1;9000003703;hourly;0,5811111111;9,7220117363;45,1712630304;8,8212183718;0,0000000000;8,0302824130;1,6917293233;30,9454132598;14,2258497706;3,7460304018;5,0751879699;0,0000000000;0,0000000000;1;0, 11.2354351626, 42.0723476777, 38.4726062245, 8.2196109351, 0, 0, 0;0, 0, 0, 11.2354351626, 17.9961569302, 24.0761907475, 26.7265932207, 11.7460130039, 3.4530626843, 4.7665482508, 0, 0, 0, 0, 0, 0, 0, 0, 0, 0, 0, 0, 0, 0, 0;Europe/Paris;34,5
2023-06-14T10:00:00Z;-1;9000003703;hourly;0,6297222222;25,4902228167;67,7948162159;59,2131553507;1,5437392796;13,0226679713;12,4675548454;24,0151738930;43,7796423229;8,1508821367;51,0622732140;0,0000000000;1,5437392796;1;0, 11.8415465927, 37.2538482849, 32.3196313999, 11.5667011472, 2.2770756907, 2.3705984423, 2.3705984423;0, 0, 0, 11.8415465927, 9.4709481505, 27.7829001345, 20.7568293549, 11.562802045, 2.2770756907, 9.2896254566, 2.2770756907, 0, 2.3705984423, 0, 0, 0, 0, 2.3705984423, 0, 0, 0, 0, 0, 0, 0;Europe/Paris;43,0
2023-06-14T11:00:00Z;-1;9000003703;hourly;0,6222222222;10,9765753216;54,3076419148;9,8811098118;3,0716723549;6,5790539295;4,3975213921;38,1097519256;16,1978899892;8,3452736343;1,5358361775;1,5358361775;1,5358361775;1;0, 3.5716063228, 30.5697474588, 51.911829435, 11.1187872035, 2.8280295799, 0, 0;0, 0, 0, 3.5716063228, 17.2202300264, 13.3495174324, 30.5697474588, 21.3420819762, 8.2907576236, 2.8280295799, 2.8280295799, 0, 0, 0, 0, 0, 0, 0, 0, 0, 0, 0, 0, 0, 0;Europe/Paris;37,5
2023-06-14T12:00:00Z;-1;9000003703;hourly;0,6702777778;10,3809640209;81,0864956070;5,9202932114;4,3587534109;10,3809640209;0,0000000000;38,4855602184;42,6009353887;4,4984922636;1,4218009479;4,3587534109;0,0000000000;1;1.7534374093, 1.9370434207, 49.1006675044, 43.4032461571, 3.8056055084, 0, 0, 0;1.7534374093, 0, 0, 1.9370434207, 14.498563041, 34.6021044634, 23.3116855512, 20.091560606, 1.9370434207, 1.8685620877, 0, 0, 0, 0, 0, 0, 0, 0, 0, 0, 0, 0, 0, 0, 0;Europe/Paris;34,5
2023-06-14T13:00:00Z;-1;9000003703;hourly;0,5938888889;8,7074616144;59,1857877992;10,4482999697;3,4816377840;5,2258238305;3,4816377840;29,1054809391;30,0803068601;10,4482999697;0,0000000000;1,7441860465;1,7374517375;1;2.9469676951, 2.9469676951, 44.3139291313, 47.192758845, 2.5993766336, 0, 0, 0;2.9469676951, 0, 2.9469676951, 0, 15.9324726094, 28.3814565219, 30.582138608, 16.610620237, 0, 2.5993766336, 0, 0, 0, 0, 0, 0, 0, 0, 0, 0, 0, 0, 0, 0, 0;Europe/Paris;34,0
2023-06-14T14:00:00Z;-1;9000003703;hourly;0,5900000000;16,9077994756;109,3781512135;15,0908346158;5,2689018902;13,4951864752;3,4126130004;47,6611796051;61,7169716084;5,1171584550;9,9736761609;3,5643564356;1,7045454545;1;1.6293731408, 7.8311557647, 47.3482572058, 38.5128038057, 4.678410083, 0, 0, 0;1.6293731408, 0, 3.0849893052, 4.7461664595, 21.9456591944, 25.4025980114, 24.6144499256, 13.8983538801, 3.1877698002, 1.4906402828, 0, 0, 0, 0, 0, 0, 0, 0, 0, 0, 0, 0, 0, 0, 0;Europe/Paris;34,0
2023-06-14T15:00:00Z;-1;9000003703;hourly;0,6583333333;13,4710041167;132,6801080995;13,6370906626;1,5202702703;4,4701986755;9,0008054412;47,7199768616;84,9601312379;7,5107392160;6,1263514466;1,5202702703;0,0000000000;1;0, 2.3485170428, 24.1198993083, 56.683121008, 15.7026463675, 1.1458162735, 0, 0;0, 0, 1.1458162735, 1.2027007693, 5.6159302999, 18.5039690084, 38.3029866983, 18.3801343097, 10.0867160675, 5.6159302999, 1.1458162735, 0, 0, 0, 0, 0, 0, 0, 0, 0, 0, 0, 0, 0, 0;Europe/Paris;38,5
2023-06-14T16:00:00Z;-1;9000003703;hourly;0,6569444444;5,9866741804;107,3761814193;31,7501342148;5,9761186053;1,5463917526;4,4402824278;35,8471093787;71,5290720406;13,5957898666;18,1543443481;3,0822279301;2,8938906752;1;2.8880274264, 4.3555530411, 32.8640510097, 51.3089422395, 8.5834262833, 0, 0, 0;2.8880274264, 0, 0, 4.3555530411, 11.5240509574, 21.3400000523, 22.9779722512, 28.3309699883, 8.5834262833, 0, 0, 0, 0, 0, 0, 0, 0, 0, 0, 0, 0, 0, 0, 0, 0;Europe/Paris;36,5
2023-06-14T17:00:00Z;-1;9000003703;hourly;0,6508333333;0,0000000000;62,1401644177;16,5479497669;3,3149171271;0,0000000000;0,0000000000;24,6859324461;37,4542319717;7,4212147782;9,1267349888;1,6574585635;1,6574585635;1;2.5144767714, 12.3012760719, 37.8271403695, 42.4952416522, 4.861865135, 0, 0, 0;2.5144767714, 0, 4.9005371014, 7.4007389705, 25.101943007, 12.7251973625, 24.7166936828, 17.7785479694, 2.3473883636, 2.5144767714, 0, 0, 0, 0, 0, 0, 0, 0, 0, 0, 0, 0, 0, 0, 0;Europe/Paris;34,5
2023-06-14T18:00:00Z;-1;9000003703;hourly;0,5580555556;0,0000000000;43,5231718138;5,0847457627;8,5760682026;0,0000000000;0,0000000000;9,0728310119;34,4503408019;3,3898305085;1,6949152542;5,1862376941;3,3898305085;1;0, 8.7621355777, 20.6454807264, 53.8615896232, 16.7307940728, 0, 0, 0;0, 0, 0, 8.7621355777, 11.8833451487, 8.7621355777, 37.8834642837, 15.9781253395, 12.6033210262, 4.1274730466, 0, 0, 0, 0, 0, 0, 0, 0, 0, 0, 0, 0, 0, 0, 0;Europe/Paris;38,0
2023-06-14T19:00:00Z;-1;9000003703;hourly;0,6244444444;0,0000000000;20,9317452443;0,0000000000;1,5100671141;0,0000000000;0,0000000000;11,4184895740;9,5132556703;0,0000000000;0,0000000000;0,0000000000;1,5100671141;1;0, 0, 23.4269936388, 60.9636295396, 15.6093768216, 0, 0, 0;0, 0, 0, 0, 7.9038405322, 15.5231531067, 31.4170578859, 29.5465716538, 7.9038405322, 7.7055362894, 0, 0, 0, 0, 0, 0, 0, 0, 0, 0, 0, 0, 0, 0, 0;Europe/Paris;38,0
2023-06-14T20:00:00Z;-1;9000003703;hourly;0,1794444444;0,0000000000;33,7787166623;0,0000000000;0,0000000000;0,0000000000;0,0000000000;23,7972009506;9,9815157116;0,0000000000;0,0000000000;0,0000000000;0,0000000000;1;0, 9.8499061914, 50.7504690432, 19.6998123827, 9.8499061914, 9.8499061914, 0, 0;0, 0, 0, 9.8499061914, 0, 50.7504690432, 19.6998123827, 0, 0, 9.8499061914, 9.8499061914, 0, 0, 0, 0, 0, 0, 0, 0, 0, 0, 0, 0, 0, 0;Europe/Paris;45,0
2023-06-15T02:00:00Z;-1;9000003703;hourly;0,0000000000;0,0000000000;0,0000000000;0,0000000000;0,0000000000;0,0000000000;0,0000000000;0,0000000000;0,0000000000;0,0000000000;0,0000000000;0,0000000000;0,0000000000;1;0, 0, 0, 0, 0, 0, 0, 0;0, 0, 0, 0, 0, 0, 0, 0, 0, 0, 0, 0, 0, 0, 0, 0, 0, 0, 0, 0, 0, 0, 0, 0, 0;Europe/Paris;NA
2023-06-15T03:00:00Z;-1;9000003703;hourly;0,0827777778;0,0000000000;0,0000000000;0,0000000000;0,0000000000;0,0000000000;0,0000000000;0,0000000000;0,0000000000;0,0000000000;0,0000000000;0,0000000000;0,0000000000;1;0, 0, 0, 0, 0, 0, 0, 0;0, 0, 0, 0, 0, 0, 0, 0, 0, 0, 0, 0, 0, 0, 0, 0, 0, 0, 0, 0, 0, 0, 0, 0, 0;Europe/Paris;NA
2023-06-15T04:00:00Z;-1;9000003703;hourly;0,4519444444;1,6853932584;16,9553254463;6,1784897025;0,0000000000;1,6853932584;0,0000000000;13,5845389295;3,3707865169;6,1784897025;0,0000000000;0,0000000000;0,0000000000;1;0, 0, 44.1736118576, 41.96720591, 13.8591822323, 0, 0, 0;0, 0, 0, 0, 22.0868059288, 22.0868059288, 22.0868059288, 19.8803999812, 13.8591822323, 0, 0, 0, 0, 0, 0, 0, 0, 0, 0, 0, 0, 0, 0, 0, 0;Europe/Paris;37,0
2023-06-15T05:00:00Z;-1;9000003703;hourly;0,6216666667;14,0294098383;40,0758297845;4,7318581063;1,4586709887;9,2975517320;4,7318581063;31,8811039007;8,1947258837;1,4586709887;3,2731871177;0,0000000000;1,4586709887;1;0, 11.3926365348, 23.8534034617, 60.226253057, 4.5277069465, 0, 0, 0;0, 0, 4.1130817683, 7.2795547665, 14.7979895686, 9.0554138931, 34.5969904688, 25.6292625882, 4.5277069465, 0, 0, 0, 0, 0, 0, 0, 0, 0, 0, 0, 0, 0, 0, 0, 0;Europe/Paris;35,5
2023-06-15T06:00:00Z;-1;9000003703;hourly;0,6561111111;24,0290860290;135,5623304483;68,6449830094;14,1048967603;10,4647932301;13,5642927989;96,2847678541;39,2775625942;60,9931138506;7,6518691589;7,7466596377;6,3582371226;1;0, 15.7104895752, 35.3491810413, 41.1842522493, 5.4242501213, 1.1792206844, 0, 1.1526063286;0, 0, 2.3219078536, 13.3885817216, 13.3619673659, 21.9872136754, 22.3891430682, 18.795109181, 5.4242501213, 0, 0, 1.1792206844, 0, 0, 0, 0, 0, 0, 0, 1.1526063286, 0, 0, 0, 0, 0;Europe/Paris;35,5
2023-06-15T07:00:00Z;-1;9000003703;hourly;0,6497222222;4,7572511202;36,8994006035;4,6076383391;0,0000000000;1,6014234875;3,1558276326;18,4941065070;18,4052940965;1,5332197615;3,0744185776;0,0000000000;0,0000000000;1;0, 4.2125457857, 16.5721476275, 62.4583220109, 12.5444387902, 0, 0, 4.2125457857;0, 0, 4.2125457857, 0, 8.2044672422, 8.3676803853, 45.7229612404, 16.7353607705, 12.5444387902, 0, 0, 0, 0, 0, 0, 0, 4.2125457857, 0, 0, 0, 0, 0, 0, 0, 0;Europe/Paris;38,0
2023-06-15T08:00:00Z;-1;9000003703;hourly;0,6147222222;1,5734265734;56,4883976977;11,2298238541;0,0000000000;1,5734265734;0,0000000000;22,5098183451;33,9785793525;4,7202797203;6,5095441338;0,0000000000;0,0000000000;1;0, 8.5267934302, 39.4664770355, 40.4830460894, 11.5236834449, 0, 0, 0;0, 0, 3.1674901156, 5.3593033146, 7.9332088528, 31.5332681826, 20.221076976, 20.2619691134, 8.7382856685, 2.7853977765, 0, 0, 0, 0, 0, 0, 0, 0, 0, 0, 0, 0, 0, 0, 0;Europe/Paris;36,5
2023-06-15T09:00:00Z;-1;9000003703;hourly;0,6072222222;0,0000000000;0,0000000000;0,0000000000;0,0000000000;0,0000000000;0,0000000000;0,0000000000;0,0000000000;0,0000000000;0,0000000000;0,0000000000;0,0000000000;1;0, 0, 0, 0, 0, 0, 0, 0;0, 0, 0, 0, 0, 0, 0, 0, 0, 0, 0, 0, 0, 0, 0, 0, 0, 0, 0, 0, 0, 0, 0, 0, 0;Europe/Paris;NA
2023-06-15T10:00:00Z;-1;9000003703;hourly;0,6091666667;0,0000000000;0,0000000000;0,0000000000;0,0000000000;0,0000000000;0,0000000000;0,0000000000;0,0000000000;0,0000000000;0,0000000000;0,0000000000;0,0000000000;1;0, 0, 0, 0, 0, 0, 0, 0;0, 0, 0, 0, 0, 0, 0, 0, 0, 0, 0, 0, 0, 0, 0, 0, 0, 0, 0, 0, 0, 0, 0, 0, 0;Europe/Paris;NA
2023-06-15T11:00:00Z;-1;9000003703;hourly;0,6102777778;0,0000000000;0,0000000000;0,0000000000;0,0000000000;0,0000000000;0,0000000000;0,0000000000;0,0000000000;0,0000000000;0,0000000000;0,0000000000;0,0000000000;1;0, 0, 0, 0, 0, 0, 0, 0;0, 0, 0, 0, 0, 0, 0, 0, 0, 0, 0, 0, 0, 0, 0, 0, 0, 0, 0, 0, 0, 0, 0, 0, 0;Europe/Paris;NA
2023-06-15T12:00:00Z;-1;9000003703;hourly;0,6369444444;6,3973300211;40,3397154832;4,9735646537;4,5409256792;4,9219201851;1,4754098361;15,6297648729;24,7099506103;4,9735646537;0,0000000000;2,9508196721;1,5901060071;1;0, 11.1286883331, 15.9866632982, 42.2747905782, 22.7262820735, 7.883575717, 0, 0;0, 0, 3.6574621769, 7.4712261562, 7.8511688083, 8.1354944899, 27.1760364633, 15.0987541149, 18.9125180942, 3.8137639793, 7.883575717, 0, 0, 0, 0, 0, 0, 0, 0, 0, 0, 0, 0, 0, 0;Europe/Paris;41,5
2023-06-15T13:00:00Z;-1;9000003703;hourly;0,6091666667;4,9975173352;58,4919231455;11,5928304667;0,0000000000;4,9975173352;0,0000000000;25,2399020812;33,2520210643;8,2303809504;3,3624495163;0,0000000000;0,0000000000;1;3.0348599149, 5.9001745831, 11.461258673, 39.7610219381, 16.6151354576, 17.1578296035, 3.0348599149, 3.0348599149;3.0348599149, 0, 2.8653146683, 3.0348599149, 2.8653146683, 8.5959440048, 19.9711445698, 19.7898773682, 8.3223993542, 8.2927361034, 11.427200267, 5.7306293365, 3.0348599149, 0, 0, 0, 3.0348599149, 0, 0, 0, 0, 0, 0, 0, 0;Europe/Paris;51,0
2023-06-15T14:00:00Z;-1;9000003703;hourly;0,6441666667;4,5881080585;67,5155548340;15,4432248799;3,2348173169;1,4586709887;3,1294370699;22,0461427912;45,4694120428;2,9173419773;12,5258829026;1,6333938294;1,6014234875;1;2.3719326479, 12.0964260267, 37.3972928585, 36.9150188648, 6.5841946653, 0, 4.6351349368, 0;0, 2.3719326479, 4.8385704107, 7.257855616, 14.0061341837, 23.3911586748, 25.3281698864, 11.5868489783, 4.3209923765, 2.2632022889, 0, 0, 4.6351349368, 0, 0, 0, 0, 0, 0, 0, 0, 0, 0, 0, 0;Europe/Paris;36,0
2023-06-15T15:00:00Z;-1;9000003703;hourly;0,6275000000;3,0850362558;104,0297836294;12,3507194556;0,0000000000;1,4634146341;1,6216216216;34,5919483306;69,4378352989;5,8536585366;6,4970609190;0,0000000000;0,0000000000;1;4.3722583391, 7.6962839938, 16.2283995207, 38.312423749, 22.066167647, 4.6865802536, 6.6378864968, 0;1.4067265961, 2.9655317431, 1.6930271166, 6.0032568772, 4.3102297606, 11.91816976, 15.3662525717, 22.9461711773, 12.7932219249, 9.2729457221, 0, 4.6865802536, 5.0790813498, 1.558805147, 0, 0, 0, 0, 0, 0, 0, 0, 0, 0, 0;Europe/Paris;45,5
2023-06-15T16:00:00Z;-1;9000003703;hourly;0,5891666667;3,4747239119;79,3407880830;18,4832233493;7,0204160247;0,0000000000;3,4747239119;23,6396588924;55,7011291905;5,0544291175;13,4287942318;1,7045454545;5,3158705701;1;3.9524292328, 0, 25.2434268184, 46.9983660902, 19.6811784129, 0, 2.1483848292, 1.9762146164;1.9762146164, 1.9762146164, 0, 0, 10.5778528655, 14.6655739529, 21.1934513431, 25.8049147472, 13.4828181084, 6.1983603045, 0, 0, 0, 2.1483848292, 0, 1.9762146164, 0, 0, 0, 0, 0, 0, 0, 0, 0;Europe/Paris;41,0
2023-06-15T17:00:00Z;-1;9000003703;hourly;0,6650000000;4,2565084227;72,4643803026;4,3782542113;7,6931698095;2,8782542113;1,3782542113;22,8502551075;49,6141251951;3,0000000000;1,3782542113;6,1573336320;1,5358361775;1;0, 2.0699825124, 35.1691987182, 50.1238051169, 12.6370136525, 0, 0, 0;0, 0, 0, 2.0699825124, 10.349569864, 24.8196288542, 35.1500655178, 14.9737395991, 6.2592296953, 6.3777839572, 0, 0, 0, 0, 0, 0, 0, 0, 0, 0, 0, 0, 0, 0, 0;Europe/Paris;36,5
2023-06-15T18:00:00Z;-1;9000003703;hourly;0,5983333333;3,3479185071;41,6786483460;6,8864115169;8,3068023875;1,5901060071;1,7578125000;23,3549757340;18,3236726120;5,2010182584;1,6853932584;5,0313031220;3,2754992655;1;0, 11.7833456993, 23.9146886673, 56.4430273149, 3.8151573292, 4.0437809893, 0, 0;0, 0, 0, 11.7833456993, 0, 23.9146886673, 32.7569623078, 23.6860650071, 3.8151573292, 0, 4.0437809893, 0, 0, 0, 0, 0, 0, 0, 0, 0, 0, 0, 0, 0, 0;Europe/Paris;36,0
2023-06-15T19:00:00Z;-1;9000003703;hourly;0,6519444444;1,4586709887;33,6710491289;9,0911159140;0,0000000000;0,0000000000;1,4586709887;21,4252980618;12,2457510671;4,5302013423;4,5609145717;0,0000000000;0,0000000000;1;0, 4.3321221833, 40.8535478907, 41.2366308038, 4.9134547557, 0, 0, 8.6642443665;0, 0, 0, 4.3321221833, 4.4847640723, 36.3687838184, 22.5472272668, 18.6894035371, 4.9134547557, 0, 0, 0, 0, 0, 0, 0, 0, 0, 8.6642443665, 0, 0, 0, 0, 0, 0;Europe/Paris;37,0
2023-06-15T20:00:00Z;-1;9000003703;hourly;0,0000000000;0,0000000000;0,0000000000;0,0000000000;0,0000000000;0,0000000000;0,0000000000;0,0000000000;0,0000000000;0,0000000000;0,0000000000;0,0000000000;0,0000000000;1;0, 0, 0, 0, 0, 0, 0, 0;0, 0, 0, 0, 0, 0, 0, 0, 0, 0, 0, 0, 0, 0, 0, 0, 0, 0, 0, 0, 0, 0, 0, 0, 0;Europe/Paris;NA
2023-06-16T02:00:00Z;-1;9000003703;hourly;0,0000000000;0,0000000000;0,0000000000;0,0000000000;0,0000000000;0,0000000000;0,0000000000;0,0000000000;0,0000000000;0,0000000000;0,0000000000;0,0000000000;0,0000000000;1;0, 0, 0, 0, 0, 0, 0, 0;0, 0, 0, 0, 0, 0, 0, 0, 0, 0, 0, 0, 0, 0, 0, 0, 0, 0, 0, 0, 0, 0, 0, 0, 0;Europe/Paris;NA
2023-06-16T03:00:00Z;-1;9000003703;hourly;0,0000000000;0,0000000000;0,0000000000;0,0000000000;0,0000000000;0,0000000000;0,0000000000;0,0000000000;0,0000000000;0,0000000000;0,0000000000;0,0000000000;0,0000000000;1;0, 0, 0, 0, 0, 0, 0, 0;0, 0, 0, 0, 0, 0, 0, 0, 0, 0, 0, 0, 0, 0, 0, 0, 0, 0, 0, 0, 0, 0, 0, 0, 0;Europe/Paris;NA
2023-06-16T04:00:00Z;-1;9000003703;hourly;0,4569444444;6,9701536178;6,9701536178;5,2023121387;1,7509727626;5,2191808551;1,7509727626;3,4682080925;3,5019455253;3,4682080925;1,7341040462;1,7509727626;0,0000000000;1;0, 0, 24.8789932236, 50, 25.1210067764, 0, 0, 0;0, 0, 0, 0, 0, 24.8789932236, 50, 0, 25.1210067764, 0, 0, 0, 0, 0, 0, 0, 0, 0, 0, 0, 0, 0, 0, 0, 0;Europe/Paris;39,5
2023-06-16T05:00:00Z;-1;9000003703;hourly;0,6166666667;14,4710733981;50,5510684923;5,0140590901;5,2469783448;9,9153899744;4,5556834237;38,1762683861;12,3748001062;5,0140590901;0,0000000000;5,2469783448;0,0000000000;1;0, 0, 35.3201193134, 54.9840799242, 9.6958007624, 0, 0, 0;0, 0, 0, 0, 7.3721647943, 27.9479545191, 36.7369976598, 18.2470822644, 3.0073949288, 6.6884058336, 0, 0, 0, 0, 0, 0, 0, 0, 0, 0, 0, 0, 0, 0, 0;Europe/Paris;36,0
2023-06-16T06:00:00Z;-1;9000003703;hourly;0,6336111111;26,7432715971;139,5565438828;47,1197322268;12,8049407399;11,1340539075;15,6092176896;91,9122272223;47,6443166605;40,9430539910;6,1766782358;6,3917313141;6,4132094258;1;0, 8.9751816561, 29.7631121261, 52.1773646066, 7.9781668403, 0, 1.1061747709, 0;0, 0, 5.6862045827, 3.2889770734, 8.8826452348, 20.8804668913, 40.5057895392, 11.6715750674, 5.7504270408, 2.2277397995, 0, 0, 0, 1.1061747709, 0, 0, 0, 0, 0, 0, 0, 0, 0, 0, 0;Europe/Paris;35,0
2023-06-16T07:00:00Z;-1;9000003703;hourly;0,6322222222;12,4037897506;50,9332875346;19,2647488920;6,4661018044;4,5860959525;7,8176937981;30,1804840146;20,7528035200;19,2647488920;0,0000000000;4,8473967684;1,6187050360;1;6.3447658732, 3.1780886613, 24.8660378694, 43.9174526632, 15.6054018713, 0, 3.1723829366, 2.9158701249;6.3447658732, 0, 3.1780886613, 0, 6.3447658732, 18.5212719962, 31.4787280038, 12.4387246594, 12.4330189347, 3.1723829366, 0, 0, 0, 3.1723829366, 0, 2.9158701249, 0, 0, 0, 0, 0, 0, 0, 0, 0;Europe/Paris;40,0
2023-06-16T08:00:00Z;-1;9000003703;hourly;0,6002777778;10,4220667580;53,5927178281;3,2862677744;1,7045454545;3,4090909091;7,0129758489;31,4091917771;22,1835260510;3,2862677744;0,0000000000;1,7045454545;0,0000000000;1;0, 0, 44.4576260142, 43.5076933883, 6.1319296867, 5.9027509108, 0, 0;0, 0, 0, 0, 6.9537583193, 37.5038676948, 27.8888705367, 15.6188228516, 6.1319296867, 0, 5.9027509108, 0, 0, 0, 0, 0, 0, 0, 0, 0, 0, 0, 0, 0, 0;Europe/Paris;36,5
2023-06-16T09:00:00Z;-1;9000003703;hourly;0,6191666667;7,9578927698;64,9263059867;15,9270088473;6,8368362144;4,9066693573;3,0512234125;23,7753311735;41,1509748132;4,5920038828;11,3350049645;0,0000000000;6,8368362144;1;2.2285964304, 2.6864088754, 19.9049484367, 53.3087148293, 19.2558842966, 2.6154471315, 0, 0;0, 2.2285964304, 0, 2.6864088754, 9.7590488678, 10.1458995689, 24.9203553569, 28.3883594725, 16.7849627641, 2.4709215325, 2.6154471315, 0, 0, 0, 0, 0, 0, 0, 0, 0, 0, 0, 0, 0, 0;Europe/Paris;39,5
2023-06-16T10:00:00Z;-1;9000003703;hourly;0,6044444444;6,6561853043;105,3593556348;20,9801832866;1,6245487365;3,2529804413;3,4032048629;20,6941420042;84,6652136306;8,2772258432;12,7029574434;0,0000000000;1,6245487365;1;9.4047566208, 0, 33.2365028285, 41.9359333068, 9.3944116796, 1.5419121792, 3.0838243584, 1.4026590267;9.4047566208, 0, 0, 0, 7.5703077435, 25.666195085, 20.3417918941, 21.5941414126, 4.6257365376, 4.768675142, 0, 1.5419121792, 3.0838243584, 0, 0, 0, 1.4026590267, 0, 0, 0, 0, 0, 0, 0, 0;Europe/Paris;38,0
2023-06-16T11:00:00Z;-1;9000003703;hourly;0,5852777778;6,7289954721;65,3449718388;19,0420488447;5,5667934625;5,0436022137;1,6853932584;30,0723662282;35,2726056107;5,0797329942;13,9623158506;1,9438444924;3,6229489701;1;4.9787113189, 7.3685745725, 42.8207862687, 32.0794998121, 10.3529408036, 0, 0, 2.3994872241;4.9787113189, 0, 7.3685745725, 0, 21.8107232853, 21.0100629834, 16.6522750957, 15.4272247165, 10.3529408036, 0, 0, 0, 0, 0, 2.3994872241, 0, 0, 0, 0, 0, 0, 0, 0, 0, 0;Europe/Paris;37,0
2023-06-16T12:00:00Z;-1;9000003703;hourly;0,6180555556;16,2828279778;57,9382074921;12,8604645240;3,1526060071;13,1302219707;3,1526060071;35,5302702033;22,4079372888;11,2703585170;1,5901060071;0,0000000000;3,1526060071;1;2.7444860238, 8.6173748309, 47.0873792599, 35.9174767849, 0, 2.696838697, 2.9364444035, 0;2.7444860238, 0, 2.7444860238, 5.8728888071, 13.9379885466, 33.1493907133, 22.038935589, 13.8785411959, 0, 0, 2.696838697, 0, 0, 2.9364444035, 0, 0, 0, 0, 0, 0, 0, 0, 0, 0, 0;Europe/Paris;34,0
2023-06-16T13:00:00Z;-1;9000003703;hourly;0,5955555556;15,1992975789;49,2968444394;13,1670206878;0,0000000000;7,0420720077;8,1572255711;26,2898281604;23,0070162790;8,1036575083;5,0633631795;0,0000000000;0,0000000000;1;6.531930826, 6.6343688555, 23.5012910845, 53.4258487114, 9.9065605226, 0, 0, 0;6.531930826, 0, 0, 6.6343688555, 3.3746296966, 20.1266613879, 40.2533227758, 13.1725259356, 9.9065605226, 0, 0, 0, 0, 0, 0, 0, 0, 0, 0, 0, 0, 0, 0, 0, 0;Europe/Paris;35,5
2023-06-16T14:00:00Z;-1;9000003703;hourly;0,5958333333;22,4960360872;144,6391716440;48,3225698768;17,8381711306;10,4792516379;12,0167844493;80,2398965052;64,3992751388;37,1286841165;11,1938857603;6,4210968284;11,4170743022;1;7.9288239783, 11.482458261, 46.2779131866, 23.9897238983, 4.8145490224, 2.2026126614, 1.1013063307, 2.2026126614;2.3922566976, 5.5365672807, 4.7845133952, 6.6979448658, 25.3872088467, 20.8907043398, 15.4236385866, 8.5660853118, 3.5235986555, 1.2909503669, 1.1013063307, 1.1013063307, 0, 1.1013063307, 0, 0, 1.1013063307, 0, 0, 0, 0, 0, 0, 0, 1.1013063307;Europe/Paris;35,0
2023-06-16T15:00:00Z;-1;9000003703;hourly;0,6358333333;35,2575612254;220,4683814714;46,5134276095;15,7043009632;20,7959889101;14,4615723153;86,6931418469;133,7752396244;35,5999797801;10,9134478293;11,0765081489;4,6277928143;1;4.9987071423, 9.9882970949, 41.2020154848, 35.3862752367, 8.4247050414, 0, 0, 0;2.1335634258, 2.8651437164, 5.1227868188, 4.8655102761, 14.7472977723, 26.4547177125, 23.8170326695, 11.5692425671, 7.0368196027, 1.3878854387, 0, 0, 0, 0, 0, 0, 0, 0, 0, 0, 0, 0, 0, 0, 0;Europe/Paris;34,5
2023-06-16T16:00:00Z;-1;9000003703;hourly;0,6608333333;10,6422892837;120,1176247399;36,2097588070;15,1599752572;4,5996592845;6,0426299992;56,4344330596;63,6831916803;7,5577815143;28,6519772926;9,0910012758;6,0689739813;1;6.302949731, 10.0761533422, 35.4439237483, 44.3517534914, 2.5378218086, 1.2873978785, 0, 0;3.754162012, 2.548787719, 3.7992116492, 6.276941693, 15.2067032569, 20.2372204914, 29.1000005973, 15.251752894, 2.5378218086, 0, 0, 1.2873978785, 0, 0, 0, 0, 0, 0, 0, 0, 0, 0, 0, 0, 0;Europe/Paris;34,0
2023-06-16T17:00:00Z;-1;9000003703;hourly;0,6325000000;6,6914498141;80,9397017301;19,1134494309;14,1082623455;5,0185873606;1,6728624535;41,4461530679;39,4935486622;19,1134494309;0,0000000000;14,1082623455;0,0000000000;1;1.9171359725, 8.1175385603, 50.880527127, 35.230590839, 1.9271037506, 1.9271037506, 0, 0;1.9171359725, 0, 6.2004025878, 1.9171359725, 17.4239954666, 33.4565316604, 23.441621416, 11.7889694231, 1.9271037506, 0, 0, 1.9271037506, 0, 0, 0, 0, 0, 0, 0, 0, 0, 0, 0, 0, 0;Europe/Paris;33,0
2023-06-16T18:00:00Z;-1;9000003703;hourly;0,6347222222;0,0000000000;56,4355357305;42,6229831707;11,0664963117;0,0000000000;0,0000000000;34,6923355133;21,7432002173;30,0697338785;12,5532492922;11,0664963117;0,0000000000;1;2.5888634566, 10.657932718, 47.5296204294, 36.6347199395, 2.5888634566, 0, 0, 0;2.5888634566, 0, 2.7401029025, 7.9178298156, 16.8635907095, 30.6660297199, 28.2230069852, 8.4117129543, 2.5888634566, 0, 0, 0, 0, 0, 0, 0, 0, 0, 0, 0, 0, 0, 0, 0, 0;Europe/Paris;32,0
2023-06-16T19:00:00Z;-1;9000003703;hourly;0,6122222222;0,0000000000;43,3181088211;27,7144384877;24,1894258163;0,0000000000;0,0000000000;16,6208807345;26,6972280866;12,9164309435;14,7980075442;14,3512189943;9,8382068221;1;3.8907360092, 0, 51.1331564018, 22.7135103513, 14.707570172, 3.6642910563, 0, 3.8907360092;3.8907360092, 0, 0, 0, 32.0374847445, 19.0956716573, 15.1584832857, 7.5550270656, 11.0432791157, 3.6642910563, 3.6642910563, 0, 0, 0, 0, 0, 0, 3.8907360092, 0, 0, 0, 0, 0, 0, 0;Europe/Paris;41,0
2023-06-16T20:00:00Z;-1;9000003703;hourly;0,1338888889;0,0000000000;14,9377593361;52,2821576763;29,8755186722;0,0000000000;0,0000000000;7,4688796680;7,4688796680;29,8755186722;22,4066390041;14,9377593361;14,9377593361;1;0, 0, 0, 50, 0, 0, 0, 50;0, 0, 0, 0, 0, 0, 0, 50, 0, 0, 0, 0, 0, 0, 0, 0, 0, 0, 0, 0, 0, 0, 0, 50, 0;Europe/Paris;116,0
2023-06-17T03:00:00Z;-1;9000003703;hourly;0,0250000000;0,0000000000;0,0000000000;0,0000000000;0,0000000000;0,0000000000;0,0000000000;0,0000000000;0,0000000000;0,0000000000;0,0000000000;0,0000000000;0,0000000000;1;0, 0, 0, 0, 0, 0, 0, 0;0, 0, 0, 0, 0, 0, 0, 0, 0, 0, 0, 0, 0, 0, 0, 0, 0, 0, 0, 0, 0, 0, 0, 0, 0;Europe/Paris;NA
2023-06-17T04:00:00Z;-1;9000003703;hourly;0,5552777778;1,6216216216;8,6416102683;0,0000000000;0,0000000000;1,6216216216;0,0000000000;6,5726447510;2,0689655172;0,0000000000;0,0000000000;0,0000000000;0,0000000000;1;0, 0, 18.7652714168, 38.5275591518, 0, 18.7652714168, 23.9418980146, 0;0, 0, 0, 0, 0, 18.7652714168, 19.762287735, 18.7652714168, 0, 0, 18.7652714168, 0, 23.9418980146, 0, 0, 0, 0, 0, 0, 0, 0, 0, 0, 0, 0;Europe/Paris;59,5
2023-06-17T05:00:00Z;-1;9000003703;hourly;0,5994444444;3,0874785592;6,8058451912;3,2374519623;0,0000000000;3,0874785592;0,0000000000;6,8058451912;0,0000000000;3,2374519623;0,0000000000;0,0000000000;0,0000000000;1;0, 0, 23.8699043371, 23.6987939117, 52.4313017512, 0, 0, 0;0, 0, 0, 0, 0, 23.8699043371, 23.6987939117, 0, 52.4313017512, 0, 0, 0, 0, 0, 0, 0, 0, 0, 0, 0, 0, 0, 0, 0, 0;Europe/Paris;41,0
2023-06-17T06:00:00Z;-1;9000003703;hourly;0,6163888889;0,0000000000;30,5769397008;6,3621853210;1,4925373134;0,0000000000;0,0000000000;19,6347385071;10,9422011937;0,0000000000;6,3621853210;0,0000000000;1,4925373134;1;0, 10.5710207049, 47.3919213935, 36.1502686493, 5.8867892523, 0, 0, 0;0, 0, 5.5223163718, 5.0487043331, 36.6238806881, 10.7680407054, 10.0974086661, 26.0528599832, 5.8867892523, 0, 0, 0, 0, 0, 0, 0, 0, 0, 0, 0, 0, 0, 0, 0, 0;Europe/Paris;36,0
2023-06-17T07:00:00Z;-1;9000003703;hourly;0,6147222222;5,0158903752;45,6412369820;3,2884431583;3,2477174872;0,0000000000;5,0158903752;19,8208036216;25,8204333604;1,5202702703;1,7681728880;3,2477174872;0,0000000000;1;6.6674637041, 3.784838736, 20.9046048801, 61.5273401237, 7.115752556, 0, 0, 0;3.33091382, 3.336549884, 0, 3.784838736, 13.7888523241, 7.115752556, 35.6736288341, 25.8537112897, 7.115752556, 0, 0, 0, 0, 0, 0, 0, 0, 0, 0, 0, 0, 0, 0, 0, 0;Europe/Paris;36,0
2023-06-17T08:00:00Z;-1;9000003703;hourly;0,6077777778;6,6664497437;77,4714134973;22,5851285205;7,6274728337;1,5463917526;5,1200579911;37,9172759706;39,5541375267;3,0666620228;19,5184664977;1,5463917526;6,0810810811;1;13.9952549534, 8.1081662778, 33.9474927577, 40.0243602274, 3.9247257837, 0, 0, 0;13.9952549534, 0, 1.9960804673, 6.1120858105, 14.0289725289, 19.9185202288, 29.2993906741, 10.7249695533, 3.9247257837, 0, 0, 0, 0, 0, 0, 0, 0, 0, 0, 0, 0, 0, 0, 0, 0;Europe/Paris;32,5
2023-06-17T09:00:00Z;-1;9000003703;hourly;0,5952777778;8,2265093357;77,8879777532;4,9268790811;5,3269184175;1,7341040462;6,4924052894;36,2846191583;41,6033585950;4,9268790811;0,0000000000;5,3269184175;0,0000000000;1;9.0772319806, 6.8508241366, 21.6375601137, 51.5187808243, 9.0428222786, 1.8727806662, 0, 0;9.0772319806, 0, 2.2836080455, 4.5672160911, 8.2783677214, 13.3591923923, 36.5039893693, 15.014791455, 9.0428222786, 0, 1.8727806662, 0, 0, 0, 0, 0, 0, 0, 0, 0, 0, 0, 0, 0, 0;Europe/Paris;36,0
2023-06-17T10:00:00Z;-1;9000003703;hourly;0,6511111111;0,0000000000;86,6664737853;7,7204700663;4,7680223168;0,0000000000;0,0000000000;52,8263306126;33,8401431727;4,6695875511;3,0508825152;3,2374100719;1,5306122449;1;3.6219026449, 3.5083238163, 24.8979617103, 53.9156919045, 12.3481201714, 0, 0, 1.7079997527;3.6219026449, 0, 3.5083238163, 0, 3.6219026449, 21.2760590654, 30.4430886908, 23.4726032137, 8.8159302067, 3.5321899647, 0, 0, 0, 0, 0, 0, 0, 1.7079997527, 0, 0, 0, 0, 0, 0, 0;Europe/Paris;37,5
2023-06-17T11:00:00Z;-1;9000003703;hourly;0,5780555556;1,7142857143;67,0216558069;0,0000000000;0,0000000000;0,0000000000;1,7142857143;24,0941077956;42,9275480113;0,0000000000;0,0000000000;0,0000000000;0,0000000000;1;2.7405092753, 2.5973879012, 36.1011312256, 43.4786861251, 15.0822854727, 0, 0, 0;0, 2.7405092753, 0, 2.5973879012, 10.4139352463, 25.6871959793, 25.7990127512, 17.6796733739, 12.5244768157, 2.557808657, 0, 0, 0, 0, 0, 0, 0, 0, 0, 0, 0, 0, 0, 0, 0;Europe/Paris;37,5
2023-06-17T12:00:00Z;-1;9000003703;hourly;0,6541666667;4,6277555932;47,4679824738;10,5348140410;4,5606843700;0,0000000000;4,6277555932;27,6971358167;19,7708466571;4,6277555932;5,9070584478;2,9032258065;1,6574585635;1;0, 6.7272603018, 51.692478611, 35.3934352205, 3.1287373877, 0, 0, 3.058088479;0, 0, 0, 6.7272603018, 25.1383009135, 26.5541776976, 16.0789574934, 19.3144777271, 3.1287373877, 0, 0, 0, 0, 0, 0, 3.058088479, 0, 0, 0, 0, 0, 0, 0, 0, 0;Europe/Paris;35,0
2023-06-17T13:00:00Z;-1;9000003703;hourly;0,6027777778;10,1031130226;40,0379145429;6,5407996259;1,6245487365;6,8302126378;3,2729003848;18,1056393387;21,9322752042;4,8924479776;1,6483516484;1,6245487365;0,0000000000;1;12.6169321479, 3.9855839123, 25.1619223478, 54.2499776797, 0, 3.9855839123, 0, 0;12.6169321479, 0, 0, 3.9855839123, 8.2339535771, 16.9279687707, 46.0754750309, 8.1745026487, 0, 0, 3.9855839123, 0, 0, 0, 0, 0, 0, 0, 0, 0, 0, 0, 0, 0, 0;Europe/Paris;32,0
2023-06-17T14:00:00Z;-1;9000003703;hourly;0,5936111111;4,8069377254;62,5795730116;5,4422340413;1,6483516484;3,0456852792;1,7612524462;23,9079476278;38,6716253837;1,7612524462;3,6809815951;1,6483516484;0,0000000000;1;2.4334500322, 8.209059038, 32.2682028887, 54.2748673581, 2.814420683, 0, 0, 0;2.4334500322, 0, 5.5750499372, 2.6340091008, 10.7489817373, 21.5192211514, 40.4571144404, 13.8177529177, 2.814420683, 0, 0, 0, 0, 0, 0, 0, 0, 0, 0, 0, 0, 0, 0, 0, 0;Europe/Paris;33,0
2023-06-17T15:00:00Z;-1;9000003703;hourly;0,6327777778;4,8821940166;73,5960244135;4,6075085324;7,9538663715;1,7892644135;3,0929296031;26,0117112341;47,5843131794;3,0716723549;1,5358361775;1,5358361775;6,4180301941;1;4.546927454, 6.9781245571, 44.0369097316, 37.4599137002, 6.9781245571, 0, 0, 0;2.1157303509, 2.4311971031, 6.9781245571, 0, 15.9577092498, 28.0792004818, 26.8521030057, 10.6078106946, 6.9781245571, 0, 0, 0, 0, 0, 0, 0, 0, 0, 0, 0, 0, 0, 0, 0, 0;Europe/Paris;33,5
2023-06-17T16:00:00Z;-1;9000003703;hourly;0,5844444444;6,8814553183;101,4495682287;13,8188940065;3,4715816099;5,1406429392;1,7408123791;63,9308280946;37,5187401341;10,3372692483;3,4816247582;3,4715816099;0,0000000000;1;20.4455980363, 22.1205098215, 38.9631223843, 15.1605447723, 3.3102249855, 0, 0, 0;13.6468839409, 6.7987140954, 13.6115422661, 8.5089675554, 13.6978104791, 25.2653119052, 10.1442807558, 5.0162640165, 1.6551124928, 1.6551124928, 0, 0, 0, 0, 0, 0, 0, 0, 0, 0, 0, 0, 0, 0, 0;Europe/Paris;29,0
2023-06-17T17:00:00Z;-1;9000003703;hourly;0,6416666667;15,6416085983;226,4780347828;32,8510787828;9,3954791185;12,6762049739;2,9654036244;182,6789486896;43,7990860931;20,2850923506;12,5659864321;9,3954791185;0,0000000000;1;5.7105463402, 23.95140414, 59.3804082381, 9.5230220366, 0.7173096226, 0.7173096226, 0, 0;5.7105463402, 0, 8.2444974999, 15.7069066401, 34.1777704791, 25.202637759, 9.5230220366, 0, 0.7173096226, 0, 0.7173096226, 0, 0, 0, 0, 0, 0, 0, 0, 0, 0, 0, 0, 0, 0;Europe/Paris;26,5
2023-06-17T18:00:00Z;-1;9000003703;hourly;0,6327777778;6,3320225135;92,2501577451;35,1107791489;7,8332412710;4,6371072593;1,6949152542;62,0788378048;30,1713199403;22,3380786692;12,7727004796;4,7457627119;3,0874785592;1;1.6734272519, 24.0430758756, 46.6631033531, 25.9207278612, 1.6996656582, 0, 0, 0;1.6734272519, 0, 1.6996656582, 22.3434102174, 25.7625957555, 20.9005075976, 18.7091521022, 7.211575759, 1.6996656582, 0, 0, 0, 0, 0, 0, 0, 0, 0, 0, 0, 0, 0, 0, 0, 0;Europe/Paris;31,0
2023-06-17T19:00:00Z;-1;9000003703;hourly;0,4569444444;0,0000000000;63,0391683358;21,9585244772;5,4078336672;0,0000000000;0,0000000000;53,2130569885;9,8261113473;6,7245794627;15,2339450144;0,0000000000;5,4078336672;1;6.0694191378, 27.0955258042, 44.5613237186, 19.554333607, 2.7193977325, 0, 0, 0;0, 6.0694191378, 13.0782008156, 14.0173249886, 21.0261066664, 23.5352170522, 7.5273311575, 12.0270024495, 2.7193977325, 0, 0, 0, 0, 0, 0, 0, 0, 0, 0, 0, 0, 0, 0, 0, 0;Europe/Paris;32,5
2023-06-17T20:00:00Z;-1;9000003703;hourly;0,1500000000;0,0000000000;49,1228070175;14,0350877193;0,0000000000;0,0000000000;0,0000000000;42,1052631579;7,0175438596;0,0000000000;14,0350877193;0,0000000000;0,0000000000;1;0, 21.4285714286, 35.7142857143, 28.5714285714, 0, 0, 0, 14.2857142857;0, 0, 0, 21.4285714286, 21.4285714286, 14.2857142857, 14.2857142857, 14.2857142857, 0, 0, 0, 0, 0, 0, 0, 0, 0, 0, 0, 14.2857142857, 0, 0, 0, 0, 0;Europe/Paris;37,0
2023-06-18T02:00:00Z;-1;9000003703;hourly;0,0000000000;0,0000000000;0,0000000000;0,0000000000;0,0000000000;0,0000000000;0,0000000000;0,0000000000;0,0000000000;0,0000000000;0,0000000000;0,0000000000;0,0000000000;1;0, 0, 0, 0, 0, 0, 0, 0;0, 0, 0, 0, 0, 0, 0, 0, 0, 0, 0, 0, 0, 0, 0, 0, 0, 0, 0, 0, 0, 0, 0, 0, 0;Europe/Paris;NA
2023-06-18T03:00:00Z;-1;9000003703;hourly;0,0000000000;0,0000000000;0,0000000000;0,0000000000;0,0000000000;0,0000000000;0,0000000000;0,0000000000;0,0000000000;0,0000000000;0,0000000000;0,0000000000;0,0000000000;1;0, 0, 0, 0, 0, 0, 0, 0;0, 0, 0, 0, 0, 0, 0, 0, 0, 0, 0, 0, 0, 0, 0, 0, 0, 0, 0, 0, 0, 0, 0, 0, 0;Europe/Paris;NA
2023-06-18T04:00:00Z;-1;9000003703;hourly;0,5208333333;1,5625000000;5,2730696798;0,0000000000;1,5625000000;1,5625000000;0,0000000000;5,2730696798;0,0000000000;0,0000000000;0,0000000000;1,5625000000;0,0000000000;1;0, 0, 100, 0, 0, 0, 0, 0;0, 0, 0, 0, 0, 100, 0, 0, 0, 0, 0, 0, 0, 0, 0, 0, 0, 0, 0, 0, 0, 0, 0, 0, 0;Europe/Paris;26,5
2023-06-18T05:00:00Z;-1;9000003703;hourly;0,6150000000;0,0000000000;8,3322413546;1,5570934256;0,0000000000;0,0000000000;0,0000000000;1,6666666667;6,6655746879;1,5570934256;0,0000000000;0,0000000000;0,0000000000;1;0, 0, 41.3071879364, 38.6901909712, 20.0026210924, 0, 0, 0;0, 0, 0, 0, 0, 41.3071879364, 20.0026210924, 18.6875698787, 0, 20.0026210924, 0, 0, 0, 0, 0, 0, 0, 0, 0, 0, 0, 0, 0, 0, 0;Europe/Paris;44,0
2023-06-18T06:00:00Z;-1;9000003703;hourly;0,6177777778;0,0000000000;23,1205563632;4,7681049293;3,3100303951;0,0000000000;0,0000000000;16,7681049293;6,3524514339;1,5652173913;3,2028875380;0,0000000000;3,3100303951;1;14.8291043464, 14.3163959515, 21.0862044575, 27.5246387249, 14.8291043464, 7.4145521732, 0, 0;7.4145521732, 7.4145521732, 14.3163959515, 0, 0, 21.0862044575, 13.6716522843, 13.8529864407, 0, 14.8291043464, 0, 7.4145521732, 0, 0, 0, 0, 0, 0, 0, 0, 0, 0, 0, 0, 0;Europe/Paris;45,0
2023-06-18T07:00:00Z;-1;9000003703;hourly;0,6369444444;0,0000000000;23,5303651976;9,3274265002;4,7395769493;0,0000000000;0,0000000000;12,5666324579;10,9637327398;6,2182843335;3,1091421667;1,5384615385;3,2011154109;1;6.9290670541, 0, 33.0096931728, 53.1321727191, 6.9290670541, 0, 0, 0;6.9290670541, 0, 0, 0, 19.7739448888, 13.235748284, 33.1042829644, 20.0278897547, 6.9290670541, 0, 0, 0, 0, 0, 0, 0, 0, 0, 0, 0, 0, 0, 0, 0, 0;Europe/Paris;35,5
2023-06-18T08:00:00Z;-1;9000003703;hourly;0,6150000000;3,3321927183;34,6080216162;6,6558823031;0,0000000000;3,3321927183;0,0000000000;21,5719547636;13,0360668526;5,0629619491;1,5929203540;0,0000000000;0,0000000000;1;4.586513511, 0, 52.3709167873, 33.4387569742, 9.6038127276, 0, 0, 0;4.586513511, 0, 0, 0, 18.8830201445, 33.4878966427, 28.8360080171, 4.602748957, 9.6038127276, 0, 0, 0, 0, 0, 0, 0, 0, 0, 0, 0, 0, 0, 0, 0, 0;Europe/Paris;32,5
2023-06-18T09:00:00Z;-1;9000003703;hourly;0,5955555556;0,0000000000;61,5995289955;3,3850671141;8,7908408766;0,0000000000;0,0000000000;27,6626857450;33,9368432505;1,8750000000;1,5100671141;3,5447588126;5,2460820640;1;2.7619095132, 11.509045184, 46.0409154753, 34.192848988, 5.4952808395, 0, 0, 0;2.7619095132, 0, 2.7106681493, 8.7983770347, 18.9145657383, 27.1263497371, 10.3981336331, 23.7947153549, 5.4952808395, 0, 0, 0, 0, 0, 0, 0, 0, 0, 0, 0, 0, 0, 0, 0, 0;Europe/Paris;35,5
2023-06-18T10:00:00Z;-1;9000003703;hourly;0,6163888889;1,6100178891;38,1328013753;0,0000000000;1,8404907975;0,0000000000;1,6100178891;12,6605611037;25,4722402716;0,0000000000;0,0000000000;0,0000000000;1,8404907975;1;8.0677301882, 4.2221337825, 38.2413423196, 41.4010635215, 4.1406540078, 0, 0, 3.9270761804;8.0677301882, 0, 4.2221337825, 0, 12.9757391744, 25.2656031451, 16.8213355801, 24.5797279414, 4.1406540078, 0, 0, 0, 0, 0, 3.9270761804, 0, 0, 0, 0, 0, 0, 0, 0, 0, 0;Europe/Paris;36,0
2023-06-18T11:00:00Z;-1;9000003703;hourly;0,6186111111;0,0000000000;9,9033276997;5,0880397613;0,0000000000;0,0000000000;0,0000000000;1,6853932584;8,2179344413;3,3867165098;1,7013232514;0,0000000000;0,0000000000;1;0, 0, 0, 65.8022372626, 34.1977627374, 0, 0, 0;0, 0, 0, 0, 0, 0, 34.1977627374, 31.6044745252, 34.1977627374, 0, 0, 0, 0, 0, 0, 0, 0, 0, 0, 0, 0, 0, 0, 0, 0;Europe/Paris;40,5
2023-06-18T12:00:00Z;-1;9000003703;hourly;0,5927777778;1,9480519481;25,7226875985;0,0000000000;3,0560271647;1,9480519481;0,0000000000;15,7573258660;9,9653617326;0,0000000000;0,0000000000;0,0000000000;3,0560271647;1;7.5732830817, 7.5732830817, 7.5732830817, 38.9598483341, 38.3203024209, 0, 0, 0;0, 7.5732830817, 0, 7.5732830817, 0, 7.5732830817, 18.6634496752, 20.2963986589, 11.880668196, 26.4396342248, 0, 0, 0, 0, 0, 0, 0, 0, 0, 0, 0, 0, 0, 0, 0;Europe/Paris;44,5
2023-06-18T13:00:00Z;-1;9000003703;hourly;0,6391666667;3,2611903591;26,8704674974;1,5025041736;0,0000000000;0,0000000000;3,2611903591;9,8154570195;17,0550104780;1,5025041736;0,0000000000;0,0000000000;0,0000000000;1;5.8761440179, 5.6103887608, 30.2494942255, 58.2639729959, 0, 0, 0, 0;5.8761440179, 0, 0, 5.6103887608, 12.1367086724, 18.1127855531, 40.5168755627, 17.7470974332, 0, 0, 0, 0, 0, 0, 0, 0, 0, 0, 0, 0, 0, 0, 0, 0, 0;Europe/Paris;33,5
2023-06-18T14:00:00Z;-1;9000003703;hourly;0,5955555556;16,8305030824;23,7968969374;11,9182757347;1,7475728155;8,2107685067;8,6197345756;8,3028878674;15,4940090700;6,9924039964;4,9258717383;1,7475728155;0,0000000000;1;14.6874007996, 0, 22.0399793917, 49.0816261765, 14.1909936322, 0, 0, 0;14.6874007996, 0, 0, 0, 0, 22.0399793917, 28.324650416, 20.7569757605, 7.6250115038, 6.5659821283, 0, 0, 0, 0, 0, 0, 0, 0, 0, 0, 0, 0, 0, 0, 0;Europe/Paris;37,5
2023-06-18T15:00:00Z;-1;9000003703;hourly;0,5863888889;3,3499029690;35,6911293011;15,4038120278;3,4194973047;0,0000000000;3,3499029690;16,7558160005;18,9353133006;3,4122061084;11,9916059193;1,7341040462;1,6853932584;1;14.2444554567, 13.9129861932, 38.1077986411, 33.734759709, 0, 0, 0, 0;9.3858138833, 4.8586415734, 13.9129861932, 0, 4.8586415734, 33.2491570677, 19.6472115432, 14.0875481659, 0, 0, 0, 0, 0, 0, 0, 0, 0, 0, 0, 0, 0, 0, 0, 0, 0;Europe/Paris;32,5
2023-06-18T16:00:00Z;-1;9000003703;hourly;0,6283333333;3,1586025632;49,0903132649;0,0000000000;1,6635859519;1,6635859519;1,4950166113;20,6158227393;28,4744905256;0,0000000000;0,0000000000;1,6635859519;0,0000000000;1;6.3547472817, 6.7776546585, 22.7320263636, 57.7013031956, 6.4342685006, 0, 0, 0;3.3093061103, 3.0454411713, 0, 6.7776546585, 3.3888273293, 19.3431990344, 35.1132270194, 22.5880761762, 6.4342685006, 0, 0, 0, 0, 0, 0, 0, 0, 0, 0, 0, 0, 0, 0, 0, 0;Europe/Paris;35,5
2023-06-18T17:00:00Z;-1;9000003703;hourly;0,6411111111;0,0000000000;27,6511325177;10,9786137722;1,4062500000;0,0000000000;0,0000000000;9,2692047887;18,3819277290;3,2149207502;7,7636930220;0,0000000000;1,4062500000;1;0, 5.6214845598, 38.7295846326, 55.6489308077, 0, 0, 0, 0;0, 0, 0, 5.6214845598, 0, 38.7295846326, 22.2790024771, 33.3699283305, 0, 0, 0, 0, 0, 0, 0, 0, 0, 0, 0, 0, 0, 0, 0, 0, 0;Europe/Paris;35,5
2023-06-18T18:00:00Z;-1;9000003703;hourly;0,6419444444;1,6274864376;29,4793633140;3,1818905827;3,1954306885;0,0000000000;1,6274864376;14,2422458481;15,2371174659;1,6274864376;1,5544041451;3,1954306885;0,0000000000;1;0, 0, 15.8858043994, 68.2496991689, 15.8644964316, 0, 0, 0;0, 0, 0, 0, 5.0462531702, 10.8395512293, 41.6162051293, 26.6334940396, 15.8644964316, 0, 0, 0, 0, 0, 0, 0, 0, 0, 0, 0, 0, 0, 0, 0, 0;Europe/Paris;38,0
2023-06-18T19:00:00Z;-1;9000003703;hourly;0,6266666667;0,0000000000;9,4517964003;1,5517241379;1,6635859519;0,0000000000;0,0000000000;3,1741740622;6,2776223381;1,5517241379;0,0000000000;0,0000000000;1,6635859519;1;0, 16.332760612, 0, 66.4172404083, 17.2499989797, 0, 0, 0;0, 0, 16.332760612, 0, 0, 0, 33.667239388, 32.7500010203, 17.2499989797, 0, 0, 0, 0, 0, 0, 0, 0, 0, 0, 0, 0, 0, 0, 0, 0;Europe/Paris;38,0
2023-06-18T20:00:00Z;-1;9000003703;hourly;0,2683333333;0,0000000000;26,4650564475;2,9173419773;0,0000000000;0,0000000000;0,0000000000;18,3901213469;8,0749351005;0,0000000000;2,9173419773;0,0000000000;0,0000000000;1;11.0233733418, 11.0233733418, 0, 77.9532533165, 0, 0, 0, 0;11.0233733418, 0, 0, 11.0233733418, 0, 0, 77.9532533165, 0, 0, 0, 0, 0, 0, 0, 0, 0, 0, 0, 0, 0, 0, 0, 0, 0, 0;Europe/Paris;31,5
2023-06-19T02:00:00Z;-1;9000003703;hourly;0,0000000000;0,0000000000;0,0000000000;0,0000000000;0,0000000000;0,0000000000;0,0000000000;0,0000000000;0,0000000000;0,0000000000;0,0000000000;0,0000000000;0,0000000000;1;0, 0, 0, 0, 0, 0, 0, 0;0, 0, 0, 0, 0, 0, 0, 0, 0, 0, 0, 0, 0, 0, 0, 0, 0, 0, 0, 0, 0, 0, 0, 0, 0;Europe/Paris;NA
2023-06-19T03:00:00Z;-1;9000003703;hourly;0,0275000000;0,0000000000;0,0000000000;0,0000000000;0,0000000000;0,0000000000;0,0000000000;0,0000000000;0,0000000000;0,0000000000;0,0000000000;0,0000000000;0,0000000000;1;0, 0, 0, 0, 0, 0, 0, 0;0, 0, 0, 0, 0, 0, 0, 0, 0, 0, 0, 0, 0, 0, 0, 0, 0, 0, 0, 0, 0, 0, 0, 0, 0;Europe/Paris;NA
2023-06-19T04:00:00Z;-1;9000003703;hourly;0,5808333333;1,5873015873;8,6841497955;9,8578220930;0,0000000000;1,5873015873;0,0000000000;5,2358739335;3,4482758621;8,3087687367;1,5490533563;0,0000000000;0,0000000000;1;0, 0, 42.4545944507, 57.5454055493, 0, 0, 0, 0;0, 0, 0, 0, 0, 42.4545944507, 57.5454055493, 0, 0, 0, 0, 0, 0, 0, 0, 0, 0, 0, 0, 0, 0, 0, 0, 0, 0;Europe/Paris;31,0
2023-06-19T05:00:00Z;-1;9000003703;hourly;0,6375000000;9,3829156397;35,6360819730;11,0917031892;3,1609620722;7,8176982484;1,5652173913;26,3792814939;9,2568004791;6,3349964362;4,7567067530;1,5652173913;1,5957446809;1;4.3922263746, 4.3922263746, 43.947705066, 38.629276095, 4.4778903642, 0, 0, 4.1606757256;4.3922263746, 0, 0, 4.3922263746, 8.5529021002, 35.3948029658, 16.9599175409, 21.6693585542, 4.4778903642, 0, 0, 0, 0, 0, 4.1606757256, 0, 0, 0, 0, 0, 0, 0, 0, 0, 0;Europe/Paris;36,0
2023-06-19T06:00:00Z;-1;9000003703;hourly;0,5963888889;27,1369166206;178,1922654957;22,1990950783;12,1480273218;11,7843589214;15,3525576992;106,2993054187;71,8929600770;20,6005160375;1,5985790409;6,8539096748;5,2941176471;1;1.8656802532, 17.0729225721, 38.5826281198, 36.8381944045, 3.6598984662, 1.9806761842, 0, 0;0.8753421611, 0.9903380921, 1.8656802532, 15.2072423189, 19.3974951533, 19.1851329665, 26.1496544337, 10.6885399708, 1.794218213, 1.8656802532, 0.9903380921, 0.9903380921, 0, 0, 0, 0, 0, 0, 0, 0, 0, 0, 0, 0, 0;Europe/Paris;33,0
2023-06-19T07:00:00Z;-1;9000003703;hourly;0,6436111111;11,9832694046;46,8110520690;5,9807715096;2,9801324503;7,4175922347;4,5656771700;17,1569959856;29,6540560834;4,4907052844;1,4900662252;2,9801324503;0,0000000000;1;6.0459839165, 6.0459839165, 19.3466757402, 51.6669769668, 9.7534171273, 0, 0, 7.1409623328;3.0229919583, 3.0229919583, 0, 6.0459839165, 13.1405333093, 6.2061424309, 37.749176525, 13.9178004417, 6.5702666547, 3.1831504726, 0, 0, 0, 0, 0, 7.1409623328, 0, 0, 0, 0, 0, 0, 0, 0, 0;Europe/Paris;39,0
2023-06-19T08:00:00Z;-1;9000003703;hourly;0,5977777778;8,2568943135;26,0161898126;6,5837293822;1,7612524462;3,5942463362;4,6626479773;16,5301346981;9,4860551145;0,0000000000;6,5837293822;0,0000000000;1,7612524462;1;12.9253205714, 12.9288960419, 44.7292497605, 29.4165336263, 0, 0, 0, 0;12.9253205714, 0, 7.0455893166, 5.8833067253, 12.6531391214, 32.0761106391, 11.7666134505, 17.6499201758, 0, 0, 0, 0, 0, 0, 0, 0, 0, 0, 0, 0, 0, 0, 0, 0, 0;Europe/Paris;33,5
2023-06-19T09:00:00Z;-1;9000003703;hourly;0,6302777778;15,7434123924;48,9632912058;6,4674864844;1,6304347826;7,8174535502;7,9259588422;33,3317025460;15,6315886598;4,8913043478;1,5761821366;0,0000000000;1,6304347826;1;16.0647292214, 9.9897376736, 38.3633380649, 35.5821950401, 0, 0, 0, 0;16.0647292214, 0, 3.3299125579, 6.6598251157, 6.5490224212, 31.8143156437, 12.857640703, 22.7245543371, 0, 0, 0, 0, 0, 0, 0, 0, 0, 0, 0, 0, 0, 0, 0, 0, 0;Europe/Paris;34,0
2023-06-19T10:00:00Z;-1;9000003703;hourly;0,6527777778;15,3362641167;46,7064942673;4,7952047952;2,9320922361;4,5055188095;10,8307453072;9,3007236047;37,4057706626;1,5734265734;3,2217782218;2,9320922361;0,0000000000;1;13.4285476926, 3.3222877509, 30.3862655235, 40.0541568828, 9.2795720118, 3.5291701383, 0, 0;10.0597943787, 3.3687533139, 0, 3.3222877509, 16.8437665694, 13.5424989541, 23.3493661923, 16.7047906905, 9.2795720118, 0, 3.5291701383, 0, 0, 0, 0, 0, 0, 0, 0, 0, 0, 0, 0, 0, 0;Europe/Paris;37,0
2023-06-19T11:00:00Z;-1;9000003703;hourly;0,6372222222;10,8412551176;68,6777076132;3,1007958977;1,5544041451;4,6632124352;6,1780426823;35,9072283483;32,7704792650;3,1007958977;0,0000000000;0,0000000000;1,5544041451;1;13.8656710257, 4.5033295557, 29.6054124757, 31.6965866944, 18.111624782, 2.2173754665, 0, 0;11.4478317255, 2.4178393002, 2.2516647779, 2.2516647779, 9.0299924253, 20.5754200504, 13.6768738489, 18.0197128455, 8.9497471457, 9.1618776363, 2.2173754665, 0, 0, 0, 0, 0, 0, 0, 0, 0, 0, 0, 0, 0, 0;Europe/Paris;40,5
2023-06-19T12:00:00Z;-1;9000003703;hourly;0,6005555556;10,0919325536;36,0947563387;9,9057144283;1,6791044776;1,6791044776;8,4128280760;8,1782672114;27,9164891273;1,7274472169;8,1782672114;1,6791044776;0,0000000000;1;13.869816254, 17.8719034254, 31.6876992792, 27.4976588481, 9.0729221933, 0, 0, 0;4.6089408011, 9.2608754529, 0, 17.8719034254, 18.059856685, 13.6278425942, 18.059856685, 9.4378021631, 4.6519346518, 4.4209875414, 0, 0, 0, 0, 0, 0, 0, 0, 0, 0, 0, 0, 0, 0, 0;Europe/Paris;34,5
2023-06-19T13:00:00Z;-1;9000003703;hourly;0,5944444444;11,8607549931;35,6013769931;14,9620587879;0,0000000000;6,7918082453;5,0689467477;18,0649647135;17,5364122797;9,8125863089;5,1494724789;0,0000000000;0,0000000000;1;8.6575072122, 0, 33.026568013, 52.7353682495, 5.5805565253, 0, 0, 0;0, 8.6575072122, 0, 0, 13.7811892934, 19.2453787197, 34.62542535, 18.1099428995, 5.5805565253, 0, 0, 0, 0, 0, 0, 0, 0, 0, 0, 0, 0, 0, 0, 0, 0;Europe/Paris;35,0
2023-06-19T14:00:00Z;-1;9000003703;hourly;0,5586111111;15,7466702074;69,3438822406;38,9738432193;10,3424808706;5,3701051800;10,3765650274;14,1655328187;55,1783494219;1,9480519481;37,0257912712;0,0000000000;10,3424808706;1;9.5608062888, 22.2164919232, 42.6725383052, 17.9604974516, 7.5896660312, 0, 0, 0;9.5608062888, 0, 10.2654840622, 11.951007861, 17.541436137, 25.1311021682, 10.0571174641, 7.9033799875, 2.3902015722, 5.199464459, 0, 0, 0, 0, 0, 0, 0, 0, 0, 0, 0, 0, 0, 0, 0;Europe/Paris;33,0
2023-06-19T15:00:00Z;-1;9000003703;hourly;0,5986111111;8,5640052201;82,7898860070;47,6389205085;1,5761821366;6,9878230835;1,5761821366;28,3504244845;54,4394615225;26,0829584736;21,5559620349;1,5761821366;0,0000000000;1;12.3623275673, 8.0849979506, 28.2936684961, 39.2470122153, 7.7321146001, 2.1399395853, 0, 2.1399395853;10.2223879819, 2.1399395853, 2.0206120992, 6.0643858515, 14.2636121802, 14.0300563159, 19.858336749, 19.3886754663, 5.7115025009, 2.0206120992, 2.1399395853, 0, 0, 0, 2.1399395853, 0, 0, 0, 0, 0, 0, 0, 0, 0, 0;Europe/Paris;36,5
2023-06-19T16:00:00Z;-1;9000003703;hourly;0,6169444444;11,3043847016;98,6095892074;33,7562464998;9,3734752856;4,8063276891;6,4980570125;28,6734211593;69,9361680481;4,9632352941;28,7930112057;4,4925124792;4,8809628064;1;8.3052636175, 5.0332176962, 32.7892831896, 44.2453164434, 9.6269190534, 0, 0, 0;6.6275243854, 1.6777392321, 1.6777392321, 3.3554784641, 6.2335968472, 26.5556863423, 26.1161700034, 18.12914644, 6.3927168742, 3.2342021792, 0, 0, 0, 0, 0, 0, 0, 0, 0, 0, 0, 0, 0, 0, 0;Europe/Paris;36,0
2023-06-19T17:00:00Z;-1;9000003703;hourly;0,6108333333;4,9846924293;80,2038972410;12,8911461959;9,5209248680;3,1989781436;1,7857142857;17,9581334159;62,2457638251;6,1998916576;6,6912545383;7,8604082628;1,6605166052;1;0, 6.1202547947, 38.5131408205, 41.2653173444, 12.1256884763, 1.9755985641, 0, 0;0, 0, 3.8937865717, 2.226468223, 10.2609927446, 28.2521480759, 26.8557500885, 14.4095672559, 10.2075004687, 1.9181880075, 1.9755985641, 0, 0, 0, 0, 0, 0, 0, 0, 0, 0, 0, 0, 0, 0;Europe/Paris;37,0
2023-06-19T18:00:00Z;-1;9000003703;hourly;0,6150000000;6,3073281993;49,0442695931;11,3239316149;1,7077798861;3,2667876588;3,0405405405;19,8805506127;29,1637189803;4,9745675450;6,3493640700;1,7077798861;0,0000000000;1;0, 0, 43.332378983, 50.0857100553, 3.4821191147, 3.099791847, 0, 0;0, 0, 0, 0, 13.4734627087, 29.8589162743, 26.614178465, 23.4715315903, 0, 3.4821191147, 0, 3.099791847, 0, 0, 0, 0, 0, 0, 0, 0, 0, 0, 0, 0, 0;Europe/Paris;35,5
2023-06-19T19:00:00Z;-1;9000003703;hourly;0,6291666667;1,5050167224;33,0275543794;4,7480237154;3,1630102749;1,5050167224;0,0000000000;14,0171880780;19,0103663014;3,0434782609;1,7045454545;0,0000000000;3,1630102749;1;0, 4.556851849, 28.4084185856, 62.4778777164, 4.556851849, 0, 0, 0;0, 0, 0, 4.556851849, 9.2149670724, 19.1934515133, 43.2844262032, 19.1934515133, 4.556851849, 0, 0, 0, 0, 0, 0, 0, 0, 0, 0, 0, 0, 0, 0, 0, 0;Europe/Paris;35,0
2023-06-19T20:00:00Z;-1;9000003703;hourly;0,1369444444;0,0000000000;39,9631922369;0,0000000000;0,0000000000;0,0000000000;0,0000000000;14,8469131671;25,1162790698;0,0000000000;0,0000000000;0,0000000000;0,0000000000;1;0, 0, 41.8990203466, 58.1009796534, 0, 0, 0, 0;0, 0, 0, 0, 0, 41.8990203466, 37.15146948, 20.9495101733, 0, 0, 0, 0, 0, 0, 0, 0, 0, 0, 0, 0, 0, 0, 0, 0, 0;Europe/Paris;34,0
2023-06-20T02:00:00Z;-1;9000003703;hourly;0,0000000000;0,0000000000;0,0000000000;0,0000000000;0,0000000000;0,0000000000;0,0000000000;0,0000000000;0,0000000000;0,0000000000;0,0000000000;0,0000000000;0,0000000000;1;0, 0, 0, 0, 0, 0, 0, 0;0, 0, 0, 0, 0, 0, 0, 0, 0, 0, 0, 0, 0, 0, 0, 0, 0, 0, 0, 0, 0, 0, 0, 0, 0;Europe/Paris;NA
2023-06-20T03:00:00Z;-1;9000003703;hourly;0,0000000000;0,0000000000;0,0000000000;0,0000000000;0,0000000000;0,0000000000;0,0000000000;0,0000000000;0,0000000000;0,0000000000;0,0000000000;0,0000000000;0,0000000000;1;0, 0, 0, 0, 0, 0, 0, 0;0, 0, 0, 0, 0, 0, 0, 0, 0, 0, 0, 0, 0, 0, 0, 0, 0, 0, 0, 0, 0, 0, 0, 0, 0;Europe/Paris;NA
2023-06-20T04:00:00Z;-1;9000003703;hourly;0,3141666667;3,3457249071;14,6422526136;10,3757302177;1,6728624535;1,6728624535;1,6728624535;12,9693901601;1,6728624535;5,0185873606;5,3571428571;1,6728624535;0,0000000000;1;11.424898188, 0, 48.011774528, 29.1384290961, 0, 0, 11.424898188, 0;11.424898188, 0, 0, 0, 0, 48.011774528, 17.7135309081, 11.424898188, 0, 0, 0, 0, 0, 11.424898188, 0, 0, 0, 0, 0, 0, 0, 0, 0, 0, 0;Europe/Paris;36,0
2023-06-20T05:00:00Z;-1;9000003703;hourly;0,5730555556;9,6422646954;49,3472160425;9,9843279508;7,5767288841;6,5452766063;3,0969880892;33,1107575554;16,2364584871;7,2320343729;2,7522935780;3,1035940059;4,4731348782;1;6.2759124781, 15.3405269323, 19.6387611258, 51.7569918555, 6.9878076083, 0, 0, 0;6.2759124781, 0, 6.2759124781, 9.0646144543, 2.7887019762, 16.8500591496, 30.6944404693, 21.0625513862, 3.5005971064, 3.4872105018, 0, 0, 0, 0, 0, 0, 0, 0, 0, 0, 0, 0, 0, 0, 0;Europe/Paris;35,5
2023-06-20T06:00:00Z;-1;9000003703;hourly;0,5894444444;19,9462049565;128,1920187441;41,3579887793;13,2209259177;3,3727854253;16,5734195312;85,3818971222;42,8101216219;36,2899923279;5,0679964513;6,5694084546;6,6515174631;1;2.5576725212, 12.7790450377, 45.2402416435, 34.1795926029, 1.2741774764, 2.6950932419, 1.2741774764, 0;2.5576725212, 0, 3.8318499976, 8.9471950401, 18.1971842266, 27.043057417, 26.2820271984, 7.8975654045, 1.2741774764, 0, 2.6950932419, 0, 0, 1.2741774764, 0, 0, 0, 0, 0, 0, 0, 0, 0, 0, 0;Europe/Paris;32,0
2023-06-20T07:00:00Z;-1;9000003703;hourly;0,6708333333;4,4680657121;47,0775493245;10,2577173745;1,5025041736;2,9243264325;1,5437392796;20,5051598623;26,5723894622;8,8536612123;1,4040561622;1,5025041736;0,0000000000;1;0, 3.279141123, 40.7828189592, 40.1018120987, 12.6446764424, 3.1915513768, 0, 0;0, 0, 0, 3.279141123, 9.4531250656, 31.3296938936, 21.7512411432, 18.3505709555, 9.4531250656, 3.1915513768, 3.1915513768, 0, 0, 0, 0, 0, 0, 0, 0, 0, 0, 0, 0, 0, 0;Europe/Paris;38,0
2023-06-20T08:00:00Z;-1;9000003703;hourly;0,5866666667;11,3597415706;41,0951297314;14,6176859692;0,0000000000;1,6187050360;9,7410365347;10,9376300612;30,1574996702;5,4093283475;9,2083576217;0,0000000000;0,0000000000;1;32.7433174951, 3.6199017146, 19.5599199841, 36.8370573768, 7.2398034293, 0, 0, 0;29.1234157805, 3.6199017146, 3.6199017146, 0, 7.5588235444, 12.0010964397, 22.038430403, 14.7986269737, 7.2398034293, 0, 0, 0, 0, 0, 0, 0, 0, 0, 0, 0, 0, 0, 0, 0, 0;Europe/Paris;35,0
2023-06-20T09:00:00Z;-1;9000003703;hourly;0,5263888889;18,6748381708;54,2071913393;5,6741081779;1,9607843137;5,3834586466;13,2913795242;18,0543234219;36,1528679174;3,6741081779;2,0000000000;0,0000000000;1,9607843137;1;10.4674454399, 6.7380610336, 31.2503181722, 51.5441753544, 0, 0, 0, 0;3.6570403403, 6.8104050996, 6.7380610336, 0, 6.7380610336, 24.5122571386, 20.8625468138, 30.6816285406, 0, 0, 0, 0, 0, 0, 0, 0, 0, 0, 0, 0, 0, 0, 0, 0, 0;Europe/Paris;35,0
2023-06-20T10:00:00Z;-1;9000003703;hourly;0,5480555556;18,1687779095;45,2230149320;5,5555555556;8,8367835516;1,7110266160;16,4577512935;16,2158158097;29,0071991223;5,5555555556;0,0000000000;5,2739050838;3,5628784678;1;16.4381924136, 11.8469259755, 23.2414279777, 32.0739101882, 16.3995434449, 0, 0, 0;8.5597294823, 7.8784629313, 3.7835306172, 8.0633953584, 7.5670612344, 15.6743667433, 19.998141635, 12.0757685532, 12.3046111309, 4.0949323141, 0, 0, 0, 0, 0, 0, 0, 0, 0, 0, 0, 0, 0, 0, 0;Europe/Paris;38,0
2023-06-20T11:00:00Z;-1;9000003703;hourly;0,5427777778;14,8997914635;54,9898479036;3,6867924528;3,6000000000;1,8000000000;13,0997914635;32,8829448482;22,1069030555;3,6867924528;0,0000000000;1,8000000000;1,8000000000;1;10.1867162114, 13.3708710471, 33.3545329548, 33.1100517657, 9.977828021, 0, 0, 0;6.791144141, 3.3955720705, 6.5797269062, 6.791144141, 20.1620151881, 13.1925177667, 23.2239294293, 9.8861223364, 9.977828021, 0, 0, 0, 0, 0, 0, 0, 0, 0, 0, 0, 0, 0, 0, 0, 0;Europe/Paris;35,0
2023-06-20T12:00:00Z;-1;9000003703;hourly;0,5747222222;8,3707017034;33,4199510429;4,4850498339;3,1963398627;3,4026465028;4,9680552006;13,9164879610;19,5034630820;2,9900332226;1,4950166113;1,7013232514;1,4950166113;1;31.10742596, 5.5755738088, 26.2908882279, 32.5526865055, 4.4734254978, 0, 0, 0;31.10742596, 0, 5.5755738088, 0, 10.0489993066, 16.2418889213, 27.4619452018, 5.0907413037, 4.4734254978, 0, 0, 0, 0, 0, 0, 0, 0, 0, 0, 0, 0, 0, 0, 0, 0;Europe/Paris;31,5
2023-06-20T13:00:00Z;-1;9000003703;hourly;0,5586111111;11,7833832505;46,7933778485;14,9160755471;1,8987341772;1,7578125000;10,0255707505;12,8870153075;33,9063625410;9,2118275316;5,7042480154;0,0000000000;1,8987341772;1;7.5357257308, 14.7702941532, 26.6367824871, 42.9246070505, 4.0576984704, 4.074892108, 0, 0;3.4780272604, 4.0576984704, 7.2345684224, 7.5357257308, 19.0838631187, 7.5529193684, 30.7343180017, 12.1902890488, 4.0576984704, 0, 4.074892108, 0, 0, 0, 0, 0, 0, 0, 0, 0, 0, 0, 0, 0, 0;Europe/Paris;34,5
2023-06-20T14:00:00Z;-1;9000003703;hourly;0,5322222222;18,5076364740;81,9137217821;37,9659893608;6,7217699723;3,6561113042;14,8515251698;29,8435100068;52,0702117753;13,2011275701;24,7648617907;5,1538257215;1,5679442509;1;7.5619459008, 12.0253144606, 26.7802113592, 39.7937314501, 11.2895694131, 2.5492274163, 0, 0;5.0984548326, 2.4634910682, 0, 12.0253144606, 7.0125959761, 19.767615383, 23.6629162487, 16.1308152014, 7.0125959761, 4.276973437, 0, 2.5492274163, 0, 0, 0, 0, 0, 0, 0, 0, 0, 0, 0, 0, 0;Europe/Paris;37,0
2023-06-20T15:00:00Z;-1;9000003703;hourly;0,5013888889;19,7927332687;113,7828860460;41,0920750772;5,9625599463;13,9108746326;5,8818586361;29,8076210378;83,9752650082;25,6350458490;15,4570292282;1,9067796610;4,0557802853;1;6.775766977, 6.9871298105, 23.3041104186, 48.7822289107, 12.4749585602, 0, 0, 1.675805323;5.0636888115, 1.7120781655, 3.4935649052, 3.4935649052, 8.6960708653, 14.6080395533, 30.6096987506, 18.1725301601, 8.9104679534, 3.5644906068, 0, 0, 0, 0, 0, 0, 1.675805323, 0, 0, 0, 0, 0, 0, 0, 0;Europe/Paris;37,5
2023-06-20T16:00:00Z;-1;9000003703;hourly;0,5902777778;17,2546519541;81,8035275575;29,6069951156;14,0664776933;3,2008035173;14,0538484368;22,8501919271;58,9533356304;11,5635792265;18,0434158891;0,0000000000;14,0664776933;1;1.9267899364, 6.4833478628, 31.0152850525, 47.6670955489, 12.9074815994, 0, 0, 0;1.9267899364, 0, 0, 6.4833478628, 4.4609268082, 26.5543582443, 28.2762660867, 19.3908294622, 12.9074815994, 0, 0, 0, 0, 0, 0, 0, 0, 0, 0, 0, 0, 0, 0, 0, 0;Europe/Paris;37,0
2023-06-20T17:00:00Z;-1;9000003703;hourly;0,5663888889;8,4899968838;57,9738318490;21,2454303309;17,8987927844;5,1378555847;3,3521412990;22,7396678007;35,2341640482;7,3788249473;13,8666053836;7,1151026372;10,7836901472;1;14.6445329091, 6.1604148933, 37.2212020248, 30.2419336861, 11.7319164867, 0, 0, 0;14.6445329091, 0, 0, 6.1604148933, 5.7390926178, 31.482109407, 15.3100929241, 14.931840762, 11.7319164867, 0, 0, 0, 0, 0, 0, 0, 0, 0, 0, 0, 0, 0, 0, 0, 0;Europe/Paris;36,5
2023-06-20T18:00:00Z;-1;9000003703;hourly;0,6011111111;0,0000000000;40,5782770655;21,6964827624;11,9892320378;0,0000000000;0,0000000000;18,7560807307;21,8221963348;8,1227436823;13,5737390801;3,3519959534;8,6372360845;1;0, 4.2570738381, 42.2184805101, 49.2673718137, 4.2570738381, 0, 0, 0;0, 0, 4.2570738381, 0, 17.0282953522, 25.1901851579, 32.5913343319, 16.6760374818, 0, 4.2570738381, 0, 0, 0, 0, 0, 0, 0, 0, 0, 0, 0, 0, 0, 0, 0;Europe/Paris;34,5
2023-06-20T19:00:00Z;-1;9000003703;hourly;0,6083333333;1,5437392796;19,9535092632;0,0000000000;1,8828451883;0,0000000000;1,5437392796;10,3625341728;9,5909750903;0,0000000000;0,0000000000;0,0000000000;1,8828451883;1;0, 0, 23.5703980326, 59.408904654, 17.0206973135, 0, 0, 0;0, 0, 0, 0, 8.5103486567, 15.0600493758, 51.878879966, 7.5300246879, 17.0206973135, 0, 0, 0, 0, 0, 0, 0, 0, 0, 0, 0, 0, 0, 0, 0, 0;Europe/Paris;38,0
2023-06-20T20:00:00Z;-1;9000003703;hourly;0,2194444444;0,0000000000;19,7080291971;0,0000000000;0,0000000000;0,0000000000;0,0000000000;6,5693430657;13,1386861314;0,0000000000;0,0000000000;0,0000000000;0,0000000000;1;16.6666666667, 0, 50, 0, 0, 0, 16.6666666667, 16.6666666667;16.6666666667, 0, 0, 0, 0, 50, 0, 0, 0, 0, 0, 0, 0, 16.6666666667, 0, 0, 0, 0, 16.6666666667, 0, 0, 0, 0, 0, 0;Europe/Paris;88,0
2023-06-21T02:00:00Z;-1;9000003703;hourly;0,0000000000;0,0000000000;0,0000000000;0,0000000000;0,0000000000;0,0000000000;0,0000000000;0,0000000000;0,0000000000;0,0000000000;0,0000000000;0,0000000000;0,0000000000;1;0, 0, 0, 0, 0, 0, 0, 0;0, 0, 0, 0, 0, 0, 0, 0, 0, 0, 0, 0, 0, 0, 0, 0, 0, 0, 0, 0, 0, 0, 0, 0, 0;Europe/Paris;NA
2023-06-21T03:00:00Z;-1;9000003703;hourly;0,0000000000;0,0000000000;0,0000000000;0,0000000000;0,0000000000;0,0000000000;0,0000000000;0,0000000000;0,0000000000;0,0000000000;0,0000000000;0,0000000000;0,0000000000;1;0, 0, 0, 0, 0, 0, 0, 0;0, 0, 0, 0, 0, 0, 0, 0, 0, 0, 0, 0, 0, 0, 0, 0, 0, 0, 0, 0, 0, 0, 0, 0, 0;Europe/Paris;NA
2023-06-21T04:00:00Z;-1;9000003703;hourly;0,4602777778;5,2292104911;1,9438444924;5,0781946840;3,7366731777;3,4363818059;1,7928286853;0,0000000000;1,9438444924;3,2853659987;1,7928286853;3,7366731777;0,0000000000;1;0, 0, 0, 100, 0, 0, 0, 0;0, 0, 0, 0, 0, 0, 0, 100, 0, 0, 0, 0, 0, 0, 0, 0, 0, 0, 0, 0, 0, 0, 0, 0, 0;Europe/Paris;36,5
2023-06-21T05:00:00Z;-1;9000003703;hourly;0,6230555556;6,2587296945;36,1108128625;9,1268707129;3,3175532240;2,9411764706;3,3175532240;20,6787301354;15,4320827271;9,1268707129;0,0000000000;1,5901060071;1,7274472169;1;0, 4.072431825, 21.7847744653, 70.0703618846, 4.072431825, 0, 0, 0;0, 0, 0, 4.072431825, 0, 21.7847744653, 34.9708202759, 35.0995416087, 4.072431825, 0, 0, 0, 0, 0, 0, 0, 0, 0, 0, 0, 0, 0, 0, 0, 0;Europe/Paris;36,0
2023-06-21T06:00:00Z;-1;9000003703;hourly;0,6469444444;26,1954641884;83,1416885611;38,5200140771;12,2866894198;4,6101338934;21,5853302949;58,5003309196;24,6413576416;36,9841778996;1,5358361775;12,2866894198;0,0000000000;1;3.6976609077, 11.0741009956, 40.7464628304, 38.9525867848, 3.6882200439, 1.8409684376, 0, 0;3.6976609077, 0, 3.6976609077, 7.3764400879, 13.0407819877, 27.7056808426, 37.1116183472, 1.8409684376, 3.6882200439, 0, 1.8409684376, 0, 0, 0, 0, 0, 0, 0, 0, 0, 0, 0, 0, 0, 0;Europe/Paris;31,5
2023-06-21T07:00:00Z;-1;9000003703;hourly;0,6413888889;8,0151340476;48,0575957051;10,6802667497;3,1413612565;3,1413612565;4,8737727910;27,7627643211;20,2948313840;7,4966828956;3,1835838541;3,1413612565;0,0000000000;1;16.4528500116, 9.9293274437, 19.9465132102, 43.9308351799, 9.7404741545, 0, 0, 0;16.4528500116, 0, 3.2683296058, 6.6609978379, 6.6245175344, 13.3219956759, 22.3482276765, 21.5826075035, 6.3478059224, 3.3926682321, 0, 0, 0, 0, 0, 0, 0, 0, 0, 0, 0, 0, 0, 0, 0;Europe/Paris;36,5
2023-06-21T08:00:00Z;-1;9000003703;hourly;0,6072222222;14,7457809541;40,0459661244;9,5080233867;4,7208723886;4,7208723886;10,0249085655;16,2895202337;23,7564458908;4,7871509981;4,7208723886;1,5437392796;3,1771331090;1;16.7366753905, 0, 40.1971978994, 43.0661267102, 0, 0, 0, 0;16.7366753905, 0, 0, 0, 8.4135742373, 31.7836236621, 39.2112084026, 3.8549183076, 0, 0, 0, 0, 0, 0, 0, 0, 0, 0, 0, 0, 0, 0, 0, 0, 0;Europe/Paris;31,0
2023-06-21T09:00:00Z;-1;9000003703;hourly;0,6138888889;8,1392040639;48,9993425075;11,4050050729;3,2669598300;1,5901060071;6,5490980568;29,4944480131;19,5048944944;3,2506226122;8,1543824606;1,6216216216;1,6453382084;1;6.634012715, 0, 26.7797730111, 53.3181888438, 10.0228675857, 0, 3.2451578444, 0;6.634012715, 0, 0, 0, 9.9768307114, 16.8029422997, 23.4853568617, 29.8328319821, 0, 10.0228675857, 0, 0, 3.2451578444, 0, 0, 0, 0, 0, 0, 0, 0, 0, 0, 0, 0;Europe/Paris;37,0
2023-06-21T10:00:00Z;-1;9000003703;hourly;0,6188888889;29,1914937271;97,2103878134;37,4633400229;13,2007073017;14,3770310764;14,8144626507;32,0879786392;65,1224091742;14,2275568954;23,2357831275;6,5092574876;6,6914498141;1;8.3732741462, 8.5192087054, 23.4011135683, 41.428567053, 8.3296289433, 6.6087609465, 1.6185786404, 1.7208679969;4.9315381524, 3.4417359938, 5.0774727117, 3.4417359938, 9.933208633, 13.4679049353, 13.2876542211, 28.1409128319, 6.6087609465, 1.7208679969, 6.6087609465, 0, 1.6185786404, 0, 0, 0, 1.7208679969, 0, 0, 0, 0, 0, 0, 0, 0;Europe/Paris;40,0
2023-06-21T11:00:00Z;-1;9000003703;hourly;0,6138888889;11,7382921336;36,7556590396;10,9160296851;6,5259369212;3,4103141910;8,3279779426;15,9164498831;20,8392091565;10,9160296851;0,0000000000;1,5901060071;4,9358309141;1;13.4287645579, 0, 21.54605491, 60.4738746999, 4.5513058322, 0, 0, 0;13.4287645579, 0, 0, 0, 4.1642900301, 17.3817648799, 43.09210982, 17.3817648799, 4.5513058322, 0, 0, 0, 0, 0, 0, 0, 0, 0, 0, 0, 0, 0, 0, 0, 0;Europe/Paris;34,5
2023-06-21T12:00:00Z;-1;9000003703;hourly;0,6283333333;3,0354131535;58,1107345363;4,5531197302;3,5363457760;1,5177065767;1,5177065767;30,0852065380;28,0255279983;1,5177065767;3,0354131535;3,5363457760;0,0000000000;1;5.3193840601, 16.1237188182, 40.3188741745, 32.4876233211, 5.750399626, 0, 0, 0;2.6117490836, 2.7076349765, 2.6117490836, 13.5119697346, 13.9429853005, 26.3758888741, 21.8044376994, 10.6831856217, 5.750399626, 0, 0, 0, 0, 0, 0, 0, 0, 0, 0, 0, 0, 0, 0, 0, 0;Europe/Paris;33,0
2023-06-21T13:00:00Z;-1;9000003703;hourly;0,6400000000;3,1634446397;64,1414892409;7,8057589480;3,1141868512;0,0000000000;3,1634446397;29,7518748439;34,3896143971;4,6478544916;3,1579044565;3,1141868512;0,0000000000;1;4.9147038999, 9.7751437404, 41.5713537986, 36.5223060297, 7.2164925313, 0, 0, 0;4.9147038999, 0, 0, 9.7751437404, 14.6773622045, 26.8939915941, 29.2011333743, 7.3211726554, 7.2164925313, 0, 0, 0, 0, 0, 0, 0, 0, 0, 0, 0, 0, 0, 0, 0, 0;Europe/Paris;32,5
2023-06-21T14:00:00Z;-1;9000003703;hourly;0,6536111111;9,1276147199;105,4293048613;12,3711705435;3,0981067126;1,5050167224;7,6225979975;47,2066076107;58,2226972506;7,7293245513;4,6418459922;0,0000000000;3,0981067126;1;4.3361745082, 1.4642411629, 36.1180346782, 50.7819510419, 7.2995986087, 0, 0, 0;4.3361745082, 0, 0, 1.4642411629, 17.3944199138, 18.7236147645, 37.6848493514, 13.0971016904, 5.8303170287, 1.46928158, 0, 0, 0, 0, 0, 0, 0, 0, 0, 0, 0, 0, 0, 0, 0;Europe/Paris;34,5
2023-06-21T15:00:00Z;-1;9000003703;hourly;0,6427777778;7,7455200346;100,1551439482;12,4147727581;3,1952293647;3,0656972396;4,6798227950;28,4125686002;71,7425753480;3,0656972396;9,3490755186;1,5706806283;1,6245487365;1;4.7047427611, 4.7585274257, 36.2418169552, 40.5472101797, 12.1794550911, 1.568247587, 0, 0;4.7047427611, 0, 1.568247587, 3.1902798386, 12.3739263419, 23.8678906133, 23.3723268586, 17.1748833211, 9.1185067277, 3.0609483634, 1.568247587, 0, 0, 0, 0, 0, 0, 0, 0, 0, 0, 0, 0, 0, 0;Europe/Paris;37,0
2023-06-21T16:00:00Z;-1;9000003703;hourly;0,6130555556;9,8657055333;73,0781326073;17,9218215785;8,1301327590;6,4920941105;3,3736114228;30,7357366462;42,3423959612;4,7793999051;13,1424216735;0,0000000000;8,1301327590;1;9.365480321, 13.2663399993, 21.9961988067, 51.0429143392, 4.3290665338, 0, 0, 0;6.9600925021, 2.4053878189, 0, 13.2663399993, 10.9318037283, 11.0643950784, 19.6203696011, 31.422544738, 4.3290665338, 0, 0, 0, 0, 0, 0, 0, 0, 0, 0, 0, 0, 0, 0, 0, 0;Europe/Paris;36,0
2023-06-21T17:00:00Z;-1;9000003703;hourly;0,6077777778;3,2786885246;57,7454288275;18,0732956585;11,4712178854;0,0000000000;3,2786885246;24,8198190145;32,9256098130;3,2551431851;14,8181524734;6,5338317097;4,9373861758;1;8.3944250945, 2.7981416982, 45.8691389945, 34.3137415769, 8.624552636, 0, 0, 0;5.5962833963, 2.7981416982, 0, 2.7981416982, 20.0313712683, 25.8377677262, 25.7762334499, 8.537508127, 2.9132054689, 5.7113471671, 0, 0, 0, 0, 0, 0, 0, 0, 0, 0, 0, 0, 0, 0, 0;Europe/Paris;34,0
2023-06-21T18:00:00Z;-1;9000003703;hourly;0,5986111111;0,0000000000;33,6304999492;9,0552318807;10,3678357571;0,0000000000;0,0000000000;8,2211577452;25,4093422040;7,3409461664;1,7142857143;1,7964071856;8,5714285714;1;0, 4.365647955, 5.186322086, 65.2707229341, 25.1773070249, 0, 0, 0;0, 0, 0, 4.365647955, 0, 5.186322086, 36.4595337067, 28.8111892274, 15.4700578795, 9.7072491454, 0, 0, 0, 0, 0, 0, 0, 0, 0, 0, 0, 0, 0, 0, 0;Europe/Paris;41,0
2023-06-21T19:00:00Z;-1;9000003703;hourly;0,5952777778;0,0000000000;27,9521619119;1,5652173913;0,0000000000;0,0000000000;0,0000000000;18,1391975539;9,8129643580;1,5652173913;0,0000000000;0,0000000000;0,0000000000;1;5.5996290957, 11.1992581915, 48.8661809804, 28.7353026366, 5.5996290957, 0, 0, 0;5.5996290957, 0, 0, 11.1992581915, 12.8481579303, 36.0180230501, 16.91823995, 11.8170626866, 5.5996290957, 0, 0, 0, 0, 0, 0, 0, 0, 0, 0, 0, 0, 0, 0, 0, 0;Europe/Paris;33,5
2023-06-21T20:00:00Z;-1;9000003703;hourly;0,1961111111;0,0000000000;21,9050052937;3,2200357782;0,0000000000;0,0000000000;0,0000000000;12,2448979592;9,6601073345;0,0000000000;3,2200357782;0,0000000000;0,0000000000;1;0, 0, 70.6, 29.4, 0, 0, 0, 0;0, 0, 0, 0, 70.6, 0, 29.4, 0, 0, 0, 0, 0, 0, 0, 0, 0, 0, 0, 0, 0, 0, 0, 0, 0, 0;Europe/Paris;30,0
2023-06-22T03:00:00Z;-1;9000003703;hourly;0,0263888889;0,0000000000;0,0000000000;0,0000000000;0,0000000000;0,0000000000;0,0000000000;0,0000000000;0,0000000000;0,0000000000;0,0000000000;0,0000000000;0,0000000000;1;0, 0, 0, 0, 0, 0, 0, 0;0, 0, 0, 0, 0, 0, 0, 0, 0, 0, 0, 0, 0, 0, 0, 0, 0, 0, 0, 0, 0, 0, 0, 0, 0;Europe/Paris;NA
2023-06-22T04:00:00Z;-1;9000003703;hourly;0,6416666667;2,9413021189;8,9507860560;5,9210526316;1,4610389610;1,4610389610;1,4802631579;4,3831168831;4,5676691729;5,9210526316;0,0000000000;1,4610389610;0,0000000000;1;0, 0, 34.2783505155, 65.7216494845, 0, 0, 0, 0;0, 0, 0, 0, 0, 34.2783505155, 32.64604811, 33.0756013746, 0, 0, 0, 0, 0, 0, 0, 0, 0, 0, 0, 0, 0, 0, 0, 0, 0;Europe/Paris;35,0
2023-06-22T05:00:00Z;-1;9000003703;hourly;0,5866666667;6,4647454851;51,5619956662;9,0904528665;3,1277009507;3,3370445344;3,1277009507;39,7804485616;11,7815471046;6,2058374819;2,8846153846;3,1277009507;0,0000000000;1;5.5944603139, 8.3916904709, 39.5025295233, 39.9739728082, 6.5373468837, 0, 0, 0;5.5944603139, 0, 0, 8.3916904709, 5.5944603139, 33.9080692094, 27.3707223257, 12.6032504825, 6.5373468837, 0, 0, 0, 0, 0, 0, 0, 0, 0, 0, 0, 0, 0, 0, 0, 0;Europe/Paris;34,0
2023-06-22T06:00:00Z;-1;9000003703;hourly;0,6366666667;19,2045255698;141,2832891179;49,7392872798;9,5740246578;10,5340053386;8,6705202312;75,7155009736;65,5677881444;42,2656114238;7,4736758560;4,9102626991;4,6637619587;1;3.5077123623, 7.0756745047, 47.2162514967, 38.7746329049, 2.2305729861, 1.1951557453, 0, 0;2.454790028, 1.0529223343, 3.6177065047, 3.4579680001, 19.1884283014, 28.0278231953, 34.0717647973, 4.7028681076, 2.2305729861, 0, 1.1951557453, 0, 0, 0, 0, 0, 0, 0, 0, 0, 0, 0, 0, 0, 0;Europe/Paris;31,5
2023-06-22T07:00:00Z;-1;9000003703;hourly;0,6261111111;4,3062200957;52,6933434282;3,1082691521;3,5225048924;1,4354066986;2,8708133971;26,6610375851;26,0323058432;3,1082691521;0,0000000000;0,0000000000;3,5225048924;1;8.172227867, 11.9653221577, 21.4375021345, 33.8015022011, 18.7134261788, 5.9100194609, 0, 0;2.7240759557, 5.4481519113, 2.7240759557, 9.241246202, 3.1747130561, 18.2627890784, 21.2177988088, 12.5837033922, 15.5387131227, 3.1747130561, 2.9550097305, 2.9550097305, 0, 0, 0, 0, 0, 0, 0, 0, 0, 0, 0, 0, 0;Europe/Paris;40,5
2023-06-22T08:00:00Z;-1;9000003703;hourly;0,5872222222;1,6483516484;27,7270984186;5,0753594232;3,4220532319;0,0000000000;1,6483516484;8,7580216114;18,9690768072;1,7786561265;3,2967032967;1,7110266160;1,7110266160;1;31.8304172642, 0, 12.3419089163, 49.412808118, 0, 6.4148657015, 0, 0;31.8304172642, 0, 0, 0, 12.3419089163, 0, 36.9421177057, 12.4706904123, 0, 0, 0, 6.4148657015, 0, 0, 0, 0, 0, 0, 0, 0, 0, 0, 0, 0, 0;Europe/Paris;34,0
2023-06-22T09:00:00Z;-1;9000003703;hourly;0,5711111111;6,9602191853;42,3471297994;3,5699558174;0,0000000000;5,2459334710;1,7142857143;23,2682551729;19,0788746265;1,7142857143;1,8556701031;0,0000000000;0,0000000000;1;12.7218016554, 12.5151826578, 21.2792718033, 41.2119692881, 12.2717745954, 0, 0, 0;12.7218016554, 0, 4.1754255752, 8.3397570826, 12.5151826578, 8.7640891455, 37.2542567783, 3.9577125098, 8.2236000853, 4.0481745101, 0, 0, 0, 0, 0, 0, 0, 0, 0, 0, 0, 0, 0, 0, 0;Europe/Paris;34,0
2023-06-22T10:00:00Z;-1;9000003703;hourly;0,6213888889;11,2773295369;50,0499427663;8,2874046291;1,6453382084;8,0295113445;3,2478181925;20,8605042310;29,1894385353;1,6605166052;6,6268880239;1,6453382084;0,0000000000;1;28.8539077368, 3.0950152401, 6.2664506096, 55.149187836, 6.6354385775, 0, 0, 0;28.8539077368, 0, 3.0950152401, 0, 0, 6.2664506096, 32.2783736567, 22.8708141793, 6.6354385775, 0, 0, 0, 0, 0, 0, 0, 0, 0, 0, 0, 0, 0, 0, 0, 0;Europe/Paris;35,5
2023-06-22T11:00:00Z;-1;9000003703;hourly;0,5775000000;6,9614324385;33,7404837114;5,0785872502;15,8102356483;5,0785872502;1,8828451883;19,5814623518;14,1590213596;3,5295338939;1,5490533563;1,7751479290;14,0350877193;1;11.1607480461, 4.5910822427, 15.3711030163, 54.1145281863, 14.7625385085, 0, 0, 0;11.1607480461, 0, 4.5910822427, 0, 5.5803740231, 9.7907289933, 32.7823238744, 21.3322043119, 10.1714562658, 4.5910822427, 0, 0, 0, 0, 0, 0, 0, 0, 0, 0, 0, 0, 0, 0, 0;Europe/Paris;37,5
2023-06-22T12:00:00Z;-1;9000003703;hourly;0,6380555556;7,9465239576;46,3682731404;3,0929203540;0,0000000000;6,3536036036;1,5929203540;25,0478753089;21,3203978315;1,5929203540;1,5000000000;0,0000000000;0,0000000000;1;7.1888235373, 6.8730981792, 29.9210493172, 42.9022833241, 13.1147456423, 0, 0, 0;7.1888235373, 0, 6.8730981792, 0, 13.3430393627, 16.5780099545, 29.7182887299, 13.1839945942, 13.1147456423, 0, 0, 0, 0, 0, 0, 0, 0, 0, 0, 0, 0, 0, 0, 0, 0;Europe/Paris;37,0
2023-06-22T13:00:00Z;-1;9000003703;hourly;0,6063888889;1,5706806283;22,8983902165;52,5095848621;0,0000000000;0,0000000000;1,5706806283;11,4491951083;11,4491951083;50,9389042338;1,5706806283;0,0000000000;0,0000000000;1;0, 0, 29.2876935923, 63.433774376, 0, 7.2785320318, 0, 0;0, 0, 0, 0, 7.2785320318, 22.0091615605, 35.727860678, 27.705913698, 0, 0, 7.2785320318, 0, 0, 0, 0, 0, 0, 0, 0, 0, 0, 0, 0, 0, 0;Europe/Paris;36,0
2023-06-22T14:00:00Z;-1;9000003703;hourly;0,5966666667;18,3905637951;110,7737637875;83,7945536714;4,9180667196;10,0863710064;8,3041927886;32,0052876368;78,7684761508;27,4814728860;56,3130807854;0,0000000000;4,9180667196;1;9.2662748128, 15.5082572714, 50.4818239806, 20.1105065288, 4.6331374064, 0, 0, 0;4.6331374064, 4.6331374064, 4.8265351566, 10.6817221148, 25.8356858061, 24.6461381745, 17.0537122544, 3.0567942745, 1.415447302, 3.2176901044, 0, 0, 0, 0, 0, 0, 0, 0, 0, 0, 0, 0, 0, 0, 0;Europe/Paris;30,5
2023-06-22T15:00:00Z;-1;9000003703;hourly;0,6730555556;26,1367882344;127,5466027613;30,4157105799;6,1614384264;14,6616015661;11,4751866683;43,3172046967;84,2293980646;14,2053929337;16,2103176462;1,6544117647;4,5070266617;1;6.1532126778, 8.5432063014, 28.0128659237, 50.3769186051, 6.913796492, 0, 0, 0;4.85610893, 1.2971037479, 2.4153675178, 6.1278387836, 7.4249425314, 20.5879233923, 29.9170874021, 20.459831203, 6.913796492, 0, 0, 0, 0, 0, 0, 0, 0, 0, 0, 0, 0, 0, 0, 0, 0;Europe/Paris;35,5
2023-06-22T16:00:00Z;-1;9000003703;hourly;0,6372222222;4,6494200842;138,6363083067;28,1764430978;14,0791204262;0,0000000000;4,6494200842;40,8660883681;97,7702199386;1,5437392796;26,6327038182;6,3604240283;7,7186963979;1;4.5338985726, 2.2270346036, 34.0448184883, 44.5584849606, 14.6357633748, 0, 0, 0;3.4203812708, 1.1135173018, 2.2270346036, 0, 13.8078338782, 20.2369846101, 29.8169180233, 14.7415669373, 10.1815992375, 4.4541641374, 0, 0, 0, 0, 0, 0, 0, 0, 0, 0, 0, 0, 0, 0, 0;Europe/Paris;37,5
2023-06-22T17:00:00Z;-1;9000003703;hourly;0,6422222222;1,4331210191;66,0744908710;16,9655099173;12,2922582616;1,4331210191;0,0000000000;23,5825808422;42,4919100288;3,1971580817;13,7683518356;9,0951001799;3,1971580817;1;9.7424719183, 2.4410376903, 38.0885805798, 49.7279098116, 0, 0, 0, 0;9.7424719183, 0, 0, 2.4410376903, 16.4997257695, 21.5888548103, 37.8381692342, 11.8897405774, 0, 0, 0, 0, 0, 0, 0, 0, 0, 0, 0, 0, 0, 0, 0, 0, 0;Europe/Paris;32,0
2023-06-22T18:00:00Z;-1;9000003703;hourly;0,6163888889;3,3149171271;13,1516619687;14,4329807108;8,0113856903;1,6574585635;1,6574585635;9,8367448416;3,3149171271;7,8551179203;6,5778627905;4,5762711864;3,4351145038;1;37.8079645177, 12.6026548392, 12.1765864372, 25.2362077687, 12.1765864372, 0, 0, 0;25.2053096785, 12.6026548392, 12.6026548392, 0, 0, 12.1765864372, 13.0596213315, 12.1765864372, 12.1765864372, 0, 0, 0, 0, 0, 0, 0, 0, 0, 0, 0, 0, 0, 0, 0, 0;Europe/Paris;36,5
2023-06-22T19:00:00Z;-1;9000003703;hourly;0,6122222222;1,8711018711;28,4806979881;14,7881407355;2,9632976392;0,0000000000;1,8711018711;11,0883573802;17,3923406078;6,1615121253;8,6266286102;1,4195583596;1,5437392796;1;0, 4.9842821978, 37.1836962364, 42.4431571473, 10.4045822207, 0, 0, 4.9842821978;0, 0, 0, 4.9842821978, 13.1394383093, 24.0442579271, 21.6339927058, 20.8091644415, 10.4045822207, 0, 0, 0, 0, 0, 0, 0, 0, 0, 0, 0, 0, 0, 4.9842821978, 0, 0;Europe/Paris;37,5
2023-06-22T20:00:00Z;-1;9000003703;hourly;0,2158333333;0,0000000000;3,5363457760;0,0000000000;0,0000000000;0,0000000000;0,0000000000;3,5363457760;0,0000000000;0,0000000000;0,0000000000;0,0000000000;0,0000000000;1;0, 0, 0, 100, 0, 0, 0, 0;0, 0, 0, 0, 0, 0, 100, 0, 0, 0, 0, 0, 0, 0, 0, 0, 0, 0, 0, 0, 0, 0, 0, 0, 0;Europe/Paris;31,5
2023-06-23T03:00:00Z;-1;9000003703;hourly;0,0000000000;0,0000000000;0,0000000000;0,0000000000;0,0000000000;0,0000000000;0,0000000000;0,0000000000;0,0000000000;0,0000000000;0,0000000000;0,0000000000;0,0000000000;1;0, 0, 0, 0, 0, 0, 0, 0;0, 0, 0, 0, 0, 0, 0, 0, 0, 0, 0, 0, 0, 0, 0, 0, 0, 0, 0, 0, 0, 0, 0, 0, 0;Europe/Paris;NA
2023-06-23T04:00:00Z;-1;9000003703;hourly;0,5347222222;10,1031209308;13,1556027518;0,0000000000;3,3834586466;4,2056958038;5,8974251271;4,8280814396;8,3275213122;0,0000000000;0,0000000000;1,6917293233;1,6917293233;1;10.9810460242, 0, 48.5736909494, 23.8404288684, 0, 0, 0, 16.604834158;10.9810460242, 0, 0, 0, 19.1094739472, 29.4642170022, 23.8404288684, 0, 0, 0, 0, 0, 0, 0, 0, 0, 0, 0, 0, 0, 0, 0, 0, 16.604834158, 0;Europe/Paris;113,0
2023-06-23T05:00:00Z;-1;9000003703;hourly;0,5913888889;8,4802115757;38,2329623639;6,8011070981;3,3457249071;6,8011070981;1,6791044776;33,4673164052;4,7656459587;3,4491401670;3,3519669311;1,6728624535;1,6728624535;1;0, 4.3917718476, 30.947584951, 51.8650962253, 8.7508911165, 4.0446558597, 0, 0;0, 0, 0, 4.3917718476, 4.976722432, 25.970862519, 34.6614511121, 17.2036451132, 8.7508911165, 0, 0, 4.0446558597, 0, 0, 0, 0, 0, 0, 0, 0, 0, 0, 0, 0, 0;Europe/Paris;37,0
2023-06-23T06:00:00Z;-1;9000003703;hourly;0,6138888889;16,9535540028;105,6958883118;19,8039663948;12,4752475248;4,7604846959;12,1930693069;60,9530191826;44,7428691292;13,2613034810;6,5426629137;7,1287128713;5,3465346535;1;4.6843755054, 9.4552923256, 40.5516757566, 40.5377395922, 3.0847791224, 0, 1.6861376978, 0;1.4991189038, 3.1852566016, 4.8713942994, 4.5838980262, 9.19490883, 31.3567669266, 29.6838058419, 10.8539337502, 0, 3.0847791224, 0, 0, 0, 1.6861376978, 0, 0, 0, 0, 0, 0, 0, 0, 0, 0, 0;Europe/Paris;33,0
2023-06-23T07:00:00Z;-1;9000003703;hourly;0,6525000000;4,6702513958;49,0888813697;6,0704649338;3,0014089948;4,6702513958;0,0000000000;18,3447297759;30,7441515937;4,5372451723;1,5332197615;1,4681892333;1,5332197615;1;6.2473786091, 6.2467089032, 31.1130687741, 38.0394822906, 18.353361423, 0, 0, 0;6.2473786091, 0, 3.1233544516, 3.1233544516, 6.3798536756, 24.7332150986, 28.658759023, 9.3807232676, 15.3624820379, 2.9908793851, 0, 0, 0, 0, 0, 0, 0, 0, 0, 0, 0, 0, 0, 0, 0;Europe/Paris;38,5
2023-06-23T08:00:00Z;-1;9000003703;hourly;0,6480555556;9,7332411434;60,7577639488;13,4570793136;3,3644859813;4,6865121714;5,0467289720;31,2308096659;29,5269542829;2,8616852146;10,5953940990;1,6822429907;1,6822429907;1;7.3174483313, 7.9481136626, 30.5812823895, 36.1744005514, 15.2099846541, 0, 0, 2.7687704111;7.3174483313, 0, 5.3584420368, 2.5896716258, 13.430077145, 17.1512052444, 23.6247410979, 12.5496594535, 12.7287582389, 2.4812264153, 0, 0, 0, 0, 0, 0, 0, 0, 0, 0, 0, 0, 2.7687704111, 0, 0;Europe/Paris;38,5
2023-06-23T09:00:00Z;-1;9000003703;hourly;0,6313888889;9,3160474790;77,8108410533;10,8380373334;0,0000000000;7,6885610414;1,6274864376;39,7636761950;38,0471648583;9,3304996449;1,5075376884;0,0000000000;0,0000000000;1;4.2415026576, 4.0290325662, 30.3950991899, 48.9367396533, 8.0978074737, 4.2998184594, 0, 0;4.2415026576, 0, 0, 4.0290325662, 6.1789417959, 24.216157394, 20.5140068674, 28.4227327859, 6.120625994, 1.9771814796, 2.1499092297, 2.1499092297, 0, 0, 0, 0, 0, 0, 0, 0, 0, 0, 0, 0, 0;Europe/Paris;37,0
2023-06-23T10:00:00Z;-1;9000003703;hourly;0,6402777778;7,5258528164;64,4741845486;9,3849337430;4,7565315942;4,4925124792;3,0333403372;21,9828026784;42,4913818702;4,7642918185;4,6206419245;3,1231377648;1,6333938294;1;4.8440128195, 2.382094769, 17.0895183081, 70.8283251111, 4.8560489924, 0, 0, 0;2.382094769, 2.4619180505, 2.382094769, 0, 5.0668150077, 12.0227033004, 33.6943489604, 37.1339761507, 4.8560489924, 0, 0, 0, 0, 0, 0, 0, 0, 0, 0, 0, 0, 0, 0, 0, 0;Europe/Paris;36,0
2023-06-23T11:00:00Z;-1;9000003703;hourly;0,6566666667;6,0479323308;59,6556122449;4,6945488722;0,0000000000;1,4802631579;4,5676691729;28,7835660580;30,8720461869;3,0874060150;1,6071428571;0,0000000000;0,0000000000;1;0, 5.3880692752, 33.0204922184, 46.2779784612, 15.3134600452, 0, 0, 0;0, 0, 0, 5.3880692752, 5.1314945478, 27.8889976706, 25.6203369231, 20.6576415381, 15.3134600452, 0, 0, 0, 0, 0, 0, 0, 0, 0, 0, 0, 0, 0, 0, 0, 0;Europe/Paris;37,5
2023-06-23T12:00:00Z;-1;9000003703;hourly;0,6550000000;2,9382965703;42,2945090572;3,0672846062;4,7130552550;1,4128728414;1,5254237288;13,4153940784;28,8791149788;1,6544117647;1,4128728414;3,1798354935;1,5332197615;1;0, 0, 25.3817193278, 67.3680735145, 7.2502071577, 0, 0, 0;0, 0, 0, 0, 0, 25.3817193278, 28.0918953751, 39.2761781394, 0, 7.2502071577, 0, 0, 0, 0, 0, 0, 0, 0, 0, 0, 0, 0, 0, 0, 0;Europe/Paris;36,5
2023-06-23T13:00:00Z;-1;9000003703;hourly;0,6269444444;4,8823866896;41,3368175019;7,9095714164;0,0000000000;3,3333333333;1,5490533563;20,7749342856;20,5618832163;4,8114647038;3,0981067126;0,0000000000;0,0000000000;1;7.7206944186, 11.3601065271, 22.8281947944, 54.0590860635, 4.0319181964, 0, 0, 0;3.8603472093, 3.8603472093, 7.5537501879, 3.8063563392, 3.7473938486, 19.0808009457, 38.6716880964, 15.3873979672, 4.0319181964, 0, 0, 0, 0, 0, 0, 0, 0, 0, 0, 0, 0, 0, 0, 0, 0;Europe/Paris;34,0
2023-06-23T14:00:00Z;-1;9000003703;hourly;0,6230555556;9,7304108052;114,1423096310;24,1672035479;3,1774595268;0,0000000000;9,7304108052;40,8180947657;73,3242148654;12,3831010144;11,7841025335;1,5410958904;1,6363636364;1;1.5833120265, 4.2239550888, 30.9684632793, 48.3304773174, 12.3128122908, 1.2904899986, 0, 1.2904899986;1.5833120265, 0, 0, 4.2239550888, 1.5833120265, 29.3851512528, 32.0203010179, 16.3101762994, 9.6721692285, 2.6406430623, 1.2904899986, 0, 0, 0, 0, 0, 0, 0, 0, 0, 1.2904899986, 0, 0, 0, 0;Europe/Paris;37,5
2023-06-23T15:00:00Z;-1;9000003703;hourly;0,6633333333;12,1076276596;142,2664242547;20,2755712760;3,1478423820;7,6941686081;4,4134590515;56,6750720063;85,5913522484;9,8720292505;10,4035420256;1,6453382084;1,5025041736;1;2.1052342482, 6.6379169896, 34.5612189205, 42.0499177524, 13.4891931025, 1.1565189868, 0, 0;1.0561200097, 1.0491142385, 3.2687590062, 3.3691579834, 14.6457120894, 19.9155068311, 30.5623536851, 11.4875640672, 12.4991838916, 0.990009211, 0, 1.1565189868, 0, 0, 0, 0, 0, 0, 0, 0, 0, 0, 0, 0, 0;Europe/Paris;37,5
2023-06-23T16:00:00Z;-1;9000003703;hourly;0,6133333333;5,0891351482;105,9453724356;20,9324911907;11,3167363610;3,3034208624;1,7857142857;35,4156559911;70,5297164445;14,3323670316;6,6001241591;4,8896236507;6,4271127103;1;1.4325369215, 1.4325369215, 38.0497951735, 51.7281397783, 7.3569912053, 0, 0, 0;1.4325369215, 0, 1.4325369215, 0, 8.971502976, 29.0782921975, 34.440094917, 17.2880448612, 7.3569912053, 0, 0, 0, 0, 0, 0, 0, 0, 0, 0, 0, 0, 0, 0, 0, 0;Europe/Paris;35,5
2023-06-23T17:00:00Z;-1;9000003703;hourly;0,6405555556;4,6824571470;36,0743880417;12,4165735797;13,9021403570;3,1413612565;1,5410958904;22,1203589342;13,9540291075;1,5410958904;10,8754776893;7,7600608080;6,1420795490;1;8.400150896, 4.200075448, 48.3312680499, 30.3604957768, 8.7080098293, 0, 0, 0;8.400150896, 0, 0, 4.200075448, 26.301631299, 22.0296367509, 21.8884257807, 8.4720699961, 4.3540049147, 4.3540049147, 0, 0, 0, 0, 0, 0, 0, 0, 0, 0, 0, 0, 0, 0, 0;Europe/Paris;34,0
2023-06-23T18:00:00Z;-1;9000003703;hourly;0,6191666667;1,6071428571;21,2683456450;14,6319925719;4,7497798369;0,0000000000;1,6071428571;6,4686462156;14,7996994295;8,0405961634;6,5913964085;1,6885553471;3,0612244898;1;23.0752453481, 7.9392886277, 22.3096710876, 46.6757949366, 0, 0, 0, 0;23.0752453481, 0, 0, 7.9392886277, 0, 22.3096710876, 31.5398382161, 15.1359567204, 0, 0, 0, 0, 0, 0, 0, 0, 0, 0, 0, 0, 0, 0, 0, 0, 0;Europe/Paris;32,5
2023-06-23T19:00:00Z;-1;9000003703;hourly;0,6241666667;0,0000000000;14,6362669955;13,3658806190;5,0202652911;0,0000000000;0,0000000000;8,1333508891;6,5029161064;6,6507000737;6,7151805453;1,6304347826;3,3898305085;1;0, 9.7760078287, 57.7280514671, 21.356250624, 11.1396900802, 0, 0, 0;0, 0, 9.7760078287, 0, 11.5802427952, 46.1478086719, 11.5802427952, 9.7760078287, 11.1396900802, 0, 0, 0, 0, 0, 0, 0, 0, 0, 0, 0, 0, 0, 0, 0, 0;Europe/Paris;35,5
2023-06-23T20:00:00Z;-1;9000003703;hourly;0,2402777778;0,0000000000;25,5771274027;3,9215686275;0,0000000000;0,0000000000;0,0000000000;4,4334975369;21,1436298657;3,9215686275;0,0000000000;0,0000000000;0,0000000000;1;0, 0, 50, 50, 0, 0, 0, 0;0, 0, 0, 0, 17.333836858, 32.666163142, 17.333836858, 32.666163142, 0, 0, 0, 0, 0, 0, 0, 0, 0, 0, 0, 0, 0, 0, 0, 0, 0;Europe/Paris;35,0
2023-06-24T03:00:00Z;-1;9000003703;hourly;0,0000000000;0,0000000000;0,0000000000;0,0000000000;0,0000000000;0,0000000000;0,0000000000;0,0000000000;0,0000000000;0,0000000000;0,0000000000;0,0000000000;0,0000000000;1;0, 0, 0, 0, 0, 0, 0, 0;0, 0, 0, 0, 0, 0, 0, 0, 0, 0, 0, 0, 0, 0, 0, 0, 0, 0, 0, 0, 0, 0, 0, 0, 0;Europe/Paris;NA
2023-06-24T04:00:00Z;-1;9000003703;hourly;0,5200000000;0,0000000000;4,9437423932;1,5410958904;1,5410958904;0,0000000000;0,0000000000;4,9437423932;0,0000000000;1,5410958904;0,0000000000;1,5410958904;0,0000000000;1;0, 0, 34.4136711844, 65.5863288156, 0, 0, 0, 0;0, 0, 0, 0, 0, 34.4136711844, 65.5863288156, 0, 0, 0, 0, 0, 0, 0, 0, 0, 0, 0, 0, 0, 0, 0, 0, 0, 0;Europe/Paris;31,5
2023-06-24T05:00:00Z;-1;9000003703;hourly;0,6800000000;0,0000000000;4,4300088447;0,0000000000;4,2307750041;0,0000000000;0,0000000000;1,4657980456;2,9642107991;0,0000000000;0,0000000000;4,2307750041;0,0000000000;1;0, 0, 0, 100, 0, 0, 0, 0;0, 0, 0, 0, 0, 0, 66.9120740617, 33.0879259383, 0, 0, 0, 0, 0, 0, 0, 0, 0, 0, 0, 0, 0, 0, 0, 0, 0;Europe/Paris;35,0
2023-06-24T06:00:00Z;-1;9000003703;hourly;0,6550000000;0,0000000000;24,4069404181;9,9998701611;1,5570934256;0,0000000000;0,0000000000;13,5439892483;10,8629511698;6,6227594669;3,3771106942;0,0000000000;1,5570934256;1;6.379715765, 12.9932597243, 31.2095750905, 49.4174494201, 0, 0, 0, 0;6.379715765, 0, 12.9932597243, 0, 6.0749188009, 25.1346562896, 37.2760528549, 12.1413965653, 0, 0, 0, 0, 0, 0, 0, 0, 0, 0, 0, 0, 0, 0, 0, 0, 0;Europe/Paris;32,0
2023-06-24T07:00:00Z;-1;9000003703;hourly;0,6641666667;0,0000000000;39,1237709917;7,4522943524;0,0000000000;0,0000000000;0,0000000000;21,0942502995;18,0295206923;5,9646910467;1,4876033058;0,0000000000;0,0000000000;1;0, 0, 19.5017808954, 57.597772992, 19.1293120969, 3.7711340156, 0, 0;0, 0, 0, 0, 0, 19.5017808954, 38.4285391327, 19.1692338593, 19.1293120969, 0, 3.7711340156, 0, 0, 0, 0, 0, 0, 0, 0, 0, 0, 0, 0, 0, 0;Europe/Paris;39,5
2023-06-24T08:00:00Z;-1;9000003703;hourly;0,6380555556;4,5706061823;72,1392753438;19,7803335524;4,6985271285;1,5929203540;2,9776858283;39,1989067054;32,9403686385;16,8100365227;2,9702970297;1,4925373134;3,2059898150;1;2.3854430087, 12.8107682827, 36.5862827673, 45.8320629327, 0, 2.3854430087, 0, 0;0, 2.3854430087, 6.3358082826, 6.47496, 10.9191269254, 25.6671558419, 21.7372753831, 24.0947875496, 0, 0, 2.3854430087, 0, 0, 0, 0, 0, 0, 0, 0, 0, 0, 0, 0, 0, 0;Europe/Paris;35,0
2023-06-24T09:00:00Z;-1;9000003703;hourly;0,6338888889;3,2333496925;80,1537642196;21,9802576239;10,6419955019;1,4925373134;1,7408123791;31,3228181776;48,8309460420;10,7391126559;11,2411449680;3,0821917808;7,5598037211;1;4.3436821616, 15.2595253848, 33.0213049942, 35.3617724368, 9.8418739419, 2.1718410808, 0, 0;4.3436821616, 0, 3.784766983, 11.4747584017, 13.4380560054, 19.5832489887, 15.7984820057, 19.5632904311, 7.6700328611, 2.1718410808, 0, 2.1718410808, 0, 0, 0, 0, 0, 0, 0, 0, 0, 0, 0, 0, 0;Europe/Paris;36,5
2023-06-24T10:00:00Z;-1;9000003703;hourly;0,6297222222;1,5228426396;75,6359014651;17,1777374872;9,4254342418;0,0000000000;1,5228426396;35,5018177599;40,1340837052;9,6811514754;7,4965860118;3,0991918750;6,3262423668;1;3.8759319773, 1.9379659887, 46.7822685899, 36.729371677, 10.6744617672, 0, 0, 0;3.8759319773, 0, 1.9379659887, 0, 10.471084334, 36.3111842559, 30.6184713967, 6.1109002802, 6.5015274756, 4.1729342916, 0, 0, 0, 0, 0, 0, 0, 0, 0, 0, 0, 0, 0, 0, 0;Europe/Paris;34,0
2023-06-24T11:00:00Z;-1;9000003703;hourly;0,6377777778;4,6222715362;51,8532762444;4,8377597667;3,1751651403;1,5817223199;3,0405492163;19,9647696046;31,8885066398;1,5228426396;3,3149171271;3,1751651403;0,0000000000;1;0, 9.07009968, 30.2210597508, 54.4620204683, 6.2468201009, 0, 0, 0;0, 0, 0, 9.07009968, 9.050289696, 21.1707700548, 35.9585662573, 18.503454211, 6.2468201009, 0, 0, 0, 0, 0, 0, 0, 0, 0, 0, 0, 0, 0, 0, 0, 0;Europe/Paris;35,0
2023-06-24T12:00:00Z;-1;9000003703;hourly;0,6475000000;1,5151515152;55,1675712499;3,1635031635;3,0303030303;1,5151515152;0,0000000000;30,4396264305;24,7279448194;1,5151515152;1,6483516484;1,5151515152;1,5151515152;1;2.7464531804, 5.7343527943, 36.3425282036, 38.3865829763, 11.3051311508, 0, 0, 5.4849516946;0, 2.7464531804, 0, 5.7343527943, 5.5787330227, 30.7637951809, 24.3349986451, 14.0515843312, 11.3051311508, 0, 0, 0, 0, 0, 0, 0, 0, 0, 0, 0, 0, 0, 2.8322798423, 0, 2.6526718523;Europe/Paris;38,5
2023-06-24T13:00:00Z;-1;9000003703;hourly;0,6375000000;3,2549728752;47,0299359285;14,2407681972;4,4309034830;1,6274864376;1,6274864376;19,2104020918;27,8195338367;11,1914808117;3,0492873855;1,5873015873;2,8436018957;1;0, 10.2961536454, 33.2780662256, 50.0275095897, 6.3982705393, 0, 0, 0;0, 0, 6.9210659359, 3.3750877095, 13.8421318718, 19.4359343538, 30.3099025751, 19.7176070145, 3.3750877095, 3.0231828298, 0, 0, 0, 0, 0, 0, 0, 0, 0, 0, 0, 0, 0, 0, 0;Europe/Paris;35,5
2023-06-24T14:00:00Z;-1;9000003703;hourly;0,6352777778;0,0000000000;54,6105677929;15,4356785502;4,6653605290;0,0000000000;0,0000000000;24,2864549809;30,3241128120;7,8604240283;7,5752545219;3,1802120141;1,4851485149;1;3.2000634422, 0, 38.5380353667, 46.7110675205, 8.6391151675, 0, 2.9117185031, 0;3.2000634422, 0, 0, 0, 8.6391151675, 29.8989201992, 19.7094112584, 27.0016562621, 5.4390517252, 3.2000634422, 0, 0, 2.9117185031, 0, 0, 0, 0, 0, 0, 0, 0, 0, 0, 0, 0;Europe/Paris;37,0
2023-06-24T15:00:00Z;-1;9000003703;hourly;0,6133333333;1,7543859649;49,9537454953;23,0526129307;4,8260583199;1,7543859649;0,0000000000;19,2133967161;30,7403487793;7,0175438596;16,0350690710;0,0000000000;4,8260583199;1;3.0745165598, 3.0745165598, 51.6242272858, 35.4662641574, 6.7604754372, 0, 0, 0;3.0745165598, 0, 3.0745165598, 0, 22.8762837006, 28.7479435852, 22.6239395654, 12.842324592, 6.7604754372, 0, 0, 0, 0, 0, 0, 0, 0, 0, 0, 0, 0, 0, 0, 0, 0;Europe/Paris;34,5
2023-06-24T16:00:00Z;-1;9000003703;hourly;0,6563888889;4,6130663077;53,4412579446;15,5693533488;7,4452122014;0,0000000000;4,6130663077;30,3376812862;23,1035766584;5,8779035346;9,6914498141;4,4427080278;3,0025041736;1;2.6902429617, 5.5017489618, 66.0378619648, 23.07990315, 2.6902429617, 0, 0, 0;0, 2.6902429617, 2.6902429617, 2.8115060001, 19.4380159238, 46.599846041, 19.9496204473, 3.1302827027, 0, 2.6902429617, 0, 0, 0, 0, 0, 0, 0, 0, 0, 0, 0, 0, 0, 0, 0;Europe/Paris;30,0
2023-06-24T17:00:00Z;-1;9000003703;hourly;0,6263888889;0,0000000000;34,8764047785;25,5478338613;16,1651526264;0,0000000000;0,0000000000;7,9214398340;26,9549649445;8,0858033119;17,4620305494;4,8125937031;11,3525589232;1;22.5040834492, 4.4492089933, 18.5261485994, 32.2745139919, 13.3476269798, 4.4492089933, 0, 4.4492089933;22.5040834492, 0, 0, 4.4492089933, 0, 18.5261485994, 23.1672883631, 9.1072256288, 4.4492089933, 8.8984179865, 0, 4.4492089933, 0, 0, 0, 0, 0, 0, 0, 0, 0, 0, 0, 0, 4.4492089933;Europe/Paris;44,0
2023-06-24T18:00:00Z;-1;9000003703;hourly;0,6444444444;0,0000000000;8,1224487240;17,1962680869;7,9310685124;0,0000000000;0,0000000000;1,6453382084;6,4771105156;12,4308866197;4,7653814672;6,2857303040;1,6453382084;1;18.97329171, 0, 0, 81.02670829, 0, 0, 0, 0;18.97329171, 0, 0, 0, 0, 0, 81.02670829, 0, 0, 0, 0, 0, 0, 0, 0, 0, 0, 0, 0, 0, 0, 0, 0, 0, 0;Europe/Paris;31,5
2023-06-24T19:00:00Z;-1;9000003703;hourly;0,6300000000;3,1299356504;33,0906980898;10,8866393978;7,8685651800;1,6759776536;1,4539579968;18,5855060696;14,5051920201;4,6454473585;6,2411920393;7,8685651800;0,0000000000;1;0, 4.9631342378, 57.6480327408, 32.9949758933, 0, 4.3938571281, 0, 0;0, 0, 0, 4.9631342378, 24.207261637, 33.4407711038, 27.9301759635, 5.0647999298, 0, 0, 4.3938571281, 0, 0, 0, 0, 0, 0, 0, 0, 0, 0, 0, 0, 0, 0;Europe/Paris;31,5
2023-06-24T20:00:00Z;-1;9000003703;hourly;0,2447222222;0,0000000000;18,3983296766;0,0000000000;3,0150753769;0,0000000000;0,0000000000;12,3681789228;6,0301507538;0,0000000000;0,0000000000;0,0000000000;3,0150753769;1;0, 32.7755337565, 0, 50.8366993653, 0, 0, 0, 16.3877668782;0, 0, 32.7755337565, 0, 0, 0, 16.3877668782, 34.448932487, 0, 0, 0, 0, 0, 0, 0, 0, 16.3877668782, 0, 0, 0, 0, 0, 0, 0, 0;Europe/Paris;78,0
2023-06-25T03:00:00Z;-1;9000003703;hourly;0,0000000000;0,0000000000;0,0000000000;0,0000000000;0,0000000000;0,0000000000;0,0000000000;0,0000000000;0,0000000000;0,0000000000;0,0000000000;0,0000000000;0,0000000000;1;0, 0, 0, 0, 0, 0, 0, 0;0, 0, 0, 0, 0, 0, 0, 0, 0, 0, 0, 0, 0, 0, 0, 0, 0, 0, 0, 0, 0, 0, 0, 0, 0;Europe/Paris;NA
2023-06-25T04:00:00Z;-1;9000003703;hourly;0,5219444444;0,0000000000;1,7928286853;0,0000000000;0,0000000000;0,0000000000;0,0000000000;1,7928286853;0,0000000000;0,0000000000;0,0000000000;0,0000000000;0,0000000000;1;0, 0, 100, 0, 0, 0, 0, 0;0, 0, 0, 0, 0, 100, 0, 0, 0, 0, 0, 0, 0, 0, 0, 0, 0, 0, 0, 0, 0, 0, 0, 0, 0;Europe/Paris;26,5
2023-06-25T05:00:00Z;-1;9000003703;hourly;0,6650000000;1,4218009479;4,4068755747;1,4925373134;2,9143382613;0,0000000000;1,4218009479;1,4218009479;2,9850746269;1,4925373134;0,0000000000;0,0000000000;2,9143382613;1;0, 0, 32.2632423756, 67.7367576244, 0, 0, 0, 0;0, 0, 0, 0, 32.2632423756, 0, 33.8683788122, 33.8683788122, 0, 0, 0, 0, 0, 0, 0, 0, 0, 0, 0, 0, 0, 0, 0, 0, 0;Europe/Paris;35,5
2023-06-25T06:00:00Z;-1;9000003703;hourly;0,6702777778;0,0000000000;13,3623287269;2,9951409942;1,4446227929;0,0000000000;0,0000000000;4,3967832743;8,9655454526;1,4876033058;1,5075376884;0,0000000000;1,4446227929;1;11.4546818611, 0, 11.281998215, 65.981321709, 11.281998215, 0, 0, 0;11.4546818611, 0, 0, 0, 11.281998215, 0, 44.3590008925, 21.6223208165, 11.281998215, 0, 0, 0, 0, 0, 0, 0, 0, 0, 0, 0, 0, 0, 0, 0, 0;Europe/Paris;36,5
2023-06-25T07:00:00Z;-1;9000003703;hourly;0,6594444444;0,0000000000;16,5233481550;4,5096931201;6,0640124918;0,0000000000;0,0000000000;10,3795374754;6,1438106796;2,9390124918;1,5706806283;4,6077018122;1,4563106796;1;0, 0, 45.0303710471, 45.9962550442, 0, 0, 8.9733739087, 0;0, 0, 0, 0, 17.7870275699, 27.2433434772, 18.2699695685, 27.7262854757, 0, 0, 0, 0, 8.9733739087, 0, 0, 0, 0, 0, 0, 0, 0, 0, 0, 0, 0;Europe/Paris;36,5
2023-06-25T08:00:00Z;-1;9000003703;hourly;0,6433333333;0,0000000000;35,5892211965;19,1767561676;4,8139962752;0,0000000000;0,0000000000;13,9099339487;21,6792872477;6,3453026661;12,8314535015;3,1656446269;1,6483516484;1;0, 4.631603595, 34.4255715324, 56.9414711339, 4.0013537387, 0, 0, 0;0, 0, 0, 4.631603595, 12.661817995, 21.7637535375, 34.7819568446, 22.1595142893, 4.0013537387, 0, 0, 0, 0, 0, 0, 0, 0, 0, 0, 0, 0, 0, 0, 0, 0;Europe/Paris;35,0
2023-06-25T09:00:00Z;-1;9000003703;hourly;0,6544444444;1,5332197615;41,3744648731;10,7286164484;4,5798405426;0,0000000000;1,5332197615;4,6129486277;36,7615162454;7,6978925272;3,0307239212;0,0000000000;4,5798405426;1;0, 0, 51.8226304623, 33.2266392318, 11.2002911336, 3.7504391723, 0, 0;0, 0, 0, 0, 3.7504391723, 48.07219129, 22.1510928212, 11.0755464106, 7.5008783446, 3.699412789, 3.7504391723, 0, 0, 0, 0, 0, 0, 0, 0, 0, 0, 0, 0, 0, 0;Europe/Paris;37,5
2023-06-25T10:00:00Z;-1;9000003703;hourly;0,6261111111;0,0000000000;53,5169090902;1,6216216216;0,0000000000;0,0000000000;0,0000000000;16,1910784699;37,3258306203;1,6216216216;0,0000000000;0,0000000000;0,0000000000;1;0, 5.9346210771, 30.002935128, 57.7795062002, 6.2829375947, 0, 0, 0;0, 0, 0, 5.9346210771, 14.6581500692, 15.3447850588, 45.4363470823, 12.3431591179, 6.2829375947, 0, 0, 0, 0, 0, 0, 0, 0, 0, 0, 0, 0, 0, 0, 0, 0;Europe/Paris;34,0
2023-06-25T11:00:00Z;-1;9000003703;hourly;0,6119444444;0,0000000000;31,1277808267;7,9625769055;1,6728624535;0,0000000000;0,0000000000;4,7535211268;26,3742596999;0,0000000000;7,9625769055;0,0000000000;1,6728624535;1;0, 0, 20.8529580533, 52.8438451634, 26.3031967833, 0, 0, 0;0, 0, 0, 0, 0, 20.8529580533, 36.8765210833, 15.9673240801, 10.4645092238, 15.8386875594, 0, 0, 0, 0, 0, 0, 0, 0, 0, 0, 0, 0, 0, 0, 0;Europe/Paris;43,0
2023-06-25T12:00:00Z;-1;9000003703;hourly;0,5613888889;3,6429202237;51,7770212152;1,7441860465;0,0000000000;1,8987341772;1,7441860465;14,5832457210;37,1937754942;0,0000000000;1,7441860465;0,0000000000;0,0000000000;1;3.4488548082, 0, 24.7166235812, 54.3140955215, 13.8532893311, 3.6671367581, 0, 0;3.4488548082, 0, 0, 0, 6.8977096164, 17.8189139648, 37.0145020667, 17.2995934548, 6.8175036906, 7.0357856405, 0, 3.6671367581, 0, 0, 0, 0, 0, 0, 0, 0, 0, 0, 0, 0, 0;Europe/Paris;39,5
2023-06-25T13:00:00Z;-1;9000003703;hourly;0,5425000000;0,0000000000;40,3984276822;12,6388268270;3,8216560510;0,0000000000;0,0000000000;20,0287728544;20,3696548278;7,1255636349;5,5132631921;1,9108280255;1,9108280255;1;0, 22.6674477324, 45.0781474818, 32.2544047858, 0, 0, 0, 0;0, 0, 0, 22.6674477324, 17.9933864391, 27.0847610427, 23.0378679069, 9.2165368789, 0, 0, 0, 0, 0, 0, 0, 0, 0, 0, 0, 0, 0, 0, 0, 0, 0;Europe/Paris;31,0
2023-06-25T14:00:00Z;-1;9000003703;hourly;0,5747222222;1,7928286853;50,4578975460;5,2773866938;0,0000000000;1,7928286853;0,0000000000;27,7925509111;22,6653466350;1,6917293233;3,5856573705;0,0000000000;0,0000000000;1;0, 7.0031476463, 41.3720194763, 41.294725073, 6.8867385363, 0, 3.4433692681, 0;0, 0, 0, 7.0031476463, 6.7961235555, 34.5758959207, 30.9388231393, 10.3559019337, 3.4433692681, 3.4433692681, 0, 0, 3.4433692681, 0, 0, 0, 0, 0, 0, 0, 0, 0, 0, 0, 0;Europe/Paris;35,0
2023-06-25T15:00:00Z;-1;9000003703;hourly;0,6091666667;3,3214056335;66,2871335810;24,3617297755;0,0000000000;1,7341040462;1,5873015873;38,7950605955;27,4920729855;13,5403241419;10,8214056335;0,0000000000;0,0000000000;1;10.8893049111, 7.1760718485, 36.7305752417, 40.6440253779, 4.5600226206, 0, 0, 0;8.2732556832, 2.6160492279, 2.6160492279, 4.5600226206, 7.3886258483, 29.3419493934, 30.6393503017, 10.0046750762, 4.5600226206, 0, 0, 0, 0, 0, 0, 0, 0, 0, 0, 0, 0, 0, 0, 0, 0;Europe/Paris;32,5
2023-06-25T16:00:00Z;-1;9000003703;hourly;0,6427777778;0,0000000000;36,7922860835;9,4409434920;3,0716723549;0,0000000000;0,0000000000;18,2571782095;18,5351078740;1,5126050420;7,9283384500;3,0716723549;0,0000000000;1;4.0101064465, 4.111201567, 37.2886942994, 37.4529307409, 12.9627240581, 4.174342888, 0, 0;4.0101064465, 0, 0, 4.111201567, 4.0101064465, 33.2785878528, 16.5710889102, 20.8818418307, 8.8515224911, 4.111201567, 0, 4.174342888, 0, 0, 0, 0, 0, 0, 0, 0, 0, 0, 0, 0, 0;Europe/Paris;38,5
2023-06-25T17:00:00Z;-1;9000003703;hourly;0,6255555556;0,0000000000;39,0301604551;8,2011295148;3,2374100719;0,0000000000;0,0000000000;21,2421548470;17,7880056080;3,3009480266;4,9001814882;0,0000000000;3,2374100719;1;7.9651316552, 16.9901265145, 41.7073238089, 33.3374180214, 0, 0, 0, 0;0, 7.9651316552, 0, 16.9901265145, 21.0621760028, 20.6451478061, 16.5477179136, 16.7897001078, 0, 0, 0, 0, 0, 0, 0, 0, 0, 0, 0, 0, 0, 0, 0, 0, 0;Europe/Paris;33,0
2023-06-25T18:00:00Z;-1;9000003703;hourly;0,6175000000;0,0000000000;14,4177697442;6,4808625756;8,2573492110;0,0000000000;0,0000000000;3,2608267975;11,1569429467;4,8991402558;1,5817223199;4,9682268443;3,2891223667;1;0, 10.9706448912, 44.9505207161, 33.1081895016, 10.9706448912, 0, 0, 0;0, 0, 0, 10.9706448912, 10.9706448912, 33.9798758249, 10.9706448912, 22.1375446104, 0, 10.9706448912, 0, 0, 0, 0, 0, 0, 0, 0, 0, 0, 0, 0, 0, 0, 0;Europe/Paris;36,5
2023-06-25T19:00:00Z;-1;9000003703;hourly;0,6288888889;0,0000000000;14,8338042341;0,0000000000;4,5736900972;0,0000000000;0,0000000000;1,5228426396;13,3109615945;0,0000000000;0,0000000000;0,0000000000;4,5736900972;1;0, 0, 34.5835565003, 65.4164434997, 0, 0, 0, 0;0, 0, 0, 0, 22.4247927337, 12.1587637666, 12.1587637666, 53.2576797331, 0, 0, 0, 0, 0, 0, 0, 0, 0, 0, 0, 0, 0, 0, 0, 0, 0;Europe/Paris;36,0
2023-06-25T20:00:00Z;-1;9000003703;hourly;0,2066666667;0,0000000000;37,8280542986;0,0000000000;0,0000000000;0,0000000000;0,0000000000;26,6063348416;11,2217194570;0,0000000000;0,0000000000;0,0000000000;0,0000000000;1;40.6698564593, 0, 29.6650717703, 0, 20.3349282297, 0, 0, 9.3301435407;40.6698564593, 0, 0, 0, 20.3349282297, 9.3301435407, 0, 0, 20.3349282297, 0, 0, 0, 0, 0, 9.3301435407, 0, 0, 0, 0, 0, 0, 0, 0, 0, 0;Europe/Paris;41,0
2023-06-26T02:00:00Z;-1;9000003703;hourly;0,0000000000;0,0000000000;0,0000000000;0,0000000000;0,0000000000;0,0000000000;0,0000000000;0,0000000000;0,0000000000;0,0000000000;0,0000000000;0,0000000000;0,0000000000;1;0, 0, 0, 0, 0, 0, 0, 0;0, 0, 0, 0, 0, 0, 0, 0, 0, 0, 0, 0, 0, 0, 0, 0, 0, 0, 0, 0, 0, 0, 0, 0, 0;Europe/Paris;NA
2023-06-26T03:00:00Z;-1;9000003703;hourly;0,0000000000;0,0000000000;0,0000000000;0,0000000000;0,0000000000;0,0000000000;0,0000000000;0,0000000000;0,0000000000;0,0000000000;0,0000000000;0,0000000000;0,0000000000;1;0, 0, 0, 0, 0, 0, 0, 0;0, 0, 0, 0, 0, 0, 0, 0, 0, 0, 0, 0, 0, 0, 0, 0, 0, 0, 0, 0, 0, 0, 0, 0, 0;Europe/Paris;NA
2023-06-26T04:00:00Z;-1;9000003703;hourly;0,5688888889;3,1029694510;14,0634935484;7,6960051271;1,6129032258;3,1029694510;0,0000000000;12,5734273232;1,4900662252;6,2059389019;1,4900662252;0,0000000000;1,6129032258;1;0, 0, 32.6592795761, 67.3407204239, 0, 0, 0, 0;0, 0, 0, 0, 10.595277909, 22.0640016671, 67.3407204239, 0, 0, 0, 0, 0, 0, 0, 0, 0, 0, 0, 0, 0, 0, 0, 0, 0, 0;Europe/Paris;31,5
2023-06-26T05:00:00Z;-1;9000003703;hourly;0,6283333333;4,8135612722;24,6686592465;4,8135612722;7,8351621818;3,2428806440;1,5706806283;18,4377751396;6,2308841069;3,2428806440;1,5706806283;6,4178393471;1,4173228346;1;0, 5.7454392656, 44.7711619378, 35.7159767261, 7.4003122386, 6.3671098319, 0, 0;0, 0, 5.7454392656, 0, 19.5128613361, 25.2583006017, 11.4908785312, 24.2250981949, 7.4003122386, 0, 6.3671098319, 0, 0, 0, 0, 0, 0, 0, 0, 0, 0, 0, 0, 0, 0;Europe/Paris;37,0
2023-06-26T06:00:00Z;-1;9000003703;hourly;0,6236111111;11,9044193217;97,3169645136;15,9944830925;4,8359891128;1,6187050360;10,2857142857;58,5289377352;38,7880267784;12,8782738968;3,1162091957;4,8359891128;0,0000000000;1;8.2489759435, 9.91230879, 45.1420614493, 35.0333209707, 1.6633328465, 0, 0, 0;6.4874272528, 1.7615486908, 1.5387904537, 8.3735183364, 20.4458848726, 24.6961765767, 21.7318467055, 13.3014742652, 0, 1.6633328465, 0, 0, 0, 0, 0, 0, 0, 0, 0, 0, 0, 0, 0, 0, 0;Europe/Paris;32,5
2023-06-26T07:00:00Z;-1;9000003703;hourly;0,6569444444;4,6070411714;34,4566061640;6,0232870578;1,4778325123;1,4778325123;3,1292086591;22,1143192066;12,3422869575;6,0232870578;0,0000000000;1,4778325123;0,0000000000;1;18.7751513446, 9.0259821894, 13.8186078442, 39.6051072771, 18.7751513446, 0, 0, 0;18.7751513446, 0, 0, 9.0259821894, 4.7926256548, 9.0259821894, 17.767834294, 21.837272983, 13.9825256898, 4.7926256548, 0, 0, 0, 0, 0, 0, 0, 0, 0, 0, 0, 0, 0, 0, 0;Europe/Paris;39,0
2023-06-26T08:00:00Z;-1;9000003703;hourly;0,5694444444;8,7156840674;34,2749260029;21,9612823426;3,3149171271;7,0582255039;1,6574585635;17,5280422484;16,7468837545;3,7703321577;18,1909501849;0,0000000000;3,3149171271;1;5.5750026282, 0, 28.7781220523, 55.3858387371, 10.2610365825, 0, 0, 0;5.5750026282, 0, 0, 0, 14.3496389411, 14.4284831111, 40.2181287581, 15.167709979, 10.2610365825, 0, 0, 0, 0, 0, 0, 0, 0, 0, 0, 0, 0, 0, 0, 0, 0;Europe/Paris;36,0
2023-06-26T09:00:00Z;-1;9000003703;hourly;0,5900000000;10,2747329649;42,5326981691;1,6728624535;4,8474656281;5,2340928036;5,0406401613;25,5441844803;16,9885136888;1,6728624535;0,0000000000;1,6728624535;3,1746031746;1;12.6053301918, 0, 43.4211851215, 39.9885147055, 3.9849699812, 0, 0, 0;12.6053301918, 0, 0, 0, 12.0011815748, 31.4200035467, 32.3234377619, 7.6650769436, 3.9849699812, 0, 0, 0, 0, 0, 0, 0, 0, 0, 0, 0, 0, 0, 0, 0, 0;Europe/Paris;32,0
2023-06-26T10:00:00Z;-1;9000003703;hourly;0,6188888889;9,4886421723;43,5713855738;8,2915921288;1,6100178891;7,8786242832;1,6100178891;16,0523504070;27,5190351668;0,0000000000;8,2915921288;0,0000000000;1,6100178891;1;7.1968008915, 0, 32.8758572267, 56.2322152112, 3.6951266706, 0, 0, 0;3.4950521301, 3.7017487614, 0, 0, 11.0853800118, 21.7904772149, 26.0266287045, 30.2055865067, 0, 3.6951266706, 0, 0, 0, 0, 0, 0, 0, 0, 0, 0, 0, 0, 0, 0, 0;Europe/Paris;35,5
2023-06-26T11:00:00Z;-1;9000003703;hourly;0,6047222222;6,3396925929;33,3132883717;8,4369186497;4,4628099174;6,3396925929;0,0000000000;20,1313018578;13,1819865139;4,9622609777;3,4746576719;4,4628099174;0,0000000000;1;0, 0, 19.9455061123, 55.3710230991, 19.6242486559, 5.0592221327, 0, 0;0, 0, 0, 0, 0, 19.9455061123, 20.2573070787, 35.1137160204, 19.6242486559, 0, 5.0592221327, 0, 0, 0, 0, 0, 0, 0, 0, 0, 0, 0, 0, 0, 0;Europe/Paris;40,0
2023-06-26T12:00:00Z;-1;9000003703;hourly;0,6113888889;14,6191219863;24,6043697100;4,6418732782;0,0000000000;13,1315186805;1,4876033058;9,7157282053;14,8886415047;1,6666666667;2,9752066116;0,0000000000;0,0000000000;1;0, 0, 52.2827784978, 27.3956279847, 20.3215935175, 0, 0, 0;0, 0, 0, 0, 0, 52.2827784978, 14.2330226971, 13.1626052876, 20.3215935175, 0, 0, 0, 0, 0, 0, 0, 0, 0, 0, 0, 0, 0, 0, 0, 0;Europe/Paris;39,0
2023-06-26T13:00:00Z;-1;9000003703;hourly;0,6308333333;9,3865033748;26,4596023150;11,1588363540;9,5912707982;4,7927048903;4,5937984845;14,5045959066;11,9550064084;4,7445098421;6,4143265119;3,1468531469;6,4444176513;1;5.9465238921, 18.7734536413, 22.5341921753, 35.862291395, 16.8835388963, 0, 0, 0;5.9465238921, 0, 12.6447839723, 6.128669669, 11.5971771711, 10.9370150042, 29.3461770917, 6.5161143033, 11.4150313942, 5.4685075021, 0, 0, 0, 0, 0, 0, 0, 0, 0, 0, 0, 0, 0, 0, 0;Europe/Paris;38,5
2023-06-26T14:00:00Z;-1;9000003703;hourly;0,6377777778;17,1041451055;74,7378532501;31,7039557299;1,5679442509;7,9156465837;9,1884985217;23,7654623945;50,9723908557;7,9249079054;23,7790478246;1,5679442509;0,0000000000;1;6.5828751351, 8.2611803582, 50.9828835763, 29.8756216925, 4.2974392379, 0, 0, 0;6.5828751351, 0, 4.1528894574, 4.1082909008, 16.9989709831, 33.9839125932, 25.6797713096, 4.1958503829, 4.2974392379, 0, 0, 0, 0, 0, 0, 0, 0, 0, 0, 0, 0, 0, 0, 0, 0;Europe/Paris;31,0
2023-06-26T15:00:00Z;-1;9000003703;hourly;0,6422222222;18,9219146450;116,1514709237;24,9024404438;12,2508438200;14,2763283472;4,6455862978;35,9891083209;80,1623626028;12,4310558341;12,4713846097;6,2356923048;6,0151515152;1;2.7081760332, 6.4831749184, 21.5388780807, 57.4049648307, 10.5733890003, 0, 0, 1.2914171367;1.403714279, 1.3044617542, 3.9003406451, 2.5828342733, 9.3763143695, 12.1625637113, 36.2458336235, 21.1591312072, 9.268927246, 1.3044617542, 0, 0, 0, 0, 0, 0, 1.2914171367, 0, 0, 0, 0, 0, 0, 0, 0;Europe/Paris;37,0
2023-06-26T16:00:00Z;-1;9000003703;hourly;0,6283333333;3,2361212775;106,3289097212;25,2881179550;11,2007889648;1,4851485149;1,7509727626;31,3270222536;75,0018874675;4,8123034141;20,4758145409;4,8123034141;6,3884855507;1;1.4823646182, 5.8438433545, 31.7803604344, 52.3417043567, 7.1549777363, 1.3967495, 0, 0;1.4823646182, 0, 1.4823646182, 4.3614787363, 13.4988248028, 18.2815356316, 25.1008963936, 27.2408079631, 2.7934989999, 4.3614787363, 0, 1.3967495, 0, 0, 0, 0, 0, 0, 0, 0, 0, 0, 0, 0, 0;Europe/Paris;36,5
2023-06-26T17:00:00Z;-1;9000003703;hourly;0,5736111111;5,0631112385;92,8669489735;10,1875722480;16,1055240976;1,7077798861;3,3553313524;34,9589366086;57,9080123649;1,7077798861;8,4797923619;3,1034482759;13,0020758217;1;0, 0, 31.6867702661, 55.8414952636, 12.4717344703, 0, 0, 0;0, 0, 0, 0, 7.4973344749, 24.1894357912, 27.9346120168, 27.9068832468, 9.1299123149, 3.3418221554, 0, 0, 0, 0, 0, 0, 0, 0, 0, 0, 0, 0, 0, 0, 0;Europe/Paris;37,0
2023-06-26T18:00:00Z;-1;9000003703;hourly;0,5813888889;0,0000000000;38,3597095996;8,6520591008;5,3499948066;0,0000000000;0,0000000000;17,7283979672;20,6313116324;5,3499948066;3,3020642942;3,5990220440;1,7509727626;1;0, 4.4775032706, 32.6965736489, 58.6952686548, 4.1306544257, 0, 0, 0;0, 0, 0, 4.4775032706, 4.1306544257, 28.5659192232, 27.2789726521, 31.4162960027, 4.1306544257, 0, 0, 0, 0, 0, 0, 0, 0, 0, 0, 0, 0, 0, 0, 0, 0;Europe/Paris;36,0
2023-06-26T19:00:00Z;-1;9000003703;hourly;0,6002777778;1,5544041451;23,9547179687;3,2493193993;3,4124725061;0,0000000000;1,5544041451;12,0033460318;11,9513719369;0,0000000000;3,2493193993;0,0000000000;3,4124725061;1;0, 0, 85.7415988919, 14.2584011081, 0, 0, 0, 0;0, 0, 0, 0, 42.8976514254, 42.8439474665, 14.2584011081, 0, 0, 0, 0, 0, 0, 0, 0, 0, 0, 0, 0, 0, 0, 0, 0, 0, 0;Europe/Paris;27,5
2023-06-26T20:00:00Z;-1;9000003703;hourly;0,1586111111;0,0000000000;23,5298773249;0,0000000000;0,0000000000;0,0000000000;0,0000000000;18,5437277404;4,9861495845;0,0000000000;0,0000000000;0,0000000000;0,0000000000;1;0, 0, 57.6185671039, 42.3814328961, 0, 0, 0, 0;0, 0, 0, 0, 36.4278506559, 21.190716448, 21.190716448, 21.190716448, 0, 0, 0, 0, 0, 0, 0, 0, 0, 0, 0, 0, 0, 0, 0, 0, 0;Europe/Paris;34,0
2023-06-27T03:00:00Z;-1;9000003703;hourly;0,0233333333;0,0000000000;0,0000000000;0,0000000000;0,0000000000;0,0000000000;0,0000000000;0,0000000000;0,0000000000;0,0000000000;0,0000000000;0,0000000000;0,0000000000;1;0, 0, 0, 0, 0, 0, 0, 0;0, 0, 0, 0, 0, 0, 0, 0, 0, 0, 0, 0, 0, 0, 0, 0, 0, 0, 0, 0, 0, 0, 0, 0, 0;Europe/Paris;NA
2023-06-27T04:00:00Z;-1;9000003703;hourly;0,5555555556;1,5490533563;24,3698704593;1,6917293233;4,9167603332;1,5490533563;0,0000000000;12,0084246761;12,3614457831;1,6917293233;0,0000000000;1,6759776536;3,2407826796;1;0, 6.3564283564, 38.7240306447, 23.2645277843, 10.5516710716, 0, 0, 21.1033421431;0, 0, 0, 6.3564283564, 6.3564283564, 32.3676022883, 23.2645277843, 0, 10.5516710716, 0, 0, 0, 0, 0, 0, 10.5516710716, 0, 0, 0, 0, 0, 0, 0, 0, 10.5516710716;Europe/Paris;75,5
2023-06-27T05:00:00Z;-1;9000003703;hourly;0,5736111111;5,2671988584;70,2555140786;3,2200357782;5,2023121387;3,3441219353;1,9230769231;56,6308540230;13,6246600556;3,2200357782;0,0000000000;1,7341040462;3,4682080925;1;4.9365635395, 0, 37.5621853934, 50.4496482294, 7.0516028377, 0, 0, 0;4.9365635395, 0, 0, 0, 7.4048453092, 30.1573400842, 27.0668364193, 23.3828118101, 7.0516028377, 0, 0, 0, 0, 0, 0, 0, 0, 0, 0, 0, 0, 0, 0, 0, 0;Europe/Paris;36,0
2023-06-27T06:00:00Z;-1;9000003703;hourly;0,6611111111;28,2530995869;134,5641200569;16,7889242900;4,4955440643;11,9542768341;16,2988227528;92,3713938405;42,1927262165;12,1646703247;4,6242539653;0,0000000000;4,4955440643;1;0, 8.9444054021, 43.8831428746, 41.5523023099, 4.5237131304, 1.0964362829, 0, 0;0, 0, 1.0964362829, 7.8479691192, 17.8961821682, 25.9869607064, 26.9362370651, 14.6160652448, 3.4015216329, 1.1221914976, 1.0964362829, 0, 0, 0, 0, 0, 0, 0, 0, 0, 0, 0, 0, 0, 0;Europe/Paris;34,5
2023-06-27T07:00:00Z;-1;9000003703;hourly;0,6422222222;7,6728628708;38,7451986176;1,6245487365;1,6245487365;4,5150943729;3,1577684980;18,5034942396;20,2417043780;1,6245487365;0,0000000000;1,6245487365;0,0000000000;1;0, 3.9571864804, 47.9174901323, 39.6067804249, 8.5185429624, 0, 0, 0;0, 0, 0, 3.9571864804, 12.4757294428, 35.4417606896, 23.2315037131, 16.3752767118, 8.5185429624, 0, 0, 0, 0, 0, 0, 0, 0, 0, 0, 0, 0, 0, 0, 0, 0;Europe/Paris;35,5
2023-06-27T08:00:00Z;-1;9000003703;hourly;0,6250000000;6,6465482165;26,7516222247;9,7803190553;4,6556183542;1,5410958904;5,1054523261;12,6345108167;14,1171114080;4,6748667292;5,1054523261;1,5410958904;3,1145224638;1;0, 0, 40.5670075173, 47.0102912337, 5.7607567775, 6.6619444714, 0, 0;0, 0, 0, 0, 11.5215135551, 29.0454939623, 23.9442148041, 23.0660764296, 0, 5.7607567775, 6.6619444714, 0, 0, 0, 0, 0, 0, 0, 0, 0, 0, 0, 0, 0, 0;Europe/Paris;37,0
2023-06-27T09:00:00Z;-1;9000003703;hourly;0,6022222222;3,2490974729;52,1415719069;3,3722842249;3,2820073000;1,6245487365;1,6245487365;27,1489545438;24,9926173631;3,3722842249;0,0000000000;1,6245487365;1,6574585635;1;3.0495935372, 3.4179602813, 38.8934696406, 38.5221630113, 16.1168135296, 0, 0, 0;3.0495935372, 0, 0, 3.4179602813, 13.0011638147, 25.8923058259, 22.2791168966, 16.2430461147, 12.6988532483, 3.4179602813, 0, 0, 0, 0, 0, 0, 0, 0, 0, 0, 0, 0, 0, 0, 0;Europe/Paris;38,0
2023-06-27T10:00:00Z;-1;9000003703;hourly;0,6155555556;3,2308075900;54,8729034138;11,6931201592;1,4729950900;3,2308075900;0,0000000000;18,4036110959;36,4692923180;3,0519424584;8,6411777008;1,4729950900;0,0000000000;1;0, 3.2034253532, 14.1340163468, 73.6387075793, 6.3394746474, 0, 0, 2.6843760734;0, 0, 0, 3.2034253532, 11.2565535734, 2.8774627734, 35.2503910234, 38.3883165559, 3.2034253532, 3.1360492942, 0, 0, 0, 0, 2.6843760734, 0, 0, 0, 0, 0, 0, 0, 0, 0, 0;Europe/Paris;36,5
2023-06-27T11:00:00Z;-1;9000003703;hourly;0,6280555556;1,4634146341;59,6014637813;14,1761014732;3,3306345512;0,0000000000;1,4634146341;28,6648553932;30,9366083882;6,2848432056;7,8912582676;0,0000000000;3,3306345512;1;4.9553830929, 5.1965319068, 30.0505057609, 46.993898384, 4.9553830929, 0, 0, 7.8482977626;0, 4.9553830929, 2.6964821922, 2.5000497146, 7.8482977626, 22.2022079983, 25.1833342381, 21.8105641459, 4.9553830929, 0, 0, 0, 0, 0, 0, 5.3929643844, 0, 0, 0, 0, 0, 0, 0, 2.4553333782, 0;Europe/Paris;37,0
2023-06-27T12:00:00Z;-1;9000003703;hourly;0,6236111111;3,5284597939;40,1828407467;10,1182502392;3,4374261721;3,5284597939;0,0000000000;11,0378958819;29,1449448648;1,9522776573;8,1659725819;1,4851485149;1,9522776573;1;3.9225254047, 3.6959769077, 43.6543205627, 40.1727143039, 3.6959769077, 4.8584859134, 0, 0;3.9225254047, 0, 0, 3.6959769077, 11.31447922, 32.3398413427, 23.7792895976, 16.3934247063, 3.6959769077, 0, 4.8584859134, 0, 0, 0, 0, 0, 0, 0, 0, 0, 0, 0, 0, 0, 0;Europe/Paris;35,5
2023-06-27T13:00:00Z;-1;9000003703;hourly;0,5883333333;6,7131850768;42,7206249866;10,0701822038;1,7964071856;3,2562612860;3,4569237908;17,2206562069;25,4999687797;6,5125225720;3,5576596318;0,0000000000;1,7964071856;1;0, 12.0630358621, 31.8305845363, 56.1063796016, 0, 0, 0, 0;0, 0, 4.1227216286, 7.9403142336, 11.3575257113, 20.473058825, 35.4817033217, 20.6246762799, 0, 0, 0, 0, 0, 0, 0, 0, 0, 0, 0, 0, 0, 0, 0, 0, 0;Europe/Paris;34,0
2023-06-27T14:00:00Z;-1;9000003703;hourly;0,5611111111;8,9346363551;92,4651633556;49,7889686813;8,7209302326;1,8218623482;7,1127740069;40,3977112239;52,0674521317;16,5040314643;33,2849372170;6,9767441860;1,7441860465;1;0, 6.1527812587, 51.3922435369, 34.4367743633, 6.131883894, 1.8863169471, 0, 0;0, 0, 0, 6.1527812587, 19.4934228842, 31.8988206527, 20.3497982814, 14.0869760819, 6.131883894, 0, 1.8863169471, 0, 0, 0, 0, 0, 0, 0, 0, 0, 0, 0, 0, 0, 0;Europe/Paris;35,0
2023-06-27T15:00:00Z;-1;9000003703;hourly;0,5952777778;16,8095932891;94,5798555408;28,4425534817;6,7408466095;10,0068335714;6,8027597176;28,9792726247;65,6005829161;10,0160757789;18,4264777029;3,3302754178;3,4105711917;1;1.8405741573, 0, 37.4178999087, 50.1224600699, 7.0130430252, 3.6060228388, 0, 0;1.8405741573, 0, 0, 0, 17.8408833979, 19.5770165109, 34.0470253535, 16.0754347164, 5.2573661999, 1.7556768253, 3.6060228388, 0, 0, 0, 0, 0, 0, 0, 0, 0, 0, 0, 0, 0, 0;Europe/Paris;36,0
2023-06-27T16:00:00Z;-1;9000003703;hourly;0,5911111111;10,0068108827;117,3130206893;12,1700672565;3,4500492395;1,6333938294;8,3734170533;31,9411712982;85,3718493911;3,4500492395;8,7200180170;3,4500492395;0,0000000000;1;4.2629544197, 2.9408919992, 30.4567621579, 59.422363789, 2.9170276341, 0, 0, 0;2.9170276341, 1.3459267856, 0, 2.9408919992, 7.0912593875, 23.3655027705, 30.915310025, 28.507053764, 2.9170276341, 0, 0, 0, 0, 0, 0, 0, 0, 0, 0, 0, 0, 0, 0, 0, 0;Europe/Paris;35,5
2023-06-27T17:00:00Z;-1;9000003703;hourly;0,5802777778;3,7578288100;68,4284318089;14,3172079606;1,6759776536;0,0000000000;3,7578288100;22,2421016637;46,1863301453;6,8015503405;7,5156576200;1,6759776536;0,0000000000;1;2.2953625953, 5.0411721299, 35.6124787858, 44.0689536379, 12.9820328511, 0, 0, 0;2.2953625953, 0, 0, 5.0411721299, 10.4174671987, 25.1950115871, 22.4986061711, 21.5703474668, 7.7869816645, 5.1950511866, 0, 0, 0, 0, 0, 0, 0, 0, 0, 0, 0, 0, 0, 0, 0;Europe/Paris;37,0
2023-06-27T18:00:00Z;-1;9000003703;hourly;0,6247222222;1,5463917526;30,4120890654;7,9416596556;9,4764526746;1,5463917526;0,0000000000;17,4926151350;12,9194739303;1,5254237288;6,4162359268;4,5762711864;4,9001814882;1;5.6261396982, 0, 31.6222588716, 62.7516014302, 0, 0, 0, 0;5.6261396982, 0, 0, 0, 10.7109326214, 20.9113262502, 31.4843661821, 31.2672352481, 0, 0, 0, 0, 0, 0, 0, 0, 0, 0, 0, 0, 0, 0, 0, 0, 0;Europe/Paris;35,0
2023-06-27T19:00:00Z;-1;9000003703;hourly;0,6608333333;1,6885553471;31,7887852377;4,2618489458;1,5734265734;0,0000000000;1,6885553471;10,6706840132;21,1181012245;0,0000000000;4,2618489458;1,5734265734;0,0000000000;1;0, 9.325496712, 27.2477155127, 48.7894953012, 14.6372924741, 0, 0, 0;0, 0, 4.9496278693, 4.3758688427, 4.9496278693, 22.2980876434, 24.1023703294, 24.6871249718, 10.2614236314, 4.3758688427, 0, 0, 0, 0, 0, 0, 0, 0, 0, 0, 0, 0, 0, 0, 0;Europe/Paris;37,5
2023-06-27T20:00:00Z;-1;9000003703;hourly;0,2077777778;0,0000000000;14,3610547667;0,0000000000;0,0000000000;0,0000000000;0,0000000000;7,3022312373;7,0588235294;0,0000000000;0,0000000000;0,0000000000;0,0000000000;1;0, 0, 25.4237288136, 74.5762711864, 0, 0, 0, 0;0, 0, 0, 0, 0, 25.4237288136, 25.4237288136, 49.1525423729, 0, 0, 0, 0, 0, 0, 0, 0, 0, 0, 0, 0, 0, 0, 0, 0, 0;Europe/Paris;36,0
2023-06-28T03:00:00Z;-1;9000003703;hourly;0,0250000000;0,0000000000;0,0000000000;0,0000000000;0,0000000000;0,0000000000;0,0000000000;0,0000000000;0,0000000000;0,0000000000;0,0000000000;0,0000000000;0,0000000000;1;0, 0, 0, 0, 0, 0, 0, 0;0, 0, 0, 0, 0, 0, 0, 0, 0, 0, 0, 0, 0, 0, 0, 0, 0, 0, 0, 0, 0, 0, 0, 0, 0;Europe/Paris;NA
2023-06-28T04:00:00Z;-1;9000003703;hourly;0,4938888889;0,0000000000;10,2263842008;6,9257660112;5,9512475245;0,0000000000;0,0000000000;7,6475876392;2,5787965616;6,9257660112;0,0000000000;4,1830746365;1,7681728880;1;0, 0, 67.0220588562, 32.9779411438, 0, 0, 0, 0;0, 0, 0, 0, 0, 67.0220588562, 15.6876374226, 17.2903037212, 0, 0, 0, 0, 0, 0, 0, 0, 0, 0, 0, 0, 0, 0, 0, 0, 0;Europe/Paris;33,0
2023-06-28T05:00:00Z;-1;9000003703;hourly;0,6136111111;6,6219581721;40,7857746899;4,7286628438;0,0000000000;4,9206349206;1,7013232514;24,4271699581;16,3586047318;3,1579822156;1,5706806283;0,0000000000;0,0000000000;1;0, 0, 15.7652665523, 67.9545626081, 16.2801708396, 0, 0, 0;0, 0, 0, 0, 3.8510501277, 11.9142164246, 31.9323509993, 36.0222116089, 16.2801708396, 0, 0, 0, 0, 0, 0, 0, 0, 0, 0, 0, 0, 0, 0, 0, 0;Europe/Paris;38,0
2023-06-28T06:00:00Z;-1;9000003703;hourly;0,6575000000;10,4696306471;39,7831059343;13,5822014955;0,0000000000;4,4540850433;6,0155456038;30,5578394768;9,2252664575;12,1140122623;1,4681892333;0,0000000000;0,0000000000;1;3.8149524555, 0, 23.0118143066, 65.366238095, 7.8069951429, 0, 0, 0;3.8149524555, 0, 0, 0, 7.6299049111, 15.3819093955, 45.9228084012, 19.4434296938, 7.8069951429, 0, 0, 0, 0, 0, 0, 0, 0, 0, 0, 0, 0, 0, 0, 0, 0;Europe/Paris;35,5
2023-06-28T07:00:00Z;-1;9000003703;hourly;0,6850000000;3,3149171271;39,2803014300;7,4049736085;1,3657056146;1,6574585635;1,6574585635;17,6503688387;21,6299325912;5,7475150450;1,6574585635;0,0000000000;1,3657056146;1;3.4768206069, 11.4724753116, 28.3265844467, 49.5974484686, 7.1266711662, 0, 0, 0;3.4768206069, 0, 7.9091397285, 3.5633355831, 14.3327870429, 13.9937974038, 22.7321983155, 26.8652501531, 7.1266711662, 0, 0, 0, 0, 0, 0, 0, 0, 0, 0, 0, 0, 0, 0, 0, 0;Europe/Paris;36,0
2023-06-28T08:00:00Z;-1;9000003703;hourly;0,6044444444;0,0000000000;53,2118293691;3,2726948457;1,7142857143;0,0000000000;0,0000000000;29,8641957294;23,3476336398;0,0000000000;3,2726948457;0,0000000000;1,7142857143;1;0, 3.2216252187, 22.0956103483, 49.8807110172, 18.5595375427, 3.0751877088, 3.1673281644, 0;0, 0, 0, 3.2216252187, 6.2425158732, 15.853094475, 40.5087713204, 9.3719396968, 18.5595375427, 0, 3.0751877088, 0, 3.1673281644, 0, 0, 0, 0, 0, 0, 0, 0, 0, 0, 0, 0;Europe/Paris;40,0
2023-06-28T09:00:00Z;-1;9000003703;hourly;0,5902777778;6,7873083834;42,0475778724;10,1144802872;1,5734265734;3,3485745024;3,4387338809;16,9442821356;25,1032957368;6,6757464063;3,4387338809;1,5734265734;0,0000000000;1;4.2217602507, 8.1949171489, 8.1949171489, 67.451473535, 11.9369319165, 0, 0, 0;4.2217602507, 0, 3.9564370556, 4.2384800933, 0, 8.1949171489, 15.4478045536, 52.0036689814, 11.9369319165, 0, 0, 0, 0, 0, 0, 0, 0, 0, 0, 0, 0, 0, 0, 0, 0;Europe/Paris;37,0
2023-06-28T10:00:00Z;-1;9000003703;hourly;0,5927777778;3,4482758621;63,1938571841;6,5151355725;0,0000000000;1,7241379310;1,7241379310;17,9190004873;45,2748566968;1,8108651911;4,7042703814;0,0000000000;0,0000000000;1;0, 2.7283315307, 23.7182559347, 54.8824634316, 16.3130201973, 0, 0, 2.3579289057;0, 0, 2.7283315307, 0, 5.2235004531, 18.4947554816, 41.7856398043, 13.0968236273, 16.3130201973, 0, 0, 0, 0, 0, 0, 0, 2.3579289057, 0, 0, 0, 0, 0, 0, 0, 0;Europe/Paris;38,5
2023-06-28T11:00:00Z;-1;9000003703;hourly;0,6380555556;9,2934992640;40,6951850979;18,8264358133;4,8829739924;6,1925518263;3,1009474377;17,3914402095;23,3037448884;7,4686076417;11,3578281716;1,6157989228;3,2671750696;1;0, 0, 31.168397115, 45.0495200144, 23.7820828706, 0, 0, 0;0, 0, 0, 0, 0, 31.168397115, 19.1874068894, 25.862113125, 19.8115912291, 3.9704916415, 0, 0, 0, 0, 0, 0, 0, 0, 0, 0, 0, 0, 0, 0, 0;Europe/Paris;39,5
2023-06-28T12:00:00Z;-1;9000003703;hourly;0,6366666667;3,1395602796;62,4533380220;4,6376674935;5,9405940594;3,1395602796;0,0000000000;26,6976339395;35,7557040825;4,6376674935;0,0000000000;4,4554455446;1,4851485149;1;0, 2.6490365721, 37.3731966221, 49.4890770274, 7.8396532064, 0, 0, 2.6490365721;0, 0, 2.6490365721, 0, 14.9944417015, 22.3787549206, 29.4468363155, 20.0422407118, 5.2980731442, 2.5415800621, 0, 0, 0, 0, 0, 2.6490365721, 0, 0, 0, 0, 0, 0, 0, 0, 0;Europe/Paris;36,5
2023-06-28T13:00:00Z;-1;9000003703;hourly;0,5797222222;3,7190082645;58,2732434591;4,8695184288;5,2289839374;1,8595041322;1,8595041322;26,6538247485;31,6194187105;3,2822168415;1,5873015873;1,8595041322;3,3694798051;1;2.9085651555, 2.9085651555, 35.2589489998, 52.8072945602, 6.116626129, 0, 0, 0;2.9085651555, 0, 2.9085651555, 0, 5.9149028181, 29.3440461817, 38.3513670791, 14.4559274811, 6.116626129, 0, 0, 0, 0, 0, 0, 0, 0, 0, 0, 0, 0, 0, 0, 0, 0;Europe/Paris;34,5
2023-06-28T14:00:00Z;-1;9000003703;hourly;0,6338888889;9,2631716395;38,2603610025;9,4087236690;0,0000000000;6,1514881090;3,1116835305;4,7767698682;33,4835911343;6,3205091478;3,0882145211;0,0000000000;0,0000000000;1;0, 12.8001431145, 36.6977129901, 46.4673171474, 0, 4.0348267479, 0, 0;0, 0, 12.8001431145, 0, 4.0348267479, 32.6628862422, 29.9475850221, 16.5197321254, 0, 0, 0, 4.0348267479, 0, 0, 0, 0, 0, 0, 0, 0, 0, 0, 0, 0, 0;Europe/Paris;34,0
2023-06-28T15:00:00Z;-1;9000003703;hourly;0,6161111111;10,8084163898;77,0670146097;18,9858076841;11,0519129657;1,4950166113;9,3133997785;29,9691930664;47,0978215433;1,4950166113;17,4907910728;6,3140475512;4,7378654146;1;0, 4.1025116828, 33.2901294068, 47.3149373469, 15.2924215635, 0, 0, 0;0, 0, 2.1626199939, 1.9398916889, 12.3845758515, 20.9055535553, 31.961764112, 15.3531732349, 15.2924215635, 0, 0, 0, 0, 0, 0, 0, 0, 0, 0, 0, 0, 0, 0, 0, 0;Europe/Paris;37,5
2023-06-28T16:00:00Z;-1;9000003703;hourly;0,5975000000;17,8203259937;95,9994693176;10,2120888344;14,0733626748;7,8775230612;9,9428029324;37,4508281126;58,5486412051;5,2631979715;4,9488908629;1,7612524462;12,3121102287;1;1.5072430586, 6.0289722346, 28.9093777703, 52.8336689603, 8.8606086459, 1.8601293303, 0, 0;1.5072430586, 0, 1.5072430586, 4.5217291759, 8.5586848216, 20.3506929487, 31.0459497012, 21.7877192591, 3.6947774369, 5.165831209, 1.8601293303, 0, 0, 0, 0, 0, 0, 0, 0, 0, 0, 0, 0, 0, 0;Europe/Paris;36,5
2023-06-28T17:00:00Z;-1;9000003703;hourly;0,6108333333;6,3127699126;76,4092654680;24,7029696197;0,0000000000;3,1931858571;3,1195840555;23,0080904946;53,4011749735;21,4887658273;3,2142037924;0,0000000000;0,0000000000;1;2.0413650336, 0, 34.2621722653, 51.0344360421, 10.4968288199, 2.165197839, 0, 0;2.0413650336, 0, 0, 0, 6.2204208557, 28.0417514096, 31.9043229168, 19.1301131253, 10.4968288199, 0, 2.165197839, 0, 0, 0, 0, 0, 0, 0, 0, 0, 0, 0, 0, 0, 0;Europe/Paris;37,0
2023-06-28T18:00:00Z;-1;9000003703;hourly;0,6491666667;0,0000000000;29,2123900630;9,2112234466;3,0444703702;0,0000000000;0,0000000000;15,3136666164;13,8987234466;1,4900662252;7,7211572215;0,0000000000;3,0444703702;1;0, 16.0185597104, 36.6512162239, 41.9814662385, 5.3487578272, 0, 0, 0;0, 0, 5.321044056, 10.6975156543, 15.7798100081, 20.8714062158, 20.8806121744, 21.1008540641, 5.3487578272, 0, 0, 0, 0, 0, 0, 0, 0, 0, 0, 0, 0, 0, 0, 0, 0;Europe/Paris;35,0
2023-06-28T19:00:00Z;-1;9000003703;hourly;0,6402777778;0,0000000000;41,3934046849;5,8728194483;0,0000000000;0,0000000000;0,0000000000;23,2381675675;18,1552371174;1,4729950900;4,3998243583;0,0000000000;0,0000000000;1;0, 3.5585260532, 42.3661165417, 38.8979671099, 8.0603381888, 0, 0, 7.1170521064;0, 0, 0, 3.5585260532, 15.1318348315, 27.2342817102, 27.256692289, 11.6412748209, 8.0603381888, 0, 0, 0, 0, 0, 7.1170521064, 0, 0, 0, 0, 0, 0, 0, 0, 0, 0;Europe/Paris;37,5
2023-06-28T20:00:00Z;-1;9000003703;hourly;0,2241666667;0,0000000000;11,4832535885;8,6124401914;2,8708133971;0,0000000000;0,0000000000;8,6124401914;2,8708133971;5,7416267943;2,8708133971;2,8708133971;0,0000000000;1;0, 0, 0, 100, 0, 0, 0, 0;0, 0, 0, 0, 0, 0, 25, 75, 0, 0, 0, 0, 0, 0, 0, 0, 0, 0, 0, 0, 0, 0, 0, 0, 0;Europe/Paris;36,5
2023-06-29T03:00:00Z;-1;9000003703;hourly;0,0000000000;0,0000000000;0,0000000000;0,0000000000;0,0000000000;0,0000000000;0,0000000000;0,0000000000;0,0000000000;0,0000000000;0,0000000000;0,0000000000;0,0000000000;1;0, 0, 0, 0, 0, 0, 0, 0;0, 0, 0, 0, 0, 0, 0, 0, 0, 0, 0, 0, 0, 0, 0, 0, 0, 0, 0, 0, 0, 0, 0, 0, 0;Europe/Paris;NA
2023-06-29T04:00:00Z;-1;9000003703;hourly;0,5227777778;1,8672199170;2,3809523810;5,8025764430;2,3809523810;1,8672199170;0,0000000000;2,3809523810;0,0000000000;4,2481722980;1,5544041451;0,0000000000;2,3809523810;1;0, 0, 100, 0, 0, 0, 0, 0;0, 0, 0, 0, 0, 100, 0, 0, 0, 0, 0, 0, 0, 0, 0, 0, 0, 0, 0, 0, 0, 0, 0, 0, 0;Europe/Paris;26,5
2023-06-29T05:00:00Z;-1;9000003703;hourly;0,6077777778;6,3046799860;36,0238974928;5,0432098119;3,0405405405;3,1160149511;3,1886650348;30,5765874172;5,4473100756;5,0432098119;0,0000000000;1,5202702703;1,5202702703;1;0, 0, 33.5350052477, 62.043151296, 4.4218434563, 0, 0, 0;0, 0, 0, 0, 10.699535558, 22.8354696897, 35.1891819788, 26.8539693172, 0, 4.4218434563, 0, 0, 0, 0, 0, 0, 0, 0, 0, 0, 0, 0, 0, 0, 0;Europe/Paris;35,5
2023-06-29T06:00:00Z;-1;9000003703;hourly;0,6594444444;15,1371284939;120,2119893197;18,6177617871;3,0508474576;7,4425132247;7,6946152692;64,5288276502;55,6831616695;12,4733763312;6,1443854559;0,0000000000;3,0508474576;1;4.9989957238, 6.4363844685, 38.5614753214, 45.0269311605, 4.9762133258, 0, 0, 0;4.9989957238, 0, 2.5172542192, 3.9191302494, 6.4570197518, 32.1044555696, 26.9725285668, 18.0544025937, 3.7094156893, 1.2667976366, 0, 0, 0, 0, 0, 0, 0, 0, 0, 0, 0, 0, 0, 0, 0;Europe/Paris;34,5
2023-06-29T07:00:00Z;-1;9000003703;hourly;0,6700000000;8,9993133114;35,8392432134;7,4026317567;1,5151515152;7,4892461973;1,5100671141;14,8969280010;20,9423152124;4,3722943723;3,0303373844;0,0000000000;1,5151515152;1;0, 12.4556012174, 42.0492208455, 32.8264669451, 8.4552651189, 4.213445873, 0, 0;0, 0, 8.4695476613, 3.9860535561, 8.2279686579, 33.8212521876, 24.6269675161, 8.1994994291, 8.4552651189, 0, 4.213445873, 0, 0, 0, 0, 0, 0, 0, 0, 0, 0, 0, 0, 0, 0;Europe/Paris;36,0
2023-06-29T08:00:00Z;-1;9000003703;hourly;0,6341666667;13,4392842783;38,0503744953;3,2828949104;4,6284258152;6,8710233692;6,5682609091;20,8958939586;17,1544805367;3,2828949104;0,0000000000;1,5679442509;3,0604815643;1;3.9160356368, 8.0432363805, 42.5477812833, 40.7812225468, 4.7117241526, 0, 0, 0;3.9160356368, 0, 3.9225298916, 4.1207064889, 17.2555195788, 25.2922617045, 28.6237739323, 12.1574486145, 4.7117241526, 0, 0, 0, 0, 0, 0, 0, 0, 0, 0, 0, 0, 0, 0, 0, 0;Europe/Paris;33,5
2023-06-29T09:00:00Z;-1;9000003703;hourly;0,6102777778;5,0280165108;31,6354267604;1,6635859519;3,3566113019;5,0280165108;0,0000000000;6,6438154336;24,9916113268;0,0000000000;1,6635859519;1,7408123791;1,6157989228;1;0, 0, 31.3673666661, 58.0223408686, 10.6102924652, 0, 0, 0;0, 0, 0, 0, 10.1467817356, 21.2205849305, 32.1577050248, 25.8646358438, 5.5027308223, 5.107561643, 0, 0, 0, 0, 0, 0, 0, 0, 0, 0, 0, 0, 0, 0, 0;Europe/Paris;36,5
2023-06-29T10:00:00Z;-1;9000003703;hourly;0,6722222222;9,2380630812;57,0028543549;10,5317620610;6,1393111142;4,7535211268;4,4845419544;18,1853180999;38,8175362550;5,9236449655;4,6081170956;3,0696555571;3,0696555571;1;0, 0, 26.4238513837, 50.2295601295, 18.1782851636, 5.1683033232, 0, 0;0, 0, 0, 0, 5.5593954379, 20.8644559457, 13.5073964801, 36.7221636494, 10.0815246284, 8.0967605353, 2.3886056042, 2.779697719, 0, 0, 0, 0, 0, 0, 0, 0, 0, 0, 0, 0, 0;Europe/Paris;41,5
2023-06-29T11:00:00Z;-1;9000003703;hourly;0,6241666667;1,6605166052;46,2569374949;1,6071428571;1,6071428571;0,0000000000;1,6605166052;20,7917102433;25,4652272516;0,0000000000;1,6071428571;0,0000000000;1,6071428571;1;10.549488129, 7.0119352235, 23.7707205218, 51.6037060992, 3.4743823179, 3.5897677086, 0, 0;0, 10.549488129, 3.5375529055, 3.4743823179, 6.807559793, 16.9631607288, 31.6639039533, 19.9398021459, 3.4743823179, 0, 3.5897677086, 0, 0, 0, 0, 0, 0, 0, 0, 0, 0, 0, 0, 0, 0;Europe/Paris;35,5
2023-06-29T12:00:00Z;-1;9000003703;hourly;0,6319444444;6,7831065383;26,6552260945;7,7295913485;0,0000000000;5,0655492864;1,7175572519;8,1743575766;18,4808685179;4,4576299515;3,2719613970;0,0000000000;0,0000000000;1;0, 0, 28.9984084964, 59.7241893249, 11.2774021787, 0, 0, 0;0, 0, 0, 0, 11.2774021787, 17.7210063178, 36.2132778387, 23.5109114862, 11.2774021787, 0, 0, 0, 0, 0, 0, 0, 0, 0, 0, 0, 0, 0, 0, 0, 0;Europe/Paris;36,5
2023-06-29T13:00:00Z;-1;9000003703;hourly;0,5408333333;15,8437545528;15,3960648290;10,3754809353;0,0000000000;13,6802930143;2,1634615385;9,8806479833;5,5154168457;8,6995032817;1,6759776536;0,0000000000;0,0000000000;1;24.9377956947, 0, 38.9898379697, 36.0723663355, 0, 0, 0, 0;0, 24.9377956947, 0, 0, 14.052042275, 24.9377956947, 36.0723663355, 0, 0, 0, 0, 0, 0, 0, 0, 0, 0, 0, 0, 0, 0, 0, 0, 0, 0;Europe/Paris;30,5
2023-06-29T14:00:00Z;-1;9000003703;hourly;0,6122222222;12,6581097046;72,9540502397;25,4593785029;5,1233396584;8,0674656786;4,5906440260;29,8330511563;43,1209990835;16,4476385795;9,0117399234;3,4155597723;1,7077798861;1;11.4307900203, 4.3867574029, 33.8702394406, 43.7246603096, 4.4642254018, 0, 0, 2.1233274249;6.9665646185, 4.4642254018, 0, 4.3867574029, 9.3914358363, 24.4788036043, 19.7756689638, 23.9489913458, 4.4642254018, 0, 0, 0, 0, 0, 2.1233274249, 0, 0, 0, 0, 0, 0, 0, 0, 0, 0;Europe/Paris;35,5
2023-06-29T15:00:00Z;-1;9000003703;hourly;0,6105555556;1,7307692308;74,3440153819;30,9696469205;1,5597920277;1,7307692308;0,0000000000;14,5949204429;59,7490949390;27,8500628651;3,1195840555;1,5597920277;0,0000000000;1;6.5306856753, 4.2256452405, 43.0718301284, 41.7687250987, 4.403113857, 0, 0, 0;6.5306856753, 0, 2.0980734222, 2.1275718183, 21.4471807559, 21.6246493725, 30.4109459958, 11.357779103, 4.403113857, 0, 0, 0, 0, 0, 0, 0, 0, 0, 0, 0, 0, 0, 0, 0, 0;Europe/Paris;33,0
2023-06-29T16:00:00Z;-1;9000003703;hourly;0,6083333333;1,7441860465;76,9697396294;21,0247863340;4,8965503197;1,7441860465;0,0000000000;27,6489021505;49,3208374789;12,8555802528;8,1692060813;3,3203681831;1,5761821366;1;4.313861784, 14.5672302994, 31.7498086999, 40.9524504522, 8.4166487645, 0, 0, 0;4.313861784, 0, 6.1505815348, 8.4166487645, 16.8152194666, 14.9345892334, 21.5001225032, 19.4523279489, 8.4166487645, 0, 0, 0, 0, 0, 0, 0, 0, 0, 0, 0, 0, 0, 0, 0, 0;Europe/Paris;36,0
2023-06-29T17:00:00Z;-1;9000003703;hourly;0,6283333333;3,1613715005;93,8955484453;6,0051988622;12,7948504273;1,5570934256;1,6042780749;27,2500388339;66,6455096114;3,0397952378;2,9654036244;1,5570934256;11,2377570017;1;3.3669024281, 8.2123973312, 36.243267873, 40.1783438821, 11.9990884856, 0, 0, 0;3.3669024281, 0, 3.316650153, 4.8957471781, 14.0346492912, 22.2086185819, 17.5020562693, 22.6762876127, 11.9990884856, 0, 0, 0, 0, 0, 0, 0, 0, 0, 0, 0, 0, 0, 0, 0, 0;Europe/Paris;37,0
2023-06-29T18:00:00Z;-1;9000003703;hourly;0,6250000000;1,5100671141;21,2474630870;20,8164410977;9,8003625667;1,5100671141;0,0000000000;6,4681552182;14,7793078688;12,9363104365;7,8801306612;6,6257593921;3,1746031746;1;7.1070466526, 0, 23.5240928952, 61.4366510795, 0, 7.9322093726, 0, 0;7.1070466526, 0, 0, 0, 23.5240928952, 0, 7.1070466526, 54.3296044269, 0, 0, 7.9322093726, 0, 0, 0, 0, 0, 0, 0, 0, 0, 0, 0, 0, 0, 0;Europe/Paris;37,0
2023-06-29T19:00:00Z;-1;9000003703;hourly;0,6419444444;0,0000000000;24,6929225887;3,0980152509;0,0000000000;0,0000000000;0,0000000000;9,3416348975;15,3512876912;1,4586709887;1,6393442623;0,0000000000;0,0000000000;1;0, 0, 30.5056097172, 50.439707342, 6.5085161603, 6.6389235879, 5.9072431925, 0;0, 0, 0, 0, 12.4607488881, 18.0448608291, 25.2850573848, 25.1546499572, 6.5085161603, 0, 6.6389235879, 0, 0, 5.9072431925, 0, 0, 0, 0, 0, 0, 0, 0, 0, 0, 0;Europe/Paris;40,5
2023-06-29T20:00:00Z;-1;9000003703;hourly;0,1627777778;0,0000000000;21,5315315315;0,0000000000;0,0000000000;0,0000000000;0,0000000000;8,3333333333;13,1981981982;0,0000000000;0,0000000000;0,0000000000;0,0000000000;1;0, 0, 61.2970711297, 38.7029288703, 0, 0, 0, 0;0, 0, 0, 0, 22.5941422594, 38.7029288703, 0, 38.7029288703, 0, 0, 0, 0, 0, 0, 0, 0, 0, 0, 0, 0, 0, 0, 0, 0, 0;Europe/Paris;35,5
2023-06-30T03:00:00Z;-1;9000003703;hourly;0,0313888889;0,0000000000;0,0000000000;0,0000000000;0,0000000000;0,0000000000;0,0000000000;0,0000000000;0,0000000000;0,0000000000;0,0000000000;0,0000000000;0,0000000000;1;0, 0, 0, 0, 0, 0, 0, 0;0, 0, 0, 0, 0, 0, 0, 0, 0, 0, 0, 0, 0, 0, 0, 0, 0, 0, 0, 0, 0, 0, 0, 0, 0;Europe/Paris;NA
2023-06-30T04:00:00Z;-1;9000003703;hourly;0,5141666667;6,6466379969;9,6956629837;3,9442864313;5,5629914673;4,1326715164;2,5139664804;4,1326715164;5,5629914673;3,9442864313;0,0000000000;1,6187050360;3,9442864313;1;0, 0, 57.3760812091, 42.6239187909, 0, 0, 0, 0;0, 0, 0, 0, 0, 57.3760812091, 25.9287733564, 16.6951454345, 0, 0, 0, 0, 0, 0, 0, 0, 0, 0, 0, 0, 0, 0, 0, 0, 0;Europe/Paris;33,0
2023-06-30T05:00:00Z;-1;9000003703;hourly;0,5875000000;6,6860709457;25,5032352375;5,2067680471;5,0168368237;5,1043486258;1,5817223199;18,7147448705;6,7884903670;3,4351145038;1,7716535433;1,7175572519;3,2992795718;1;0, 6.8656887894, 33.3528179452, 53.0468290712, 6.7346641942, 0, 0, 0;0, 0, 6.8656887894, 0, 6.7346641942, 26.6181537509, 39.8980037087, 13.1488253625, 6.7346641942, 0, 0, 0, 0, 0, 0, 0, 0, 0, 0, 0, 0, 0, 0, 0, 0;Europe/Paris;34,5
2023-06-30T06:00:00Z;-1;9000003703;hourly;0,6602777778;7,7375087966;117,4559461629;18,0613389005;4,4929006085;1,5517241379;6,1857846587;78,5293264767;38,9266196862;15,0462635236;3,0150753769;3,0223123732;1,4705882353;1;6.4056472161, 2.573145483, 28.3209160397, 57.5208711792, 5.179420082, 0, 0, 0;3.8190179031, 2.586629313, 0, 2.573145483, 14.1941613962, 14.1267546435, 42.0337143568, 15.4871568224, 5.179420082, 0, 0, 0, 0, 0, 0, 0, 0, 0, 0, 0, 0, 0, 0, 0, 0;Europe/Paris;34,5
2023-06-30T07:00:00Z;-1;9000003703;hourly;0,6261111111;3,0237977026;59,9405610286;5,9892013270;3,0237977026;1,5410958904;1,4827018122;30,9977933209;28,9427677077;2,9654036244;3,0237977026;1,5410958904;1,4827018122;1;6.3353900752, 3.1676950376, 16.9239456457, 60.1865900068, 10.8371645524, 2.5492146822, 0, 0;3.1676950376, 3.1676950376, 3.1676950376, 0, 4.9472403553, 11.9767052905, 33.467600574, 26.7189894329, 10.8371645524, 0, 2.5492146822, 0, 0, 0, 0, 0, 0, 0, 0, 0, 0, 0, 0, 0, 0;Europe/Paris;37,0
2023-06-30T08:00:00Z;-1;9000003703;hourly;0,6147222222;8,0491631148;36,2753250038;5,2941176471;3,2490974729;4,7342459878;3,3149171271;17,2067017444;19,0686232594;3,5294117647;1,7647058824;1,6245487365;1,6245487365;1;0, 20.854789847, 39.1312194957, 30.9664981823, 9.047492475, 0, 0, 0;0, 0, 0, 20.854789847, 12.7573098043, 26.3739096914, 17.9156268605, 13.0508713217, 9.047492475, 0, 0, 0, 0, 0, 0, 0, 0, 0, 0, 0, 0, 0, 0, 0, 0;Europe/Paris;35,0
2023-06-30T09:00:00Z;-1;9000003703;hourly;0,6277777778;4,8119082861;87,4245811595;4,7057837853;1,6393442623;1,5332197615;3,2786885246;22,5065447304;64,9180364290;1,5332197615;3,1725640238;0,0000000000;1,6393442623;1;1.7272797811, 0, 40.0045243428, 49.3095684393, 8.9586274368, 0, 0, 0;0, 1.7272797811, 0, 0, 3.8248850295, 36.1796393133, 27.4712346642, 21.8383337751, 5.3561951064, 3.6024323304, 0, 0, 0, 0, 0, 0, 0, 0, 0, 0, 0, 0, 0, 0, 0;Europe/Paris;36,0
2023-06-30T10:00:00Z;-1;9000003703;hourly;0,6347222222;4,6944378133;69,5042661041;9,3036420325;1,5228426396;4,6944378133;0,0000000000;12,5291583412;56,9751077629;3,2045282064;6,0991138260;0,0000000000;1,5228426396;1;4.3820119971, 4.6068353738, 26.8829173212, 48.016862166, 13.9166535738, 0, 0, 2.194719568;2.1910059986, 2.1910059986, 2.4158293753, 2.1910059986, 11.4460143095, 15.4369030117, 27.5234770271, 20.493385139, 9.2210978866, 4.6955556872, 0, 0, 0, 0, 2.194719568, 0, 0, 0, 0, 0, 0, 0, 0, 0, 0;Europe/Paris;38,0
2023-06-30T11:00:00Z;-1;9000003703;hourly;0,6030555556;8,7585870360;44,4592252247;3,5240269349;1,6759776536;5,3720762163;3,3865108198;20,8805004578;23,5787247669;3,5240269349;0,0000000000;0,0000000000;1,6759776536;1;0, 3.4603876489, 35.0761187264, 38.0196022389, 19.6741953438, 3.7696960421, 0, 0;0, 0, 0, 3.4603876489, 11.9154619168, 23.1606568096, 22.33444428, 15.6851579589, 15.5174668538, 4.1567284899, 3.7696960421, 0, 0, 0, 0, 0, 0, 0, 0, 0, 0, 0, 0, 0, 0;Europe/Paris;40,0
2023-06-30T12:00:00Z;-1;9000003703;hourly;0,5533333333;5,4657632056;43,0185061260;9,1493481934;1,8907563025;1,8907563025;3,5750069031;17,9902126335;25,0282934926;5,4764136730;3,6729345203;0,0000000000;1,8907563025;1;0, 12.6482946489, 49.6175028539, 25.2887906486, 12.4454118487, 0, 0, 0;0, 0, 4.3952160891, 8.2530785598, 12.4454118487, 37.1720910052, 21.1785296301, 4.1102610184, 12.4454118487, 0, 0, 0, 0, 0, 0, 0, 0, 0, 0, 0, 0, 0, 0, 0, 0;Europe/Paris;34,5
2023-06-30T13:00:00Z;-1;9000003703;hourly;0,6388888889;4,8148574217;59,4190356803;11,4325044805;1,7475728155;1,7475728155;3,0672846062;27,9875784969;31,4314571834;3,3088235294;8,1236809511;0,0000000000;1,7475728155;1;0, 5.1621245128, 50.0700131513, 39.4489512818, 5.318911054, 0, 0, 0;0, 0, 2.3778117993, 2.7843127135, 16.3094881111, 33.7605250403, 26.20036324, 13.2485880419, 5.318911054, 0, 0, 0, 0, 0, 0, 0, 0, 0, 0, 0, 0, 0, 0, 0, 0;Europe/Paris;34,0
2023-06-30T14:00:00Z;-1;9000003703;hourly;0,6486111111;6,0514418377;128,6680156705;10,6792419854;3,1346749226;3,0082767402;3,0431650975;50,4374521455;78,2305635250;7,6709652452;3,0082767402;0,0000000000;3,1346749226;1;1.1875628721, 10.7260959679, 41.8183865557, 41.5036862167, 3.6138168554, 1.1504515323, 0, 0;1.1875628721, 0, 2.3280180839, 8.398077884, 16.4514664676, 25.3669200881, 30.7133638897, 10.7903223269, 2.463365323, 1.1504515323, 1.1504515323, 0, 0, 0, 0, 0, 0, 0, 0, 0, 0, 0, 0, 0, 0;Europe/Paris;33,0
2023-06-30T15:00:00Z;-1;9000003703;hourly;0,6344444444;9,5359083177;129,1168939427;9,7147301970;1,4516129032;4,6905317102;4,8453766075;53,6908182865;75,4260756561;4,9152813299;4,7994488671;0,0000000000;1,4516129032;1;1.2627586777, 3.578638586, 45.2476719901, 41.5938203424, 5.9656598284, 2.3514505753, 0, 0;1.2627586777, 0, 1.2271880107, 2.3514505753, 16.065511989, 29.1821600011, 20.8820502838, 20.7117700587, 4.8413972637, 1.1242625646, 1.1242625646, 1.2271880107, 0, 0, 0, 0, 0, 0, 0, 0, 0, 0, 0, 0, 0;Europe/Paris;36,0
2023-06-30T16:00:00Z;-1;9000003703;hourly;0,6455555556;10,7082348448;91,2001195693;7,7846630393;9,3663853592;0,0000000000;10,7082348448;26,4046832318;64,7954363375;0,0000000000;7,7846630393;1,5817223199;7,7846630393;1;1.7466209052, 6.9285709531, 59.4700096069, 23.4373062255, 8.4174923093, 0, 0, 0;1.7466209052, 0, 3.4598862029, 3.4686847503, 18.7971509179, 40.6728586891, 20.0107756301, 3.4265305953, 8.4174923093, 0, 0, 0, 0, 0, 0, 0, 0, 0, 0, 0, 0, 0, 0, 0, 0;Europe/Paris;31,5
2023-06-30T17:00:00Z;-1;9000003703;hourly;0,6027777778;1,6363636364;62,9929553841;8,1818181818;6,6619423012;1,6363636364;0,0000000000;19,8693391479;43,1236162362;3,2727272727;4,9090909091;3,3650620597;3,2968802415;1;2.7059302809, 2.5976930696, 42.0479598684, 42.0411700802, 10.607246701, 0, 0, 0;2.7059302809, 0, 0, 2.5976930696, 10.6455890341, 31.4023708343, 15.8409751733, 26.2001949069, 10.607246701, 0, 0, 0, 0, 0, 0, 0, 0, 0, 0, 0, 0, 0, 0, 0, 0;Europe/Paris;36,5
2023-06-30T18:00:00Z;-1;9000003703;hourly;0,5375000000;0,0000000000;40,4303184428;6,1142643118;0,0000000000;0,0000000000;0,0000000000;17,1931903440;23,2371280988;3,0571321559;3,0571321559;0,0000000000;0,0000000000;1;0, 7.8244366148, 23.2803434826, 57.281545326, 7.9644086473, 3.6492659294, 0, 0;0, 0, 7.8244366148, 0, 3.9822043236, 19.298139159, 49.650075073, 7.631470253, 3.9822043236, 3.9822043236, 0, 3.6492659294, 0, 0, 0, 0, 0, 0, 0, 0, 0, 0, 0, 0, 0;Europe/Paris;35,5
2023-06-30T19:00:00Z;-1;9000003703;hourly;0,5016666667;0,0000000000;30,7124452636;0,0000000000;0,0000000000;0,0000000000;0,0000000000;8,2981829981;22,4142622656;0,0000000000;0,0000000000;0,0000000000;0,0000000000;1;0, 0, 16.2430692021, 42.5237640567, 32.6143192323, 8.6188475089, 0, 0;0, 0, 0, 0, 10.7758898121, 5.46717939, 10.7758898121, 31.7478742446, 27.1471398423, 5.46717939, 8.6188475089, 0, 0, 0, 0, 0, 0, 0, 0, 0, 0, 0, 0, 0, 0;Europe/Paris;42,5
2023-06-30T20:00:00Z;-1;9000003703;hourly;0,0244444444;0,0000000000;40,9090909091;0,0000000000;0,0000000000;0,0000000000;0,0000000000;40,9090909091;0,0000000000;0,0000000000;0,0000000000;0,0000000000;0,0000000000;1;0, 0, 0, 100, 0, 0, 0, 0;0, 0, 0, 0, 0, 0, 0, 100, 0, 0, 0, 0, 0, 0, 0, 0, 0, 0, 0, 0, 0, 0, 0, 0, 0;Europe/Paris;36,5
2023-07-01T03:00:00Z;-1;9000003703;hourly;0,0000000000;0,0000000000;0,0000000000;0,0000000000;0,0000000000;0,0000000000;0,0000000000;0,0000000000;0,0000000000;0,0000000000;0,0000000000;0,0000000000;0,0000000000;1;0, 0, 0, 0, 0, 0, 0, 0;0, 0, 0, 0, 0, 0, 0, 0, 0, 0, 0, 0, 0, 0, 0, 0, 0, 0, 0, 0, 0, 0, 0, 0, 0;Europe/Paris;NA
2023-07-01T04:00:00Z;-1;9000003703;hourly;0,3441666667;4,2857142857;10,4280233195;0,0000000000;0,0000000000;4,2857142857;0,0000000000;7,2365339578;3,1914893617;0,0000000000;0,0000000000;0,0000000000;0,0000000000;1;0, 0, 58.9019495413, 0, 41.0980504587, 0, 0, 0;0, 0, 0, 0, 0, 58.9019495413, 0, 0, 41.0980504587, 0, 0, 0, 0, 0, 0, 0, 0, 0, 0, 0, 0, 0, 0, 0, 0;Europe/Paris;40,5
2023-07-01T05:00:00Z;-1;9000003703;hourly;0,6436111111;0,0000000000;10,7403490217;0,0000000000;0,0000000000;0,0000000000;0,0000000000;6,1766261237;4,5637228979;0,0000000000;0,0000000000;0,0000000000;0,0000000000;1;15.0172328902, 0, 71.2456917774, 13.7370753323, 0, 0, 0, 0;15.0172328902, 0, 0, 0, 27.4741506647, 43.7715411128, 0, 13.7370753323, 0, 0, 0, 0, 0, 0, 0, 0, 0, 0, 0, 0, 0, 0, 0, 0, 0;Europe/Paris;27,5
2023-07-01T06:00:00Z;-1;9000003703;hourly;0,6230555556;0,0000000000;30,7896398895;1,6759776536;3,2357696814;0,0000000000;0,0000000000;16,1455361758;14,6441037137;1,6759776536;0,0000000000;1,6759776536;1,5597920277;1;5.4030705066, 5.4030705066, 15.9123512028, 41.7268409141, 26.5834744481, 0, 0, 4.9711924218;5.4030705066, 0, 0, 5.4030705066, 10.4690343611, 5.4433168418, 21.1804039415, 20.5464369726, 21.1804039415, 5.4030705066, 0, 0, 0, 0, 0, 0, 0, 0, 4.9711924218, 0, 0, 0, 0, 0, 0;Europe/Paris;41,5
2023-07-01T07:00:00Z;-1;9000003703;hourly;0,6072222222;1,8329938900;40,3331884296;6,9081818599;3,2515213510;1,8329938900;0,0000000000;20,9105564533;19,4226319763;6,9081818599;0,0000000000;1,6917293233;1,5597920277;1;12.160373221, 0, 43.8422838387, 40.1894709687, 3.8078719716, 0, 0, 0;8.3525012494, 3.8078719716, 0, 0, 7.6751388267, 36.167145012, 28.31994685, 11.8695241187, 3.8078719716, 0, 0, 0, 0, 0, 0, 0, 0, 0, 0, 0, 0, 0, 0, 0, 0;Europe/Paris;33,0
2023-07-01T08:00:00Z;-1;9000003703;hourly;0,6350000000;6,3278081509;93,2889017675;9,7831196302;1,5100671141;1,7509727626;4,5768353882;35,2541283381;58,0347734294;3,2610398767;6,5220797535;1,5100671141;0,0000000000;1;11.7839906544, 1.7135790116, 45.0133754528, 24.4324707518, 15.3430051178, 0, 0, 1.7135790116;11.7839906544, 0, 1.7135790116, 0, 15.7461094679, 29.2672659849, 12.1107041624, 12.3217665893, 11.8473697153, 3.4956354024, 0, 0, 0, 0, 0, 0, 0, 0, 1.7135790116, 0, 0, 0, 0, 0, 0;Europe/Paris;38,5
2023-07-01T09:00:00Z;-1;9000003703;hourly;0,5583333333;7,0577231155;90,9751054808;3,4505086866;1,6100178891;5,2172323179;1,8404907975;43,7724769917;47,2026284891;1,8404907975;1,6100178891;0,0000000000;1,6100178891;1;6.1017339765, 6.1422764776, 34.7213833405, 44.9098014253, 8.1248047801, 0, 0, 0;6.1017339765, 0, 0, 6.1422764776, 7.658674808, 27.0627085324, 27.316044769, 17.5937566563, 8.1248047801, 0, 0, 0, 0, 0, 0, 0, 0, 0, 0, 0, 0, 0, 0, 0, 0;Europe/Paris;35,5
2023-07-01T10:00:00Z;-1;9000003703;hourly;0,5955555556;15,1651500254;54,1741343820;1,6666666667;5,1215611004;13,5258057632;1,6393442623;25,3763490470;28,7977853350;0,0000000000;1,6666666667;0,0000000000;5,1215611004;1;28.1633443557, 6.3773874252, 19.0545349005, 37.3265397434, 6.0521290501, 0, 0, 3.0260645251;28.1633443557, 0, 0, 6.3773874252, 9.5660811378, 9.4884537628, 24.8120214556, 12.5145182878, 6.0521290501, 0, 0, 0, 0, 0, 3.0260645251, 0, 0, 0, 0, 0, 0, 0, 0, 0, 0;Europe/Paris;35,0
2023-07-01T11:00:00Z;-1;9000003703;hourly;0,6044444444;17,7159874023;41,0093976718;4,7040884111;1,5761821366;16,1642632644;1,5517241379;21,2220701592;19,7873275125;4,7040884111;0,0000000000;1,5761821366;0,0000000000;1;19.038408585, 15.6715931517, 20.4372291521, 28.5852457143, 16.2675233968, 0, 0, 0;19.038408585, 0, 8.1039417058, 7.5676514459, 7.627291431, 12.809937721, 16.5781983153, 12.007047399, 8.163581691, 8.1039417058, 0, 0, 0, 0, 0, 0, 0, 0, 0, 0, 0, 0, 0, 0, 0;Europe/Paris;38,5
2023-07-01T12:00:00Z;-1;9000003703;hourly;0,6191666667;1,4729950900;51,1068399028;0,0000000000;0,0000000000;0,0000000000;1,4729950900;23,9347149154;27,1721249873;0,0000000000;0,0000000000;0,0000000000;0,0000000000;1;0, 2.8821877714, 52.7883973587, 34.5224818359, 9.806933034, 0, 0, 0;0, 0, 0, 2.8821877714, 18.572274344, 34.2161230148, 22.1647074349, 12.357774401, 9.806933034, 0, 0, 0, 0, 0, 0, 0, 0, 0, 0, 0, 0, 0, 0, 0, 0;Europe/Paris;35,5
2023-07-01T13:00:00Z;-1;9000003703;hourly;0,6305555556;1,6853932584;71,7915438334;6,3192918284;3,0632179417;0,0000000000;1,6853932584;32,3992333802;39,3923104532;0,0000000000;6,3192918284;3,0632179417;0,0000000000;1;2.2386241768, 4.5354560061, 33.4422802951, 52.8497736261, 6.9338658959, 0, 0, 0;2.2386241768, 0, 2.3476208596, 2.1878351466, 15.4675114428, 17.9747688523, 44.0549134689, 8.7948601572, 6.9338658959, 0, 0, 0, 0, 0, 0, 0, 0, 0, 0, 0, 0, 0, 0, 0, 0;Europe/Paris;33,0
2023-07-01T14:00:00Z;-1;9000003703;hourly;0,6130555556;1,6100178891;65,3017500933;3,4245340181;0,0000000000;0,0000000000;1,6100178891;24,4432555696;40,8584945237;1,6100178891;1,8145161290;0,0000000000;0,0000000000;1;5.2441688212, 12.9449137613, 32.6714544693, 44.217381867, 4.9220810812, 0, 0, 0;2.7786638588, 2.4655049624, 5.5573277177, 7.3875860436, 9.4600354268, 23.2114190425, 31.4144037842, 12.8029780828, 4.9220810812, 0, 0, 0, 0, 0, 0, 0, 0, 0, 0, 0, 0, 0, 0, 0, 0;Europe/Paris;33,5
2023-07-01T15:00:00Z;-1;9000003703;hourly;0,6072222222;1,6728624535;56,4445665751;0,0000000000;3,1339014146;1,6728624535;0,0000000000;26,3111247260;30,1334418491;0,0000000000;0,0000000000;1,4610389610;1,6728624535;1;5.5912453701, 8.7738496394, 38.0357157276, 44.5963931445, 3.0027961185, 0, 0, 0;2.5884492515, 3.0027961185, 3.0027961185, 5.7710535209, 17.289751452, 20.7459642755, 29.3009359261, 15.2954572183, 3.0027961185, 0, 0, 0, 0, 0, 0, 0, 0, 0, 0, 0, 0, 0, 0, 0, 0;Europe/Paris;33,5
2023-07-01T16:00:00Z;-1;9000003703;hourly;0,5936111111;3,3120945790;50,0637223192;5,0598194618;3,5502958580;0,0000000000;3,3120945790;21,6533604993;28,4103618199;0,0000000000;5,0598194618;0,0000000000;3,5502958580;1;0, 0, 46.3215799286, 50.3677222512, 3.3106978202, 0, 0, 0;0, 0, 0, 0, 19.7924969057, 26.5290830229, 33.2703673217, 17.0973549295, 3.3106978202, 0, 0, 0, 0, 0, 0, 0, 0, 0, 0, 0, 0, 0, 0, 0, 0;Europe/Paris;34,0
2023-07-01T17:00:00Z;-1;9000003703;hourly;0,6030555556;7,0999301188;45,7168425963;6,2574116769;10,1534427525;1,6981132075;5,4018169113;26,5233483447;19,1934942516;4,7892224436;1,4681892333;7,0247369140;3,1287058384;1;0, 7.2643538393, 39.693389151, 42.4841808788, 10.558076131, 0, 0, 0;0, 0, 0, 7.2643538393, 10.8965307589, 28.7968583921, 27.9576433528, 14.526537526, 10.558076131, 0, 0, 0, 0, 0, 0, 0, 0, 0, 0, 0, 0, 0, 0, 0, 0;Europe/Paris;36,0
2023-07-01T18:00:00Z;-1;9000003703;hourly;0,6475000000;0,0000000000;22,6715970516;4,4925124792;5,9900166389;0,0000000000;0,0000000000;17,5701447908;5,1014522608;4,4925124792;0,0000000000;1,4975041597;4,4925124792;1;13.9288587816, 15.537083181, 20.8932881724, 27.4984874282, 22.1422824368, 0, 0, 0;13.9288587816, 0, 7.7685415905, 7.7685415905, 13.9288587816, 6.9644293908, 6.9644293908, 20.5340580374, 6.6051992558, 15.537083181, 0, 0, 0, 0, 0, 0, 0, 0, 0, 0, 0, 0, 0, 0, 0;Europe/Paris;42,5
2023-07-01T19:00:00Z;-1;9000003703;hourly;0,6050000000;0,0000000000;20,0962608640;3,3553286853;0,0000000000;0,0000000000;0,0000000000;11,7063330309;8,3899278332;3,3553286853;0,0000000000;0,0000000000;0,0000000000;1;0, 0, 33.7799374299, 58.4449843575, 0, 7.7750782127, 0, 0;0, 0, 0, 0, 15.9375268701, 17.8424105598, 33.5862522075, 24.85873215, 0, 0, 7.7750782127, 0, 0, 0, 0, 0, 0, 0, 0, 0, 0, 0, 0, 0, 0;Europe/Paris;36,0
2023-07-01T20:00:00Z;-1;9000003703;hourly;0,2513888889;0,0000000000;16,6212617466;0,0000000000;0,0000000000;0,0000000000;0,0000000000;8,3106308733;8,3106308733;0,0000000000;0,0000000000;0,0000000000;0,0000000000;1;0, 0, 0, 100, 0, 0, 0, 0;0, 0, 0, 0, 0, 0, 69.8342541436, 30.1657458564, 0, 0, 0, 0, 0, 0, 0, 0, 0, 0, 0, 0, 0, 0, 0, 0, 0;Europe/Paris;35,0
2023-07-02T03:00:00Z;-1;9000003703;hourly;0,0000000000;0,0000000000;0,0000000000;0,0000000000;0,0000000000;0,0000000000;0,0000000000;0,0000000000;0,0000000000;0,0000000000;0,0000000000;0,0000000000;0,0000000000;1;0, 0, 0, 0, 0, 0, 0, 0;0, 0, 0, 0, 0, 0, 0, 0, 0, 0, 0, 0, 0, 0, 0, 0, 0, 0, 0, 0, 0, 0, 0, 0, 0;Europe/Paris;NA
2023-07-02T04:00:00Z;-1;9000003703;hourly;0,5647222222;0,0000000000;3,1384105518;0,0000000000;1,6333938294;0,0000000000;0,0000000000;1,6333938294;1,5050167224;0,0000000000;0,0000000000;1,6333938294;0,0000000000;1;0, 0, 0, 52.045256745, 0, 47.954743255, 0, 0;0, 0, 0, 0, 0, 0, 0, 52.045256745, 0, 0, 47.954743255, 0, 0, 0, 0, 0, 0, 0, 0, 0, 0, 0, 0, 0, 0;Europe/Paris;51,0
2023-07-02T05:00:00Z;-1;9000003703;hourly;0,6572222222;0,0000000000;12,1711434794;0,0000000000;0,0000000000;0,0000000000;0,0000000000;4,5805171388;7,5906263406;0,0000000000;0,0000000000;0,0000000000;0,0000000000;1;0, 0, 0, 87.8976441901, 12.1023558099, 0, 0, 0;0, 0, 0, 0, 0, 0, 74.6694878397, 13.2281563504, 12.1023558099, 0, 0, 0, 0, 0, 0, 0, 0, 0, 0, 0, 0, 0, 0, 0, 0;Europe/Paris;36,5
2023-07-02T06:00:00Z;-1;9000003703;hourly;0,6580555556;1,4062500000;10,6017976148;5,9954274225;2,8485576923;1,4062500000;0,0000000000;5,9954274225;4,6063701923;1,5177065767;4,4777208458;1,4423076923;1,4062500000;1;14.3155588502, 14.3155588502, 27.9199280781, 43.4489542215, 0, 0, 0, 0;0, 14.3155588502, 0, 14.3155588502, 0, 27.9199280781, 30.1846942243, 13.2642599972, 0, 0, 0, 0, 0, 0, 0, 0, 0, 0, 0, 0, 0, 0, 0, 0, 0;Europe/Paris;32,0
2023-07-02T07:00:00Z;-1;9000003703;hourly;0,6066666667;9,8726989651;27,6288843219;6,2055177929;1,8633540373;6,5940104405;3,2786885246;9,1293938027;18,4994905192;3,2786885246;2,9268292683;0,0000000000;1,8633540373;1;32.9103423266, 6.0660344953, 24.0403865388, 30.239011952, 6.7442246873, 0, 0, 0;32.9103423266, 0, 0, 6.0660344953, 5.9334435774, 18.1069429614, 17.4287527694, 12.8102591826, 6.7442246873, 0, 0, 0, 0, 0, 0, 0, 0, 0, 0, 0, 0, 0, 0, 0, 0;Europe/Paris;34,5
2023-07-02T08:00:00Z;-1;9000003703;hourly;0,3288888889;10,8285777661;32,8245044464;12,2199592668;0,0000000000;2,4439918534;8,3845859128;23,0485370329;9,7759674134;4,8879837067;7,3319755601;0,0000000000;0,0000000000;1;25.5436785846, 14.8912642831, 14.8912642831, 29.7825285662, 7.4456321415, 7.4456321415, 0, 0;25.5436785846, 0, 7.4456321415, 7.4456321415, 0, 14.8912642831, 29.7825285662, 0, 7.4456321415, 0, 7.4456321415, 0, 0, 0, 0, 0, 0, 0, 0, 0, 0, 0, 0, 0, 0;Europe/Paris;32,5
2023-07-02T09:00:00Z;-1;9000003703;hourly;0,0000000000;0,0000000000;0,0000000000;0,0000000000;0,0000000000;0,0000000000;0,0000000000;0,0000000000;0,0000000000;0,0000000000;0,0000000000;0,0000000000;0,0000000000;1;0, 0, 0, 0, 0, 0, 0, 0;0, 0, 0, 0, 0, 0, 0, 0, 0, 0, 0, 0, 0, 0, 0, 0, 0, 0, 0, 0, 0, 0, 0, 0, 0;Europe/Paris;NA
2023-07-02T10:00:00Z;-1;9000003703;hourly;0,0000000000;0,0000000000;0,0000000000;0,0000000000;0,0000000000;0,0000000000;0,0000000000;0,0000000000;0,0000000000;0,0000000000;0,0000000000;0,0000000000;0,0000000000;1;0, 0, 0, 0, 0, 0, 0, 0;0, 0, 0, 0, 0, 0, 0, 0, 0, 0, 0, 0, 0, 0, 0, 0, 0, 0, 0, 0, 0, 0, 0, 0, 0;Europe/Paris;NA
2023-07-02T11:00:00Z;-1;9000003703;hourly;0,0000000000;0,0000000000;0,0000000000;0,0000000000;0,0000000000;0,0000000000;0,0000000000;0,0000000000;0,0000000000;0,0000000000;0,0000000000;0,0000000000;0,0000000000;1;0, 0, 0, 0, 0, 0, 0, 0;0, 0, 0, 0, 0, 0, 0, 0, 0, 0, 0, 0, 0, 0, 0, 0, 0, 0, 0, 0, 0, 0, 0, 0, 0;Europe/Paris;NA
2023-07-02T12:00:00Z;-1;9000003703;hourly;0,0000000000;0,0000000000;0,0000000000;0,0000000000;0,0000000000;0,0000000000;0,0000000000;0,0000000000;0,0000000000;0,0000000000;0,0000000000;0,0000000000;0,0000000000;1;0, 0, 0, 0, 0, 0, 0, 0;0, 0, 0, 0, 0, 0, 0, 0, 0, 0, 0, 0, 0, 0, 0, 0, 0, 0, 0, 0, 0, 0, 0, 0, 0;Europe/Paris;NA
2023-07-02T13:00:00Z;-1;9000003703;hourly;0,0000000000;0,0000000000;0,0000000000;0,0000000000;0,0000000000;0,0000000000;0,0000000000;0,0000000000;0,0000000000;0,0000000000;0,0000000000;0,0000000000;0,0000000000;1;0, 0, 0, 0, 0, 0, 0, 0;0, 0, 0, 0, 0, 0, 0, 0, 0, 0, 0, 0, 0, 0, 0, 0, 0, 0, 0, 0, 0, 0, 0, 0, 0;Europe/Paris;NA
2023-07-02T14:00:00Z;-1;9000003703;hourly;0,0000000000;0,0000000000;0,0000000000;0,0000000000;0,0000000000;0,0000000000;0,0000000000;0,0000000000;0,0000000000;0,0000000000;0,0000000000;0,0000000000;0,0000000000;1;0, 0, 0, 0, 0, 0, 0, 0;0, 0, 0, 0, 0, 0, 0, 0, 0, 0, 0, 0, 0, 0, 0, 0, 0, 0, 0, 0, 0, 0, 0, 0, 0;Europe/Paris;NA
2023-07-02T15:00:00Z;-1;9000003703;hourly;0,0000000000;0,0000000000;0,0000000000;0,0000000000;0,0000000000;0,0000000000;0,0000000000;0,0000000000;0,0000000000;0,0000000000;0,0000000000;0,0000000000;0,0000000000;1;0, 0, 0, 0, 0, 0, 0, 0;0, 0, 0, 0, 0, 0, 0, 0, 0, 0, 0, 0, 0, 0, 0, 0, 0, 0, 0, 0, 0, 0, 0, 0, 0;Europe/Paris;NA
2023-07-02T16:00:00Z;-1;9000003703;hourly;0,0000000000;0,0000000000;0,0000000000;0,0000000000;0,0000000000;0,0000000000;0,0000000000;0,0000000000;0,0000000000;0,0000000000;0,0000000000;0,0000000000;0,0000000000;1;0, 0, 0, 0, 0, 0, 0, 0;0, 0, 0, 0, 0, 0, 0, 0, 0, 0, 0, 0, 0, 0, 0, 0, 0, 0, 0, 0, 0, 0, 0, 0, 0;Europe/Paris;NA
2023-07-02T17:00:00Z;-1;9000003703;hourly;0,4733333333;0,0000000000;20,9794599286;1,8556701031;0,0000000000;0,0000000000;0,0000000000;9,5618949128;11,4175650159;1,8556701031;0,0000000000;0,0000000000;0,0000000000;1;0, 0, 43.7764239558, 42.1352008683, 14.0883751759, 0, 0, 0;0, 0, 0, 0, 7.799836802, 35.9765871538, 33.2900251135, 8.8451757548, 14.0883751759, 0, 0, 0, 0, 0, 0, 0, 0, 0, 0, 0, 0, 0, 0, 0, 0;Europe/Paris;37,0
2023-07-02T18:00:00Z;-1;9000003703;hourly;0,6405555556;1,4925373134;39,2537951207;2,9850746269;0,0000000000;1,4925373134;0,0000000000;20,1021810797;19,1516140410;2,9850746269;0,0000000000;0,0000000000;0,0000000000;1;3.8022751911, 4.1015598215, 44.3182779224, 39.931922385, 4.0436894889, 3.8022751911, 0, 0;3.8022751911, 0, 0, 4.1015598215, 16.1503360736, 28.1679418488, 35.8303625635, 4.1015598215, 4.0436894889, 0, 3.8022751911, 0, 0, 0, 0, 0, 0, 0, 0, 0, 0, 0, 0, 0, 0;Europe/Paris;32,0
2023-07-02T19:00:00Z;-1;9000003703;hourly;0,5625000000;0,0000000000;24,3016677781;1,5463917526;3,1170723808;0,0000000000;0,0000000000;6,9923673753;17,3093004029;1,5463917526;0,0000000000;3,1170723808;0,0000000000;1;0, 18.0387036275, 26.073628546, 42.540669952, 6.8837351774, 6.4632626971, 0, 0;0, 0, 6.8837351774, 11.1549684501, 13.3469978745, 12.7266306716, 31.3857015019, 11.1549684501, 6.8837351774, 0, 6.4632626971, 0, 0, 0, 0, 0, 0, 0, 0, 0, 0, 0, 0, 0, 0;Europe/Paris;37,0
2023-07-02T20:00:00Z;-1;9000003703;hourly;0,0827777778;0,0000000000;0,0000000000;0,0000000000;0,0000000000;0,0000000000;0,0000000000;0,0000000000;0,0000000000;0,0000000000;0,0000000000;0,0000000000;0,0000000000;1;0, 0, 0, 0, 0, 0, 0, 0;0, 0, 0, 0, 0, 0, 0, 0, 0, 0, 0, 0, 0, 0, 0, 0, 0, 0, 0, 0, 0, 0, 0, 0, 0;Europe/Paris;NA
2023-07-03T03:00:00Z;-1;9000003703;hourly;0,0000000000;0,0000000000;0,0000000000;0,0000000000;0,0000000000;0,0000000000;0,0000000000;0,0000000000;0,0000000000;0,0000000000;0,0000000000;0,0000000000;0,0000000000;1;0, 0, 0, 0, 0, 0, 0, 0;0, 0, 0, 0, 0, 0, 0, 0, 0, 0, 0, 0, 0, 0, 0, 0, 0, 0, 0, 0, 0, 0, 0, 0, 0;Europe/Paris;NA
2023-07-03T04:00:00Z;-1;9000003703;hourly;0,4891666667;4,8856297906;6,6565371585;3,8373015873;1,5873015873;3,2983282033;1,5873015873;1,5873015873;5,0692355712;2,2500000000;1,5873015873;1,5873015873;0,0000000000;1;23.8457556761, 0, 0, 25.704455263, 0, 50.4497890609, 0, 0;0, 23.8457556761, 0, 0, 0, 0, 25.704455263, 0, 0, 0, 50.4497890609, 0, 0, 0, 0, 0, 0, 0, 0, 0, 0, 0, 0, 0, 0;Europe/Paris;51,0
2023-07-03T05:00:00Z;-1;9000003703;hourly;0,6158333333;0,0000000000;31,5263287264;6,2953532801;1,4950166113;0,0000000000;0,0000000000;26,8525970678;4,6737316585;4,7382598545;1,5570934256;1,4950166113;0,0000000000;1;0, 5.143705871, 10.0827314047, 74.6908313196, 10.0827314047, 0, 0, 0;0, 0, 0, 5.143705871, 0, 10.0827314047, 45.2458071254, 29.4450241942, 10.0827314047, 0, 0, 0, 0, 0, 0, 0, 0, 0, 0, 0, 0, 0, 0, 0, 0;Europe/Paris;36,5
2023-07-03T06:00:00Z;-1;9000003703;hourly;0,6663888889;4,2723730060;95,7028165679;17,9825595075;4,2723730060;2,7993779160;1,4729950900;63,6093724581;32,0934441099;15,0094439760;2,9731155314;1,3996889580;2,8726840480;1;9.7509043687, 1.4625368492, 38.1204978896, 46.0231832473, 3.1037431215, 1.5391345238, 0, 0;8.1096980964, 1.6412062723, 1.4625368492, 0, 21.4454606787, 16.675037211, 32.244876419, 13.7783068283, 0, 3.1037431215, 1.5391345238, 0, 0, 0, 0, 0, 0, 0, 0, 0, 0, 0, 0, 0, 0;Europe/Paris;33,5
2023-07-03T07:00:00Z;-1;9000003703;hourly;0,6008333333;11,7109434723;23,0260485349;6,9556395212;1,6574585635;3,3149171271;8,3960263452;12,9882172329;10,0378313020;6,9556395212;0,0000000000;1,6574585635;0,0000000000;1;7.1981893073, 22.2340568321, 14.463446904, 56.1043069566, 0, 0, 0, 0;7.1981893073, 0, 7.7706099282, 14.463446904, 7.7706099282, 6.6928369758, 34.7449904541, 21.3593165025, 0, 0, 0, 0, 0, 0, 0, 0, 0, 0, 0, 0, 0, 0, 0, 0, 0;Europe/Paris;34,0
2023-07-03T08:00:00Z;-1;9000003703;hourly;0,6102777778;27,9919109321;44,2083294614;15,6986875917;1,4975041597;0,0000000000;27,9919109321;13,0243354516;31,1839940098;1,4975041597;14,2011834320;1,4975041597;0,0000000000;1;23.539711998, 7.7784750585, 18.5958385528, 42.6831791967, 3.3873801113, 0, 0, 4.0154150827;23.539711998, 0, 4.0154150827, 3.7630599758, 0, 18.5958385528, 28.1299439155, 14.5532352812, 0, 3.3873801113, 0, 0, 0, 0, 0, 0, 0, 0, 4.0154150827, 0, 0, 0, 0, 0, 0;Europe/Paris;35,0
2023-07-03T09:00:00Z;-1;9000003703;hourly;0,5847222222;1,9823788546;41,8689598436;3,2906764168;6,8537907796;1,9823788546;0,0000000000;19,9992899427;21,8696699010;3,2906764168;0,0000000000;1,6513761468;5,2024146328;1;3.9297327055, 3.9297327055, 42.8341058379, 35.9916112368, 13.3148175144, 0, 0, 0;0, 3.9297327055, 0, 3.9297327055, 31.1992050829, 11.634900755, 28.2020839879, 7.789527249, 13.3148175144, 0, 0, 0, 0, 0, 0, 0, 0, 0, 0, 0, 0, 0, 0, 0, 0;Europe/Paris;36,5
2023-07-03T10:00:00Z;-1;9000003703;hourly;0,5625000000;8,9616630132;30,2973534941;5,2654241871;7,3469387755;3,6734693878;5,2881936254;14,3184184444;15,9789350496;0,0000000000;5,2654241871;1,8367346939;5,5102040816;1;29.8053254744, 6.0623601802, 28.9222472445, 35.2100671009, 0, 0, 0, 0;29.8053254744, 0, 6.0623601802, 0, 10.9614630564, 17.9607841881, 23.5918221671, 11.6182449338, 0, 0, 0, 0, 0, 0, 0, 0, 0, 0, 0, 0, 0, 0, 0, 0, 0;Europe/Paris;32,0
2023-07-03T11:00:00Z;-1;9000003703;hourly;0,5841666667;10,8908848161;52,0376182192;4,8443619872;12,3073188494;6,9947809200;3,8961038961;20,5796087906;31,4580094286;3,2570603999;1,5873015873;6,7289719626;5,5783468868;1;41.5793271429, 3.2327440191, 28.6932595447, 13.0528916728, 6.4654880382, 0, 0, 6.9762895823;24.4659759967, 17.1133511462, 0, 3.2327440191, 13.076882352, 15.6163771927, 10.002595288, 3.0502963848, 6.4654880382, 0, 0, 0, 0, 0, 0, 0, 3.7435455632, 0, 3.2327440191, 0, 0, 0, 0, 0, 0;Europe/Paris;35,0
2023-07-03T12:00:00Z;-1;9000003703;hourly;0,6333333333;6,2563232846;41,1189450687;23,6725626811;0,0000000000;4,6992298590;1,5570934256;17,4640353157;23,6549097530;15,8254839427;7,8470787384;0,0000000000;0,0000000000;1;19.3100093783, 7.7616032132, 46.2029567014, 22.9386277553, 0, 0, 0, 3.7868029518;11.6424048199, 7.6676045584, 7.7616032132, 0, 30.9059073674, 15.297049334, 15.2710231969, 7.6676045584, 0, 0, 0, 0, 0, 0, 0, 0, 0, 0, 0, 3.7868029518, 0, 0, 0, 0, 0;Europe/Paris;31,5
2023-07-03T13:00:00Z;-1;9000003703;hourly;0,5472222222;8,9775194842;35,1722684482;33,5717929624;0,0000000000;5,7107318254;3,2667876588;9,5323878763;25,6398805719;22,0758814665;11,4959114959;0,0000000000;0,0000000000;1;20.091656781, 5.5386019555, 32.0317337437, 37.694025481, 0, 4.6439820389, 0, 0;10.8036927032, 9.2879640778, 0, 5.5386019555, 5.2650907478, 26.7666429959, 32.2612566839, 5.4327687971, 0, 0, 4.6439820389, 0, 0, 0, 0, 0, 0, 0, 0, 0, 0, 0, 0, 0, 0;Europe/Paris;31,5
2023-07-03T14:00:00Z;-1;9000003703;hourly;0,5863888889;1,8828451883;60,3751526232;25,6590534306;3,5722083593;0,0000000000;1,8828451883;32,2493828224;28,1257698008;12,1800397121;13,4790137185;1,6071428571;1,9650655022;1;11.221073015, 5.3238552196, 53.0602193261, 24.7162247466, 3.2547586495, 2.4238690431, 0, 0;7.9663143654, 3.2547586495, 2.6619276098, 2.6619276098, 20.8686350573, 32.1915842688, 18.7995384873, 5.9166862594, 3.2547586495, 0, 2.4238690431, 0, 0, 0, 0, 0, 0, 0, 0, 0, 0, 0, 0, 0, 0;Europe/Paris;31,5
2023-07-03T15:00:00Z;-1;9000003703;hourly;0,6008333333;3,3141779926;55,0953044339;20,4379158630;0,0000000000;0,0000000000;3,3141779926;13,3408197687;41,7544846651;5,1481161921;15,2897996708;0,0000000000;0,0000000000;1;0, 12.469717843, 45.4658152561, 32.7872924999, 9.277174401, 0, 0, 0;0, 0, 0, 12.469717843, 15.5120333225, 29.9537819336, 21.1741928977, 11.6130996022, 9.277174401, 0, 0, 0, 0, 0, 0, 0, 0, 0, 0, 0, 0, 0, 0, 0, 0;Europe/Paris;35,0
2023-07-03T16:00:00Z;-1;9000003703;hourly;0,6344444444;2,9508196721;55,2584849964;36,7989333274;9,5623019246;0,0000000000;2,9508196721;17,5978673594;37,6606176370;22,3713910583;14,4275422691;4,7876987594;4,7746031652;1;0, 0, 37.5481470189, 62.4518529811, 0, 0, 0, 0;0, 0, 0, 0, 23.0775097771, 14.4706372418, 42.4316746745, 20.0201783066, 0, 0, 0, 0, 0, 0, 0, 0, 0, 0, 0, 0, 0, 0, 0, 0, 0;Europe/Paris;34,0
2023-07-03T17:00:00Z;-1;9000003703;hourly;0,5916666667;8,6014370112;50,1785373213;16,8840930115;5,2981246321;1,7786561265;6,8227808847;10,3422493903;39,8362879311;11,9804368850;4,9036561265;0,0000000000;5,2981246321;1;3.4692369926, 6.9384739852, 20.1047102107, 65.9429236233, 3.5446551881, 0, 0, 0;3.4692369926, 0, 0, 6.9384739852, 0, 20.1047102107, 55.8905685179, 10.0523551054, 3.5446551881, 0, 0, 0, 0, 0, 0, 0, 0, 0, 0, 0, 0, 0, 0, 0, 0;Europe/Paris;32,5
2023-07-03T18:00:00Z;-1;9000003703;hourly;0,6180555556;0,0000000000;16,0978265022;17,5691220236;3,3203443773;0,0000000000;0,0000000000;3,2115436037;12,8862828985;9,5480872073;8,0210348162;1,6157989228;1,7045454545;1;0, 0, 19.9501690692, 60.0996618615, 19.9501690692, 0, 0, 0;0, 0, 0, 0, 10.0373731981, 9.9127958712, 30.1121195942, 29.9875422673, 19.9501690692, 0, 0, 0, 0, 0, 0, 0, 0, 0, 0, 0, 0, 0, 0, 0, 0;Europe/Paris;38,5
2023-07-03T19:00:00Z;-1;9000003703;hourly;0,5958333333;1,5845070423;18,1405551736;5,5233967754;5,6458868369;0,0000000000;1,5845070423;11,6877803370;6,4527748365;3,5322463329;1,9911504425;3,6547363944;1,9911504425;1;0, 0, 25.4859216104, 66.0187711861, 0, 0, 0, 8.4953072035;0, 0, 0, 0, 16.990614407, 8.4953072035, 30.447782455, 35.5709887311, 0, 0, 0, 0, 0, 0, 0, 0, 0, 8.4953072035, 0, 0, 0, 0, 0, 0, 0;Europe/Paris;36,5
2023-07-03T20:00:00Z;-1;9000003703;hourly;0,2233333333;0,0000000000;17,9745137492;4,7619047619;0,0000000000;0,0000000000;0,0000000000;0,0000000000;17,9745137492;4,7619047619;0,0000000000;0,0000000000;0,0000000000;1;0, 0, 52.9850746269, 47.0149253731, 0, 0, 0, 0;0, 0, 0, 0, 0, 52.9850746269, 47.0149253731, 0, 0, 0, 0, 0, 0, 0, 0, 0, 0, 0, 0, 0, 0, 0, 0, 0, 0;Europe/Paris;31,0
2023-07-04T03:00:00Z;-1;9000003703;hourly;0,0000000000;0,0000000000;0,0000000000;0,0000000000;0,0000000000;0,0000000000;0,0000000000;0,0000000000;0,0000000000;0,0000000000;0,0000000000;0,0000000000;0,0000000000;1;0, 0, 0, 0, 0, 0, 0, 0;0, 0, 0, 0, 0, 0, 0, 0, 0, 0, 0, 0, 0, 0, 0, 0, 0, 0, 0, 0, 0, 0, 0, 0, 0;Europe/Paris;NA
2023-07-04T04:00:00Z;-1;9000003703;hourly;0,5936111111;3,1651468974;15,3986660887;4,8134985458;1,7274472169;3,1651468974;0,0000000000;8,3474885481;7,0511775406;4,8134985458;0,0000000000;0,0000000000;1,7274472169;1;0, 0, 33.6544842314, 66.3455157686, 0, 0, 0, 0;0, 0, 0, 0, 11.2181614105, 22.436322821, 46.304485519, 20.0410302496, 0, 0, 0, 0, 0, 0, 0, 0, 0, 0, 0, 0, 0, 0, 0, 0, 0;Europe/Paris;34,0
2023-07-04T05:00:00Z;-1;9000003703;hourly;0,6375000000;3,2263825987;40,3693624815;7,8541567080;4,8025647353;3,2263825987;0,0000000000;29,5130419624;10,8563205191;6,3787468719;1,4754098361;3,3271548992;1,4754098361;1;0, 0, 11.5244928015, 64.9935431798, 19.1445837505, 0, 0, 4.3373802681;0, 0, 0, 0, 3.9044018526, 7.620090949, 38.5394071086, 26.4541360712, 19.1445837505, 0, 0, 0, 0, 0, 4.3373802681, 0, 0, 0, 0, 0, 0, 0, 0, 0, 0;Europe/Paris;39,5
2023-07-04T06:00:00Z;-1;9000003703;hourly;0,6030555556;4,8679060665;125,3283760358;13,0262998397;8,1954812075;3,3268101761;1,5410958904;83,7518989501;41,5764770857;9,7676466973;3,2586531423;3,2586531423;4,9368280652;1;0, 3.8841212346, 44.1798354749, 44.0263912445, 7.9096520461, 0, 0, 0;0, 0, 0, 3.8841212346, 18.1625882802, 26.0172471947, 27.7852998952, 16.2410913492, 5.114378024, 2.7952740221, 0, 0, 0, 0, 0, 0, 0, 0, 0, 0, 0, 0, 0, 0, 0;Europe/Paris;35,5
2023-07-04T07:00:00Z;-1;9000003703;hourly;0,6066666667;6,6072041166;34,8176140473;3,2043078872;4,8340017093;4,9708404803;1,6363636364;18,2269888418;16,5906252054;3,2043078872;0,0000000000;4,8340017093;0,0000000000;1;4.5033075751, 19.5086682878, 33.5889584769, 33.0185910132, 9.3804746471, 0, 0, 0;0, 4.5033075751, 0, 19.5086682878, 9.576982614, 24.0119758629, 28.1414239412, 4.8771670719, 9.3804746471, 0, 0, 0, 0, 0, 0, 0, 0, 0, 0, 0, 0, 0, 0, 0, 0;Europe/Paris;32,5
2023-07-04T08:00:00Z;-1;9000003703;hourly;0,6555555556;7,6090888744;35,0638203339;1,5050167224;1,4950166113;6,1140722631;1,4950166113;7,5206788012;27,5431415327;1,5050167224;0,0000000000;0,0000000000;1,4950166113;1;0, 0, 26.1594864718, 65.0894899503, 8.7510235779, 0, 0, 0;0, 0, 0, 0, 8.9746442826, 17.1848421892, 39.0521074824, 26.037382468, 4.2637014366, 4.4873221413, 0, 0, 0, 0, 0, 0, 0, 0, 0, 0, 0, 0, 0, 0, 0;Europe/Paris;36,5
2023-07-04T09:00:00Z;-1;9000003703;hourly;0,6183333333;1,5151515152;74,5895759079;3,1426379528;0,0000000000;1,5151515152;0,0000000000;32,5376950386;42,0518808693;0,0000000000;3,1426379528;0,0000000000;0,0000000000;1;8.7303456405, 2.3338547752, 32.6655909525, 47.2373262613, 9.0328823706, 0, 0, 0;8.7303456405, 0, 2.3338547752, 0, 6.5470949157, 26.1184960368, 32.3349633199, 14.9023629414, 6.6990275954, 2.3338547752, 0, 0, 0, 0, 0, 0, 0, 0, 0, 0, 0, 0, 0, 0, 0;Europe/Paris;35,5
2023-07-04T10:00:00Z;-1;9000003703;hourly;0,6391666667;7,8722218140;49,9117163817;15,5856996309;4,6574506522;0,0000000000;7,8722218140;17,0611931529;32,8505232289;6,1547213753;9,4309782556;4,6574506522;0,0000000000;1;9.4805318001, 3.0614326517, 40.329497688, 34.5447198189, 12.5838180412, 0, 0, 0;6.2720196438, 3.2085121563, 0, 3.0614326517, 15.4781333194, 24.8513643686, 15.6670664134, 18.8776534055, 9.4587160796, 3.1251019616, 0, 0, 0, 0, 0, 0, 0, 0, 0, 0, 0, 0, 0, 0, 0;Europe/Paris;37,0
2023-07-04T11:00:00Z;-1;9000003703;hourly;0,6388888889;1,7751479290;47,0612806043;3,0644712592;3,2852150431;1,7751479290;0,0000000000;24,3347205919;22,7265600124;3,0644712592;0,0000000000;0,0000000000;3,2852150431;1;12.4922209456, 15.88936857, 36.1018466513, 35.5165638331, 0, 0, 0, 0;9.397722324, 3.0944986216, 6.3974349742, 9.4919335958, 19.9840251629, 16.1178214884, 26.0046150499, 9.5119487832, 0, 0, 0, 0, 0, 0, 0, 0, 0, 0, 0, 0, 0, 0, 0, 0, 0;Europe/Paris;31,5
2023-07-04T12:00:00Z;-1;9000003703;hourly;0,5505555556;5,5417743535;29,2138749408;9,5421187015;0,0000000000;0,0000000000;5,5417743535;3,9572673112;25,2566076296;3,5714285714;5,9706901300;0,0000000000;0,0000000000;1;19.4202353576, 0, 39.0786394844, 34.6091164023, 6.8920087557, 0, 0, 0;6.1125553845, 13.3076799731, 0, 0, 13.0045641402, 26.0740753442, 16.9601888837, 17.6489275186, 0, 6.8920087557, 0, 0, 0, 0, 0, 0, 0, 0, 0, 0, 0, 0, 0, 0, 0;Europe/Paris;35,0
2023-07-04T13:00:00Z;-1;9000003703;hourly;0,5525000000;20,0346154278;22,8133991348;8,7802404234;3,5019455253;3,7110266160;16,3235888119;15,8367659258;6,9766332090;5,3581871915;3,4220532319;1,7509727626;1,7509727626;1;23.2563008623, 0, 38.6623076991, 30.581296403, 7.5000950356, 0, 0, 0;15.5811063317, 7.6751945306, 0, 0, 23.3119186378, 15.3503890613, 15.4060068367, 15.1752895663, 7.5000950356, 0, 0, 0, 0, 0, 0, 0, 0, 0, 0, 0, 0, 0, 0, 0, 0;Europe/Paris;35,0
2023-07-04T14:00:00Z;-1;9000003703;hourly;0,5975000000;4,9770962424;76,6063633154;14,9610955789;1,6453382084;1,7013232514;3,2757729910;31,6075514266;44,9988118888;3,3466614598;11,6144341191;1,6453382084;0,0000000000;1;6.5164295134, 4.295565374, 35.0208729454, 43.250553651, 10.9165785163, 0, 0, 0;4.3686468264, 2.147782687, 0, 4.295565374, 6.5895109659, 28.4313619795, 30.2445561077, 13.0059975433, 8.7882503827, 2.1283281337, 0, 0, 0, 0, 0, 0, 0, 0, 0, 0, 0, 0, 0, 0, 0;Europe/Paris;36,0
2023-07-04T15:00:00Z;-1;9000003703;hourly;0,5980555556;6,1226629390;76,7979605218;15,0322264576;3,4174936237;3,0718154814;3,0508474576;36,9898766439;39,8080838779;5,2174936237;9,8147328339;1,5463917526;1,8711018711;1;26.4200020124, 4.4499796615, 21.2297850466, 45.463838018, 2.4363952615, 0, 0, 0;22.0626053708, 4.3573966416, 2.4363952615, 2.0135844, 8.4771484615, 12.7526365851, 24.023710989, 21.4401270289, 2.4363952615, 0, 0, 0, 0, 0, 0, 0, 0, 0, 0, 0, 0, 0, 0, 0, 0;Europe/Paris;34,5
2023-07-04T16:00:00Z;-1;9000003703;hourly;0,5563888889;5,1999317280;60,5573750836;21,7239697853;1,8442622951;1,6635859519;3,5363457760;10,4474553340;50,1099197496;12,6833346530;9,0406351323;1,8442622951;0,0000000000;1;3.0454792542, 11.6793231911, 29.3334168655, 50.1491778193, 3.0454792542, 0, 0, 2.7471236157;3.0454792542, 0, 5.8396615955, 5.8396615955, 11.5852057398, 17.7482111257, 32.724310484, 17.4248673353, 3.0454792542, 0, 0, 0, 0, 0, 0, 0, 0, 0, 0, 0, 0, 0, 0, 0, 2.7471236157;Europe/Paris;35,0
2023-07-04T17:00:00Z;-1;9000003703;hourly;0,5755555556;3,8271103896;62,1346401240;18,9657217782;5,0102727461;0,0000000000;3,8271103896;15,3913951614;46,7432449626;3,4665334665;15,4991883117;3,3619210978;1,6483516484;1;17.5947685057, 5.3057413548, 24.7373744297, 47.0563743551, 5.3057413548, 0, 0, 0;17.5947685057, 0, 0, 5.3057413548, 8.0635740967, 16.673800333, 26.1285768227, 20.9277975324, 2.6528706774, 2.6528706774, 0, 0, 0, 0, 0, 0, 0, 0, 0, 0, 0, 0, 0, 0, 0;Europe/Paris;35,0
2023-07-04T18:00:00Z;-1;9000003703;hourly;0,5750000000;1,5679442509;26,1902629549;6,2855550725;0,0000000000;1,5679442509;0,0000000000;8,3568535524;17,8334094025;1,5679442509;4,7176108216;0,0000000000;0,0000000000;1;0, 0, 12.0260975468, 59.8898178878, 22.0447319915, 0, 0, 6.0393525738;0, 0, 0, 0, 0, 12.0260975468, 39.8525489986, 20.0372688893, 22.0447319915, 0, 0, 0, 0, 0, 0, 0, 0, 6.0393525738, 0, 0, 0, 0, 0, 0, 0;Europe/Paris;40,5
2023-07-04T19:00:00Z;-1;9000003703;hourly;0,4086111111;0,0000000000;18,5669095221;0,0000000000;0,0000000000;0,0000000000;0,0000000000;9,2834547611;9,2834547611;0,0000000000;0,0000000000;0,0000000000;0,0000000000;1;0, 13.7708334215, 36.268177438, 36.2291665785, 13.731822562, 0, 0, 0;0, 0, 0, 13.7708334215, 36.268177438, 0, 0, 36.2291665785, 13.731822562, 0, 0, 0, 0, 0, 0, 0, 0, 0, 0, 0, 0, 0, 0, 0, 0;Europe/Paris;37,5
2023-07-04T20:00:00Z;-1;9000003703;hourly;0,0786111111;0,0000000000;0,0000000000;0,0000000000;0,0000000000;0,0000000000;0,0000000000;0,0000000000;0,0000000000;0,0000000000;0,0000000000;0,0000000000;0,0000000000;1;0, 0, 0, 0, 0, 0, 0, 0;0, 0, 0, 0, 0, 0, 0, 0, 0, 0, 0, 0, 0, 0, 0, 0, 0, 0, 0, 0, 0, 0, 0, 0, 0;Europe/Paris;NA
2023-07-05T03:00:00Z;-1;9000003703;hourly;0,0000000000;0,0000000000;0,0000000000;0,0000000000;0,0000000000;0,0000000000;0,0000000000;0,0000000000;0,0000000000;0,0000000000;0,0000000000;0,0000000000;0,0000000000;1;0, 0, 0, 0, 0, 0, 0, 0;0, 0, 0, 0, 0, 0, 0, 0, 0, 0, 0, 0, 0, 0, 0, 0, 0, 0, 0, 0, 0, 0, 0, 0, 0;Europe/Paris;NA
2023-07-05T04:00:00Z;-1;9000003703;hourly;0,4738888889;1,5985790409;7,9223297458;6,7312209935;3,1265926232;1,5985790409;0,0000000000;4,7957371226;3,1265926232;6,7312209935;0,0000000000;3,1265926232;0,0000000000;1;0, 0, 40.3562863995, 59.6437136005, 0, 0, 0, 0;0, 0, 0, 0, 20.1781431997, 20.1781431997, 39.4655704008, 20.1781431997, 0, 0, 0, 0, 0, 0, 0, 0, 0, 0, 0, 0, 0, 0, 0, 0, 0;Europe/Paris;34,0
2023-07-05T05:00:00Z;-1;9000003703;hourly;0,6605555556;3,0560359737;26,4924068959;4,5334534972;0,0000000000;3,0560359737;0,0000000000;19,1574485767;7,3349583192;4,5334534972;0,0000000000;0,0000000000;0,0000000000;1;0, 5.7775507183, 27.6870212209, 55.3936273595, 11.1418007013, 0, 0, 0;0, 0, 0, 5.7775507183, 0, 27.6870212209, 33.0904410393, 22.3031863202, 11.1418007013, 0, 0, 0, 0, 0, 0, 0, 0, 0, 0, 0, 0, 0, 0, 0, 0;Europe/Paris;36,5
2023-07-05T06:00:00Z;-1;9000003703;hourly;0,6386111111;9,7416279945;43,8162020161;10,9025571323;3,0822279301;4,8708139972;4,8708139972;27,9101181615;15,9060838546;9,2234526547;1,6791044776;3,0822279301;0,0000000000;1;10.5396266564, 7.2843135022, 35.8736552817, 42.8502453755, 3.4521591841, 0, 0, 0;7.0344479627, 3.5051786937, 0, 7.2843135022, 6.9573378778, 28.9163174039, 27.901623237, 14.9486221386, 3.4521591841, 0, 0, 0, 0, 0, 0, 0, 0, 0, 0, 0, 0, 0, 0, 0, 0;Europe/Paris;33,5
2023-07-05T07:00:00Z;-1;9000003703;hourly;0,6233333333;4,9011831178;35,1553192217;11,1216532554;0,0000000000;4,9011831178;0,0000000000;17,8796128252;17,2757063965;9,3808408763;1,7408123791;0,0000000000;0,0000000000;1;16.5277953534, 0, 22.4319942922, 42.2316193586, 18.8085909959, 0, 0, 0;12.4898335569, 4.0379617965, 0, 0, 9.4042954979, 13.0276987942, 17.8561672583, 24.3754521003, 18.8085909959, 0, 0, 0, 0, 0, 0, 0, 0, 0, 0, 0, 0, 0, 0, 0, 0;Europe/Paris;38,5
2023-07-05T08:00:00Z;-1;9000003703;hourly;0,5327777778;9,4456141679;22,3133048215;3,8580614432;0,0000000000;9,4456141679;0,0000000000;9,2761871405;13,0371176811;2,0361990950;1,8218623482;0,0000000000;0,0000000000;1;40.6118702097, 8.002912612, 9.1254931141, 42.2597240642, 0, 0, 0, 0;40.6118702097, 0, 8.002912612, 0, 0, 9.1254931141, 33.1342309501, 9.1254931141, 0, 0, 0, 0, 0, 0, 0, 0, 0, 0, 0, 0, 0, 0, 0, 0, 0;Europe/Paris;31,5
2023-07-05T09:00:00Z;-1;9000003703;hourly;0,6122222222;1,5597920277;40,2367841234;3,1195840555;1,7786561265;1,5597920277;0,0000000000;19,0861426934;21,1506414300;1,5597920277;1,5597920277;0,0000000000;1,7786561265;1;20.7615164704, 3.6668184802, 31.8039205813, 36.2243934526, 7.5433510155, 0, 0, 0;20.7615164704, 0, 0, 3.6668184802, 3.8765325354, 27.9273880459, 28.4713283819, 7.7530650707, 7.5433510155, 0, 0, 0, 0, 0, 0, 0, 0, 0, 0, 0, 0, 0, 0, 0, 0;Europe/Paris;32,5
2023-07-05T10:00:00Z;-1;9000003703;hourly;0,5611111111;17,8086773688;41,0345306354;9,1586283978;7,1735815441;5,3627163530;12,4459610158;21,5898967954;19,4446338400;7,3330705885;1,8255578093;5,3627163530;1,8108651911;1;12.5709306693, 4.5222159834, 26.6947708278, 56.2120825195, 0, 0, 0, 0;12.5709306693, 0, 0, 4.5222159834, 8.8260553398, 17.868715488, 34.3548151869, 21.8572673327, 0, 0, 0, 0, 0, 0, 0, 0, 0, 0, 0, 0, 0, 0, 0, 0, 0;Europe/Paris;34,0
2023-07-05T11:00:00Z;-1;9000003703;hourly;0,6266666667;6,3808074490;54,7443943874;9,5906845226;1,6544117647;1,6453382084;4,7354692406;24,2344772388;30,5099171486;6,4979010174;3,0927835052;1,6544117647;0,0000000000;1;11.8695276295, 5.8302406972, 17.6997683266, 53.1089953711, 11.4914679756, 0, 0, 0;11.8695276295, 0, 2.8247490357, 3.0054916614, 5.8302406972, 11.8695276295, 29.5458375422, 23.5631578289, 8.4694019116, 3.022066064, 0, 0, 0, 0, 0, 0, 0, 0, 0, 0, 0, 0, 0, 0, 0;Europe/Paris;37,0
2023-07-05T12:00:00Z;-1;9000003703;hourly;0,5894444444;3,7847866419;37,1892175655;3,7847866419;3,0769590411;3,7847866419;0,0000000000;24,4875882508;12,7016293147;1,8367346939;1,9480519481;1,5437392796;1,5332197615;1;4.9388903938, 4.1227534804, 44.4160312914, 46.5223248345, 0, 0, 0, 0;4.9388903938, 0, 0, 4.1227534804, 25.694090162, 18.7219411294, 25.8802709594, 20.6420538751, 0, 0, 0, 0, 0, 0, 0, 0, 0, 0, 0, 0, 0, 0, 0, 0, 0;Europe/Paris;34,0
2023-07-05T13:00:00Z;-1;9000003703;hourly;0,6288888889;0,0000000000;45,9346794232;9,5124695133;1,5280135823;0,0000000000;0,0000000000;15,9096186371;30,0250607862;6,4137753026;3,0986942106;0,0000000000;1,5280135823;1;3.3264923181, 3.5239280132, 48.400691515, 41.3295094882, 3.4193786655, 0, 0, 0;3.3264923181, 0, 0, 3.5239280132, 17.3176550232, 31.0830364918, 30.8622747962, 10.4672346919, 3.4193786655, 0, 0, 0, 0, 0, 0, 0, 0, 0, 0, 0, 0, 0, 0, 0, 0;Europe/Paris;32,5
2023-07-05T14:00:00Z;-1;9000003703;hourly;0,6208333333;4,8072882845;47,1176600942;14,4427518895;5,1452106875;3,2115436037;1,5957446809;21,1235445320;25,9941155623;7,9332076744;6,5095442150;3,5294117647;1,6157989228;1;10.245293414, 10.6530714382, 34.0458684879, 41.310449344, 3.7453173159, 0, 0, 0;6.8160082594, 3.4292851546, 0, 10.6530714382, 20.5889544543, 13.4569140336, 23.8839316961, 17.4265176478, 3.7453173159, 0, 0, 0, 0, 0, 0, 0, 0, 0, 0, 0, 0, 0, 0, 0, 0;Europe/Paris;34,5
2023-07-05T15:00:00Z;-1;9000003703;hourly;0,6327777778;4,4755877034;114,8378510035;27,5058586756;8,0683738942;1,6274864376;2,8481012658;39,5776294468;75,2602215567;12,5439615976;14,9618970779;3,1416078848;4,9267660094;1;2.7356902427, 5.4916648915, 51.2508301218, 33.5951998278, 6.9266149162, 0, 0, 0;2.7356902427, 0, 1.417203843, 4.0744610486, 16.1389912701, 35.1118388516, 27.8878024934, 5.7073973343, 6.9266149162, 0, 0, 0, 0, 0, 0, 0, 0, 0, 0, 0, 0, 0, 0, 0, 0;Europe/Paris;32,0
2023-07-05T16:00:00Z;-1;9000003703;hourly;0,5858333333;3,6040004762;87,8017016445;20,4331235936;3,3967695506;0,0000000000;3,6040004762;19,1185545868;68,6831470577;11,4003634497;9,0327601440;1,6216216216;1,7751479290;1;0, 3.4571233776, 41.8787010945, 49.4784904616, 5.1856850664, 0, 0, 0;0, 0, 0, 3.4571233776, 11.3121590463, 30.5665420482, 30.395665957, 19.0828245046, 1.7285616888, 3.4571233776, 0, 0, 0, 0, 0, 0, 0, 0, 0, 0, 0, 0, 0, 0, 0;Europe/Paris;35,0
2023-07-05T17:00:00Z;-1;9000003703;hourly;0,5952777778;1,8867924528;78,8939973865;5,2941176471;1,7647058824;0,0000000000;1,8867924528;35,1908551963;43,7031421902;5,2941176471;0,0000000000;1,7647058824;0,0000000000;1;0, 6.6438569674, 40.2739740408, 44.8080972831, 8.2740717086, 0, 0, 0;0, 0, 2.2368062727, 4.4070506947, 10.7476118963, 29.5263621445, 28.4239264885, 16.3841707947, 5.8825178321, 2.3915538765, 0, 0, 0, 0, 0, 0, 0, 0, 0, 0, 0, 0, 0, 0, 0;Europe/Paris;35,5
2023-07-05T18:00:00Z;-1;9000003703;hourly;0,6183333333;0,0000000000;22,1901338005;4,9440127272;1,6949152542;0,0000000000;0,0000000000;12,8160376589;9,3740961416;1,6245487365;3,3194639907;0,0000000000;1,6949152542;1;0, 7.6381479692, 50.0479338165, 35.3926612661, 6.9212569482, 0, 0, 0;0, 0, 0, 7.6381479692, 14.2422976912, 35.8056361254, 14.2422976912, 21.1503635749, 6.9212569482, 0, 0, 0, 0, 0, 0, 0, 0, 0, 0, 0, 0, 0, 0, 0, 0;Europe/Paris;35,5
2023-07-05T19:00:00Z;-1;9000003703;hourly;0,6305555556;0,0000000000;19,3877467101;0,0000000000;3,0535206412;0,0000000000;0,0000000000;8,2374446463;11,1503020638;0,0000000000;0,0000000000;1,4634146341;1,5901060071;1;0, 8.2016029549, 16.4752712766, 58.9631620535, 16.359963715, 0, 0, 0;0, 0, 8.2016029549, 0, 0, 16.4752712766, 34.3295300169, 24.6336320367, 16.359963715, 0, 0, 0, 0, 0, 0, 0, 0, 0, 0, 0, 0, 0, 0, 0, 0;Europe/Paris;38,0
2023-07-05T20:00:00Z;-1;9000003703;hourly;0,1213888889;0,0000000000;30,8571428571;0,0000000000;0,0000000000;0,0000000000;0,0000000000;25,7142857143;5,1428571429;0,0000000000;0,0000000000;0,0000000000;0,0000000000;1;0, 0, 33.3333333333, 66.6666666667, 0, 0, 0, 0;0, 0, 0, 0, 16.6666666667, 16.6666666667, 33.3333333333, 33.3333333333, 0, 0, 0, 0, 0, 0, 0, 0, 0, 0, 0, 0, 0, 0, 0, 0, 0;Europe/Paris;35,5
2023-07-06T03:00:00Z;-1;9000003703;hourly;0,0000000000;0,0000000000;0,0000000000;0,0000000000;0,0000000000;0,0000000000;0,0000000000;0,0000000000;0,0000000000;0,0000000000;0,0000000000;0,0000000000;0,0000000000;1;0, 0, 0, 0, 0, 0, 0, 0;0, 0, 0, 0, 0, 0, 0, 0, 0, 0, 0, 0, 0, 0, 0, 0, 0, 0, 0, 0, 0, 0, 0, 0, 0;Europe/Paris;NA
2023-07-06T04:00:00Z;-1;9000003703;hourly;0,4616666667;1,7341040462;13,0767297874;4,1244176487;1,7341040462;1,7341040462;0,0000000000;11,3913365290;1,6853932584;4,1244176487;0,0000000000;1,7341040462;0,0000000000;1;0, 0, 41.9378861183, 58.0621138817, 0, 0, 0, 0;0, 0, 0, 0, 0, 41.9378861183, 44.8011222237, 13.260991658, 0, 0, 0, 0, 0, 0, 0, 0, 0, 0, 0, 0, 0, 0, 0, 0, 0;Europe/Paris;32,5
2023-07-06T05:00:00Z;-1;9000003703;hourly;0,6297222222;1,5358361775;41,9960326638;5,2319347401;1,5358361775;1,5358361775;0,0000000000;22,8186308386;19,1774018253;5,2319347401;0,0000000000;1,5358361775;0,0000000000;1;7.4037059067, 0, 7.1920410559, 63.526955621, 21.8772974164, 0, 0, 0;3.6570982544, 3.7466076523, 0, 0, 0, 7.1920410559, 40.6945585958, 22.8323970252, 21.8772974164, 0, 0, 0, 0, 0, 0, 0, 0, 0, 0, 0, 0, 0, 0, 0, 0;Europe/Paris;39,0
2023-07-06T06:00:00Z;-1;9000003703;hourly;0,6527777778;2,9950414871;105,0387462303;15,1583900607;1,5025041736;1,4925373134;1,5025041736;72,7969696686;32,2417765617;10,4879492040;4,6704408567;1,5025041736;0,0000000000;1;4.7942731428, 11.5510969612, 47.3294256719, 33.565472775, 2.7597314491, 0, 0, 0;4.7942731428, 0, 2.8418795292, 8.709217432, 18.0267721908, 29.3026534812, 26.4512852056, 7.1141875694, 2.7597314491, 0, 0, 0, 0, 0, 0, 0, 0, 0, 0, 0, 0, 0, 0, 0, 0;Europe/Paris;31,5
2023-07-06T07:00:00Z;-1;9000003703;hourly;0,6325000000;0,0000000000;30,6415718983;12,1426402325;1,4446227929;0,0000000000;0,0000000000;18,1986216898;12,4429502085;10,6980174396;1,4446227929;0,0000000000;1,4446227929;1;5.6702434954, 0, 53.4410589468, 30.503869583, 10.3848279747, 0, 0, 0;5.6702434954, 0, 0, 0, 31.4351139527, 22.0059449941, 10.0744131848, 20.4294563982, 5.6702434954, 4.7145844793, 0, 0, 0, 0, 0, 0, 0, 0, 0, 0, 0, 0, 0, 0, 0;Europe/Paris;36,5
2023-07-06T08:00:00Z;-1;9000003703;hourly;0,5913888889;6,5462001487;37,4182278687;4,9414982800;0,0000000000;5,0155879038;1,5306122449;16,2446341639;21,1735937048;3,1522338665;1,7892644135;0,0000000000;0,0000000000;1;4.9798030089, 4.0905524716, 27.3015023274, 63.6281421922, 0, 0, 0, 0;4.9798030089, 0, 0, 4.0905524716, 4.0905524716, 23.2109498558, 45.8834394229, 17.7447027693, 0, 0, 0, 0, 0, 0, 0, 0, 0, 0, 0, 0, 0, 0, 0, 0, 0;Europe/Paris;33,5
2023-07-06T09:00:00Z;-1;9000003703;hourly;0,6144444444;0,0000000000;52,6784310619;4,4217911136;0,0000000000;0,0000000000;0,0000000000;17,4639976038;35,2144334581;2,9840914331;1,4376996805;0,0000000000;0,0000000000;1;17.3316104783, 5.6647310349, 23.1927103462, 46.9934371106, 6.8175110299, 0, 0, 0;14.3960793294, 2.9355311489, 2.9355311489, 2.729199886, 10.9167995442, 12.275910802, 18.7560044585, 28.2374326521, 6.8175110299, 0, 0, 0, 0, 0, 0, 0, 0, 0, 0, 0, 0, 0, 0, 0, 0;Europe/Paris;36,0
2023-07-06T10:00:00Z;-1;9000003703;hourly;0,5850000000;15,2578900470;36,5337312145;13,6929981973;0,0000000000;3,3614178006;11,8964722464;8,4879027749;28,0458284396;6,6914498141;7,0015483832;0,0000000000;0,0000000000;1;27.0006199572, 4.4069352775, 27.5970382308, 27.4305648623, 13.5648416721, 0, 0, 0;18.0147314824, 8.9858884748, 0, 4.4069352775, 9.7543246682, 17.8427135627, 18.1867494022, 9.2438154602, 9.1579063946, 4.4069352775, 0, 0, 0, 0, 0, 0, 0, 0, 0, 0, 0, 0, 0, 0, 0;Europe/Paris;36,5
2023-07-06T11:00:00Z;-1;9000003703;hourly;0,5441666667;28,1424954609;32,6063075109;8,4783593194;1,6885553471;5,1368312092;23,0056642517;14,1849735714;18,4213339394;6,7542213884;1,7241379310;0,0000000000;1,6885553471;1;21.6832905164, 0, 38.216028099, 33.9532378499, 6.1474435347, 0, 0, 0;16.5046748558, 5.1786156606, 0, 0, 22.6801811173, 15.5358469817, 16.5327375826, 17.4205002673, 6.1474435347, 0, 0, 0, 0, 0, 0, 0, 0, 0, 0, 0, 0, 0, 0, 0, 0;Europe/Paris;35,0
2023-07-06T12:00:00Z;-1;9000003703;hourly;0,6072222222;10,5112426857;30,1901594542;8,1506988099;0,0000000000;1,6885553471;8,8226873386;9,8392541570;20,3509052972;3,1472263357;5,0034724742;0,0000000000;0,0000000000;1;29.3267219592, 0, 34.0121904966, 36.6610875442, 0, 0, 0, 0;23.2798582052, 6.0468637541, 0, 0, 11.6399291026, 22.372261394, 16.0177414438, 20.6433461004, 0, 0, 0, 0, 0, 0, 0, 0, 0, 0, 0, 0, 0, 0, 0, 0, 0;Europe/Paris;34,0
2023-07-06T13:00:00Z;-1;9000003703;hourly;0,5522222222;6,8320051280;34,3469828276;16,5068713018;0,0000000000;3,3771106942;3,4548944338;16,4290875622;17,9178952654;0,0000000000;16,5068713018;0,0000000000;0,0000000000;1;15.4432940489, 5.6109582332, 32.3894010227, 36.6107786052, 9.94556809, 0, 0, 0;9.8323358157, 5.6109582332, 5.6109582332, 0, 15.5565263232, 16.8328746995, 20.472694231, 16.1380843742, 9.94556809, 0, 0, 0, 0, 0, 0, 0, 0, 0, 0, 0, 0, 0, 0, 0, 0;Europe/Paris;36,0
2023-07-06T14:00:00Z;-1;9000003703;hourly;0,5877777778;3,5019455253;72,8888148693;22,6804634060;4,7342406263;1,7509727626;1,7509727626;26,5646009557;46,3242139136;3,6338179509;19,0466454551;0,0000000000;4,7342406263;1;7.2067549697, 7.2067549697, 31.5063749188, 48.9137663909, 5.1663487509, 0, 0, 0;4.8045033131, 2.4022516566, 2.4022516566, 4.8045033131, 2.0892679382, 29.4171069806, 27.9465856893, 20.9671807016, 5.1663487509, 0, 0, 0, 0, 0, 0, 0, 0, 0, 0, 0, 0, 0, 0, 0, 0;Europe/Paris;35,0
2023-07-06T15:00:00Z;-1;9000003703;hourly;0,5675000000;7,3394571678;92,5506369850;30,4119674446;3,4074153221;1,8329938900;5,5064632778;27,5329041500;65,0177328351;18,6115286425;11,8004388021;0,0000000000;3,4074153221;1;5.6703079424, 0, 33.9894628634, 45.046651999, 11.3244152237, 1.9805308205, 0, 1.988631151;3.9732038711, 1.6971040713, 0, 0, 11.0410050058, 22.9484578576, 28.0438285024, 17.0028234966, 9.3398425036, 1.9845727201, 1.9805308205, 0, 0, 0, 1.988631151, 0, 0, 0, 0, 0, 0, 0, 0, 0, 0;Europe/Paris;37,5
2023-07-06T16:00:00Z;-1;9000003703;hourly;0,6644444444;3,0182155507;111,9405672167;17,9747392576;6,0769852495;1,5306122449;1,4876033058;37,8302772851;74,1102899316;9,0263805248;8,9483587329;0,0000000000;6,0769852495;1;1.3673436565, 9.4078328306, 35.1337768722, 47.2543283582, 6.8367182825, 0, 0, 0;1.3673436565, 0, 2.6556519183, 6.7521809123, 10.8503777628, 24.2833991094, 31.0481984718, 16.2061298864, 6.8367182825, 0, 0, 0, 0, 0, 0, 0, 0, 0, 0, 0, 0, 0, 0, 0, 0;Europe/Paris;35,0
2023-07-06T17:00:00Z;-1;9000003703;hourly;0,6402777778;3,0907357381;69,5248702573;13,9229860924;21,6662069847;0,0000000000;3,0907357381;18,6266250564;50,8982452010;4,7114885411;9,2114975513;20,0475019487;1,6187050360;1;9.1922548241, 6.8723609216, 31.1495024029, 48.534647705, 4.2512341464, 0, 0, 0;6.8723609216, 2.3198939025, 2.2242281745, 4.6481327471, 9.0936437227, 22.0558586802, 19.7163295201, 28.8183181849, 2.1256170732, 2.1256170732, 0, 0, 0, 0, 0, 0, 0, 0, 0, 0, 0, 0, 0, 0, 0;Europe/Paris;35,5
2023-07-06T18:00:00Z;-1;9000003703;hourly;0,5933333333;0,0000000000;20,2696878727;14,7464562624;0,0000000000;0,0000000000;0,0000000000;4,9320625926;15,3376252801;1,6981132075;13,0483430548;0,0000000000;0,0000000000;1;8.6552194387, 0, 34.8257350194, 48.9420360333, 7.5770095086, 0, 0, 0;8.6552194387, 0, 0, 0, 8.6552194387, 26.1705155808, 25.4104178237, 23.5316182097, 7.5770095086, 0, 0, 0, 0, 0, 0, 0, 0, 0, 0, 0, 0, 0, 0, 0, 0;Europe/Paris;36,0
2023-07-06T19:00:00Z;-1;9000003703;hourly;0,6197222222;0,0000000000;22,2481664518;3,3210332103;7,8380909624;0,0000000000;0,0000000000;7,7712614683;14,4769049835;0,0000000000;3,3210332103;4,6649693152;3,1731216472;1;0, 7.0845484729, 34.6587517221, 43.9943036024, 7.4636110295, 0, 6.7987851731, 0;0, 0, 0, 7.0845484729, 0, 34.6587517221, 7.7347555985, 36.2595480039, 0, 7.4636110295, 0, 0, 0, 6.7987851731, 0, 0, 0, 0, 0, 0, 0, 0, 0, 0, 0;Europe/Paris;37,5
2023-07-06T20:00:00Z;-1;9000003703;hourly;0,1911111111;0,0000000000;16,5296052632;0,0000000000;0,0000000000;0,0000000000;0,0000000000;0,0000000000;16,5296052632;0,0000000000;0,0000000000;0,0000000000;0,0000000000;1;0, 0, 0, 100, 0, 0, 0, 0;0, 0, 0, 0, 0, 0, 100, 0, 0, 0, 0, 0, 0, 0, 0, 0, 0, 0, 0, 0, 0, 0, 0, 0, 0;Europe/Paris;31,5
2023-07-07T03:00:00Z;-1;9000003703;hourly;0,0000000000;0,0000000000;0,0000000000;0,0000000000;0,0000000000;0,0000000000;0,0000000000;0,0000000000;0,0000000000;0,0000000000;0,0000000000;0,0000000000;0,0000000000;1;0, 0, 0, 0, 0, 0, 0, 0;0, 0, 0, 0, 0, 0, 0, 0, 0, 0, 0, 0, 0, 0, 0, 0, 0, 0, 0, 0, 0, 0, 0, 0, 0;Europe/Paris;NA
2023-07-07T04:00:00Z;-1;9000003703;hourly;0,4708333333;4,9379704608;13,0235733188;1,5490533563;3,4816247582;4,9379704608;0,0000000000;4,7957371226;8,2278361962;1,5490533563;0,0000000000;1,7408123791;1,7408123791;1;0, 0, 25.6411304196, 49.8098613823, 12.274504099, 12.274504099, 0, 0;0, 0, 0, 0, 0, 25.6411304196, 24.5490081981, 25.2608531842, 12.274504099, 0, 12.274504099, 0, 0, 0, 0, 0, 0, 0, 0, 0, 0, 0, 0, 0, 0;Europe/Paris;41,5
2023-07-07T05:00:00Z;-1;9000003703;hourly;0,6380555556;2,9573075557;38,0378516819;1,3975155280;1,3975155280;2,9573075557;0,0000000000;26,5919312898;11,4459203921;1,3975155280;0,0000000000;1,3975155280;0,0000000000;1;0, 0, 20.3228106946, 71.7664707527, 7.9107185527, 0, 0, 0;0, 0, 0, 0, 12.9747851561, 7.3480255385, 60.7444324449, 11.0220383078, 7.9107185527, 0, 0, 0, 0, 0, 0, 0, 0, 0, 0, 0, 0, 0, 0, 0, 0;Europe/Paris;34,5
2023-07-07T06:00:00Z;-1;9000003703;hourly;0,6941666667;7,0561348574;102,4397142299;12,9221319500;4,2864845435;0,0000000000;7,0561348574;62,6624181040;39,7772961259;11,5543507950;1,3677811550;1,4018691589;2,8846153846;1;4.0056178367, 7.3602597213, 33.3908600293, 49.7964108638, 5.4468515489, 0, 0, 0;4.0056178367, 0, 1.3684821062, 5.9917776151, 13.8234013858, 19.5674586435, 38.82995616, 10.9664547038, 5.4468515489, 0, 0, 0, 0, 0, 0, 0, 0, 0, 0, 0, 0, 0, 0, 0, 0;Europe/Paris;33,0
2023-07-07T07:00:00Z;-1;9000003703;hourly;0,1141666667;0,0000000000;8,7591240876;8,7591240876;0,0000000000;0,0000000000;0,0000000000;0,0000000000;8,7591240876;8,7591240876;0,0000000000;0,0000000000;0,0000000000;1;0, 0, 100, 0, 0, 0, 0, 0;0, 0, 0, 0, 0, 100, 0, 0, 0, 0, 0, 0, 0, 0, 0, 0, 0, 0, 0, 0, 0, 0, 0, 0, 0;Europe/Paris;26,5
2023-07-24T02:00:00Z;-1;9000003703;hourly;0,0000000000;0,0000000000;0,0000000000;0,0000000000;0,0000000000;0,0000000000;0,0000000000;0,0000000000;0,0000000000;0,0000000000;0,0000000000;0,0000000000;0,0000000000;1;0, 0, 0, 0, 0, 0, 0, 0;0, 0, 0, 0, 0, 0, 0, 0, 0, 0, 0, 0, 0, 0, 0, 0, 0, 0, 0, 0, 0, 0, 0, 0, 0;Europe/Paris;NA
2023-07-24T03:00:00Z;-1;9000003703;hourly;0,0000000000;0,0000000000;0,0000000000;0,0000000000;0,0000000000;0,0000000000;0,0000000000;0,0000000000;0,0000000000;0,0000000000;0,0000000000;0,0000000000;0,0000000000;1;0, 0, 0, 0, 0, 0, 0, 0;0, 0, 0, 0, 0, 0, 0, 0, 0, 0, 0, 0, 0, 0, 0, 0, 0, 0, 0, 0, 0, 0, 0, 0, 0;Europe/Paris;NA
2023-07-24T04:00:00Z;-1;9000003703;hourly;0,3775000000;2,8213166144;14,9791955617;0,0000000000;2,4965325936;0,0000000000;2,8213166144;9,9861303745;4,9930651872;0,0000000000;0,0000000000;2,4965325936;0,0000000000;1;0, 0, 50, 33.3333333333, 0, 16.6666666667, 0, 0;0, 0, 0, 0, 16.6666666667, 33.3333333333, 33.3333333333, 0, 0, 0, 16.6666666667, 0, 0, 0, 0, 0, 0, 0, 0, 0, 0, 0, 0, 0, 0;Europe/Paris;48,0
2023-07-24T05:00:00Z;-1;9000003703;hourly;0,8100000000;3,6910498105;15,9587164589;3,7344968302;1,2379642366;1,2482662968;2,4427835137;13,5159329452;2,4427835137;3,7344968302;0,0000000000;1,2379642366;0,0000000000;1;7.7572920089, 7.5496001211, 23.3364304678, 61.3566774022, 0, 0, 0, 0;7.7572920089, 0, 7.5496001211, 0, 23.3364304678, 0, 38.5001851511, 22.8564922511, 0, 0, 0, 0, 0, 0, 0, 0, 0, 0, 0, 0, 0, 0, 0, 0, 0;Europe/Paris;34,0
2023-07-24T06:00:00Z;-1;9000003703;hourly;0,8050000000;3,6734693878;32,3219124381;7,5128136616;0,0000000000;2,4489795918;1,2244897959;19,8124348617;12,5094775764;4,9847237739;2,5280898876;0,0000000000;0,0000000000;1;0, 0, 46.1505652646, 42.1551130562, 11.6943216792, 0, 0, 0;0, 0, 0, 0, 15.4139637926, 30.7366014721, 26.8635279997, 15.2915850565, 11.6943216792, 0, 0, 0, 0, 0, 0, 0, 0, 0, 0, 0, 0, 0, 0, 0, 0;Europe/Paris;36,5
2023-07-24T07:00:00Z;-1;9000003703;hourly;0,7908333333;13,9252668919;31,7015864747;1,2784090909;1,2747875354;3,7836877458;10,1415791462;15,1840081507;16,5175783240;0,0000000000;1,2784090909;1,2747875354;0,0000000000;1;7.991804436, 4.021210536, 43.9874322273, 35.9963244712, 3.9705938999, 4.0326344296, 0, 0;7.991804436, 0, 0, 4.021210536, 11.9239022731, 32.0635299542, 11.9745189092, 24.0218055619, 3.9705938999, 0, 0, 4.0326344296, 0, 0, 0, 0, 0, 0, 0, 0, 0, 0, 0, 0, 0;Europe/Paris;36,0
2023-07-24T08:00:00Z;-1;9000003703;hourly;0,7663888889;7,8040326042;26,0946082251;5,1263576786;0,0000000000;3,9020163021;3,9020163021;11,8067210267;14,2878871984;2,6018134991;2,5245441795;0,0000000000;0,0000000000;1;5.2099522039, 15.3260044916, 39.7320216523, 39.7320216523, 0, 0, 0, 0;5.2099522039, 0, 4.9061000839, 10.4199044077, 24.7098692806, 15.0221523716, 19.4867818198, 20.2452398324, 0, 0, 0, 0, 0, 0, 0, 0, 0, 0, 0, 0, 0, 0, 0, 0, 0;Europe/Paris;34,0
2023-07-24T09:00:00Z;-1;9000003703;hourly;0,7252777778;8,2578535142;31,6011083407;2,7524544589;1,3867488444;1,3657056146;6,8921478996;12,3544802205;19,2466281201;1,3867488444;1,3657056146;1,3867488444;0,0000000000;1;35.0412952076, 0, 21.6750983187, 38.9619048427, 4.321701631, 0, 0, 0;35.0412952076, 0, 0, 0, 13.0316950568, 8.643403262, 25.9967999497, 12.965104893, 4.321701631, 0, 0, 0, 0, 0, 0, 0, 0, 0, 0, 0, 0, 0, 0, 0, 0;Europe/Paris;33,5
2023-07-24T10:00:00Z;-1;9000003703;hourly;0,7322222222;6,8397958751;31,0688779835;5,6075750361;9,3051276533;4,1465360751;2,6932598001;9,3396674772;21,7292105063;2,8288201161;2,7787549200;4,0032130730;5,3019145803;1;27.042673806, 4.2412730827, 8.6436887597, 47.1624171009, 8.5075315738, 4.402415677, 0, 0;27.042673806, 0, 4.2412730827, 0, 0, 8.6436887597, 25.6337664988, 21.528650602, 4.2662584911, 4.2412730827, 0, 4.402415677, 0, 0, 0, 0, 0, 0, 0, 0, 0, 0, 0, 0, 0;Europe/Paris;37,0
2023-07-24T11:00:00Z;-1;9000003703;hourly;0,6725000000;9,0197619714;31,2998320033;5,9840380362;8,9890463835;4,4508182747;4,5689436966;16,2960319957;15,0038000076;1,5332197615;4,4508182747;1,4150943396;7,5739520439;1;19.3977011429, 0, 37.7613370624, 23.4432606518, 14.5973425549, 0, 0, 4.8003585881;14.4992091595, 4.8984919834, 0, 0, 4.8984919834, 32.862845079, 9.6007171761, 13.8425434757, 9.6988505715, 4.8984919834, 0, 0, 0, 0, 0, 0, 0, 0, 0, 0, 4.8003585881, 0, 0, 0, 0;Europe/Paris;40,0
2023-07-24T12:00:00Z;-1;9000003703;hourly;0,7025000000;17,2460876339;35,6395119092;12,5548668387;2,8306222082;7,3082341485;9,9378534854;15,6581761938;19,9813357154;9,7242446305;2,8306222082;1,3719512195;1,4586709887;1;24.5038114849, 0, 19.543996169, 47.5764473739, 4.1878724861, 4.1878724861, 0, 0;20.3159389987, 4.1878724861, 0, 0, 7.942370859, 11.60162531, 35.7668680783, 11.8095792957, 0, 4.1878724861, 4.1878724861, 0, 0, 0, 0, 0, 0, 0, 0, 0, 0, 0, 0, 0, 0;Europe/Paris;34,5
2023-07-24T13:00:00Z;-1;9000003703;hourly;0,6863888889;3,1523642732;34,0481605580;12,9238418137;0,0000000000;3,1523642732;0,0000000000;13,5960232690;20,4521372891;8,8939910675;4,0298507463;0,0000000000;0,0000000000;1;13.1508189192, 4.2158127636, 47.3308998862, 35.3024684311, 0, 0, 0, 0;13.1508189192, 0, 0, 4.2158127636, 25.0893294914, 22.2415703948, 21.6603171063, 13.6421513248, 0, 0, 0, 0, 0, 0, 0, 0, 0, 0, 0, 0, 0, 0, 0, 0, 0;Europe/Paris;32,0
2023-07-24T14:00:00Z;-1;9000003703;hourly;0,7686111111;5,1395082435;37,6368629953;7,7577607644;5,2117918818;3,8629124989;1,2765957447;15,4652174780;22,1716455173;0,0000000000;7,7577607644;2,5715597735;2,6402321083;1;0, 3.623140334, 34.27724652, 48.5024951909, 13.5971179551, 0, 0, 0;0, 0, 0, 3.623140334, 10.4461012976, 23.8311452224, 24.3424777478, 24.1600174432, 13.5971179551, 0, 0, 0, 0, 0, 0, 0, 0, 0, 0, 0, 0, 0, 0, 0, 0;Europe/Paris;37,0
2023-07-24T15:00:00Z;-1;9000003703;hourly;0,7705555556;6,2676150172;66,6219467437;10,1451536668;1,3119533528;3,7897841850;2,4778308322;12,8707979101;53,7511488336;2,5000000000;7,6451536668;0,0000000000;1,3119533528;1;5.8799285012, 10.0044153188, 30.7280321905, 47.4479791531, 5.9396448363, 0, 0, 0;5.8799285012, 0, 6.0659133179, 3.9385020009, 5.6884921114, 25.0395400791, 32.5710147094, 14.8769644437, 3.8122335193, 2.127411317, 0, 0, 0, 0, 0, 0, 0, 0, 0, 0, 0, 0, 0, 0, 0;Europe/Paris;34,5
2023-07-24T16:00:00Z;-1;9000003703;hourly;0,8097222222;14,7973525596;66,3875678584;2,4627536123;0,0000000000;3,7090281771;11,0883243825;21,0470902287;45,3404776297;0,0000000000;2,4627536123;0,0000000000;0,0000000000;1;7.4649946736, 1.8319939342, 24.3232262381, 51.8022077527, 14.5775774014, 0, 0, 0;5.5873277605, 1.8776669132, 0, 1.8319939342, 7.4645987692, 16.8586274689, 27.700464562, 24.1017431907, 9.1207826349, 5.4567947665, 0, 0, 0, 0, 0, 0, 0, 0, 0, 0, 0, 0, 0, 0, 0;Europe/Paris;37,5
2023-07-24T17:00:00Z;-1;9000003703;hourly;0,7083333333;3,0467571644;34,8049671955;0,0000000000;0,0000000000;3,0467571644;0,0000000000;16,3136202512;18,4913469443;0,0000000000;0,0000000000;0,0000000000;0,0000000000;1;4.3169245504, 5.0702702072, 35.5563964671, 42.6190792926, 12.4373294827, 0, 0, 0;0, 4.3169245504, 0, 5.0702702072, 18.2332224829, 17.3231739842, 30.9350954667, 11.6839838259, 12.4373294827, 0, 0, 0, 0, 0, 0, 0, 0, 0, 0, 0, 0, 0, 0, 0, 0;Europe/Paris;36,5
2023-07-24T18:00:00Z;-1;9000003703;hourly;0,7961111111;0,0000000000;24,9200542580;0,0000000000;1,2430939227;0,0000000000;0,0000000000;6,2707853083;18,6492689498;0,0000000000;0,0000000000;1,2430939227;0,0000000000;1;9.8541585783, 4.9883275124, 35.1540641669, 40.0811434561, 9.9223062863, 0, 0, 0;4.9270792892, 4.9270792892, 0, 4.9883275124, 4.9883275124, 30.1657366545, 20.1071349522, 19.9740085039, 0, 9.9223062863, 0, 0, 0, 0, 0, 0, 0, 0, 0, 0, 0, 0, 0, 0, 0;Europe/Paris;36,0
2023-07-24T19:00:00Z;-1;9000003703;hourly;0,7275000000;0,0000000000;10,7043830676;0,0000000000;0,0000000000;0,0000000000;0,0000000000;2,5387870240;8,1655960436;0,0000000000;0,0000000000;0,0000000000;0,0000000000;1;0, 0, 11.2103611429, 35.5758992547, 53.2137396024, 0, 0, 0;0, 0, 0, 0, 0, 11.2103611429, 11.8586330849, 23.7172661698, 35.4758264016, 17.7379132008, 0, 0, 0, 0, 0, 0, 0, 0, 0, 0, 0, 0, 0, 0, 0;Europe/Paris;43,5
2023-07-24T20:00:00Z;-1;9000003703;hourly;0,0000000000;0,0000000000;0,0000000000;0,0000000000;0,0000000000;0,0000000000;0,0000000000;0,0000000000;0,0000000000;0,0000000000;0,0000000000;0,0000000000;0,0000000000;1;0, 0, 0, 0, 0, 0, 0, 0;0, 0, 0, 0, 0, 0, 0, 0, 0, 0, 0, 0, 0, 0, 0, 0, 0, 0, 0, 0, 0, 0, 0, 0, 0;Europe/Paris;NA
2023-07-25T02:00:00Z;-1;9000003703;hourly;0,0000000000;0,0000000000;0,0000000000;0,0000000000;0,0000000000;0,0000000000;0,0000000000;0,0000000000;0,0000000000;0,0000000000;0,0000000000;0,0000000000;0,0000000000;1;0, 0, 0, 0, 0, 0, 0, 0;0, 0, 0, 0, 0, 0, 0, 0, 0, 0, 0, 0, 0, 0, 0, 0, 0, 0, 0, 0, 0, 0, 0, 0, 0;Europe/Paris;NA
2023-07-25T03:00:00Z;-1;9000003703;hourly;0,0000000000;0,0000000000;0,0000000000;0,0000000000;0,0000000000;0,0000000000;0,0000000000;0,0000000000;0,0000000000;0,0000000000;0,0000000000;0,0000000000;0,0000000000;1;0, 0, 0, 0, 0, 0, 0, 0;0, 0, 0, 0, 0, 0, 0, 0, 0, 0, 0, 0, 0, 0, 0, 0, 0, 0, 0, 0, 0, 0, 0, 0, 0;Europe/Paris;NA
2023-07-25T04:00:00Z;-1;9000003703;hourly;0,1666666667;5,4054054054;3,9603960396;0,0000000000;16,0000000000;0,0000000000;5,4054054054;0,0000000000;3,9603960396;0,0000000000;0,0000000000;16,0000000000;0,0000000000;1;0, 0, 0, 100, 0, 0, 0, 0;0, 0, 0, 0, 0, 0, 100, 0, 0, 0, 0, 0, 0, 0, 0, 0, 0, 0, 0, 0, 0, 0, 0, 0, 0;Europe/Paris;31,5
2023-07-25T05:00:00Z;-1;9000003703;hourly;0,5758333333;1,9067796610;14,2253792095;1,5000000000;0,0000000000;1,9067796610;0,0000000000;7,4251915922;6,8001876173;1,5000000000;0,0000000000;0,0000000000;0,0000000000;1;0, 0, 26.922702922, 38.7927228507, 34.2845742273, 0, 0, 0;0, 0, 0, 0, 13.4040691144, 13.5186338076, 26.922702922, 11.8700199287, 34.2845742273, 0, 0, 0, 0, 0, 0, 0, 0, 0, 0, 0, 0, 0, 0, 0, 0;Europe/Paris;40,5
2023-07-25T06:00:00Z;-1;9000003703;hourly;0,6205555556;3,2088609399;32,3245301999;3,2525310510;1,5734265734;3,2088609399;0,0000000000;24,6152749685;7,7092552314;3,2525310510;0,0000000000;0,0000000000;1,5734265734;1;0, 5.1945209017, 35.6414281238, 59.1640509745, 0, 0, 0, 0;0, 0, 0, 5.1945209017, 10.4577783749, 25.1836497489, 34.9068291283, 24.2572218463, 0, 0, 0, 0, 0, 0, 0, 0, 0, 0, 0, 0, 0, 0, 0, 0, 0;Europe/Paris;34,5
2023-07-25T07:00:00Z;-1;9000003703;hourly;0,6275000000;4,4407894737;26,9393004752;6,5653755327;1,6917293233;1,4802631579;2,9605263158;14,3362912929;12,6030091822;6,5653755327;0,0000000000;0,0000000000;1,6917293233;1;0, 0, 23.1823985142, 47.069203544, 11.4078073954, 12.0608086165, 6.27978193, 0;0, 0, 0, 0, 5.9129982067, 17.2694003075, 35.6613961485, 11.4078073954, 5.4948091888, 5.9129982067, 0, 12.0608086165, 6.27978193, 0, 0, 0, 0, 0, 0, 0, 0, 0, 0, 0, 0;Europe/Paris;54,0
2023-07-25T08:00:00Z;-1;9000003703;hourly;0,6741666667;3,1578947368;42,7684808440;12,0481573627;1,3931888545;0,0000000000;3,1578947368;17,6749226006;25,0935582434;4,6308898269;7,4172675358;1,3931888545;0,0000000000;1;3.6918481491, 6.7647688143, 44.0910347838, 42.008234595, 3.4441136579, 0, 0, 0;3.6918481491, 0, 3.5072557416, 3.2575130727, 17.3448442791, 26.7461905046, 17.7771711778, 24.2310634172, 0, 3.4441136579, 0, 0, 0, 0, 0, 0, 0, 0, 0, 0, 0, 0, 0, 0, 0;Europe/Paris;35,0
2023-07-25T09:00:00Z;-1;9000003703;hourly;0,5686111111;5,3880527251;26,0387065773;6,5067637385;3,4933158830;3,4933158830;1,8947368421;9,2272083747;16,8114982026;0,0000000000;6,5067637385;0,0000000000;3,4933158830;1;34.4196565666, 0, 12.2784826973, 47.1626193874, 6.1392413487, 0, 0, 0;34.4196565666, 0, 0, 0, 6.1392413487, 6.1392413487, 26.7111922031, 20.4514271843, 0, 6.1392413487, 0, 0, 0, 0, 0, 0, 0, 0, 0, 0, 0, 0, 0, 0, 0;Europe/Paris;35,5
2023-07-25T10:00:00Z;-1;9000003703;hourly;0,5977777778;5,1042962226;26,5235387560;1,6822429907;0,0000000000;3,3932696066;1,7110266160;8,0719297409;18,4516090151;0,0000000000;1,6822429907;0,0000000000;0,0000000000;1;5.7904648079, 5.7904648079, 24.6426150882, 57.0572228654, 6.7192324305, 0, 0, 0;5.7904648079, 0, 0, 5.7904648079, 12.5096972384, 12.1329178498, 19.512659574, 37.5445632914, 6.7192324305, 0, 0, 0, 0, 0, 0, 0, 0, 0, 0, 0, 0, 0, 0, 0, 0;Europe/Paris;36,5
2023-07-25T11:00:00Z;-1;9000003703;hourly;0,5644444444;3,4570468017;30,4393267062;8,7847497178;3,4951456311;3,4570468017;0,0000000000;21,5314936896;8,9078330166;5,3277029161;3,4570468017;0,0000000000;3,4951456311;1;6.2246345341, 5.7411677742, 22.7143447364, 59.0952184212, 6.2246345341, 0, 0, 0;6.2246345341, 0, 0, 5.7411677742, 5.8202783538, 16.8940663826, 30.0310759705, 29.0641424507, 6.2246345341, 0, 0, 0, 0, 0, 0, 0, 0, 0, 0, 0, 0, 0, 0, 0, 0;Europe/Paris;36,0
2023-07-25T12:00:00Z;-1;9000003703;hourly;0,6105555556;1,4681892333;31,3811890305;3,3315432705;0,0000000000;1,4681892333;0,0000000000;8,2441274414;23,1370615891;3,3315432705;0,0000000000;0,0000000000;0,0000000000;1;0, 0, 37.5703538655, 57.7510814318, 4.6785647027, 0, 0, 0;0, 0, 0, 0, 0, 37.5703538655, 47.5036620441, 10.2474193877, 4.6785647027, 0, 0, 0, 0, 0, 0, 0, 0, 0, 0, 0, 0, 0, 0, 0, 0;Europe/Paris;32,5
2023-07-25T13:00:00Z;-1;9000003703;hourly;0,6436111111;6,2479924784;28,1040790445;3,0956282052;1,5358361775;3,1523642732;3,0956282052;15,5513580197;12,5527210248;1,5597920277;1,5358361775;0,0000000000;1,5358361775;1;28.0418748842, 0, 44.2616877284, 27.6964373874, 0, 0, 0, 0;22.4334999073, 5.6083749768, 0, 0, 10.9577526173, 33.3039351111, 27.6964373874, 0, 0, 0, 0, 0, 0, 0, 0, 0, 0, 0, 0, 0, 0, 0, 0, 0, 0;Europe/Paris;30,0
2023-07-25T14:00:00Z;-1;9000003703;hourly;0,5852777778;16,2498235755;35,3517210276;10,7622723622;1,6071428571;11,0808270677;5,1689965079;13,9765580765;21,3751629512;7,5789473684;3,1833249937;1,6071428571;0,0000000000;1;0, 4.4585725696, 40.7402068543, 49.4415470241, 5.359673552, 0, 0, 0;0, 0, 4.4585725696, 0, 22.730758368, 18.0094484863, 35.8906711074, 13.5508759168, 5.359673552, 0, 0, 0, 0, 0, 0, 0, 0, 0, 0, 0, 0, 0, 0, 0, 0;Europe/Paris;34,0
2023-07-25T15:00:00Z;-1;9000003703;hourly;0,6377777778;8,0131847550;90,2281139429;6,4903421154;6,1120543294;3,2502898565;4,7628948985;29,2665937569;60,9615201860;4,9674994758;1,5228426396;3,0560271647;3,0560271647;1;0, 5.063308673, 36.0385274527, 55.5226247589, 0, 1.6877695577, 1.6877695577, 0;0, 0, 0, 5.063308673, 8.4048087385, 27.6337187143, 33.1847093481, 22.3379154108, 0, 0, 1.6877695577, 0, 0, 1.6877695577, 0, 0, 0, 0, 0, 0, 0, 0, 0, 0, 0;Europe/Paris;35,0
2023-07-25T16:00:00Z;-1;9000003703;hourly;0,6119444444;1,6216216216;86,1679626427;16,0092333434;3,2374205444;0,0000000000;1,6216216216;27,5897884236;58,5781742190;9,7053732759;6,3038600674;0,0000000000;3,2374205444;1;7.5006945656, 5.7336340762, 24.7151115591, 54.3391595896, 5.8294691856, 0, 0, 1.8819310239;3.7503472828, 3.7503472828, 0, 5.7336340762, 11.174242164, 13.5408693951, 34.9755783913, 19.3635811983, 0, 5.8294691856, 0, 0, 0, 0, 0, 0, 1.8819310239, 0, 0, 0, 0, 0, 0, 0, 0;Europe/Paris;35,5
2023-07-25T17:00:00Z;-1;9000003703;hourly;0,6433333333;3,0867390423;40,1177388864;4,6084649983;12,5937821950;0,0000000000;3,0867390423;12,3503764543;27,7673624321;0,0000000000;4,6084649983;6,2968910975;6,2968910975;1;19.0651239011, 3.9427005703, 26.7593238434, 42.4222259002, 7.8106257849, 0, 0, 0;15.313624529, 3.7514993721, 0, 3.9427005703, 11.4456993144, 15.313624529, 15.5048257273, 26.917400173, 3.8679252146, 3.9427005703, 0, 0, 0, 0, 0, 0, 0, 0, 0, 0, 0, 0, 0, 0, 0;Europe/Paris;36,0
2023-07-25T18:00:00Z;-1;9000003703;hourly;0,6466666667;0,0000000000;18,3220184146;1,4106583072;0,0000000000;0,0000000000;0,0000000000;3,1698462964;15,1521721182;1,4106583072;0,0000000000;0,0000000000;0,0000000000;1;0, 0, 42.3007483385, 40.398503323, 8.1192108431, 9.1815374954, 0, 0;0, 0, 0, 0, 0, 42.3007483385, 23.0977549846, 17.3007483385, 8.1192108431, 0, 9.1815374954, 0, 0, 0, 0, 0, 0, 0, 0, 0, 0, 0, 0, 0, 0;Europe/Paris;39,0
2023-07-25T19:00:00Z;-1;9000003703;hourly;0,3377777778;2,0833333333;18,8804658317;2,4390243902;0,0000000000;2,0833333333;0,0000000000;4,5223577236;14,3581081081;2,4390243902;0,0000000000;0,0000000000;0,0000000000;1;0, 0, 0, 23.95257492, 33.1029967995, 0, 0, 42.9444282805;0, 0, 0, 0, 0, 0, 23.95257492, 0, 11.0343322665, 22.068664533, 0, 0, 0, 0, 42.9444282805, 0, 0, 0, 0, 0, 0, 0, 0, 0, 0;Europe/Paris;71,0
2023-07-25T20:00:00Z;-1;9000003703;hourly;0,0000000000;0,0000000000;0,0000000000;0,0000000000;0,0000000000;0,0000000000;0,0000000000;0,0000000000;0,0000000000;0,0000000000;0,0000000000;0,0000000000;0,0000000000;1;0, 0, 0, 0, 0, 0, 0, 0;0, 0, 0, 0, 0, 0, 0, 0, 0, 0, 0, 0, 0, 0, 0, 0, 0, 0, 0, 0, 0, 0, 0, 0, 0;Europe/Paris;NA
2023-07-26T02:00:00Z;-1;9000003703;hourly;0,0000000000;0,0000000000;0,0000000000;0,0000000000;0,0000000000;0,0000000000;0,0000000000;0,0000000000;0,0000000000;0,0000000000;0,0000000000;0,0000000000;0,0000000000;1;0, 0, 0, 0, 0, 0, 0, 0;0, 0, 0, 0, 0, 0, 0, 0, 0, 0, 0, 0, 0, 0, 0, 0, 0, 0, 0, 0, 0, 0, 0, 0, 0;Europe/Paris;NA
2023-07-26T03:00:00Z;-1;9000003703;hourly;0,0000000000;0,0000000000;0,0000000000;0,0000000000;0,0000000000;0,0000000000;0,0000000000;0,0000000000;0,0000000000;0,0000000000;0,0000000000;0,0000000000;0,0000000000;1;0, 0, 0, 0, 0, 0, 0, 0;0, 0, 0, 0, 0, 0, 0, 0, 0, 0, 0, 0, 0, 0, 0, 0, 0, 0, 0, 0, 0, 0, 0, 0, 0;Europe/Paris;NA
2023-07-26T04:00:00Z;-1;9000003703;hourly;0,1777777778;0,0000000000;23,9135654262;18,4615384615;0,0000000000;0,0000000000;0,0000000000;4,8979591837;19,0156062425;18,4615384615;0,0000000000;0,0000000000;0,0000000000;1;0, 0, 69.2771084337, 20.4819277108, 0, 10.2409638554, 0, 0;0, 0, 0, 0, 0, 69.2771084337, 20.4819277108, 0, 0, 0, 0, 10.2409638554, 0, 0, 0, 0, 0, 0, 0, 0, 0, 0, 0, 0, 0;Europe/Paris;31,5
2023-07-26T05:00:00Z;-1;9000003703;hourly;0,5922222222;0,0000000000;10,3503167971;0,0000000000;1,9438444924;0,0000000000;0,0000000000;6,8275249363;3,5227918609;0,0000000000;0,0000000000;1,9438444924;0,0000000000;1;0, 15.2550631963, 17.4606145018, 33.2487277407, 34.0355945611, 0, 0, 0;0, 0, 0, 15.2550631963, 0, 17.4606145018, 33.2487277407, 0, 15.2550631963, 18.7805313648, 0, 0, 0, 0, 0, 0, 0, 0, 0, 0, 0, 0, 0, 0, 0;Europe/Paris;43,5
2023-07-26T06:00:00Z;-1;9000003703;hourly;0,6252777778;3,2540610617;30,3657425745;3,1800445931;0,0000000000;1,7208413002;1,5332197615;17,3099097263;13,0558328482;3,1800445931;0,0000000000;0,0000000000;0,0000000000;1;0, 0, 38.2552324811, 52.1993045106, 9.5454630083, 0, 0, 0;0, 0, 0, 0, 5.6670483061, 32.5881841751, 36.6776542726, 15.521650238, 9.5454630083, 0, 0, 0, 0, 0, 0, 0, 0, 0, 0, 0, 0, 0, 0, 0, 0;Europe/Paris;35,5
2023-07-26T07:00:00Z;-1;9000003703;hourly;0,6302777778;4,7686541738;28,4847350864;11,0894846045;3,1634446397;3,1924720372;1,5761821366;17,4058121829;11,0789229035;4,6639141007;6,4255705038;1,5817223199;1,5817223199;1;5.5334274018, 0, 22.0299836542, 55.9400326916, 16.4965562524, 0, 0, 0;5.5334274018, 0, 0, 0, 5.5528770588, 16.4771065955, 27.9700163458, 27.9700163458, 16.4965562524, 0, 0, 0, 0, 0, 0, 0, 0, 0, 0, 0, 0, 0, 0, 0, 0;Europe/Paris;38,0
2023-07-26T08:00:00Z;-1;9000003703;hourly;0,5911111111;1,7509727626;36,3092879292;1,8292682927;3,5802410553;0,0000000000;1,7509727626;20,4623362723;15,8469516569;1,8292682927;0,0000000000;3,5802410553;0,0000000000;1;4.6158372946, 4.6158372946, 36.8413979826, 39.8728702959, 9.4382198377, 0, 0, 4.6158372946;4.6158372946, 0, 4.6158372946, 0, 4.2371019268, 32.6042960558, 29.7968352261, 10.0760350699, 9.4382198377, 0, 0, 0, 0, 0, 0, 0, 0, 0, 0, 4.6158372946, 0, 0, 0, 0, 0;Europe/Paris;37,0
2023-07-26T09:00:00Z;-1;9000003703;hourly;0,6275000000;7,9778103591;36,6957067114;6,2812652230;0,0000000000;1,6363636364;6,3414467228;16,0187751359;20,6769315755;1,5761821366;4,7050830864;0,0000000000;0,0000000000;1;4.5843046542, 0, 34.6483874922, 38.4877807524, 8.5266131387, 4.5843046542, 0, 9.1686093084;4.5843046542, 0, 0, 0, 8.6516396293, 25.9967478629, 12.8218898287, 25.6658909237, 8.5266131387, 0, 4.5843046542, 0, 0, 0, 0, 0, 0, 4.5843046542, 0, 0, 0, 4.5843046542, 0, 0, 0;Europe/Paris;42,0
2023-07-26T10:00:00Z;-1;9000003703;hourly;0,6313888889;4,7368421053;39,8670416907;4,7422699835;4,7422699835;4,7368421053;0,0000000000;16,0280803423;23,8389613483;1,6274864376;3,1147835459;3,2064338060;1,5358361775;1;4.002666396, 7.9631994616, 23.9828323782, 43.9208650299, 16.1277703382, 0, 0, 4.002666396;0, 4.002666396, 4.002666396, 3.9605330656, 8.1645708766, 15.8182615016, 28.1447368587, 15.7761281712, 12.0454848999, 4.0822854383, 0, 0, 0, 0, 0, 4.002666396, 0, 0, 0, 0, 0, 0, 0, 0, 0;Europe/Paris;39,5
2023-07-26T11:00:00Z;-1;9000003703;hourly;0,6361111111;1,5463917526;34,6518866880;3,1426379528;1,6274864376;0,0000000000;1,5463917526;19,0501445854;15,6017421027;0,0000000000;3,1426379528;1,6274864376;0,0000000000;1;0, 4.6966748225, 36.0989250315, 50.0450772532, 9.1593228928, 0, 0, 0;0, 0, 4.6966748225, 0, 13.6318916987, 22.4670333327, 36.256055293, 13.7890219603, 9.1593228928, 0, 0, 0, 0, 0, 0, 0, 0, 0, 0, 0, 0, 0, 0, 0, 0;Europe/Paris;35,5
2023-07-26T12:00:00Z;-1;9000003703;hourly;0,6083333333;6,2999302488;39,5052158170;3,4170692432;3,4561299267;1,5652173913;4,7347128575;14,5288709532;24,9763448638;0,0000000000;3,4170692432;1,6042780749;1,8518518519;1;8.0718078643, 12.1327351158, 29.5797700915, 45.5280733728, 4.6876135557, 0, 0, 0;8.0718078643, 0, 4.0609272515, 8.0718078643, 12.1327351158, 17.4470349757, 33.4441663688, 12.0839070039, 0, 4.6876135557, 0, 0, 0, 0, 0, 0, 0, 0, 0, 0, 0, 0, 0, 0, 0;Europe/Paris;33,0
2023-07-26T13:00:00Z;-1;9000003703;hourly;0,5969444444;8,4281558553;41,7486226316;5,2803173924;3,5190649462;3,5190649462;4,9090909091;14,8803482476;26,8682743840;1,7578125000;3,5225048924;1,7612524462;1,7578125000;1;12.6396444087, 23.7535793849, 28.1492120235, 27.5044574917, 4.2104682483, 0, 3.7426384429, 0;12.6396444087, 0, 3.7426384429, 20.010940942, 3.9195631693, 24.2296488542, 19.5431111366, 7.9613463551, 4.2104682483, 0, 0, 0, 0, 3.7426384429, 0, 0, 0, 0, 0, 0, 0, 0, 0, 0, 0;Europe/Paris;33,0
2023-07-26T14:00:00Z;-1;9000003703;hourly;0,5655555556;3,4931734932;23,7672153579;22,8469972741;0,0000000000;0,0000000000;3,4931734932;10,3897252173;13,3774901406;9,8475717831;12,9994254911;0,0000000000;0,0000000000;1;0, 8.3224809816, 36.2812767477, 48.1419724495, 7.2542698212, 0, 0, 0;0, 0, 0, 8.3224809816, 6.3749643883, 29.9063123595, 40.8877026283, 7.2542698212, 7.2542698212, 0, 0, 0, 0, 0, 0, 0, 0, 0, 0, 0, 0, 0, 0, 0, 0;Europe/Paris;32,5
2023-07-26T15:00:00Z;-1;9000003703;hourly;0,6075000000;6,5920147963;79,4917905606;11,3196560545;3,2925361156;3,2960073982;3,2960073982;24,9973193137;54,4944712469;8,1110999047;3,2085561497;1,6853932584;1,6071428571;1;2.1281811762, 4.0399403628, 33.3661461143, 54.1991724649, 6.2665598818, 0, 0, 0;2.1281811762, 0, 4.0399403628, 0, 8.2963027152, 25.0698433991, 33.4761590449, 20.72301342, 6.2665598818, 0, 0, 0, 0, 0, 0, 0, 0, 0, 0, 0, 0, 0, 0, 0, 0;Europe/Paris;35,5
2023-07-26T16:00:00Z;-1;9000003703;hourly;0,6325000000;7,9878653049;92,6417697986;12,6041755797;9,1549740582;3,4482758621;4,5395894428;41,6505596739;50,9912101247;9,3415761102;3,2625994695;4,4416873449;4,7132867133;1;1.8610805199, 5.5832415598, 39.6716538419, 47.796376548, 5.0876475304, 0, 0, 0;1.8610805199, 0, 1.8610805199, 3.7221610398, 12.1440520824, 27.5276017595, 21.9433610182, 25.8530155298, 5.0876475304, 0, 0, 0, 0, 0, 0, 0, 0, 0, 0, 0, 0, 0, 0, 0, 0;Europe/Paris;35,5
2023-07-26T17:00:00Z;-1;9000003703;hourly;0,6252777778;1,5151515152;75,9412291562;4,7493480151;9,5429080723;1,5151515152;0,0000000000;9,7518944882;66,1893346680;0,0000000000;4,7493480151;3,1818181818;6,3610898905;1;0, 5.9854898267, 37.3136002377, 46.4532518386, 10.2476580969, 0, 0, 0;0, 0, 3.9903265512, 1.9951632756, 9.9624035156, 27.3511967222, 16.7011527546, 29.7520990841, 7.9772998867, 2.2703582101, 0, 0, 0, 0, 0, 0, 0, 0, 0, 0, 0, 0, 0, 0, 0;Europe/Paris;36,5
2023-07-26T18:00:00Z;-1;9000003703;hourly;0,6386111111;0,0000000000;36,2491524612;4,7795031056;3,1669348849;0,0000000000;0,0000000000;18,8492606455;17,3998918157;4,7795031056;0,0000000000;1,6071428571;1,5597920277;1;0, 0, 39.0752837984, 39.2792143475, 13.0395515251, 4.3029751645, 4.3029751645, 0;0, 0, 0, 0, 17.4881195915, 21.5871642069, 13.1701775569, 26.1090367906, 4.3029751645, 8.7365763607, 4.3029751645, 0, 4.3029751645, 0, 0, 0, 0, 0, 0, 0, 0, 0, 0, 0, 0;Europe/Paris;44,0
2023-07-26T19:00:00Z;-1;9000003703;hourly;0,4019444444;0,0000000000;12,1193670611;2,0224719101;0,0000000000;0,0000000000;0,0000000000;4,0294794207;8,0898876404;0,0000000000;2,0224719101;0,0000000000;0,0000000000;1;0, 16.6879334532, 0, 49.9361996403, 16.6879334532, 0, 0, 16.6879334532;0, 0, 0, 16.6879334532, 0, 0, 18.658619062, 31.2775805783, 16.6879334532, 0, 0, 0, 0, 0, 0, 0, 0, 0, 0, 16.6879334532, 0, 0, 0, 0, 0;Europe/Paris;93,0
2023-07-26T20:00:00Z;-1;9000003703;hourly;0,0000000000;0,0000000000;0,0000000000;0,0000000000;0,0000000000;0,0000000000;0,0000000000;0,0000000000;0,0000000000;0,0000000000;0,0000000000;0,0000000000;0,0000000000;1;0, 0, 0, 0, 0, 0, 0, 0;0, 0, 0, 0, 0, 0, 0, 0, 0, 0, 0, 0, 0, 0, 0, 0, 0, 0, 0, 0, 0, 0, 0, 0, 0;Europe/Paris;NA
2023-07-27T02:00:00Z;-1;9000003703;hourly;0,0000000000;0,0000000000;0,0000000000;0,0000000000;0,0000000000;0,0000000000;0,0000000000;0,0000000000;0,0000000000;0,0000000000;0,0000000000;0,0000000000;0,0000000000;1;0, 0, 0, 0, 0, 0, 0, 0;0, 0, 0, 0, 0, 0, 0, 0, 0, 0, 0, 0, 0, 0, 0, 0, 0, 0, 0, 0, 0, 0, 0, 0, 0;Europe/Paris;NA
2023-07-27T03:00:00Z;-1;9000003703;hourly;0,0000000000;0,0000000000;0,0000000000;0,0000000000;0,0000000000;0,0000000000;0,0000000000;0,0000000000;0,0000000000;0,0000000000;0,0000000000;0,0000000000;0,0000000000;1;0, 0, 0, 0, 0, 0, 0, 0;0, 0, 0, 0, 0, 0, 0, 0, 0, 0, 0, 0, 0, 0, 0, 0, 0, 0, 0, 0, 0, 0, 0, 0, 0;Europe/Paris;NA
2023-07-27T04:00:00Z;-1;9000003703;hourly;0,1466666667;6,3380281690;12,6760563380;0,0000000000;0,0000000000;6,3380281690;0,0000000000;6,3380281690;6,3380281690;0,0000000000;0,0000000000;0,0000000000;0,0000000000;1;0, 0, 50, 0, 0, 50, 0, 0;0, 0, 0, 0, 0, 50, 0, 0, 0, 0, 0, 50, 0, 0, 0, 0, 0, 0, 0, 0, 0, 0, 0, 0, 0;Europe/Paris;56,0
2023-07-27T05:00:00Z;-1;9000003703;hourly;0,5283333333;1,5358361775;20,2723639976;3,0612599063;1,5358361775;0,0000000000;1,5358361775;16,1577312585;4,1146327391;1,5358361775;1,5254237288;1,5358361775;0,0000000000;1;0, 0, 47.1220233731, 52.8779766269, 0, 0, 0, 0;0, 0, 0, 0, 0, 47.1220233731, 37.7773208442, 15.1006557827, 0, 0, 0, 0, 0, 0, 0, 0, 0, 0, 0, 0, 0, 0, 0, 0, 0;Europe/Paris;32,5
2023-07-27T06:00:00Z;-1;9000003703;hourly;0,6063888889;1,8255578093;24,4975978521;10,0496328836;0,0000000000;0,0000000000;1,8255578093;18,0844847267;6,4131131254;5,0097893600;5,0398435236;0,0000000000;0,0000000000;1;6.1128612233, 0, 39.236257345, 41.1456139826, 6.9448574578, 6.5604099914, 0, 0;6.1128612233, 0, 0, 0, 6.9448574578, 32.2913998871, 7.4519870085, 33.6936269741, 6.9448574578, 0, 6.5604099914, 0, 0, 0, 0, 0, 0, 0, 0, 0, 0, 0, 0, 0, 0;Europe/Paris;37,5
2023-07-27T07:00:00Z;-1;9000003703;hourly;0,6150000000;3,1698462964;23,0823187929;1,4876033058;4,5857100183;1,4876033058;1,6822429907;12,6076456019;10,4746731910;1,4876033058;0,0000000000;1,4876033058;3,0981067126;1;0, 13.7327896945, 46.4891028612, 39.7781074443, 0, 0, 0, 0;0, 0, 0, 13.7327896945, 13.1557695278, 33.3333333333, 26.0453177498, 13.7327896945, 0, 0, 0, 0, 0, 0, 0, 0, 0, 0, 0, 0, 0, 0, 0, 0, 0;Europe/Paris;32,5
2023-07-27T08:00:00Z;-1;9000003703;hourly;0,6083333333;4,9293611794;29,9138697016;1,6666666667;4,9229289324;1,7045454545;3,2248157248;14,9922542611;14,9216154405;0,0000000000;1,6666666667;3,2248157248;1,6981132075;1;0, 0, 45.0574144111, 49.8604270937, 5.0821584952, 0, 0, 0;0, 0, 0, 0, 11.374852856, 33.6825615551, 32.787396531, 17.0730305627, 5.0821584952, 0, 0, 0, 0, 0, 0, 0, 0, 0, 0, 0, 0, 0, 0, 0, 0;Europe/Paris;34,5
2023-07-27T09:00:00Z;-1;9000003703;hourly;0,6288888889;3,2547072820;30,5291437818;3,3312788906;1,6363636364;0,0000000000;3,2547072820;12,5407440312;17,9883997506;1,6949152542;1,6363636364;0,0000000000;1,6363636364;1;5.3600050105, 0, 36.6558552145, 47.5676544919, 10.4164852831, 0, 0, 0;5.3600050105, 0, 0, 0, 16.0209894954, 20.634865719, 15.5783854464, 31.9892690455, 10.4164852831, 0, 0, 0, 0, 0, 0, 0, 0, 0, 0, 0, 0, 0, 0, 0, 0;Europe/Paris;37,0
2023-07-27T10:00:00Z;-1;9000003703;hourly;0,6138888889;10,8887035994;49,9973231848;3,0759307470;3,0759307470;1,5025041736;9,3861994257;17,3096718711;32,6876513137;1,5734265734;1,5025041736;0,0000000000;3,0759307470;1;6.9962223804, 12.4683184755, 32.1653125521, 38.9180395306, 9.4521070614, 0, 0, 0;3.8381585725, 3.1580638079, 6.3050854347, 6.1632330408, 12.3154239005, 19.8498886516, 15.6153401022, 23.3026994284, 6.2940432535, 3.1580638079, 0, 0, 0, 0, 0, 0, 0, 0, 0, 0, 0, 0, 0, 0, 0;Europe/Paris;36,5
2023-07-27T11:00:00Z;-1;9000003703;hourly;0,6380555556;1,5817223199;37,5383204338;1,6014234875;0,0000000000;1,5817223199;0,0000000000;20,3816085616;17,1567118723;0,0000000000;1,6014234875;0,0000000000;0,0000000000;1;8.4797235748, 4.0499155335, 42.034504172, 45.4358567197, 0, 0, 0, 0;4.2136203793, 4.2661031954, 0, 4.0499155335, 8.2635359128, 33.7709682591, 20.7564710109, 24.6793857088, 0, 0, 0, 0, 0, 0, 0, 0, 0, 0, 0, 0, 0, 0, 0, 0, 0;Europe/Paris;34,5
2023-07-27T12:00:00Z;-1;9000003703;hourly;0,6141666667;3,5382074900;37,8683590427;0,0000000000;3,0731835119;1,5202702703;2,0179372197;14,6431327684;23,2252262742;0,0000000000;0,0000000000;0,0000000000;3,0731835119;1;4.2064678646, 4.0146188235, 42.4001893285, 45.36410516, 4.0146188235, 0, 0, 0;4.2064678646, 0, 0, 4.0146188235, 12.1300576478, 30.2701316807, 22.68205258, 22.68205258, 4.0146188235, 0, 0, 0, 0, 0, 0, 0, 0, 0, 0, 0, 0, 0, 0, 0, 0;Europe/Paris;35,0
2023-07-27T13:00:00Z;-1;9000003703;hourly;0,6402777778;1,6544117647;38,5215176848;6,2578600406;0,0000000000;1,6544117647;0,0000000000;19,9594150290;18,5621026558;4,7061359026;1,5517241379;0,0000000000;0,0000000000;1;15.7099836706, 4.0282009412, 44.1581213311, 32.0824263361, 4.021267721, 0, 0, 0;15.7099836706, 0, 4.0282009412, 0, 24.2925965749, 19.8655247562, 20.1390300976, 11.9433962386, 4.021267721, 0, 0, 0, 0, 0, 0, 0, 0, 0, 0, 0, 0, 0, 0, 0, 0;Europe/Paris;33,0
2023-07-27T14:00:00Z;-1;9000003703;hourly;0,6766666667;5,9732218246;38,3830505166;0,0000000000;0,0000000000;0,0000000000;5,9732218246;11,5986521778;26,7843983388;0,0000000000;0,0000000000;0,0000000000;0,0000000000;1;12.467305882, 3.9408150776, 34.6897931424, 41.6310942812, 7.2709916167, 0, 0, 0;12.467305882, 0, 0, 3.9408150776, 14.7431093619, 19.9466837806, 23.0342519273, 18.5968423539, 3.5313026675, 3.7396889493, 0, 0, 0, 0, 0, 0, 0, 0, 0, 0, 0, 0, 0, 0, 0;Europe/Paris;35,5
2023-07-27T15:00:00Z;-1;9000003703;hourly;0,6205555556;8,0441187797;74,4671601828;2,9605263158;1,4802631579;1,4802631579;6,5638556218;23,4292956839;51,0378644989;1,4802631579;1,4802631579;0,0000000000;1,4802631579;1;6.3721671605, 4.0751752793, 24.5611129312, 45.2753162237, 17.518798515, 0, 2.1974298904, 0;2.0873686351, 4.2847985254, 0, 4.0751752793, 2.0873686351, 22.4737442961, 21.1500169784, 24.1252992453, 13.4436232357, 4.0751752793, 0, 0, 0, 2.1974298904, 0, 0, 0, 0, 0, 0, 0, 0, 0, 0, 0;Europe/Paris;39,5
2023-07-27T16:00:00Z;-1;9000003703;hourly;0,6138888889;8,1555003246;94,4034647273;3,2036685742;4,8311550118;3,2727272727;4,8827730518;27,5415568276;66,8619078998;1,5761821366;1,6274864376;1,6274864376;3,2036685742;1;6.8965405531, 3.4573414052, 20.4259668633, 51.9515864097, 17.2685647687, 0, 0, 0;6.8965405531, 0, 0, 3.4573414052, 3.3935921563, 17.0323747071, 29.5557247101, 22.3958616996, 17.2685647687, 0, 0, 0, 0, 0, 0, 0, 0, 0, 0, 0, 0, 0, 0, 0, 0;Europe/Paris;38,0
2023-07-27T17:00:00Z;-1;9000003703;hourly;0,6308333333;1,6071428571;57,2086872316;3,2172224103;0,0000000000;1,6071428571;0,0000000000;20,7192659916;36,4894212399;1,6014234875;1,6157989228;0,0000000000;0,0000000000;1;0, 5.4566778384, 25.0715365164, 55.5167967303, 13.9549889148, 0, 0, 0;0, 0, 2.7992662741, 2.6574115643, 19.614858678, 5.4566778384, 27.6824723205, 27.8343244099, 11.2975773505, 2.6574115643, 0, 0, 0, 0, 0, 0, 0, 0, 0, 0, 0, 0, 0, 0, 0;Europe/Paris;37,5
2023-07-27T18:00:00Z;-1;9000003703;hourly;0,6030555556;0,0000000000;32,8304718997;1,9148936170;1,6853932584;0,0000000000;0,0000000000;18,4827458437;14,3477260560;0,0000000000;1,9148936170;1,6853932584;0,0000000000;1;0, 0, 26.4255075996, 48.7777549077, 20.5066660355, 0, 0, 4.2900714572;0, 0, 0, 0, 5.8326716194, 20.5928359802, 29.028472304, 19.7492826038, 11.0246330989, 9.4820329366, 0, 0, 0, 0, 0, 0, 0, 0, 0, 0, 0, 0, 4.2900714572, 0, 0;Europe/Paris;42,0
2023-07-27T19:00:00Z;-1;9000003703;hourly;0,3769444444;1,6574585635;8,5228431789;0,0000000000;0,0000000000;0,0000000000;1,6574585635;0,0000000000;8,5228431789;0,0000000000;0,0000000000;0,0000000000;0,0000000000;1;54.15310969, 0, 0, 26.3996409739, 0, 19.4472493362, 0, 0;54.15310969, 0, 0, 0, 0, 0, 0, 26.3996409739, 0, 0, 0, 19.4472493362, 0, 0, 0, 0, 0, 0, 0, 0, 0, 0, 0, 0, 0;Europe/Paris;53,5
2023-07-27T20:00:00Z;-1;9000003703;hourly;0,0000000000;0,0000000000;0,0000000000;0,0000000000;0,0000000000;0,0000000000;0,0000000000;0,0000000000;0,0000000000;0,0000000000;0,0000000000;0,0000000000;0,0000000000;1;0, 0, 0, 0, 0, 0, 0, 0;0, 0, 0, 0, 0, 0, 0, 0, 0, 0, 0, 0, 0, 0, 0, 0, 0, 0, 0, 0, 0, 0, 0, 0, 0;Europe/Paris;NA
2023-07-28T02:00:00Z;-1;9000003703;hourly;0,0000000000;0,0000000000;0,0000000000;0,0000000000;0,0000000000;0,0000000000;0,0000000000;0,0000000000;0,0000000000;0,0000000000;0,0000000000;0,0000000000;0,0000000000;1;0, 0, 0, 0, 0, 0, 0, 0;0, 0, 0, 0, 0, 0, 0, 0, 0, 0, 0, 0, 0, 0, 0, 0, 0, 0, 0, 0, 0, 0, 0, 0, 0;Europe/Paris;NA
2023-07-28T03:00:00Z;-1;9000003703;hourly;0,0000000000;0,0000000000;0,0000000000;0,0000000000;0,0000000000;0,0000000000;0,0000000000;0,0000000000;0,0000000000;0,0000000000;0,0000000000;0,0000000000;0,0000000000;1;0, 0, 0, 0, 0, 0, 0, 0;0, 0, 0, 0, 0, 0, 0, 0, 0, 0, 0, 0, 0, 0, 0, 0, 0, 0, 0, 0, 0, 0, 0, 0, 0;Europe/Paris;NA
2023-07-28T04:00:00Z;-1;9000003703;hourly;0,1216666667;0,0000000000;16,4383561644;24,6575342466;0,0000000000;0,0000000000;0,0000000000;0,0000000000;16,4383561644;24,6575342466;0,0000000000;0,0000000000;0,0000000000;1;0, 0, 100, 0, 0, 0, 0, 0;0, 0, 0, 0, 50, 50, 0, 0, 0, 0, 0, 0, 0, 0, 0, 0, 0, 0, 0, 0, 0, 0, 0, 0, 0;Europe/Paris;26,0
2023-07-28T05:00:00Z;-1;9000003703;hourly;0,4538888889;2,3498694517;14,7978332781;1,8329938900;0,0000000000;2,3498694517;0,0000000000;10,6149699364;4,1828633417;0,0000000000;1,8329938900;0,0000000000;0,0000000000;1;0, 14.6907523732, 28.2667283994, 57.0425192274, 0, 0, 0, 0;0, 0, 14.6907523732, 0, 12.3869072963, 15.8798211031, 44.6556119311, 12.3869072963, 0, 0, 0, 0, 0, 0, 0, 0, 0, 0, 0, 0, 0, 0, 0, 0, 0;Europe/Paris;32,0
2023-07-28T06:00:00Z;-1;9000003703;hourly;0,6363888889;3,1125220627;26,7967094062;0,0000000000;0,0000000000;1,5025041736;1,6100178891;14,1438785956;12,6528308106;0,0000000000;0,0000000000;0,0000000000;0,0000000000;1;11.5218570772, 11.3679758475, 47.1195357307, 29.9906313446, 0, 0, 0, 0;11.5218570772, 0, 5.6070473089, 5.7609285386, 17.8757799416, 29.2437557891, 17.7774628428, 12.2131685019, 0, 0, 0, 0, 0, 0, 0, 0, 0, 0, 0, 0, 0, 0, 0, 0, 0;Europe/Paris;31,5
2023-07-28T07:00:00Z;-1;9000003703;hourly;0,6438888889;4,4854318228;37,4123059023;1,6423357664;1,6423357664;1,4681892333;3,0172425896;18,7595174781;18,6527884242;1,6423357664;0,0000000000;0,0000000000;1,6423357664;1;16.3817647644, 4.3898276966, 33.7276811487, 41.1108986938, 4.3898276966, 0, 0, 0;16.3817647644, 0, 0, 4.3898276966, 16.5951591663, 17.1325219824, 33.046058752, 8.0648399418, 0, 4.3898276966, 0, 0, 0, 0, 0, 0, 0, 0, 0, 0, 0, 0, 0, 0, 0;Europe/Paris;32,0
2023-07-28T08:00:00Z;-1;9000003703;hourly;0,6205555556;2,9959986939;48,8933643983;10,0342776650;1,5761821366;1,4469453376;1,5490533563;22,9077909187;25,9855734796;4,9525204330;5,0817572320;0,0000000000;1,5761821366;1;6.1276181968, 5.9187800039, 48.1036141169, 39.8499876824, 0, 0, 0, 0;6.1276181968, 0, 0, 5.9187800039, 28.6785395692, 19.4250745476, 16.3123319604, 23.537655722, 0, 0, 0, 0, 0, 0, 0, 0, 0, 0, 0, 0, 0, 0, 0, 0, 0;Europe/Paris;34,5
2023-07-28T09:00:00Z;-1;9000003703;hourly;0,6305555556;3,1623622125;50,4987926990;4,9013864625;0,0000000000;3,1623622125;0,0000000000;21,9528747972;28,5459179018;0,0000000000;4,9013864625;0,0000000000;0,0000000000;1;0, 0, 58.3393212383, 35.1091040968, 6.5515746649, 0, 0, 0;0, 0, 0, 0, 11.8621840644, 46.4771371739, 15.9400368635, 19.1690672333, 6.5515746649, 0, 0, 0, 0, 0, 0, 0, 0, 0, 0, 0, 0, 0, 0, 0, 0;Europe/Paris;35,5
2023-07-28T10:00:00Z;-1;9000003703;hourly;0,6516666667;4,5046746608;51,7549032455;4,6841104934;0,0000000000;4,5046746608;0,0000000000;16,2688279120;35,4860753335;1,4173228346;3,2667876588;0,0000000000;0,0000000000;1;5.5478431054, 0, 30.3483734799, 58.1384513735, 5.9653320412, 0, 0, 0;5.5478431054, 0, 0, 0, 9.238023068, 21.1103504119, 27.873312909, 30.2651384645, 2.8093144912, 3.15601755, 0, 0, 0, 0, 0, 0, 0, 0, 0, 0, 0, 0, 0, 0, 0;Europe/Paris;36,0
2023-07-28T11:00:00Z;-1;9000003703;hourly;0,5741666667;8,8075028602;41,6083802854;6,8964481108;7,1410971121;0,0000000000;8,8075028602;20,9128905121;20,6954897733;3,3938529650;3,5025951459;7,1410971121;0,0000000000;1;16.7866525234, 12.520329449, 21.4769580151, 45.0643790169, 4.1516809956, 0, 0, 0;8.41800407, 8.3686484534, 4.1516809956, 8.3686484534, 8.3686484534, 13.1083095617, 32.7560407765, 12.3083382403, 0, 4.1516809956, 0, 0, 0, 0, 0, 0, 0, 0, 0, 0, 0, 0, 0, 0, 0;Europe/Paris;33,0
2023-07-28T12:00:00Z;-1;9000003703;hourly;0,5905555556;3,5590946933;35,1574131637;13,0647047267;3,9823008850;3,5590946933;0,0000000000;15,4952814737;19,6621316900;6,6625429692;6,4021617575;3,9823008850;0,0000000000;1;9.382696805, 0, 24.3827873595, 61.7747330762, 4.4597827592, 0, 0, 0;4.4597827592, 4.9229140458, 0, 0, 0, 24.3827873595, 43.5647421202, 18.2099909561, 0, 4.4597827592, 0, 0, 0, 0, 0, 0, 0, 0, 0, 0, 0, 0, 0, 0, 0;Europe/Paris;34,5
2023-07-28T13:00:00Z;-1;9000003703;hourly;0,5180555556;11,5719909762;28,7819129870;11,4868845933;0,0000000000;3,7859954881;7,7859954881;13,4760628765;15,3058501105;5,7859954881;5,7008891051;0,0000000000;0,0000000000;1;0, 13.6879545644, 33.1333351899, 53.1787102457, 0, 0, 0, 0;0, 0, 6.9488084441, 6.7391461203, 0, 33.1333351899, 33.2854854169, 19.8932248288, 0, 0, 0, 0, 0, 0, 0, 0, 0, 0, 0, 0, 0, 0, 0, 0, 0;Europe/Paris;33,5
2023-07-28T14:00:00Z;-1;9000003703;hourly;0,5269444444;15,0405037296;40,1272004082;15,4493415863;1,8789144050;9,2958228786;5,7446808511;16,6836727755;23,4435276328;7,4888668976;7,9604746887;0,0000000000;1,8789144050;1;10.3836465646, 4.346642748, 18.2374031894, 52.2963665223, 14.7359409757, 0, 0, 0;5.1918232823, 5.1918232823, 0, 4.346642748, 0, 18.2374031894, 23.3395635706, 28.9568029517, 9.5441176934, 5.1918232823, 0, 0, 0, 0, 0, 0, 0, 0, 0, 0, 0, 0, 0, 0, 0;Europe/Paris;37,5
2023-07-28T15:00:00Z;-1;9000003703;hourly;0,5858333333;7,4521427793;65,0928693069;10,0644106807;0,0000000000;3,7656903766;3,6864524027;20,3556701792;44,7371991277;3,6108361301;6,4535745506;0,0000000000;0,0000000000;1;0, 2.7763853935, 44.1893018325, 40.7067482637, 12.3275645103, 0, 0, 0;0, 0, 2.7763853935, 0, 13.5131312538, 30.6761705787, 22.7102462134, 17.9965020503, 10.1467444378, 2.1808200725, 0, 0, 0, 0, 0, 0, 0, 0, 0, 0, 0, 0, 0, 0, 0;Europe/Paris;37,0
2023-07-28T16:00:00Z;-1;9000003703;hourly;0,5608333333;1,8947368421;86,4039802847;20,6122793925;7,3966881131;0,0000000000;1,8947368421;35,1150457289;51,2889345558;9,2676416475;11,3446377450;5,5019512710;1,8947368421;1;3.6741399692, 6.5373557401, 31.9350816079, 45.8690376737, 9.8969728222, 2.0874121869, 0, 0;0, 3.6741399692, 0, 6.5373557401, 11.5231043122, 20.4119772957, 22.7634945391, 23.1055431346, 7.704091388, 2.1928814342, 2.0874121869, 0, 0, 0, 0, 0, 0, 0, 0, 0, 0, 0, 0, 0, 0;Europe/Paris;37,0
2023-07-28T17:00:00Z;-1;9000003703;hourly;0,6011111111;1,5384615385;63,4393234187;13,9186339145;1,4778325123;0,0000000000;1,5384615385;26,6227926490;36,8165307697;3,4009094354;10,5177244791;0,0000000000;1,4778325123;1;0, 2.3295212381, 25.2626571487, 52.9884099834, 16.9943202898, 0, 0, 2.4250913401;0, 0, 0, 2.3295212381, 16.8704075603, 8.3922495884, 40.638960856, 12.3494491274, 12.1441376095, 4.8501826803, 0, 0, 0, 0, 0, 0, 0, 0, 0, 0, 2.4250913401, 0, 0, 0, 0;Europe/Paris;39,5
2023-07-28T18:00:00Z;-1;9000003703;hourly;0,5913888889;1,6917293233;42,0243221103;8,2972339105;3,3027522936;1,6917293233;0,0000000000;13,5392590918;28,4850630185;4,9541284404;3,3431054701;1,6513761468;1,6513761468;1;8.1536688844, 4.0255957464, 16.0128136076, 55.5005839929, 8.1536688844, 4.2240965228, 0, 3.9295723616;8.1536688844, 0, 0, 4.0255957464, 3.9295723616, 12.083241246, 47.6414392698, 7.8591447232, 4.2240965228, 3.9295723616, 4.2240965228, 0, 0, 0, 0, 0, 3.9295723616, 0, 0, 0, 0, 0, 0, 0, 0;Europe/Paris;39,0
2023-07-28T19:00:00Z;-1;9000003703;hourly;0,5086111111;1,6393442623;15,0898676674;3,4465731780;0,0000000000;1,6393442623;0,0000000000;5,0859174403;10,0039502271;1,8072289157;1,6393442623;0,0000000000;0,0000000000;1;0, 0, 21.7277486911, 66.2958115183, 11.9764397906, 0, 0, 0;0, 0, 0, 0, 10.8638743455, 10.8638743455, 55.4319371728, 10.8638743455, 11.9764397906, 0, 0, 0, 0, 0, 0, 0, 0, 0, 0, 0, 0, 0, 0, 0, 0;Europe/Paris;36,0
2023-07-28T20:00:00Z;-1;9000003703;hourly;0,0252777778;0,0000000000;0,0000000000;0,0000000000;0,0000000000;0,0000000000;0,0000000000;0,0000000000;0,0000000000;0,0000000000;0,0000000000;0,0000000000;0,0000000000;1;0, 0, 0, 0, 0, 0, 0, 0;0, 0, 0, 0, 0, 0, 0, 0, 0, 0, 0, 0, 0, 0, 0, 0, 0, 0, 0, 0, 0, 0, 0, 0, 0;Europe/Paris;NA
2023-07-29T02:00:00Z;-1;9000003703;hourly;0,0000000000;0,0000000000;0,0000000000;0,0000000000;0,0000000000;0,0000000000;0,0000000000;0,0000000000;0,0000000000;0,0000000000;0,0000000000;0,0000000000;0,0000000000;1;0, 0, 0, 0, 0, 0, 0, 0;0, 0, 0, 0, 0, 0, 0, 0, 0, 0, 0, 0, 0, 0, 0, 0, 0, 0, 0, 0, 0, 0, 0, 0, 0;Europe/Paris;NA
2023-07-29T03:00:00Z;-1;9000003703;hourly;0,0000000000;0,0000000000;0,0000000000;0,0000000000;0,0000000000;0,0000000000;0,0000000000;0,0000000000;0,0000000000;0,0000000000;0,0000000000;0,0000000000;0,0000000000;1;0, 0, 0, 0, 0, 0, 0, 0;0, 0, 0, 0, 0, 0, 0, 0, 0, 0, 0, 0, 0, 0, 0, 0, 0, 0, 0, 0, 0, 0, 0, 0, 0;Europe/Paris;NA
2023-07-29T04:00:00Z;-1;9000003703;hourly;0,1288888889;0,0000000000;15,5172413793;0,0000000000;0,0000000000;0,0000000000;0,0000000000;7,7586206897;7,7586206897;0,0000000000;0,0000000000;0,0000000000;0,0000000000;1;50, 0, 0, 50, 0, 0, 0, 0;0, 50, 0, 0, 0, 0, 0, 50, 0, 0, 0, 0, 0, 0, 0, 0, 0, 0, 0, 0, 0, 0, 0, 0, 0;Europe/Paris;36,0
2023-07-29T05:00:00Z;-1;9000003703;hourly;0,6069444444;0,0000000000;3,0874785592;0,0000000000;1,5437392796;0,0000000000;0,0000000000;3,0874785592;0,0000000000;0,0000000000;0,0000000000;1,5437392796;0,0000000000;1;50, 0, 0, 0, 50, 0, 0, 0;50, 0, 0, 0, 0, 0, 0, 0, 50, 0, 0, 0, 0, 0, 0, 0, 0, 0, 0, 0, 0, 0, 0, 0, 0;Europe/Paris;41,0
2023-07-29T06:00:00Z;-1;9000003703;hourly;0,6619444444;0,0000000000;10,5782165653;2,9459901800;0,0000000000;0,0000000000;0,0000000000;4,5521017451;6,0261148202;1,4729950900;1,4729950900;0,0000000000;0,0000000000;1;0, 14.1564899007, 14.719810433, 56.7762284516, 14.3474712147, 0, 0, 0;0, 0, 14.1564899007, 0, 14.719810433, 0, 13.9247961216, 42.85143233, 0, 14.3474712147, 0, 0, 0, 0, 0, 0, 0, 0, 0, 0, 0, 0, 0, 0, 0;Europe/Paris;37,5
2023-07-29T07:00:00Z;-1;9000003703;hourly;0,5772222222;0,0000000000;19,1541314822;5,1051925459;0,0000000000;0,0000000000;0,0000000000;5,2760545906;13,8780768916;3,2906764168;1,8145161290;0,0000000000;0,0000000000;1;27.632984457, 0, 9.036009972, 54.2949955991, 0, 9.036009972, 0, 0;27.632984457, 0, 0, 0, 9.036009972, 0, 0, 54.2949955991, 0, 0, 9.036009972, 0, 0, 0, 0, 0, 0, 0, 0, 0, 0, 0, 0, 0, 0;Europe/Paris;37,0
2023-07-29T08:00:00Z;-1;9000003703;hourly;0,5411111111;11,1467658433;23,8546962108;1,7408123791;0,0000000000;3,6734693878;7,4732964555;9,1481466861;14,7065495247;1,7408123791;0,0000000000;0,0000000000;0,0000000000;1;15.7099578475, 7.2975667505, 21.8927002515, 47.0894948746, 8.010280276, 0, 0, 0;15.7099578475, 0, 7.2975667505, 0, 21.8927002515, 0, 39.062171449, 8.0273234255, 8.010280276, 0, 0, 0, 0, 0, 0, 0, 0, 0, 0, 0, 0, 0, 0, 0, 0;Europe/Paris;33,0
2023-07-29T09:00:00Z;-1;9000003703;hourly;0,5447222222;1,9480519481;37,0353973168;9,6750529805;0,0000000000;1,9480519481;0,0000000000;12,9944830883;24,0409142285;5,7789490844;3,8961038961;0,0000000000;0,0000000000;1;29.8055016327, 0, 10.1466312246, 54.9639600573, 5.0839070854, 0, 0, 0;25.3136206959, 4.4918809368, 0, 0, 5.0839070854, 5.0627241392, 24.7639604397, 30.1999996176, 0, 5.0839070854, 0, 0, 0, 0, 0, 0, 0, 0, 0, 0, 0, 0, 0, 0, 0;Europe/Paris;36,0
2023-07-29T10:00:00Z;-1;9000003703;hourly;0,5005555556;4,1473114858;35,6532241837;4,0178571429;1,8750000000;4,1473114858;0,0000000000;17,8310863203;17,8221378634;4,0178571429;0,0000000000;1,8750000000;0,0000000000;1;0, 0, 16.7173237123, 72.4512436324, 10.8314326553, 0, 0, 0;0, 0, 0, 0, 11.1448824749, 5.5724412374, 27.284949677, 45.1662939554, 5.5724412374, 5.2589914178, 0, 0, 0, 0, 0, 0, 0, 0, 0, 0, 0, 0, 0, 0, 0;Europe/Paris;37,0
2023-07-29T11:00:00Z;-1;9000003703;hourly;0,5575000000;5,7042791645;35,7330380605;11,1928230402;5,7109616712;3,7175241977;1,9867549669;14,1557032405;21,5773348201;7,4618820268;3,7309410134;0,0000000000;5,7109616712;1;11.1199890898, 5.5599945449, 9.7434698333, 58.970764867, 14.6057816651, 0, 0, 0;11.1199890898, 0, 5.5599945449, 0, 0, 9.7434698333, 29.0990661929, 29.871698674, 14.6057816651, 0, 0, 0, 0, 0, 0, 0, 0, 0, 0, 0, 0, 0, 0, 0, 0;Europe/Paris;37,5
2023-07-29T12:00:00Z;-1;9000003703;hourly;0,6158333333;6,4678215762;49,0862986385;3,1386248791;3,1358885017;6,4678215762;0,0000000000;27,8679205845;21,2183780540;0,0000000000;3,1386248791;1,5679442509;1,5679442509;1;3.1942605052, 7.1761468884, 36.5865944533, 40.1746678975, 12.8683302557, 0, 0, 0;3.1942605052, 0, 3.5880734442, 3.5880734442, 10.0623080638, 26.5242863894, 26.5187117637, 13.6559561337, 9.6684951249, 3.1998351309, 0, 0, 0, 0, 0, 0, 0, 0, 0, 0, 0, 0, 0, 0, 0;Europe/Paris;36,5
2023-07-29T13:00:00Z;-1;9000003703;hourly;0,6158333333;9,0731253559;36,9668829219;3,7177741853;0,0000000000;5,6742959244;3,3988294314;17,5409775074;19,4259054145;3,7177741853;0,0000000000;0,0000000000;0,0000000000;1;0, 4.7644061575, 47.4630636015, 36.0551216313, 11.7174086097, 0, 0, 0;0, 0, 0, 4.7644061575, 21.7869939694, 25.6760696321, 31.2907154737, 4.7644061575, 7.8157875416, 3.9016210681, 0, 0, 0, 0, 0, 0, 0, 0, 0, 0, 0, 0, 0, 0, 0;Europe/Paris;34,0
2023-07-29T14:00:00Z;-1;9000003703;hourly;0,5461111111;9,1792102630;30,7879266470;12,9658055490;3,6501479290;5,5290623340;3,6501479290;10,8292102630;19,9587163840;7,4328288100;5,5329767390;0,0000000000;3,6501479290;1;6.0900495883, 5.8464476047, 41.4392068141, 46.6242959929, 0, 0, 0, 0;6.0900495883, 0, 0, 5.8464476047, 17.6342185209, 23.8049882931, 29.2463935465, 17.3779024464, 0, 0, 0, 0, 0, 0, 0, 0, 0, 0, 0, 0, 0, 0, 0, 0, 0;Europe/Paris;33,0
2023-07-29T15:00:00Z;-1;9000003703;hourly;0,5408333333;3,8444235410;48,1652413994;9,1370312282;0,0000000000;3,8444235410;0,0000000000;24,2012252558;23,9640161437;9,1370312282;0,0000000000;0,0000000000;0,0000000000;1;0, 3.4991898918, 20.0389527875, 61.0304694612, 11.6867638068, 0, 0, 3.7446240526;0, 0, 0, 3.4991898918, 11.8513788726, 8.187573915, 33.7064822234, 27.3239872378, 8.187573915, 3.4991898918, 0, 0, 0, 0, 0, 0, 0, 0, 0, 0, 0, 3.7446240526, 0, 0, 0;Europe/Paris;38,0
2023-07-29T16:00:00Z;-1;9000003703;hourly;0,6525000000;4,6804962880;49,4236672062;4,6291001626;3,0773760246;3,1287721501;1,5517241379;18,5775358773;30,8461313290;0,0000000000;4,6291001626;0,0000000000;3,0773760246;1;9.5544373349, 6.0909991038, 31.2578256541, 30.7457487264, 19.0758274466, 0, 0, 3.2751617342;6.2792756007, 3.2751617342, 0, 6.0909991038, 12.7453134906, 18.5125121636, 15.4768652816, 15.2688834448, 12.8808374244, 6.1949900222, 0, 0, 0, 0, 3.2751617342, 0, 0, 0, 0, 0, 0, 0, 0, 0, 0;Europe/Paris;40,5
2023-07-29T17:00:00Z;-1;9000003703;hourly;0,6191666667;1,7077798861;35,2350894380;0,0000000000;0,0000000000;0,0000000000;1,7077798861;11,0673021693;24,1677872687;0,0000000000;0,0000000000;0,0000000000;0,0000000000;1;4.5940142676, 8.9451033949, 27.3310368691, 49.6890153891, 4.5940142676, 0, 0, 4.8468158117;0, 4.5940142676, 0, 8.9451033949, 13.2767561839, 14.0542806852, 32.1972890192, 17.49172637, 0, 4.5940142676, 0, 0, 0, 0, 0, 0, 0, 0, 0, 0, 4.8468158117, 0, 0, 0, 0;Europe/Paris;36,0
2023-07-29T18:00:00Z;-1;9000003703;hourly;0,6052777778;0,0000000000;27,3435684571;0,0000000000;0,0000000000;0,0000000000;0,0000000000;6,1721468826;21,1714215744;0,0000000000;0,0000000000;0,0000000000;0,0000000000;1;12.2545463423, 0, 30.3629069428, 46.335428995, 11.04711772, 0, 0, 0;12.2545463423, 0, 0, 0, 5.1590132042, 25.2038937385, 29.65096076, 16.684468235, 11.04711772, 0, 0, 0, 0, 0, 0, 0, 0, 0, 0, 0, 0, 0, 0, 0, 0;Europe/Paris;36,5
2023-07-29T19:00:00Z;-1;9000003703;hourly;0,4627777778;2,2332506203;3,8607370580;0,0000000000;0,0000000000;2,2332506203;0,0000000000;0,0000000000;3,8607370580;0,0000000000;0,0000000000;0,0000000000;0,0000000000;1;0, 0, 0, 100, 0, 0, 0, 0;0, 0, 0, 0, 0, 0, 42.1548117155, 57.8451882845, 0, 0, 0, 0, 0, 0, 0, 0, 0, 0, 0, 0, 0, 0, 0, 0, 0;Europe/Paris;36,0
2023-07-29T20:00:00Z;-1;9000003703;hourly;0,0000000000;0,0000000000;0,0000000000;0,0000000000;0,0000000000;0,0000000000;0,0000000000;0,0000000000;0,0000000000;0,0000000000;0,0000000000;0,0000000000;0,0000000000;1;0, 0, 0, 0, 0, 0, 0, 0;0, 0, 0, 0, 0, 0, 0, 0, 0, 0, 0, 0, 0, 0, 0, 0, 0, 0, 0, 0, 0, 0, 0, 0, 0;Europe/Paris;NA
2023-07-30T02:00:00Z;-1;9000003703;hourly;0,0000000000;0,0000000000;0,0000000000;0,0000000000;0,0000000000;0,0000000000;0,0000000000;0,0000000000;0,0000000000;0,0000000000;0,0000000000;0,0000000000;0,0000000000;1;0, 0, 0, 0, 0, 0, 0, 0;0, 0, 0, 0, 0, 0, 0, 0, 0, 0, 0, 0, 0, 0, 0, 0, 0, 0, 0, 0, 0, 0, 0, 0, 0;Europe/Paris;NA
2023-07-30T03:00:00Z;-1;9000003703;hourly;0,0000000000;0,0000000000;0,0000000000;0,0000000000;0,0000000000;0,0000000000;0,0000000000;0,0000000000;0,0000000000;0,0000000000;0,0000000000;0,0000000000;0,0000000000;1;0, 0, 0, 0, 0, 0, 0, 0;0, 0, 0, 0, 0, 0, 0, 0, 0, 0, 0, 0, 0, 0, 0, 0, 0, 0, 0, 0, 0, 0, 0, 0, 0;Europe/Paris;NA
2023-07-30T04:00:00Z;-1;9000003703;hourly;0,2263888889;0,0000000000;5,2249637155;0,0000000000;0,0000000000;0,0000000000;0,0000000000;0,0000000000;5,2249637155;0,0000000000;0,0000000000;0,0000000000;0,0000000000;1;0, 0, 50, 50, 0, 0, 0, 0;0, 0, 0, 0, 0, 50, 50, 0, 0, 0, 0, 0, 0, 0, 0, 0, 0, 0, 0, 0, 0, 0, 0, 0, 0;Europe/Paris;31,0
2023-07-30T05:00:00Z;-1;9000003703;hourly;0,8108333333;0,0000000000;4,9347538540;3,5904255319;0,0000000000;0,0000000000;0,0000000000;3,7379453433;1,1968085106;1,1968085106;2,3936170213;0,0000000000;0,0000000000;1;0, 0, 49.6184229006, 50.3815770994, 0, 0, 0, 0;0, 0, 0, 0, 25.3657743176, 24.2526485829, 25.121200736, 25.2603763634, 0, 0, 0, 0, 0, 0, 0, 0, 0, 0, 0, 0, 0, 0, 0, 0, 0;Europe/Paris;34,5
2023-07-30T06:00:00Z;-1;9000003703;hourly;0,7969444444;0,0000000000;5,0621363455;6,3260606961;1,2534818942;0,0000000000;0,0000000000;5,0621363455;0,0000000000;5,0999026579;1,2261580381;0,0000000000;1,2534818942;1;0, 0, 24.2221456409, 24.7619149031, 25.507969728, 0, 0, 25.507969728;0, 0, 0, 0, 0, 24.2221456409, 24.7619149031, 0, 0, 25.507969728, 0, 0, 0, 0, 25.507969728, 0, 0, 0, 0, 0, 0, 0, 0, 0, 0;Europe/Paris;69,5
2023-07-30T07:00:00Z;-1;9000003703;hourly;0,7675000000;0,0000000000;17,0834709184;7,8230553126;2,6166328600;0,0000000000;0,0000000000;5,2483018067;11,8351691118;5,1913863659;2,6316689466;1,3235294118;1,2931034483;1;0, 0, 38.4689460932, 38.4689460932, 23.0621078137, 0, 0, 0;0, 0, 0, 0, 0, 38.4689460932, 15.3167519208, 23.1521941723, 15.31468097, 7.7474268437, 0, 0, 0, 0, 0, 0, 0, 0, 0, 0, 0, 0, 0, 0, 0;Europe/Paris;40,0
2023-07-30T08:00:00Z;-1;9000003703;hourly;0,7191666667;4,1613967655;15,3046247770;4,2504200168;0,0000000000;4,1613967655;0,0000000000;12,5732135478;2,7314112291;4,2504200168;0,0000000000;0,0000000000;0,0000000000;1;36.6144517718, 8.9234831593, 27.5215467906, 26.9405182783, 0, 0, 0, 0;36.6144517718, 0, 0, 8.9234831593, 8.9234831593, 18.5980636313, 8.9234831593, 18.017035119, 0, 0, 0, 0, 0, 0, 0, 0, 0, 0, 0, 0, 0, 0, 0, 0, 0;Europe/Paris;33,5
2023-07-30T09:00:00Z;-1;9000003703;hourly;0,7388888889;5,5393006278;32,3828152285;4,1109319830;0,0000000000;4,1374314689;1,4018691589;8,0381960241;24,3446192044;2,7696503139;1,3412816692;0,0000000000;0,0000000000;1;8.6581055352, 8.1757023883, 41.2820252535, 33.4365927294, 8.4475740936, 0, 0, 0;8.6581055352, 0, 4.141955107, 4.0337472813, 8.283910214, 32.9981150395, 21.0371032943, 12.3994894351, 4.2237870468, 4.2237870468, 0, 0, 0, 0, 0, 0, 0, 0, 0, 0, 0, 0, 0, 0, 0;Europe/Paris;35,0
2023-07-30T10:00:00Z;-1;9000003703;hourly;0,7847222222;1,2912482066;32,1364258640;2,5094724570;3,8228262176;0,0000000000;1,2912482066;12,8690321248;19,2673937392;1,2765957447;1,2328767123;0,0000000000;3,8228262176;1;0, 16.0040852596, 52.1222549999, 15.9368298703, 15.9368298703, 0, 0, 0;0, 0, 4.0180205853, 11.9860646743, 24.1097025442, 28.0125524557, 7.8775966616, 8.0592332086, 15.9368298703, 0, 0, 0, 0, 0, 0, 0, 0, 0, 0, 0, 0, 0, 0, 0, 0;Europe/Paris;38,0
2023-07-30T11:00:00Z;-1;9000003703;hourly;0,7808333333;1,2569832402;13,9302539699;0,0000000000;2,5766313341;1,2569832402;0,0000000000;8,8298607780;5,1003931919;0,0000000000;0,0000000000;1,3196480938;1,2569832402;1;0, 0, 27.0199454845, 54.9332444151, 0, 0, 0, 18.0468101004;0, 0, 0, 0, 8.9982702172, 18.0216752674, 36.6389194987, 18.2943249164, 0, 0, 0, 0, 0, 0, 9.0234050502, 0, 9.0234050502, 0, 0, 0, 0, 0, 0, 0, 0;Europe/Paris;69,0
2023-07-30T12:00:00Z;-1;9000003703;hourly;0,7897222222;1,2676056338;18,0450678370;10,1755240612;0,0000000000;1,2676056338;0,0000000000;7,7828901737;10,2621776633;7,6403127936;2,5352112676;0,0000000000;0,0000000000;1;14.6691541835, 0, 22.0037312753, 56.3024491575, 7.0246653837, 0, 0, 0;14.6691541835, 0, 0, 0, 14.6691541835, 7.3345770918, 7.0246653837, 49.2777837739, 0, 7.0246653837, 0, 0, 0, 0, 0, 0, 0, 0, 0, 0, 0, 0, 0, 0, 0;Europe/Paris;36,5
2023-07-30T13:00:00Z;-1;9000003703;hourly;0,7775000000;3,8192660094;20,4998343705;5,1484774787;0,0000000000;1,2658227848;2,5534432246;8,9659656472;11,5338687233;2,5316455696;2,6168319091;0,0000000000;0,0000000000;1;0, 6.4753383092, 50.212109471, 30.8479585092, 12.4645937105, 0, 0, 0;0, 0, 0, 6.4753383092, 18.6220439612, 31.5900655099, 6.1747951809, 24.6731633283, 12.4645937105, 0, 0, 0, 0, 0, 0, 0, 0, 0, 0, 0, 0, 0, 0, 0, 0;Europe/Paris;37,0
2023-07-30T14:00:00Z;-1;9000003703;hourly;0,7555555556;4,0463626416;19,7843193215;8,2717147543;0,0000000000;1,3719512195;2,6744114221;9,4248738230;10,3594454984;6,9692545517;1,3024602026;0,0000000000;0,0000000000;1;27.3869106796, 13.8690767898, 33.0321104125, 13.3166509272, 12.3952511908, 0, 0, 0;27.3869106796, 0, 0, 13.8690767898, 0, 33.0321104125, 13.3166509272, 0, 6.1976255954, 6.1976255954, 0, 0, 0, 0, 0, 0, 0, 0, 0, 0, 0, 0, 0, 0, 0;Europe/Paris;31,5
2023-07-30T15:00:00Z;-1;9000003703;hourly;0,7625000000;2,5568181818;20,8172387907;6,5904056767;2,5974025974;0,0000000000;2,5568181818;6,4958990246;14,3213397661;3,9816607099;2,6087449668;0,0000000000;2,5974025974;1;0, 6.1411078759, 31.6020116502, 56.0182946953, 6.2385857786, 0, 0, 0;0, 0, 0, 6.1411078759, 12.3796936545, 19.2223179957, 43.4866376728, 12.5316570226, 6.2385857786, 0, 0, 0, 0, 0, 0, 0, 0, 0, 0, 0, 0, 0, 0, 0, 0;Europe/Paris;34,0
2023-07-30T16:00:00Z;-1;9000003703;hourly;0,7680555556;2,5751072961;33,7358191904;3,9212781961;1,2875536481;0,0000000000;2,5751072961;11,6885631699;22,0472560204;2,5977487843;1,3235294118;0,0000000000;1,2875536481;1;0, 0, 34.6967040294, 57.6701411875, 3.8165773915, 0, 0, 3.8165773915;0, 0, 0, 0, 15.3620602774, 19.3346437521, 26.9075431632, 30.7625980243, 3.8165773915, 0, 0, 0, 0, 0, 3.8165773915, 0, 0, 0, 0, 0, 0, 0, 0, 0, 0;Europe/Paris;36,5
2023-07-30T17:00:00Z;-1;9000003703;hourly;0,7669444444;1,2802275960;27,2169784341;9,4227101135;1,2802275960;0,0000000000;1,2802275960;8,8756478230;18,3413306111;6,6102101135;2,8125000000;0,0000000000;1,2802275960;1;9.8705945721, 0, 32.6107023398, 43.0232701571, 14.495432931, 0, 0, 0;5.166811604, 4.7037829681, 0, 0, 4.7037829681, 27.9069193717, 19.1202712899, 23.9029988672, 9.8705945721, 4.6248383589, 0, 0, 0, 0, 0, 0, 0, 0, 0, 0, 0, 0, 0, 0, 0;Europe/Paris;37,5
2023-07-30T18:00:00Z;-1;9000003703;hourly;0,7644444444;4,0189829084;37,9425702175;5,1818841547;2,6635612216;0,0000000000;4,0189829084;13,0442208593;24,8983493582;5,1818841547;0,0000000000;0,0000000000;2,6635612216;1;0, 0, 31.1893406094, 44.810432977, 13.7462137682, 6.8508478118, 3.4031648336, 0;0, 0, 0, 0, 13.8708288156, 17.3185117938, 23.9931868057, 20.8172461713, 13.7462137682, 0, 6.8508478118, 0, 3.4031648336, 0, 0, 0, 0, 0, 0, 0, 0, 0, 0, 0, 0;Europe/Paris;41,0
2023-07-30T19:00:00Z;-1;9000003703;hourly;0,6297222222;0,0000000000;14,4095452664;0,0000000000;0,0000000000;0,0000000000;0,0000000000;0,0000000000;14,4095452664;0,0000000000;0,0000000000;0,0000000000;0,0000000000;1;0, 0, 55.7907849391, 35.3749012934, 8.8343137675, 0, 0, 0;0, 0, 0, 0, 0, 55.7907849391, 26.5405875259, 8.8343137675, 8.8343137675, 0, 0, 0, 0, 0, 0, 0, 0, 0, 0, 0, 0, 0, 0, 0, 0;Europe/Paris;34,0
2023-07-30T20:00:00Z;-1;9000003703;hourly;0,0000000000;0,0000000000;0,0000000000;0,0000000000;0,0000000000;0,0000000000;0,0000000000;0,0000000000;0,0000000000;0,0000000000;0,0000000000;0,0000000000;0,0000000000;1;0, 0, 0, 0, 0, 0, 0, 0;0, 0, 0, 0, 0, 0, 0, 0, 0, 0, 0, 0, 0, 0, 0, 0, 0, 0, 0, 0, 0, 0, 0, 0, 0;Europe/Paris;NA
2023-07-31T02:00:00Z;-1;9000003703;hourly;0,0000000000;0,0000000000;0,0000000000;0,0000000000;0,0000000000;0,0000000000;0,0000000000;0,0000000000;0,0000000000;0,0000000000;0,0000000000;0,0000000000;0,0000000000;1;0, 0, 0, 0, 0, 0, 0, 0;0, 0, 0, 0, 0, 0, 0, 0, 0, 0, 0, 0, 0, 0, 0, 0, 0, 0, 0, 0, 0, 0, 0, 0, 0;Europe/Paris;NA
2023-07-31T03:00:00Z;-1;9000003703;hourly;0,0000000000;0,0000000000;0,0000000000;0,0000000000;0,0000000000;0,0000000000;0,0000000000;0,0000000000;0,0000000000;0,0000000000;0,0000000000;0,0000000000;0,0000000000;1;0, 0, 0, 0, 0, 0, 0, 0;0, 0, 0, 0, 0, 0, 0, 0, 0, 0, 0, 0, 0, 0, 0, 0, 0, 0, 0, 0, 0, 0, 0, 0, 0;Europe/Paris;NA
2023-07-31T04:00:00Z;-1;9000003703;hourly;0,0680555556;39,1304347826;97,8260869565;11,7647058824;0,0000000000;39,1304347826;0,0000000000;97,8260869565;0,0000000000;11,7647058824;0,0000000000;0,0000000000;0,0000000000;1;0, 40, 40, 20, 0, 0, 0, 0;0, 0, 0, 40, 0, 40, 20, 0, 0, 0, 0, 0, 0, 0, 0, 0, 0, 0, 0, 0, 0, 0, 0, 0, 0;Europe/Paris;28,5
2023-07-31T05:00:00Z;-1;9000003703;hourly;0,4186111111;9,5291831233;23,2014346363;0,0000000000;0,0000000000;4,7645915617;4,7645915617;17,1119012941;6,0895333422;0,0000000000;0,0000000000;0,0000000000;0,0000000000;1;7.2778057631, 0, 37.0950572956, 55.6271369413, 0, 0, 0, 0;0, 7.2778057631, 0, 0, 0, 37.0950572956, 35.0913742338, 20.5357627075, 0, 0, 0, 0, 0, 0, 0, 0, 0, 0, 0, 0, 0, 0, 0, 0, 0;Europe/Paris;34,0
2023-07-31T06:00:00Z;-1;9000003703;hourly;0,6197222222;5,3226934457;26,5550223596;7,7410205410;1,5706806283;1,8947368421;3,4279566036;19,9857044995;6,5693178601;6,1703399128;1,5706806283;0,0000000000;1,5706806283;1;0, 0, 50.4690910761, 37.7012775495, 11.8296313744, 0, 0, 0;0, 0, 0, 0, 0, 50.4690910761, 30.5661419941, 7.1351355553, 11.8296313744, 0, 0, 0, 0, 0, 0, 0, 0, 0, 0, 0, 0, 0, 0, 0, 0;Europe/Paris;35,5
2023-07-31T07:00:00Z;-1;9000003703;hourly;0,6372222222;0,0000000000;15,5592656256;3,2258064516;0,0000000000;0,0000000000;0,0000000000;9,2309239728;6,3283416528;1,6129032258;1,6129032258;0,0000000000;0,0000000000;1;0, 0, 40.672495766, 59.327504234, 0, 0, 0, 0;0, 0, 0, 0, 10.7117309182, 29.9607648478, 49.6059333167, 9.7215709174, 0, 0, 0, 0, 0, 0, 0, 0, 0, 0, 0, 0, 0, 0, 0, 0, 0;Europe/Paris;32,0
2023-07-31T08:00:00Z;-1;9000003703;hourly;0,6375000000;0,0000000000;42,2739025405;6,1318308880;6,5738297604;0,0000000000;0,0000000000;14,1981979619;28,0757045787;4,5389105340;1,5929203540;3,2367233599;3,3371064005;1;0, 3.7680939262, 33.6324288292, 55.346975678, 7.2525015666, 0, 0, 0;0, 0, 0, 3.7680939262, 0, 33.6324288292, 24.5757640043, 30.7712116737, 3.4844076404, 3.7680939262, 0, 0, 0, 0, 0, 0, 0, 0, 0, 0, 0, 0, 0, 0, 0;Europe/Paris;36,0
2023-07-31T09:00:00Z;-1;9000003703;hourly;0,6066666667;4,6917566340;27,7636598379;0,0000000000;0,0000000000;1,5437392796;3,1480173545;9,7691330392;17,9945267987;0,0000000000;0,0000000000;0,0000000000;0,0000000000;1;0, 6.6156072528, 23.2964694511, 46.124219357, 23.9637039391, 0, 0, 0;0, 0, 0, 6.6156072528, 5.5602873994, 17.7361820517, 23.2289183005, 22.8953010565, 23.9637039391, 0, 0, 0, 0, 0, 0, 0, 0, 0, 0, 0, 0, 0, 0, 0, 0;Europe/Paris;39,5
2023-07-31T10:00:00Z;-1;9000003703;hourly;0,6019444444;1,5332197615;42,0837148950;1,5517241379;1,5332197615;1,5332197615;0,0000000000;12,2561376917;29,8275772033;1,5517241379;0,0000000000;0,0000000000;1,5332197615;1;7.6631758695, 9.1392926118, 14.6170161968, 60.9173394525, 7.6631758695, 0, 0, 0;4.0199144195, 3.64326145, 0, 9.1392926118, 0, 14.6170161968, 22.0794206841, 38.8379187685, 3.64326145, 4.0199144195, 0, 0, 0, 0, 0, 0, 0, 0, 0, 0, 0, 0, 0, 0, 0;Europe/Paris;36,5
2023-07-31T11:00:00Z;-1;9000003703;hourly;0,5830555556;1,7892644135;38,3560055940;1,7374517375;3,4749034749;0,0000000000;1,7892644135;19,0356944990;19,3203110950;1,7374517375;0,0000000000;3,4749034749;0,0000000000;1;9.0101433313, 0, 31.7276239779, 50.5717205227, 8.6905121681, 0, 0, 0;4.345256084, 4.6648872473, 0, 0, 13.6750305786, 18.0525933993, 36.5770587809, 13.9946617418, 0, 8.6905121681, 0, 0, 0, 0, 0, 0, 0, 0, 0, 0, 0, 0, 0, 0, 0;Europe/Paris;35,0
2023-07-31T12:00:00Z;-1;9000003703;hourly;0,6105555556;4,8389206786;27,2631257650;3,0354131535;0,0000000000;1,5177065767;3,3212141019;15,5935117873;11,6696139776;1,5177065767;1,5177065767;0,0000000000;0,0000000000;1;11.7028731693, 17.9491723882, 35.419144142, 23.7950423693, 5.5668839656, 0, 0, 5.5668839656;11.7028731693, 0, 5.5668839656, 12.3822884226, 11.9030877882, 23.5160563538, 5.5668839656, 18.2281584037, 5.5668839656, 0, 0, 0, 0, 0, 0, 0, 0, 0, 0, 0, 5.5668839656, 0, 0, 0, 0;Europe/Paris;36,5
2023-07-31T13:00:00Z;-1;9000003703;hourly;0,6013888889;0,0000000000;32,9855939455;3,5643564356;1,6393442623;0,0000000000;0,0000000000;14,7938935574;18,1917003881;1,7821782178;1,7821782178;1,6393442623;0,0000000000;1;9.8236511029, 0, 25.1663087212, 65.0100401759, 0, 0, 0, 0;9.8236511029, 0, 0, 0, 5.4028986738, 19.7634100474, 40.4288069932, 24.5812331828, 0, 0, 0, 0, 0, 0, 0, 0, 0, 0, 0, 0, 0, 0, 0, 0, 0;Europe/Paris;34,5
2023-07-31T14:00:00Z;-1;9000003703;hourly;0,5725000000;5,0955367240;37,7230094343;11,4963503650;1,6853932584;5,0955367240;0,0000000000;16,2988562261;21,4241532082;8,2116788321;3,2846715328;0,0000000000;1,6853932584;1;0, 13.7713003808, 33.9031819954, 37.6254576118, 14.700060012, 0, 0, 0;0, 0, 8.8214834255, 4.9498169553, 28.9533650401, 4.9498169553, 4.9498169553, 32.6756406566, 4.9498169553, 9.7502430567, 0, 0, 0, 0, 0, 0, 0, 0, 0, 0, 0, 0, 0, 0, 0;Europe/Paris;37,5
2023-07-31T15:00:00Z;-1;9000003703;hourly;0,6408333333;4,6928603454;50,9089760308;7,3081636317;4,7872340426;3,2246711121;1,4681892333;19,9473640623;30,9616119685;0,0000000000;7,3081636317;0,0000000000;4,7872340426;1;5.7678992891, 0, 33.2291340691, 42.3169162351, 15.1714159492, 3.5146344575, 0, 0;5.7678992891, 0, 0, 0, 6.3341896921, 26.8949443771, 14.8572498058, 27.4596664293, 6.2690111067, 8.9024048425, 3.5146344575, 0, 0, 0, 0, 0, 0, 0, 0, 0, 0, 0, 0, 0, 0;Europe/Paris;40,5
2023-07-31T16:00:00Z;-1;9000003703;hourly;0,6430555556;3,1160956416;66,4197684325;4,7912885662;0,0000000000;1,4827018122;1,6333938294;15,3674827064;51,0522857261;1,6333938294;3,1578947368;0,0000000000;0,0000000000;1;4.616757323, 4.6915183764, 28.2002126227, 48.5868177757, 13.9046939023, 0, 0, 0;4.616757323, 0, 2.4591983199, 2.2323200565, 7.068743419, 21.1314692036, 20.9105056125, 27.6763121631, 11.6723738458, 2.2323200565, 0, 0, 0, 0, 0, 0, 0, 0, 0, 0, 0, 0, 0, 0, 0;Europe/Paris;37,5
2023-07-31T17:00:00Z;-1;9000003703;hourly;0,6244444444;1,6728624535;52,5392617231;0,0000000000;1,5789473684;0,0000000000;1,6728624535;14,4282919194;38,1109698037;0,0000000000;0,0000000000;0,0000000000;1,5789473684;1;2.8550077614, 6.3562543718, 24.2779000837, 45.0712495089, 21.4395882741, 0, 0, 0;2.8550077614, 0, 3.1840235258, 3.1722308461, 5.7100155229, 18.5678845608, 27.1613964767, 17.9098530322, 9.2112621333, 12.2283261408, 0, 0, 0, 0, 0, 0, 0, 0, 0, 0, 0, 0, 0, 0, 0;Europe/Paris;41,0
2023-07-31T18:00:00Z;-1;9000003703;hourly;0,4405555556;3,4050313791;18,5161608488;0,0000000000;0,0000000000;1,6574585635;1,7475728155;6,7199485061;11,7962123426;0,0000000000;0,0000000000;0,0000000000;0,0000000000;1;18.3895106922, 9.4380948071, 22.4157339617, 40.8052446539, 8.9514158851, 0, 0, 0;18.3895106922, 0, 0, 9.4380948071, 8.9514158851, 13.4643180765, 8.9514158851, 31.8538287688, 0, 8.9514158851, 0, 0, 0, 0, 0, 0, 0, 0, 0, 0, 0, 0, 0, 0, 0;Europe/Paris;36,5
2023-07-31T19:00:00Z;-1;9000003703;hourly;0,1588888889;13,0909090909;18,6666666667;0,0000000000;0,0000000000;0,0000000000;13,0909090909;6,5454545455;12,1212121212;0,0000000000;0,0000000000;0,0000000000;0,0000000000;1;32.4675324675, 0, 35.0649350649, 32.4675324675, 0, 0, 0, 0;32.4675324675, 0, 0, 0, 35.0649350649, 0, 0, 32.4675324675, 0, 0, 0, 0, 0, 0, 0, 0, 0, 0, 0, 0, 0, 0, 0, 0, 0;Europe/Paris;35,0
2023-07-31T20:00:00Z;-1;9000003703;hourly;0,0000000000;0,0000000000;0,0000000000;0,0000000000;0,0000000000;0,0000000000;0,0000000000;0,0000000000;0,0000000000;0,0000000000;0,0000000000;0,0000000000;0,0000000000;1;0, 0, 0, 0, 0, 0, 0, 0;0, 0, 0, 0, 0, 0, 0, 0, 0, 0, 0, 0, 0, 0, 0, 0, 0, 0, 0, 0, 0, 0, 0, 0, 0;Europe/Paris;NA
2023-08-01T02:00:00Z;-1;9000003703;hourly;0,0000000000;0,0000000000;0,0000000000;0,0000000000;0,0000000000;0,0000000000;0,0000000000;0,0000000000;0,0000000000;0,0000000000;0,0000000000;0,0000000000;0,0000000000;1;0, 0, 0, 0, 0, 0, 0, 0;0, 0, 0, 0, 0, 0, 0, 0, 0, 0, 0, 0, 0, 0, 0, 0, 0, 0, 0, 0, 0, 0, 0, 0, 0;Europe/Paris;NA
2023-08-01T03:00:00Z;-1;9000003703;hourly;0,0000000000;0,0000000000;0,0000000000;0,0000000000;0,0000000000;0,0000000000;0,0000000000;0,0000000000;0,0000000000;0,0000000000;0,0000000000;0,0000000000;0,0000000000;1;0, 0, 0, 0, 0, 0, 0, 0;0, 0, 0, 0, 0, 0, 0, 0, 0, 0, 0, 0, 0, 0, 0, 0, 0, 0, 0, 0, 0, 0, 0, 0, 0;Europe/Paris;NA
2023-08-01T04:00:00Z;-1;9000003703;hourly;0,2108333333;0,0000000000;32,6331967213;0,0000000000;0,0000000000;0,0000000000;0,0000000000;12,9610655738;19,6721311475;0,0000000000;0,0000000000;0,0000000000;0,0000000000;1;0, 0, 39.7174254317, 30.1412872841, 30.1412872841, 0, 0, 0;0, 0, 0, 0, 0, 39.7174254317, 0, 30.1412872841, 0, 30.1412872841, 0, 0, 0, 0, 0, 0, 0, 0, 0, 0, 0, 0, 0, 0, 0;Europe/Paris;45,0
2023-08-01T05:00:00Z;-1;9000003703;hourly;0,6891666667;1,3615733737;13,9841411561;0,0000000000;0,0000000000;0,0000000000;1,3615733737;9,7709281836;4,2132129725;0,0000000000;0,0000000000;0,0000000000;0,0000000000;1;0, 0, 9.7365534178, 69.8714928182, 9.7365534178, 10.6554003463, 0, 0;0, 0, 0, 0, 9.7365534178, 0, 20.269878801, 49.6016140173, 0, 9.7365534178, 10.6554003463, 0, 0, 0, 0, 0, 0, 0, 0, 0, 0, 0, 0, 0, 0;Europe/Paris;45,5
2023-08-01T06:00:00Z;-1;9000003703;hourly;0,6686111111;4,5755674957;43,5807767924;12,1247283365;3,1088082902;3,0371059573;1,5384615385;34,4813066669;9,0994701255;9,1552298518;2,9694984847;0,0000000000;3,1088082902;1;3.5667196858, 0, 41.5673870572, 30.7027005679, 17.0297533175, 0, 0, 7.1334393716;3.5667196858, 0, 0, 0, 6.6492530999, 34.9181339574, 17.1483029849, 13.5543975829, 13.4630336317, 3.5667196858, 0, 0, 0, 0, 0, 3.5667196858, 0, 0, 0, 3.5667196858, 0, 0, 0, 0, 0;Europe/Paris;41,0
2023-08-01T07:00:00Z;-1;9000003703;hourly;0,5786111111;0,0000000000;10,5599823363;4,9674667438;1,5384615385;0,0000000000;0,0000000000;3,5654885655;6,9944937708;3,1456043956;1,8218623482;1,5384615385;0,0000000000;1;17.252513216, 14.568788938, 19.1953638034, 33.7641527414, 0, 15.2191813013, 0, 0;17.252513216, 0, 0, 14.568788938, 19.1953638034, 0, 19.1953638034, 14.568788938, 0, 0, 15.2191813013, 0, 0, 0, 0, 0, 0, 0, 0, 0, 0, 0, 0, 0, 0;Europe/Paris;37,5
2023-08-01T08:00:00Z;-1;9000003703;hourly;0,6247222222;3,5163171046;22,5370843936;6,9212769468;3,0914897127;1,9148936170;1,6014234875;9,3214707591;13,2156136346;5,0063833297;1,9148936170;3,0914897127;0,0000000000;1;13.2232386332, 8.4966341856, 6.5145482336, 65.153959631, 6.6116193166, 0, 0, 0;13.2232386332, 0, 0, 8.4966341856, 0, 6.5145482336, 7.1057260983, 58.0482335328, 6.6116193166, 0, 0, 0, 0, 0, 0, 0, 0, 0, 0, 0, 0, 0, 0, 0, 0;Europe/Paris;37,0
2023-08-01T09:00:00Z;-1;9000003703;hourly;0,6111111111;6,8243955230;42,7163337440;6,9238123934;0,0000000000;5,2832996326;1,5410958904;21,0406180074;21,6757157366;0,0000000000;6,9238123934;0,0000000000;0,0000000000;1;11.8285210351, 3.6077438191, 33.3708746789, 35.4335140766, 15.7593463903, 0, 0, 0;11.8285210351, 0, 0, 3.6077438191, 8.3111213851, 25.0597532939, 31.0532180467, 4.3802960299, 15.7593463903, 0, 0, 0, 0, 0, 0, 0, 0, 0, 0, 0, 0, 0, 0, 0, 0;Europe/Paris;37,5
2023-08-01T10:00:00Z;-1;9000003703;hourly;0,6330555556;3,1394839604;28,4614035856;3,1451627671;1,6014234875;1,5957446809;1,5437392796;9,4706963902;18,9907071953;1,6014234875;1,5437392796;1,6014234875;0,0000000000;1;0, 0, 33.3593768035, 38.9469613266, 22.0670121414, 0, 0, 5.6266497284;0, 0, 0, 0, 5.4239745238, 27.9354022797, 27.7726323923, 11.1743289343, 16.5193329356, 5.5476792059, 0, 0, 0, 0, 0, 0, 0, 0, 0, 0, 5.6266497284, 0, 0, 0, 0;Europe/Paris;41,5
2023-08-01T11:00:00Z;-1;9000003703;hourly;0,6288888889;1,8329938900;23,9549937828;3,4753296564;0,0000000000;1,8329938900;0,0000000000;7,5977705744;16,3572232084;1,6423357664;1,8329938900;0,0000000000;0,0000000000;1;0, 0, 33.053808137, 66.946191863, 0, 0, 0, 0;0, 0, 0, 0, 6.2721960492, 26.7816120879, 42.0852594747, 24.8609323883, 0, 0, 0, 0, 0, 0, 0, 0, 0, 0, 0, 0, 0, 0, 0, 0, 0;Europe/Paris;34,5
2023-08-01T12:00:00Z;-1;9000003703;hourly;0,6463888889;1,7374517375;26,1831439922;1,5789473684;1,3953488372;0,0000000000;1,7374517375;12,2141935606;13,9689504316;1,5789473684;0,0000000000;0,0000000000;1,3953488372;1;0, 31.8722449432, 22.4755153917, 40.3230521634, 5.3291875018, 0, 0, 0;0, 0, 13.2715287207, 18.6007162225, 11.1159315063, 11.3595838854, 40.3230521634, 0, 5.3291875018, 0, 0, 0, 0, 0, 0, 0, 0, 0, 0, 0, 0, 0, 0, 0, 0;Europe/Paris;31,5
2023-08-01T13:00:00Z;-1;9000003703;hourly;0,6425000000;4,6284021489;27,2614266003;3,1112263417;0,0000000000;1,4975041597;3,1308979891;9,0815713332;18,1798552671;0,0000000000;3,1112263417;0,0000000000;0,0000000000;1;0, 11.4017044687, 38.8060230599, 27.8919329219, 21.9003395495, 0, 0, 0;0, 0, 0, 11.4017044687, 22.3988082161, 16.4072148437, 16.9056835103, 10.9862494116, 16.4072148437, 5.4931247058, 0, 0, 0, 0, 0, 0, 0, 0, 0, 0, 0, 0, 0, 0, 0;Europe/Paris;39,5
2023-08-01T14:00:00Z;-1;9000003703;hourly;0,6411111111;6,2469905671;48,3890379718;1,5000000000;4,6540702131;3,1106269307;3,1363636364;18,6480513472;29,7409866246;1,5000000000;0,0000000000;1,5000000000;3,1540702131;1;6.3917789723, 12.5915302502, 19.5835150989, 41.8130684559, 19.6201072228, 0, 0, 0;3.2919033334, 3.0998756389, 3.0998756389, 9.4916546112, 3.0998756389, 16.48363946, 32.0927940263, 9.7202744296, 16.3282038894, 3.2919033334, 0, 0, 0, 0, 0, 0, 0, 0, 0, 0, 0, 0, 0, 0, 0;Europe/Paris;39,0
2023-08-01T15:00:00Z;-1;9000003703;hourly;0,6291666667;6,3586606573;74,6993827535;4,7513791456;1,6100178891;3,2200357782;3,1386248791;30,1357390045;44,5636437491;3,1413612565;1,6100178891;0,0000000000;1,6100178891;1;6.4096647824, 4.2543352071, 25.5370008008, 57.3330104837, 6.465988726, 0, 0, 0;4.2543352071, 2.1553295753, 0, 4.2543352071, 8.5649943578, 16.972006443, 36.1629927772, 21.1700177065, 2.1553295753, 4.3106591507, 0, 0, 0, 0, 0, 0, 0, 0, 0, 0, 0, 0, 0, 0, 0;Europe/Paris;35,5
2023-08-01T16:00:00Z;-1;9000003703;hourly;0,6205555556;4,8385829164;76,2926420499;1,6014234875;1,6014234875;0,0000000000;4,8385829164;29,1571105355;47,1355315144;0,0000000000;1,6014234875;0,0000000000;1,6014234875;1;2.2299965052, 0, 27.2245533812, 60.1173074394, 8.310246532, 2.1178961423, 0, 0;2.2299965052, 0, 0, 0, 10.2373640467, 16.9871893345, 40.9001215997, 19.2171858397, 8.310246532, 0, 2.1178961423, 0, 0, 0, 0, 0, 0, 0, 0, 0, 0, 0, 0, 0, 0;Europe/Paris;36,5
2023-08-01T17:00:00Z;-1;9000003703;hourly;0,5947222222;1,5570934256;40,4690741315;6,3699582898;0,0000000000;0,0000000000;1,5570934256;9,5284752029;30,9405989286;1,6014234875;4,7685348022;0,0000000000;0,0000000000;1;23.3259971513, 3.9783907184, 12.8362610701, 50.870703159, 8.9886479012, 0, 0, 0;15.5212302251, 7.8047669262, 3.9783907184, 0, 5.0314941439, 7.8047669262, 31.2827785881, 19.5879245708, 8.9886479012, 0, 0, 0, 0, 0, 0, 0, 0, 0, 0, 0, 0, 0, 0, 0, 0;Europe/Paris;36,0
2023-08-01T18:00:00Z;-1;9000003703;hourly;0,6280555556;3,1141868512;29,4082101658;4,8350281514;0,0000000000;0,0000000000;3,1141868512;7,9020018324;21,5062083334;1,5570934256;3,2779347258;0,0000000000;0,0000000000;1;0, 0, 48.8040267691, 34.7409736141, 16.4549996168, 0, 0, 0;0, 0, 0, 0, 4.9360804178, 43.8679463513, 23.2220544152, 11.5189191989, 16.4549996168, 0, 0, 0, 0, 0, 0, 0, 0, 0, 0, 0, 0, 0, 0, 0, 0;Europe/Paris;38,0
2023-08-01T19:00:00Z;-1;9000003703;hourly;0,2422222222;0,0000000000;17,9600886918;6,3192904656;0,0000000000;0,0000000000;0,0000000000;5,3215077605;12,6385809313;0,0000000000;6,3192904656;0,0000000000;0,0000000000;1;70.3703703704, 0, 14.8148148148, 14.8148148148, 0, 0, 0, 0;50, 20.3703703704, 0, 0, 14.8148148148, 0, 0, 14.8148148148, 0, 0, 0, 0, 0, 0, 0, 0, 0, 0, 0, 0, 0, 0, 0, 0, 0;Europe/Paris;22,5
2023-08-01T20:00:00Z;-1;9000003703;hourly;0,0000000000;0,0000000000;0,0000000000;0,0000000000;0,0000000000;0,0000000000;0,0000000000;0,0000000000;0,0000000000;0,0000000000;0,0000000000;0,0000000000;0,0000000000;1;0, 0, 0, 0, 0, 0, 0, 0;0, 0, 0, 0, 0, 0, 0, 0, 0, 0, 0, 0, 0, 0, 0, 0, 0, 0, 0, 0, 0, 0, 0, 0, 0;Europe/Paris;NA
2023-08-02T02:00:00Z;-1;9000003703;hourly;0,0000000000;0,0000000000;0,0000000000;0,0000000000;0,0000000000;0,0000000000;0,0000000000;0,0000000000;0,0000000000;0,0000000000;0,0000000000;0,0000000000;0,0000000000;1;0, 0, 0, 0, 0, 0, 0, 0;0, 0, 0, 0, 0, 0, 0, 0, 0, 0, 0, 0, 0, 0, 0, 0, 0, 0, 0, 0, 0, 0, 0, 0, 0;Europe/Paris;NA
2023-08-02T03:00:00Z;-1;9000003703;hourly;0,0000000000;0,0000000000;0,0000000000;0,0000000000;0,0000000000;0,0000000000;0,0000000000;0,0000000000;0,0000000000;0,0000000000;0,0000000000;0,0000000000;0,0000000000;1;0, 0, 0, 0, 0, 0, 0, 0;0, 0, 0, 0, 0, 0, 0, 0, 0, 0, 0, 0, 0, 0, 0, 0, 0, 0, 0, 0, 0, 0, 0, 0, 0;Europe/Paris;NA
2023-08-02T04:00:00Z;-1;9000003703;hourly;0,1000000000;0,0000000000;0,0000000000;0,0000000000;0,0000000000;0,0000000000;0,0000000000;0,0000000000;0,0000000000;0,0000000000;0,0000000000;0,0000000000;0,0000000000;1;0, 0, 0, 0, 0, 0, 0, 0;0, 0, 0, 0, 0, 0, 0, 0, 0, 0, 0, 0, 0, 0, 0, 0, 0, 0, 0, 0, 0, 0, 0, 0, 0;Europe/Paris;NA
2023-08-02T05:00:00Z;-1;9000003703;hourly;0,5336111111;4,3918956862;26,4989020587;0,0000000000;1,6728624535;0,0000000000;4,3918956862;17,2228199270;9,2760821317;0,0000000000;0,0000000000;1,6728624535;0,0000000000;1;18.431655903, 14.5454695183, 18.431655903, 42.2782686153, 0, 6.3129500604, 0, 0;18.431655903, 0, 0, 14.5454695183, 0, 18.431655903, 30.1595627728, 12.1187058425, 0, 0, 6.3129500604, 0, 0, 0, 0, 0, 0, 0, 0, 0, 0, 0, 0, 0, 0;Europe/Paris;34,0
2023-08-02T06:00:00Z;-1;9000003703;hourly;0,6194444444;3,3221641059;27,9660263612;3,4393021388;0,0000000000;3,3221641059;0,0000000000;18,4443855691;9,5216407921;1,7475728155;1,6917293233;0,0000000000;0,0000000000;1;24.7959709412, 5.1001434028, 16.9794288723, 22.0795722752, 18.7467407021, 6.2489135674, 6.0492302391, 0;24.7959709412, 0, 5.1001434028, 0, 6.0492302391, 10.9301986333, 5.1001434028, 16.9794288723, 6.2489135674, 12.4978271347, 6.2489135674, 0, 6.0492302391, 0, 0, 0, 0, 0, 0, 0, 0, 0, 0, 0, 0;Europe/Paris;46,5
2023-08-02T07:00:00Z;-1;9000003703;hourly;0,5897222222;10,4104503385;24,6972292358;11,6717778536;0,0000000000;5,2294003356;5,1810500029;16,5858324448;8,1113967909;11,6717778536;0,0000000000;0,0000000000;0,0000000000;1;20.0359113772, 7.0897538583, 40.6823428635, 12.8767967604, 12.8767967604, 6.4383983802, 0, 0;20.0359113772, 0, 0, 7.0897538583, 34.2439444834, 6.4383983802, 0, 12.8767967604, 6.4383983802, 6.4383983802, 0, 6.4383983802, 0, 0, 0, 0, 0, 0, 0, 0, 0, 0, 0, 0, 0;Europe/Paris;41,0
2023-08-02T08:00:00Z;-1;9000003703;hourly;0,5363888889;16,8308379592;29,1219930750;21,3509584883;0,0000000000;9,2470356202;7,5838023389;14,2779100828;14,8440829923;13,9749757065;7,3759827817;0,0000000000;0,0000000000;1;11.8635232997, 6.4518743623, 31.2461416769, 44.5066990113, 5.9317616498, 0, 0, 0;11.8635232997, 0, 0, 6.4518743623, 0, 31.2461416769, 37.6845183941, 6.8221806171, 5.9317616498, 0, 0, 0, 0, 0, 0, 0, 0, 0, 0, 0, 0, 0, 0, 0, 0;Europe/Paris;32,0
2023-08-02T09:00:00Z;-1;9000003703;hourly;0,5561111111;5,8124018838;25,8960090171;1,6100178891;1,7307692308;2,0408163265;3,7715855573;11,2776109486;14,6183980685;1,6100178891;0,0000000000;1,7307692308;0,0000000000;1;34.6755849067, 15.0912684691, 14.5643506488, 28.9852594134, 0, 6.683536562, 0, 0;34.6755849067, 0, 15.0912684691, 0, 0, 14.5643506488, 14.4209087646, 14.5643506488, 0, 0, 6.683536562, 0, 0, 0, 0, 0, 0, 0, 0, 0, 0, 0, 0, 0, 0;Europe/Paris;34,5
2023-08-02T10:00:00Z;-1;9000003703;hourly;0,5444444444;9,2361279263;58,0188467659;5,4339330655;1,6917293233;3,7982967319;5,4378311944;9,1800349366;48,8388118293;3,7422037422;1,6917293233;0,0000000000;1,6917293233;1;36.9483012504, 6.4566982626, 16.2283481988, 25.169191112, 12.2816339621, 0, 2.9158272141, 0;30.4983217165, 6.4499795339, 3.2249897669, 3.2317084956, 3.2249897669, 13.0033584319, 9.5591680188, 15.6100230931, 12.2816339621, 0, 0, 0, 2.9158272141, 0, 0, 0, 0, 0, 0, 0, 0, 0, 0, 0, 0;Europe/Paris;37,5
2023-08-02T11:00:00Z;-1;9000003703;hourly;0,5347222222;24,0749315247;48,3620030354;5,6250000000;3,7500000000;12,8043889396;11,2705425851;16,5131259115;31,8488771239;1,8750000000;3,7500000000;1,8750000000;1,8750000000;1;16.0066381343, 14.5958047359, 27.1174683149, 42.2800888149, 0, 0, 0, 0;11.8803297001, 4.1263084342, 10.9468535519, 3.648951184, 15.3012214351, 11.8162468798, 15.4439597115, 26.8361291034, 0, 0, 0, 0, 0, 0, 0, 0, 0, 0, 0, 0, 0, 0, 0, 0, 0;Europe/Paris;34,5
2023-08-02T12:00:00Z;-1;9000003703;hourly;0,5708333333;12,1416676018;30,0566492467;0,0000000000;1,6791044776;8,7834586466;3,3582089552;5,2791044776;24,7775447691;0,0000000000;0,0000000000;1,6791044776;0,0000000000;1;18.2857993169, 11.7350198619, 23.1923184241, 41.2003964413, 5.5864659558, 0, 0, 0;18.2857993169, 0, 6.1485539061, 5.5864659558, 17.2036269195, 5.9886915046, 17.6058524684, 23.5945439729, 5.5864659558, 0, 0, 0, 0, 0, 0, 0, 0, 0, 0, 0, 0, 0, 0, 0, 0;Europe/Paris;35,5
2023-08-02T13:00:00Z;-1;9000003703;hourly;0,5741666667;10,1095100552;19,2322410257;3,3379120879;1,6071428571;8,3308539287;1,7786561265;7,2204484704;12,0117925553;1,6071428571;1,7307692308;0,0000000000;1,6071428571;1;17.6048073602, 0, 44.6896070569, 37.7055855829, 0, 0, 0, 0;17.6048073602, 0, 0, 0, 8.3565033061, 36.3331037509, 28.7062743302, 8.9993112527, 0, 0, 0, 0, 0, 0, 0, 0, 0, 0, 0, 0, 0, 0, 0, 0, 0;Europe/Paris;31,5
2023-08-02T14:00:00Z;-1;9000003703;hourly;0,5233333333;17,1372732755;37,7544067268;11,6585742042;0,0000000000;5,5506574953;11,5866157802;7,4655511123;30,2888556145;4,1570438799;7,5015303243;0,0000000000;0,0000000000;1;20.3026859956, 4.7486607278, 39.7533589559, 25.1466447697, 10.048649551, 0, 0, 0;20.3026859956, 0, 4.7486607278, 0, 15.2307121969, 24.522646759, 15.3260102433, 9.8206345265, 10.048649551, 0, 0, 0, 0, 0, 0, 0, 0, 0, 0, 0, 0, 0, 0, 0, 0;Europe/Paris;35,0
2023-08-02T15:00:00Z;-1;9000003703;hourly;0,5594444444;6,9980469952;59,1880925128;19,6737816036;5,3063176719;3,3834586466;3,6145883486;21,7368808682;37,4512116446;11,2403846784;8,4333969251;0,0000000000;5,3063176719;1;9.8101685092, 6.3225618251, 31.9612737395, 46.2108743945, 2.8368957443, 2.8582257875, 0, 0;9.8101685092, 0, 3.1612809125, 3.1612809125, 14.8972391875, 17.064034552, 24.4704677424, 21.740406652, 2.8368957443, 0, 2.8582257875, 0, 0, 0, 0, 0, 0, 0, 0, 0, 0, 0, 0, 0, 0;Europe/Paris;35,5
2023-08-02T16:00:00Z;-1;9000003703;hourly;0,5930555556;13,2090967822;43,6549748410;5,1052404197;0,0000000000;6,6277439485;6,5813528336;11,6865932534;31,9683815876;0,0000000000;5,1052404197;0,0000000000;0,0000000000;1;4.0503353729, 7.5379184819, 19.6889246006, 45.721422319, 18.9510638526, 4.0503353729, 0, 0;4.0503353729, 0, 7.5379184819, 0, 7.5379184819, 12.1510061187, 18.9510638526, 26.7703584665, 15.1821046116, 3.768959241, 0, 4.0503353729, 0, 0, 0, 0, 0, 0, 0, 0, 0, 0, 0, 0, 0;Europe/Paris;40,0
2023-08-02T17:00:00Z;-1;9000003703;hourly;0,5758333333;3,5093710829;37,7638155273;5,1073892836;3,4829278151;0,0000000000;3,5093710829;8,5229490559;29,2408664714;5,1073892836;0,0000000000;1,7077798861;1,7751479290;1;12.7687487878, 4.5222651957, 37.0317395124, 31.4630116483, 9.0445303913, 5.1697044645, 0, 0;12.7687487878, 0, 0, 4.5222651957, 8.6455069917, 28.3862325207, 14.5710210645, 16.8919905838, 9.0445303913, 0, 0, 5.1697044645, 0, 0, 0, 0, 0, 0, 0, 0, 0, 0, 0, 0, 0;Europe/Paris;37,5
2023-08-02T18:00:00Z;-1;9000003703;hourly;0,5711111111;3,3950814436;15,6016494266;3,4548944338;1,7274472169;3,3950814436;0,0000000000;10,3545193229;5,2471301037;0,0000000000;3,4548944338;1,7274472169;0,0000000000;1;21.7610417386, 0, 21.7610417386, 32.833250642, 23.6446658809, 0, 0, 0;21.7610417386, 0, 0, 0, 11.4230115617, 10.3380301768, 22.4952204651, 10.3380301768, 11.4230115617, 12.2216543192, 0, 0, 0, 0, 0, 0, 0, 0, 0, 0, 0, 0, 0, 0, 0;Europe/Paris;41,5
2023-08-02T19:00:00Z;-1;9000003703;hourly;0,3894444444;0,0000000000;9,5381623724;0,0000000000;0,0000000000;0,0000000000;0,0000000000;0,0000000000;9,5381623724;0,0000000000;0,0000000000;0,0000000000;0,0000000000;1;0, 24.6687054027, 24.6687054027, 50.6625891947, 0, 0, 0, 0;0, 0, 0, 24.6687054027, 0, 24.6687054027, 24.6687054027, 25.993883792, 0, 0, 0, 0, 0, 0, 0, 0, 0, 0, 0, 0, 0, 0, 0, 0, 0;Europe/Paris;34,5
2023-08-02T20:00:00Z;-1;9000003703;hourly;0,0000000000;0,0000000000;0,0000000000;0,0000000000;0,0000000000;0,0000000000;0,0000000000;0,0000000000;0,0000000000;0,0000000000;0,0000000000;0,0000000000;0,0000000000;1;0, 0, 0, 0, 0, 0, 0, 0;0, 0, 0, 0, 0, 0, 0, 0, 0, 0, 0, 0, 0, 0, 0, 0, 0, 0, 0, 0, 0, 0, 0, 0, 0;Europe/Paris;NA
2023-08-03T02:00:00Z;-1;9000003703;hourly;0,0000000000;0,0000000000;0,0000000000;0,0000000000;0,0000000000;0,0000000000;0,0000000000;0,0000000000;0,0000000000;0,0000000000;0,0000000000;0,0000000000;0,0000000000;1;0, 0, 0, 0, 0, 0, 0, 0;0, 0, 0, 0, 0, 0, 0, 0, 0, 0, 0, 0, 0, 0, 0, 0, 0, 0, 0, 0, 0, 0, 0, 0, 0;Europe/Paris;NA
2023-08-03T03:00:00Z;-1;9000003703;hourly;0,0000000000;0,0000000000;0,0000000000;0,0000000000;0,0000000000;0,0000000000;0,0000000000;0,0000000000;0,0000000000;0,0000000000;0,0000000000;0,0000000000;0,0000000000;1;0, 0, 0, 0, 0, 0, 0, 0;0, 0, 0, 0, 0, 0, 0, 0, 0, 0, 0, 0, 0, 0, 0, 0, 0, 0, 0, 0, 0, 0, 0, 0, 0;Europe/Paris;NA
2023-08-03T04:00:00Z;-1;9000003703;hourly;0,0377777778;0,0000000000;0,0000000000;0,0000000000;0,0000000000;0,0000000000;0,0000000000;0,0000000000;0,0000000000;0,0000000000;0,0000000000;0,0000000000;0,0000000000;1;0, 0, 0, 0, 0, 0, 0, 0;0, 0, 0, 0, 0, 0, 0, 0, 0, 0, 0, 0, 0, 0, 0, 0, 0, 0, 0, 0, 0, 0, 0, 0, 0;Europe/Paris;NA
2023-08-03T05:00:00Z;-1;9000003703;hourly;0,5102777778;0,0000000000;14,3470485069;0,0000000000;0,0000000000;0,0000000000;0,0000000000;10,1331324145;4,2139160924;0,0000000000;0,0000000000;0,0000000000;0,0000000000;1;11.6599762852, 0, 11.6599762852, 64.6856549986, 0, 0, 0, 11.994392431;11.6599762852, 0, 0, 0, 0, 11.6599762852, 23.6543687162, 41.0312862825, 0, 0, 0, 0, 0, 0, 0, 0, 0, 0, 0, 0, 0, 0, 0, 11.994392431, 0;Europe/Paris;37,0
2023-08-03T06:00:00Z;-1;9000003703;hourly;0,6705555556;2,9043733325;26,9713184252;3,0768378838;2,8037383178;2,9043733325;0,0000000000;21,2040369728;5,7672814524;1,6157989228;1,4610389610;2,8037383178;0,0000000000;1;0, 0, 16.978562135, 66.8360507633, 16.1853871017, 0, 0, 0;0, 0, 0, 0, 5.9908043698, 10.9877577653, 22.7030482794, 44.1330024839, 5.4170097954, 10.7683773063, 0, 0, 0, 0, 0, 0, 0, 0, 0, 0, 0, 0, 0, 0, 0;Europe/Paris;38,5
2023-08-03T07:00:00Z;-1;9000003703;hourly;0,5922222222;0,0000000000;23,7607244884;0,0000000000;0,0000000000;0,0000000000;0,0000000000;15,0567046193;8,7040198690;0,0000000000;0,0000000000;0,0000000000;0,0000000000;1;0, 0, 21.4577975198, 43.3529061723, 28.1619061564, 7.0273901515, 0, 0;0, 0, 0, 0, 6.6685973444, 14.7892001753, 21.483970295, 21.8689358773, 21.1345160049, 7.0273901515, 0, 7.0273901515, 0, 0, 0, 0, 0, 0, 0, 0, 0, 0, 0, 0, 0;Europe/Paris;42,5
2023-08-03T08:00:00Z;-1;9000003703;hourly;0,6286111111;0,0000000000;20,6484697953;0,0000000000;1,5050167224;0,0000000000;0,0000000000;7,8862808375;12,7621889578;0,0000000000;0,0000000000;1,5050167224;0,0000000000;1;0, 0, 31.8004911266, 45.6942555605, 22.5052533129, 0, 0, 0;0, 0, 0, 0, 15.9002455633, 15.9002455633, 0, 45.6942555605, 15.0032283607, 7.5020249521, 0, 0, 0, 0, 0, 0, 0, 0, 0, 0, 0, 0, 0, 0, 0;Europe/Paris;40,0
2023-08-03T09:00:00Z;-1;9000003703;hourly;0,6425000000;1,4539579968;29,2253830447;4,9281374439;0,0000000000;0,0000000000;1,4539579968;10,6217452911;18,6036377536;3,2521597902;1,6759776536;0,0000000000;0,0000000000;1;0, 0, 21.2199374628, 51.6874095308, 21.8375082745, 0, 0, 5.255144732;0, 0, 0, 0, 0, 21.2199374628, 15.6846315416, 36.0027779892, 16.8625247318, 4.9749835427, 0, 0, 0, 0, 5.255144732, 0, 0, 0, 0, 0, 0, 0, 0, 0, 0;Europe/Paris;41,0
2023-08-03T10:00:00Z;-1;9000003703;hourly;0,6644444444;1,5437392796;31,4775859917;3,0901310322;3,0315402674;0,0000000000;1,5437392796;9,0149170783;22,4626689135;0,0000000000;3,0901310322;1,4851485149;1,5463917526;1;0, 0, 37.9782804963, 33.3741302203, 24.0434390074, 4.604150276, 0, 0;0, 0, 0, 0, 14.5350394666, 23.4432410297, 24.0518655525, 9.3222646678, 14.2349404777, 9.8084985297, 4.604150276, 0, 0, 0, 0, 0, 0, 0, 0, 0, 0, 0, 0, 0, 0;Europe/Paris;42,5
2023-08-03T11:00:00Z;-1;9000003703;hourly;0,6552777778;3,1000841143;21,3941030409;7,6125152048;1,6100178891;3,1000841143;0,0000000000;9,1819870741;12,2121159668;0,0000000000;7,6125152048;0,0000000000;1,6100178891;1;7.1543651163, 14.6798869201, 14.4903673144, 56.7563564907, 6.9190241585, 0, 0, 0;7.1543651163, 0, 7.5255218039, 7.1543651163, 7.5255218039, 6.9648455105, 35.5286020997, 21.227754391, 0, 6.9190241585, 0, 0, 0, 0, 0, 0, 0, 0, 0, 0, 0, 0, 0, 0, 0;Europe/Paris;35,5
2023-08-03T12:00:00Z;-1;9000003703;hourly;0,6583333333;0,0000000000;31,8510414172;5,9653855461;0,0000000000;0,0000000000;0,0000000000;13,7661508502;18,0848905670;2,9220779221;3,0433076241;0,0000000000;0,0000000000;1;0, 5.0011562671, 14.1419130574, 56.0630866068, 19.6749069475, 5.1189371212, 0, 0;0, 0, 0, 5.0011562671, 0, 14.1419130574, 36.5059605134, 19.5571260934, 5.1189371212, 14.5559698262, 0, 5.1189371212, 0, 0, 0, 0, 0, 0, 0, 0, 0, 0, 0, 0, 0;Europe/Paris;44,0
2023-08-03T13:00:00Z;-1;9000003703;hourly;0,6161111111;0,0000000000;49,1956363516;4,2519685039;0,0000000000;0,0000000000;0,0000000000;28,4601742467;20,7354621049;2,8346456693;1,4173228346;0,0000000000;0,0000000000;1;0, 0, 29.4090828288, 49.9206739812, 20.67024319, 0, 0, 0;0, 0, 0, 0, 3.4387792267, 25.9703036021, 19.3881729173, 30.5325010639, 13.3307591688, 7.3394840212, 0, 0, 0, 0, 0, 0, 0, 0, 0, 0, 0, 0, 0, 0, 0;Europe/Paris;39,5
2023-08-03T14:00:00Z;-1;9000003703;hourly;0,6086111111;3,2552389922;42,5634848563;1,5597920277;3,4139893097;1,6129032258;1,6423357664;22,7208874278;19,8425974285;0,0000000000;1,5597920277;1,6423357664;1,7716535433;1;0, 3.7894059456, 19.4583022413, 34.8084865302, 41.9438052829, 0, 0, 0;0, 0, 0, 3.7894059456, 7.6479616348, 11.8103406065, 15.3501842888, 19.4583022413, 22.3064608906, 19.6373443923, 0, 0, 0, 0, 0, 0, 0, 0, 0, 0, 0, 0, 0, 0, 0;Europe/Paris;43,5
2023-08-03T15:00:00Z;-1;9000003703;hourly;0,6622222222;4,3959519476;59,9266417473;1,4925373134;2,9034146341;2,9325373134;1,4634146341;14,5753185293;45,3513232180;0,0000000000;1,4925373134;1,4400000000;1,4634146341;1;0, 0, 21.7827299444, 53.4831640166, 22.3311681169, 2.4029379221, 0, 0;0, 0, 0, 0, 4.8449480056, 16.9377819389, 28.0419313017, 25.4412327149, 17.4862201113, 4.8449480056, 0, 2.4029379221, 0, 0, 0, 0, 0, 0, 0, 0, 0, 0, 0, 0, 0;Europe/Paris;40,5
2023-08-03T16:00:00Z;-1;9000003703;hourly;0,6294444444;3,2197429057;62,8604941313;8,2494835801;7,9092843297;0,0000000000;3,2197429057;17,6522636476;45,2082304837;3,3898425309;4,8596410492;1,5280135823;6,3812707473;1;0, 2.7013997122, 23.22004732, 54.8376753236, 16.810076545, 2.4308010993, 0, 0;0, 0, 2.7013997122, 0, 12.9658013351, 10.2542459849, 29.4025136922, 25.4351616314, 16.810076545, 0, 0, 2.4308010993, 0, 0, 0, 0, 0, 0, 0, 0, 0, 0, 0, 0, 0;Europe/Paris;39,0
2023-08-03T17:00:00Z;-1;9000003703;hourly;0,5711111111;0,0000000000;46,9496832908;6,9380715546;0,0000000000;0,0000000000;0,0000000000;19,2581331329;27,6915501579;0,0000000000;6,9380715546;0,0000000000;0,0000000000;1;7.0736008798, 0, 10.6385153806, 32.7834670106, 45.3371431672, 4.1672735618, 0, 0;7.0736008798, 0, 0, 0, 3.2712386321, 7.3672767484, 21.8793898222, 10.9040771884, 34.1675041711, 11.1696389961, 4.1672735618, 0, 0, 0, 0, 0, 0, 0, 0, 0, 0, 0, 0, 0, 0;Europe/Paris;42,5
2023-08-03T18:00:00Z;-1;9000003703;hourly;0,6316666667;0,0000000000;10,6079781310;3,2846715328;0,0000000000;0,0000000000;0,0000000000;1,5490533563;9,0589247747;0,0000000000;3,2846715328;0,0000000000;0,0000000000;1;14.6027201145, 0, 0, 71.5342400382, 13.8630398473, 0, 0, 0;14.6027201145, 0, 0, 0, 0, 0, 43.0684800764, 28.4657599618, 0, 13.8630398473, 0, 0, 0, 0, 0, 0, 0, 0, 0, 0, 0, 0, 0, 0, 0;Europe/Paris;37,5
2023-08-03T19:00:00Z;-1;9000003703;hourly;0,6000000000;0,0000000000;17,4316438211;6,6997518610;0,0000000000;0,0000000000;0,0000000000;8,3320799177;9,0995639035;0,0000000000;6,6997518610;0,0000000000;0,0000000000;1;0, 0, 47.8262498016, 30.9259614434, 12.8114745991, 0, 0, 8.4363141559;0, 0, 0, 0, 9.6505126419, 38.1757371597, 9.6505126419, 21.2754488014, 0, 12.8114745991, 0, 0, 0, 0, 0, 0, 0, 0, 0, 0, 0, 0, 8.4363141559, 0, 0;Europe/Paris;45,0
2023-08-03T20:00:00Z;-1;9000003703;hourly;0,0000000000;0,0000000000;0,0000000000;0,0000000000;0,0000000000;0,0000000000;0,0000000000;0,0000000000;0,0000000000;0,0000000000;0,0000000000;0,0000000000;0,0000000000;1;0, 0, 0, 0, 0, 0, 0, 0;0, 0, 0, 0, 0, 0, 0, 0, 0, 0, 0, 0, 0, 0, 0, 0, 0, 0, 0, 0, 0, 0, 0, 0, 0;Europe/Paris;NA
2023-08-04T02:00:00Z;-1;9000003703;hourly;0,0000000000;0,0000000000;0,0000000000;0,0000000000;0,0000000000;0,0000000000;0,0000000000;0,0000000000;0,0000000000;0,0000000000;0,0000000000;0,0000000000;0,0000000000;1;0, 0, 0, 0, 0, 0, 0, 0;0, 0, 0, 0, 0, 0, 0, 0, 0, 0, 0, 0, 0, 0, 0, 0, 0, 0, 0, 0, 0, 0, 0, 0, 0;Europe/Paris;NA
2023-08-04T03:00:00Z;-1;9000003703;hourly;0,0000000000;0,0000000000;0,0000000000;0,0000000000;0,0000000000;0,0000000000;0,0000000000;0,0000000000;0,0000000000;0,0000000000;0,0000000000;0,0000000000;0,0000000000;1;0, 0, 0, 0, 0, 0, 0, 0;0, 0, 0, 0, 0, 0, 0, 0, 0, 0, 0, 0, 0, 0, 0, 0, 0, 0, 0, 0, 0, 0, 0, 0, 0;Europe/Paris;NA
2023-08-04T04:00:00Z;-1;9000003703;hourly;0,2183333333;0,0000000000;6,9498069498;0,0000000000;0,0000000000;0,0000000000;0,0000000000;3,4749034749;3,4749034749;0,0000000000;0,0000000000;0,0000000000;0,0000000000;1;0, 0, 0, 100, 0, 0, 0, 0;0, 0, 0, 0, 0, 0, 50, 50, 0, 0, 0, 0, 0, 0, 0, 0, 0, 0, 0, 0, 0, 0, 0, 0, 0;Europe/Paris;36,0
2023-08-04T05:00:00Z;-1;9000003703;hourly;0,6125000000;0,0000000000;15,6372785167;1,5845070423;1,4681892333;0,0000000000;0,0000000000;6,7165999072;8,9206786095;1,5845070423;0,0000000000;1,4681892333;0,0000000000;1;0, 0, 19.5219153529, 37.5255983814, 42.9524862657, 0, 0, 0;0, 0, 0, 0, 19.5219153529, 0, 28.1670988665, 9.358499515, 33.5939867507, 9.358499515, 0, 0, 0, 0, 0, 0, 0, 0, 0, 0, 0, 0, 0, 0, 0;Europe/Paris;41,5
2023-08-04T06:00:00Z;-1;9000003703;hourly;0,6708333333;5,9913602127;16,4770661745;1,4218009479;0,0000000000;1,4754098361;4,5159503766;11,9832708185;4,4937953561;1,4218009479;0,0000000000;0,0000000000;0,0000000000;1;0, 0, 9.226583508, 36.3087196186, 36.8814041122, 17.5832927612, 0, 0;0, 0, 0, 0, 9.226583508, 0, 17.8555526025, 18.4531670161, 18.8349566785, 18.0464474337, 8.9543236668, 8.6289690944, 0, 0, 0, 0, 0, 0, 0, 0, 0, 0, 0, 0, 0;Europe/Paris;49,0
2023-08-04T07:00:00Z;-1;9000003703;hourly;0,6125000000;0,0000000000;32,8547845623;5,1160524451;0,0000000000;0,0000000000;0,0000000000;16,3448239625;16,5099605998;1,6544117647;3,4616406804;0,0000000000;0,0000000000;1;0, 0, 20.8766415439, 50, 29.1233584561, 0, 0, 0;0, 0, 0, 0, 10.3404571602, 10.5361843837, 30.0355276613, 19.9644723387, 19.4993432776, 9.6240151785, 0, 0, 0, 0, 0, 0, 0, 0, 0, 0, 0, 0, 0, 0, 0;Europe/Paris;41,0
2023-08-04T08:00:00Z;-1;9000003703;hourly;0,5605555556;0,0000000000;22,8025371627;2,1428571429;4,2857142857;0,0000000000;0,0000000000;7,6573867698;15,1451503928;2,1428571429;0,0000000000;2,1428571429;2,1428571429;1;0, 7.6490876172, 7.6490876172, 45.9195644718, 23.6720588572, 15.1102014366, 0, 0;0, 0, 0, 7.6490876172, 7.6490876172, 0, 7.4611138194, 38.4584506524, 9.3974505011, 14.2746083561, 15.1102014366, 0, 0, 0, 0, 0, 0, 0, 0, 0, 0, 0, 0, 0, 0;Europe/Paris;47,5
2023-08-04T09:00:00Z;-1;9000003703;hourly;0,5594444444;1,6635859519;28,1139813316;0,0000000000;3,7344398340;1,6635859519;0,0000000000;12,3924176069;15,7215637248;0,0000000000;0,0000000000;0,0000000000;3,7344398340;1;0, 0, 0, 81.038594975, 12.5588966831, 6.4025083419, 0, 0;0, 0, 0, 0, 0, 0, 43.1157849249, 37.9228100501, 0, 12.5588966831, 6.4025083419, 0, 0, 0, 0, 0, 0, 0, 0, 0, 0, 0, 0, 0, 0;Europe/Paris;44,0
2023-08-04T10:00:00Z;-1;9000003703;hourly;0,5669444444;1,6822429907;46,2932289131;8,9549821378;10,6372251285;1,6822429907;0,0000000000;10,7820495626;35,5111793506;1,6822429907;7,2727391472;1,6822429907;8,9549821378;1;7.709627363, 3.6338856246, 3.5803477149, 30.2141008198, 39.5717983604, 11.7098924024, 3.5803477149, 0;7.709627363, 0, 0, 3.6338856246, 0, 3.5803477149, 7.2677712493, 22.9463295705, 27.9373826569, 11.6344157036, 7.709627363, 4.0002650395, 3.5803477149, 0, 0, 0, 0, 0, 0, 0, 0, 0, 0, 0, 0;Europe/Paris;47,5
2023-08-04T11:00:00Z;-1;9000003703;hourly;0,5772222222;3,4155597723;36,7683993635;1,6513761468;3,5790380792;0,0000000000;3,4155597723;19,2839921932;17,4844071703;0,0000000000;1,6513761468;1,7681728880;1,8108651911;1;0, 4.9250585353, 4.8089471356, 61.778107803, 14.1091861833, 9.4536418075, 4.9250585353, 0;0, 0, 4.9250585353, 0, 4.8089471356, 0, 14.6590642063, 47.1190435967, 14.1091861833, 0, 9.4536418075, 0, 0, 4.9250585353, 0, 0, 0, 0, 0, 0, 0, 0, 0, 0, 0;Europe/Paris;42,5
2023-08-04T12:00:00Z;-1;9000003703;hourly;0,5872222222;6,8338731408;48,3511292911;3,5088252617;3,5088252617;3,5262289420;3,3076441988;18,8831054669;29,4680238243;0,0000000000;3,5088252617;3,5088252617;0,0000000000;1;0, 6.8768773921, 32.1978274283, 32.6216130061, 28.3036821735, 0, 0, 0;0, 0, 6.8768773921, 0, 0, 32.1978274283, 25.3929387593, 7.2286742467, 21.9071748933, 6.3965072802, 0, 0, 0, 0, 0, 0, 0, 0, 0, 0, 0, 0, 0, 0, 0;Europe/Paris;40,5
2023-08-04T13:00:00Z;-1;9000003703;hourly;0,5916666667;1,4610389610;56,0871919698;3,7180569411;0,0000000000;0,0000000000;1,4610389610;21,7621179222;34,3250740476;1,8072289157;1,9108280255;0,0000000000;0,0000000000;1;0, 6.6290659428, 20.0719086441, 44.3497564353, 23.7393844757, 5.2098845021, 0, 0;0, 0, 3.2221775635, 3.4068883793, 10.2206651378, 9.8512435063, 32.9733926695, 11.3763637658, 20.7950827754, 2.9443017003, 2.604942251, 2.604942251, 0, 0, 0, 0, 0, 0, 0, 0, 0, 0, 0, 0, 0;Europe/Paris;41,0
2023-08-04T14:00:00Z;-1;9000003703;hourly;0,6186111111;0,0000000000;53,3398854616;1,5957446809;0,0000000000;0,0000000000;0,0000000000;14,8161735656;38,5237118960;0,0000000000;1,5957446809;0,0000000000;0,0000000000;1;5.8586552501, 2.8744339217, 9.2406730905, 45.7506752371, 33.4011285789, 2.8744339217, 0, 0;2.9293276251, 2.9293276251, 0, 2.8744339217, 3.3745854241, 5.8660876664, 15.0993283406, 30.6513468965, 27.1521092331, 6.2490193458, 2.8744339217, 0, 0, 0, 0, 0, 0, 0, 0, 0, 0, 0, 0, 0, 0;Europe/Paris;41,5
2023-08-04T15:00:00Z;-1;9000003703;hourly;0,5769444444;1,7374517375;59,1910369278;6,9617787564;3,4323669917;0,0000000000;1,7374517375;17,3439526979;41,8470842299;5,2243270189;1,7374517375;0,0000000000;3,4323669917;1;5.87065822, 2.93532911, 32.3088459185, 41.135058957, 17.7501077946, 0, 0, 0;5.87065822, 0, 0, 2.93532911, 5.87065822, 26.4381876985, 8.7341242821, 32.4009346749, 11.8334051964, 5.9167025982, 0, 0, 0, 0, 0, 0, 0, 0, 0, 0, 0, 0, 0, 0, 0;Europe/Paris;38,5
2023-08-04T16:00:00Z;-1;9000003703;hourly;0,6441666667;3,2093821510;63,5507429565;12,2482659587;4,7883295195;1,6304347826;1,5789473684;21,7192111848;41,8315317716;7,6391948497;4,6090711090;3,2093821510;1,5789473684;1;2.5655636846, 2.4845458841, 16.7701367477, 50.2386544053, 20.3439499504, 7.5971493278, 0, 0;2.5655636846, 0, 0, 2.4845458841, 4.6870204625, 12.0831162852, 29.0635685008, 21.1750859045, 15.2128225812, 5.1311273693, 5.1126034438, 2.4845458841, 0, 0, 0, 0, 0, 0, 0, 0, 0, 0, 0, 0, 0;Europe/Paris;42,0
2023-08-04T17:00:00Z;-1;9000003703;hourly;0,6086111111;0,0000000000;50,7715129799;1,4040561622;5,8308735227;0,0000000000;0,0000000000;13,2734629144;37,4980500656;0,0000000000;1,4040561622;5,8308735227;0,0000000000;1;0, 0, 22.4135718932, 45.9550094669, 28.3242403049, 0, 0, 3.307178335;0, 0, 0, 0, 0, 22.4135718932, 12.7528603421, 33.2021491248, 15.7562276952, 12.5680126097, 0, 0, 0, 0, 0, 3.307178335, 0, 0, 0, 0, 0, 0, 0, 0, 0;Europe/Paris;43,0
2023-08-04T18:00:00Z;-1;9000003703;hourly;0,6202777778;0,0000000000;43,5056449393;1,5929203540;1,5929203540;0,0000000000;0,0000000000;19,2982118629;24,2074330764;0,0000000000;1,5929203540;0,0000000000;1,5929203540;1;0, 0, 3.6292930966, 44.6037074005, 29.4857372291, 14.8722119285, 7.4090503453, 0;0, 0, 0, 0, 0, 3.6292930966, 25.9105553704, 18.6931520301, 14.7859830525, 14.6997541765, 7.3769327073, 7.4952792213, 3.7476396106, 3.6614107346, 0, 0, 0, 0, 0, 0, 0, 0, 0, 0, 0;Europe/Paris;52,5
2023-08-04T19:00:00Z;-1;9000003703;hourly;0,4013888889;0,0000000000;11,2019524100;0,0000000000;0,0000000000;0,0000000000;0,0000000000;1,6363636364;9,5655887736;0,0000000000;0,0000000000;0,0000000000;0,0000000000;1;0, 0, 14.6078431373, 42.6960784314, 42.6960784314, 0, 0, 0;0, 0, 0, 0, 0, 14.6078431373, 14.6078431373, 28.0882352941, 13.4803921569, 29.2156862745, 0, 0, 0, 0, 0, 0, 0, 0, 0, 0, 0, 0, 0, 0, 0;Europe/Paris;45,0
2023-08-04T20:00:00Z;-1;9000003703;hourly;0,0000000000;0,0000000000;0,0000000000;0,0000000000;0,0000000000;0,0000000000;0,0000000000;0,0000000000;0,0000000000;0,0000000000;0,0000000000;0,0000000000;0,0000000000;1;0, 0, 0, 0, 0, 0, 0, 0;0, 0, 0, 0, 0, 0, 0, 0, 0, 0, 0, 0, 0, 0, 0, 0, 0, 0, 0, 0, 0, 0, 0, 0, 0;Europe/Paris;NA
2023-08-05T02:00:00Z;-1;9000003703;hourly;0,0000000000;0,0000000000;0,0000000000;0,0000000000;0,0000000000;0,0000000000;0,0000000000;0,0000000000;0,0000000000;0,0000000000;0,0000000000;0,0000000000;0,0000000000;1;0, 0, 0, 0, 0, 0, 0, 0;0, 0, 0, 0, 0, 0, 0, 0, 0, 0, 0, 0, 0, 0, 0, 0, 0, 0, 0, 0, 0, 0, 0, 0, 0;Europe/Paris;NA
2023-08-05T03:00:00Z;-1;9000003703;hourly;0,0000000000;0,0000000000;0,0000000000;0,0000000000;0,0000000000;0,0000000000;0,0000000000;0,0000000000;0,0000000000;0,0000000000;0,0000000000;0,0000000000;0,0000000000;1;0, 0, 0, 0, 0, 0, 0, 0;0, 0, 0, 0, 0, 0, 0, 0, 0, 0, 0, 0, 0, 0, 0, 0, 0, 0, 0, 0, 0, 0, 0, 0, 0;Europe/Paris;NA
2023-08-05T04:00:00Z;-1;9000003703;hourly;0,1177777778;0,0000000000;0,0000000000;0,0000000000;0,0000000000;0,0000000000;0,0000000000;0,0000000000;0,0000000000;0,0000000000;0,0000000000;0,0000000000;0,0000000000;1;0, 0, 0, 0, 0, 0, 0, 0;0, 0, 0, 0, 0, 0, 0, 0, 0, 0, 0, 0, 0, 0, 0, 0, 0, 0, 0, 0, 0, 0, 0, 0, 0;Europe/Paris;NA
2023-08-05T05:00:00Z;-1;9000003703;hourly;0,4961111111;0,0000000000;9,5924268396;0,0000000000;1,5625000000;0,0000000000;0,0000000000;6,1150332226;3,4773936170;0,0000000000;0,0000000000;1,5625000000;0,0000000000;1;0, 0, 0, 52.5403393874, 47.4596606126, 0, 0, 0;0, 0, 0, 0, 0, 0, 32.5777829975, 19.9625563899, 16.2888914987, 31.1707691139, 0, 0, 0, 0, 0, 0, 0, 0, 0, 0, 0, 0, 0, 0, 0;Europe/Paris;45,0
2023-08-05T06:00:00Z;-1;9000003703;hourly;0,6700000000;0,0000000000;16,3735237380;1,5358361775;0,0000000000;0,0000000000;0,0000000000;5,9049751374;10,4685486006;0,0000000000;1,5358361775;0,0000000000;0,0000000000;1;0, 0, 18.3614990937, 72.2585030387, 9.3799978676, 0, 0, 0;0, 0, 0, 0, 9.3799978676, 8.9815012261, 35.5355048513, 36.7229981874, 0, 9.3799978676, 0, 0, 0, 0, 0, 0, 0, 0, 0, 0, 0, 0, 0, 0, 0;Europe/Paris;36,5
2023-08-05T07:00:00Z;-1;9000003703;hourly;0,6352777778;0,0000000000;28,2262009281;3,0001333393;0,0000000000;0,0000000000;0,0000000000;15,4042865274;12,8219144007;0,0000000000;3,0001333393;0,0000000000;0,0000000000;1;0, 0, 27.895896674, 40.1465581726, 26.6076678606, 5.3498772929, 0, 0;0, 0, 0, 0, 6.6985858541, 21.1973108199, 17.3983404399, 22.7482177327, 10.6997545857, 15.9079132748, 0, 5.3498772929, 0, 0, 0, 0, 0, 0, 0, 0, 0, 0, 0, 0, 0;Europe/Paris;44,5
2023-08-05T08:00:00Z;-1;9000003703;hourly;0,6180555556;3,1528381065;37,7987797127;0,0000000000;1,5957446809;1,5570934256;1,5957446809;16,2071783700;21,5916013427;0,0000000000;0,0000000000;0,0000000000;1,5957446809;1;4.2216830622, 4.7811832271, 8.8513186922, 39.5713927554, 29.5543835099, 8.2388555262, 0, 4.7811832271;4.2216830622, 0, 4.7811832271, 0, 4.0701354651, 4.7811832271, 22.2274156408, 17.3439771146, 21.2625649826, 8.2918185273, 8.2388555262, 0, 0, 0, 0, 0, 0, 0, 4.7811832271, 0, 0, 0, 0, 0, 0;Europe/Paris;46,5
2023-08-05T09:00:00Z;-1;9000003703;hourly;0,5947222222;5,2376189026;41,4184941444;3,5167776024;0,0000000000;1,8218623482;3,4157565544;23,9615532263;17,4569409181;1,8218623482;1,6949152542;0,0000000000;0,0000000000;1;8.4908388754, 4.3986687247, 24.0038211667, 41.845037321, 17.1068684246, 4.1547654876, 0, 0;4.0921701507, 4.3986687247, 4.3986687247, 0, 8.4908388754, 15.5129822913, 16.3099253579, 25.5351119631, 12.952102937, 4.1547654876, 4.1547654876, 0, 0, 0, 0, 0, 0, 0, 0, 0, 0, 0, 0, 0, 0;Europe/Paris;40,0
2023-08-05T10:00:00Z;-1;9000003703;hourly;0,6247222222;0,0000000000;54,8710155781;4,8065960912;3,7500000000;0,0000000000;0,0000000000;18,5384065462;36,3326090319;1,8750000000;2,9315960912;3,7500000000;0,0000000000;1;0, 2.6497741685, 5.2995483369, 46.4361205438, 38.7803477412, 6.8342092095, 0, 0;0, 0, 2.6497741685, 0, 2.6497741685, 2.6497741685, 6.0668787732, 40.3692417706, 33.4376434732, 5.342704268, 6.8342092095, 0, 0, 0, 0, 0, 0, 0, 0, 0, 0, 0, 0, 0, 0;Europe/Paris;42,0
2023-08-05T11:00:00Z;-1;9000003703;hourly;0,5938888889;0,0000000000;31,2852431250;5,1735178798;1,7964071856;0,0000000000;0,0000000000;10,0152743262;21,2699687989;3,3771106942;1,7964071856;0,0000000000;1,7964071856;1;10.0585861976, 0, 5.407435437, 21.2313088454, 46.7457713954, 16.5568981246, 0, 0;5.0292930988, 5.0292930988, 0, 0, 5.407435437, 0, 10.8047255918, 10.4265832536, 20.4851694512, 26.2606019442, 11.1494626876, 5.407435437, 0, 0, 0, 0, 0, 0, 0, 0, 0, 0, 0, 0, 0;Europe/Paris;48,0
2023-08-05T12:00:00Z;-1;9000003703;hourly;0,4958333333;2,2222222222;25,8354003071;7,9791518597;8,1519503888;0,0000000000;2,2222222222;13,9045422588;11,9308580483;6,0601753139;1,9189765458;4,1959064327;3,9560439560;1;31.3248676638, 7.427702002, 29.9225626704, 16.2577089974, 15.0671586664, 0, 0, 0;22.7234053454, 8.6014623184, 0, 7.427702002, 7.427702002, 22.4948606684, 16.2577089974, 0, 7.427702002, 7.6394566644, 0, 0, 0, 0, 0, 0, 0, 0, 0, 0, 0, 0, 0, 0, 0;Europe/Paris;32,5
2023-08-05T13:00:00Z;-1;9000003703;hourly;0,4811111111;0,0000000000;16,3941487603;18,6357788003;0,0000000000;0,0000000000;0,0000000000;6,1722634232;10,2218853371;14,5633806103;4,0723981900;0,0000000000;0,0000000000;1;12.4202794838, 0, 24.7016296669, 24.7016296669, 25.2289056827, 12.9475554996, 0, 0;12.4202794838, 0, 0, 0, 12.2813501831, 12.4202794838, 24.7016296669, 0, 12.9475554996, 12.2813501831, 0, 12.9475554996, 0, 0, 0, 0, 0, 0, 0, 0, 0, 0, 0, 0, 0;Europe/Paris;46,5
2023-08-05T14:00:00Z;-1;9000003703;hourly;0,5202777778;3,7500000000;28,1184871903;36,4572171282;0,0000000000;0,0000000000;3,7500000000;9,2030017211;18,9154854692;34,5544687138;1,9027484144;0,0000000000;0,0000000000;1;7.8257730676, 0, 26.0611521222, 46.4142879477, 19.6987868625, 0, 0, 0;7.8257730676, 0, 0, 0, 0, 26.0611521222, 6.7668946821, 39.6473932656, 13.0305760611, 6.6682108014, 0, 0, 0, 0, 0, 0, 0, 0, 0, 0, 0, 0, 0, 0, 0;Europe/Paris;39,5
2023-08-05T15:00:00Z;-1;9000003703;hourly;0,5002777778;3,9305994593;31,6716935030;39,8957771783;2,0361990950;0,0000000000;3,9305994593;11,7917983780;19,8798951250;25,9325146282;13,9632625500;0,0000000000;2,0361990950;1;25.0979857906, 6.1374820145, 6.1374820145, 31.2354678051, 31.3915823752, 0, 0, 0;6.2729672687, 18.8250185219, 6.1374820145, 0, 0, 6.1374820145, 12.4104492832, 18.8250185219, 24.9770131365, 6.4145692387, 0, 0, 0, 0, 0, 0, 0, 0, 0, 0, 0, 0, 0, 0, 0;Europe/Paris;41,0
2023-08-05T16:00:00Z;-1;9000003703;hourly;0,5163888889;0,0000000000;28,6893775087;21,2831358670;0,0000000000;0,0000000000;0,0000000000;13,3485646586;15,3408128501;15,4622485601;5,8208873069;0,0000000000;0,0000000000;1;13.4398935757, 7.433766805, 6.5904403187, 59.3550186631, 13.1808806374, 0, 0, 0;13.4398935757, 0, 0, 7.433766805, 0, 6.5904403187, 38.8351194924, 20.5198991708, 13.1808806374, 0, 0, 0, 0, 0, 0, 0, 0, 0, 0, 0, 0, 0, 0, 0, 0;Europe/Paris;37,0
2023-08-05T17:00:00Z;-1;9000003703;hourly;0,0000000000;0,0000000000;0,0000000000;0,0000000000;0,0000000000;0,0000000000;0,0000000000;0,0000000000;0,0000000000;0,0000000000;0,0000000000;0,0000000000;0,0000000000;1;0, 0, 0, 0, 0, 0, 0, 0;0, 0, 0, 0, 0, 0, 0, 0, 0, 0, 0, 0, 0, 0, 0, 0, 0, 0, 0, 0, 0, 0, 0, 0, 0;Europe/Paris;NA
2023-08-05T18:00:00Z;-1;9000003703;hourly;0,0000000000;0,0000000000;0,0000000000;0,0000000000;0,0000000000;0,0000000000;0,0000000000;0,0000000000;0,0000000000;0,0000000000;0,0000000000;0,0000000000;0,0000000000;1;0, 0, 0, 0, 0, 0, 0, 0;0, 0, 0, 0, 0, 0, 0, 0, 0, 0, 0, 0, 0, 0, 0, 0, 0, 0, 0, 0, 0, 0, 0, 0, 0;Europe/Paris;NA
2023-08-05T19:00:00Z;-1;9000003703;hourly;0,0000000000;0,0000000000;0,0000000000;0,0000000000;0,0000000000;0,0000000000;0,0000000000;0,0000000000;0,0000000000;0,0000000000;0,0000000000;0,0000000000;0,0000000000;1;0, 0, 0, 0, 0, 0, 0, 0;0, 0, 0, 0, 0, 0, 0, 0, 0, 0, 0, 0, 0, 0, 0, 0, 0, 0, 0, 0, 0, 0, 0, 0, 0;Europe/Paris;NA
2023-08-05T20:00:00Z;-1;9000003703;hourly;0,0000000000;0,0000000000;0,0000000000;0,0000000000;0,0000000000;0,0000000000;0,0000000000;0,0000000000;0,0000000000;0,0000000000;0,0000000000;0,0000000000;0,0000000000;1;0, 0, 0, 0, 0, 0, 0, 0;0, 0, 0, 0, 0, 0, 0, 0, 0, 0, 0, 0, 0, 0, 0, 0, 0, 0, 0, 0, 0, 0, 0, 0, 0;Europe/Paris;NA
